Time	CellId	RNTI	BWPId	SINR(dB)
7.1427e-05	1	0	0	-22.4184
7.1427e-05	1	0	0	-15.0643
7.1427e-05	1	0	0	-27.7468
7.1427e-05	1	0	0	-26.2442
7.1427e-05	1	0	0	-18.0134
7.1427e-05	1	0	0	-34.0183
7.1427e-05	3	0	0	-12.0628
7.1427e-05	3	0	0	12.3113
7.1427e-05	3	0	0	-4.39868
7.1427e-05	3	0	0	-8.01919
0.00507143	1	0	0	-17.1347
0.00507143	1	0	0	-11.6349
0.00507143	1	0	0	-21.0731
0.00507143	1	0	0	-15.9288
0.00507143	1	0	0	-18.4891
0.00507143	1	0	0	-24.2976
0.00507143	3	0	0	-11.1866
0.00507143	3	0	0	10.8513
0.00507143	3	0	0	-3.49814
0.00507143	3	0	0	-9.24296
0.0100714	1	0	0	-17.1126
0.0100714	1	0	0	-11.7075
0.0100714	1	0	0	-21.1293
0.0100714	1	0	0	-15.9915
0.0100714	1	0	0	-18.3438
0.0100714	1	0	0	-24.1433
0.0100714	3	0	0	-11.0933
0.0100714	3	0	0	10.8272
0.0100714	3	0	0	-3.53036
0.0100714	3	0	0	-9.24118
0.0150714	1	0	0	-17.2801
0.0150714	1	0	0	-11.7968
0.0150714	1	0	0	-21.0941
0.0150714	1	0	0	-15.9439
0.0150714	1	0	0	-18.2828
0.0150714	1	0	0	-24.2958
0.0150714	3	0	0	-11.0588
0.0150714	3	0	0	10.8567
0.0150714	3	0	0	-3.45419
0.0150714	3	0	0	-9.12975
0.0200714	1	0	0	-17.2454
0.0200714	1	0	0	-11.757
0.0200714	1	0	0	-20.9749
0.0200714	1	0	0	-15.8966
0.0200714	1	0	0	-18.1405
0.0200714	1	0	0	-24.2438
0.0200714	3	0	0	-11.0614
0.0200714	3	0	0	10.7611
0.0200714	3	0	0	-3.41923
0.0200714	3	0	0	-9.0262
0.0250714	1	1	0	-17.2587
0.0250714	1	2	0	-11.7269
0.0250714	1	3	0	-20.9256
0.0250714	1	4	0	-15.9668
0.0250714	1	5	0	-17.9693
0.0250714	1	6	0	-24.2609
0.0250714	3	1	0	-11.0826
0.0250714	3	2	0	10.8525
0.0250714	3	3	0	-3.29381
0.0250714	3	4	0	-8.9904
0.0300714	1	1	0	-17.3003
0.0300714	1	2	0	-11.7499
0.0300714	1	3	0	-20.8562
0.0300714	1	4	0	-15.903
0.0300714	1	5	0	-17.7538
0.0300714	1	6	0	-24.236
0.0300714	3	1	0	-11.038
0.0300714	3	2	0	10.8274
0.0300714	3	3	0	-3.19235
0.0300714	3	4	0	-8.88311
0.0340714	1	1	0	-17.2436
0.0340714	1	2	0	-11.7717
0.0340714	1	3	0	-7.79376
0.0340714	1	4	0	-15.41
0.0340714	1	5	0	-17.5283
0.0340714	1	6	0	-24.1755
0.0350714	1	1	0	-17.2403
0.0350714	1	2	0	-11.7889
0.0350714	1	3	0	-20.8943
0.0350714	1	4	0	-15.8618
0.0350714	1	5	0	-17.4893
0.0350714	1	6	0	-24.1635
0.0350714	3	1	0	-11.152
0.0350714	3	2	0	10.8988
0.0350714	3	3	0	-3.194
0.0350714	3	4	0	-8.81783
0.0400714	1	1	0	-17.2767
0.0400714	1	2	0	-11.8223
0.0400714	1	3	0	-20.831
0.0400714	1	4	0	-15.86
0.0400714	1	5	0	-17.4047
0.0400714	1	6	0	-24.1606
0.0400714	3	1	0	-11.2007
0.0400714	3	2	0	10.9397
0.0400714	3	3	0	-3.11606
0.0400714	3	4	0	-8.71144
0.0420714	3	1	0	-11.1436
0.0420714	3	2	0	10.9187
0.0420714	3	3	0	-3.09227
0.0420714	3	4	0	-8.72512
0.0450714	1	1	0	-17.3374
0.0450714	1	2	0	-11.9156
0.0450714	1	3	0	-20.7466
0.0450714	1	4	0	-15.8535
0.0450714	1	5	0	-17.1731
0.0450714	1	6	0	-24.2661
0.0450714	3	1	0	-11.2716
0.0450714	3	2	0	10.9253
0.0450714	3	3	0	-3.1424
0.0450714	3	4	0	-8.68024
0.0460714	3	1	0	-11.1927
0.0460714	3	2	0	10.9213
0.0460714	3	3	0	-3.2041
0.0460714	3	4	0	-8.64114
0.0490714	1	1	0	-17.3382
0.0490714	1	2	0	-11.9358
0.0490714	1	3	0	-7.66491
0.0490714	1	4	0	-15.4374
0.0490714	1	5	0	-17.0756
0.0490714	1	6	0	-24.3738
0.0500714	1	1	0	-17.3198
0.0500714	1	2	0	-11.9545
0.0500714	1	3	0	-20.6368
0.0500714	1	4	0	-15.8722
0.0500714	1	5	0	-17.0122
0.0500714	1	6	0	-24.3331
0.0500714	3	1	0	-11.1818
0.0500714	3	2	0	10.8893
0.0500714	3	3	0	-3.14925
0.0500714	3	4	0	-8.58735
0.0550714	1	1	0	-17.2848
0.0550714	1	2	0	-11.8988
0.0550714	1	3	0	-20.6543
0.0550714	1	4	0	-15.8182
0.0550714	1	5	0	-16.8761
0.0550714	1	6	0	-24.3689
0.0550714	3	1	0	-11.1272
0.0550714	3	2	0	10.9257
0.0550714	3	3	0	-3.1087
0.0550714	3	4	0	-8.46505
0.0600714	1	1	0	-17.2923
0.0600714	1	2	0	-12.0083
0.0600714	1	3	0	-20.7109
0.0600714	1	4	0	-15.8253
0.0600714	1	5	0	-16.7745
0.0600714	1	6	0	-24.3387
0.0600714	3	1	0	-11.2108
0.0600714	3	2	0	10.8262
0.0600714	3	3	0	-3.2712
0.0600714	3	4	0	-8.41141
0.0650714	1	1	0	-17.3514
0.0650714	1	2	0	-12.1268
0.0650714	1	3	0	-20.7735
0.0650714	1	4	0	-15.7679
0.0650714	1	5	0	-16.7263
0.0650714	1	6	0	-24.245
0.0650714	3	1	0	-11.1375
0.0650714	3	2	0	10.8812
0.0650714	3	3	0	-3.21638
0.0650714	3	4	0	-8.31533
0.0700714	1	1	0	-17.4199
0.0700714	1	2	0	-12.1167
0.0700714	1	3	0	-20.7384
0.0700714	1	4	0	-15.7496
0.0700714	1	5	0	-16.6795
0.0700714	1	6	0	-24.2853
0.0700714	3	1	0	-11.1986
0.0700714	3	2	0	10.9393
0.0700714	3	3	0	-3.24208
0.0700714	3	4	0	-8.25378
0.0750714	1	1	0	-17.3763
0.0750714	1	2	0	-12.0429
0.0750714	1	3	0	-20.8482
0.0750714	1	4	0	-15.7633
0.0750714	1	5	0	-16.7109
0.0750714	1	6	0	-24.3256
0.0750714	3	1	0	-11.2052
0.0750714	3	2	0	10.863
0.0750714	3	3	0	-3.21695
0.0750714	3	4	0	-8.22901
0.0780714	1	1	0	-17.3701
0.0780714	1	2	0	-12.0958
0.0780714	1	3	0	-7.66475
0.0780714	1	4	0	-15.3245
0.0780714	1	5	0	-16.6162
0.0780714	1	6	0	-24.2617
0.0800714	1	1	0	-17.331
0.0800714	1	2	0	-12.0632
0.0800714	1	3	0	-20.8133
0.0800714	1	4	0	-15.7362
0.0800714	1	5	0	-16.6107
0.0800714	1	6	0	-24.3122
0.0800714	3	1	0	-11.1748
0.0800714	3	2	0	10.8707
0.0800714	3	3	0	-3.23913
0.0800714	3	4	0	-8.28977
0.0810714	3	1	0	-11.1416
0.0810714	3	2	0	10.8702
0.0810714	3	3	0	-3.2273
0.0810714	3	4	0	-8.21336
0.0850714	1	1	0	-17.4202
0.0850714	1	2	0	-12.1641
0.0850714	1	3	0	-20.7887
0.0850714	1	4	0	-15.8168
0.0850714	1	5	0	-16.6023
0.0850714	1	6	0	-24.397
0.0850714	3	1	0	-11.157
0.0850714	3	2	0	10.9059
0.0850714	3	3	0	-3.16638
0.0850714	3	4	0	-8.10516
0.0900714	1	1	0	-17.4284
0.0900714	1	2	0	-12.053
0.0900714	1	3	0	-20.8563
0.0900714	1	4	0	-15.7725
0.0900714	1	5	0	-16.8525
0.0900714	1	6	0	-24.4669
0.0900714	3	1	0	-11.2024
0.0900714	3	2	0	10.8372
0.0900714	3	3	0	-3.12337
0.0900714	3	4	0	-8.06538
0.0940714	1	1	0	-17.3991
0.0940714	1	2	0	-12.1021
0.0940714	1	3	0	-20.8622
0.0940714	1	4	0	-15.7406
0.0940714	1	5	0	-16.8663
0.0940714	1	6	0	-24.3561
0.0940714	3	1	0	-11.2161
0.0940714	3	2	0	10.8123
0.0940714	3	3	0	-3.11943
0.0940714	3	4	0	-7.87254
0.0950714	1	1	0	-17.3857
0.0950714	1	2	0	-12.1142
0.0950714	1	3	0	-20.8492
0.0950714	1	4	0	-15.7318
0.0950714	1	5	0	-16.9008
0.0950714	1	6	0	-24.4082
0.0950714	3	1	0	-11.2371
0.0950714	3	2	0	10.7873
0.0950714	3	3	0	-3.11493
0.0950714	3	4	0	-7.8588
0.100071	1	1	0	-17.2619
0.100071	1	2	0	-12.0872
0.100071	1	3	0	-20.7363
0.100071	1	4	0	-15.7451
0.100071	1	5	0	-17.0221
0.100071	1	6	0	-24.4127
0.100071	3	1	0	-11.1782
0.100071	3	2	0	10.7354
0.100071	3	3	0	-3.08917
0.100071	3	4	0	-7.78588
0.105071	1	1	0	-17.2339
0.105071	1	2	0	-12.0951
0.105071	1	3	0	-20.7386
0.105071	1	4	0	-15.8882
0.105071	1	5	0	-17.1136
0.105071	1	6	0	-24.344
0.105071	3	1	0	-11.1634
0.105071	3	2	0	10.7873
0.105071	3	3	0	-3.07519
0.105071	3	4	0	-7.61024
0.110071	1	1	0	-17.1209
0.110071	1	2	0	-12.0701
0.110071	1	3	0	-20.8514
0.110071	1	4	0	-15.9593
0.110071	1	5	0	-17.2316
0.110071	1	6	0	-24.3516
0.110071	3	1	0	-11.1979
0.110071	3	2	0	10.6837
0.110071	3	3	0	-3.06985
0.110071	3	4	0	-7.51232
0.114071	1	1	0	-17.0688
0.114071	1	2	0	-12.0765
0.114071	1	3	0	-7.73162
0.114071	1	4	0	-15.4387
0.114071	1	5	0	-17.3517
0.114071	1	6	0	-24.3878
0.115071	1	1	0	-17.0622
0.115071	1	2	0	-12.0047
0.115071	1	3	0	-20.8994
0.115071	1	4	0	-15.8582
0.115071	1	5	0	-17.3794
0.115071	1	6	0	-24.4301
0.115071	3	1	0	-11.2203
0.115071	3	2	0	10.6473
0.115071	3	3	0	-3.1072
0.115071	3	4	0	-7.35529
0.120071	1	1	0	-17.0807
0.120071	1	2	0	-11.9568
0.120071	1	3	0	-20.8709
0.120071	1	4	0	-15.9185
0.120071	1	5	0	-17.5819
0.120071	1	6	0	-24.4016
0.120071	3	1	0	-11.1856
0.120071	3	2	0	10.6349
0.120071	3	3	0	-3.08678
0.120071	3	4	0	-7.21212
0.122071	3	1	0	-11.1045
0.122071	3	2	0	10.6776
0.122071	3	3	0	-3.02441
0.122071	3	4	0	-7.16455
0.125071	1	1	0	-16.9849
0.125071	1	2	0	-12.0179
0.125071	1	3	0	-20.8883
0.125071	1	4	0	-16.0389
0.125071	1	5	0	-17.7724
0.125071	1	6	0	-24.5307
0.125071	3	1	0	-11.2048
0.125071	3	2	0	10.6953
0.125071	3	3	0	-3.08549
0.125071	3	4	0	-7.15224
0.126071	3	1	0	-11.1579
0.126071	3	2	0	10.7005
0.126071	3	3	0	-3.07881
0.126071	3	4	0	-7.20022
0.129071	1	1	0	-16.8882
0.129071	1	2	0	-12.0014
0.129071	1	3	0	-7.88634
0.129071	1	4	0	-15.6001
0.129071	1	5	0	-17.9516
0.129071	1	6	0	-24.5186
0.130071	1	1	0	-16.8388
0.130071	1	2	0	-12.0215
0.130071	1	3	0	-20.9753
0.130071	1	4	0	-16.0864
0.130071	1	5	0	-17.9928
0.130071	1	6	0	-24.5453
0.130071	3	1	0	-11.2387
0.130071	3	2	0	10.7378
0.130071	3	3	0	-3.02849
0.130071	3	4	0	-7.19663
0.135071	1	1	0	-16.9148
0.135071	1	2	0	-11.8758
0.135071	1	3	0	-20.9126
0.135071	1	4	0	-16.1351
0.135071	1	5	0	-18.183
0.135071	1	6	0	-24.6417
0.135071	3	1	0	-11.3798
0.135071	3	2	0	10.6912
0.135071	3	3	0	-3.06661
0.135071	3	4	0	-7.13578
0.140071	1	1	0	-16.9387
0.140071	1	2	0	-11.8362
0.140071	1	3	0	-21.0757
0.140071	1	4	0	-16.0945
0.140071	1	5	0	-18.3367
0.140071	1	6	0	-24.4657
0.140071	3	1	0	-11.4284
0.140071	3	2	0	10.7545
0.140071	3	3	0	-2.96746
0.140071	3	4	0	-7.1107
0.145071	1	1	0	-16.9435
0.145071	1	2	0	-11.9065
0.145071	1	3	0	-21.1682
0.145071	1	4	0	-16.1783
0.145071	1	5	0	-18.5175
0.145071	1	6	0	-24.5836
0.145071	3	1	0	-11.4785
0.145071	3	2	0	10.7353
0.145071	3	3	0	-2.87055
0.145071	3	4	0	-7.02844
0.150071	1	1	0	-16.9039
0.150071	1	2	0	-11.8604
0.150071	1	3	0	-21.1237
0.150071	1	4	0	-16.1905
0.150071	1	5	0	-18.6104
0.150071	1	6	0	-24.5824
0.150071	3	1	0	-11.498
0.150071	3	2	0	10.6425
0.150071	3	3	0	-2.8867
0.150071	3	4	0	-7.07558
0.155071	1	1	0	-16.8635
0.155071	1	2	0	-11.8934
0.155071	1	3	0	-21.0918
0.155071	1	4	0	-16.2474
0.155071	1	5	0	-18.8169
0.155071	1	6	0	-24.4786
0.155071	3	1	0	-11.4407
0.155071	3	2	0	10.6945
0.155071	3	3	0	-2.90409
0.155071	3	4	0	-7.07332
0.158071	1	1	0	-16.8205
0.158071	1	2	0	-11.9234
0.158071	1	3	0	-8.19309
0.158071	1	4	0	-15.7794
0.158071	1	5	0	-18.8755
0.158071	1	6	0	-24.5014
0.160071	1	1	0	-16.7814
0.160071	1	2	0	-11.9014
0.160071	1	3	0	-21.1896
0.160071	1	4	0	-16.2801
0.160071	1	5	0	-18.9977
0.160071	1	6	0	-24.4653
0.160071	3	1	0	-11.487
0.160071	3	2	0	10.754
0.160071	3	3	0	-2.94707
0.160071	3	4	0	-7.08449
0.161071	3	1	0	-11.387
0.161071	3	2	0	10.7769
0.161071	3	3	0	-2.94515
0.161071	3	4	0	-7.07501
0.165071	1	1	0	-16.7596
0.165071	1	2	0	-11.9232
0.165071	1	3	0	-21.3385
0.165071	1	4	0	-16.3119
0.165071	1	5	0	-18.9559
0.165071	1	6	0	-24.3253
0.165071	3	1	0	-11.4813
0.165071	3	2	0	10.8047
0.165071	3	3	0	-3.08449
0.165071	3	4	0	-7.01855
0.170071	1	1	0	-16.7345
0.170071	1	2	0	-11.9145
0.170071	1	3	0	-21.4543
0.170071	1	4	0	-16.2646
0.170071	1	5	0	-19.1123
0.170071	1	6	0	-24.3207
0.170071	3	1	0	-11.4302
0.170071	3	2	0	10.8578
0.170071	3	3	0	-3.0102
0.170071	3	4	0	-7.00463
0.174071	1	1	0	-16.7827
0.174071	1	2	0	-11.8642
0.174071	1	3	0	-21.6364
0.174071	1	4	0	-16.3103
0.174071	1	5	0	-19.172
0.174071	1	6	0	-24.3124
0.174071	3	1	0	-11.4203
0.174071	3	2	0	10.8987
0.174071	3	3	0	-3.06385
0.174071	3	4	0	-7.07905
0.175071	1	1	0	-16.8246
0.175071	1	2	0	-11.8706
0.175071	1	3	0	-21.6351
0.175071	1	4	0	-16.2874
0.175071	1	5	0	-19.1688
0.175071	1	6	0	-24.3086
0.175071	3	1	0	-11.4626
0.175071	3	2	0	10.8969
0.175071	3	3	0	-3.05472
0.175071	3	4	0	-7.06697
0.180071	1	1	0	-16.8651
0.180071	1	2	0	-11.8522
0.180071	1	3	0	-21.6414
0.180071	1	4	0	-16.348
0.180071	1	5	0	-19.0723
0.180071	1	6	0	-24.287
0.180071	3	1	0	-11.5309
0.180071	3	2	0	10.8523
0.180071	3	3	0	-3.18033
0.180071	3	4	0	-7.05815
0.185071	1	1	0	-16.7591
0.185071	1	2	0	-11.9558
0.185071	1	3	0	-21.5858
0.185071	1	4	0	-16.3461
0.185071	1	5	0	-18.9378
0.185071	1	6	0	-24.2395
0.185071	3	1	0	-11.6067
0.185071	3	2	0	10.8616
0.185071	3	3	0	-3.17103
0.185071	3	4	0	-7.1185
0.190071	1	1	0	-16.7323
0.190071	1	2	0	-11.9494
0.190071	1	3	0	-21.6249
0.190071	1	4	0	-16.3226
0.190071	1	5	0	-18.7873
0.190071	1	6	0	-24.238
0.190071	3	1	0	-11.595
0.190071	3	2	0	10.9254
0.190071	3	3	0	-3.23923
0.190071	3	4	0	-7.00149
0.194071	1	1	0	-16.7742
0.194071	1	2	0	-11.9488
0.194071	1	3	0	-8.59222
0.194071	1	4	0	-15.7979
0.194071	1	5	0	-18.6082
0.194071	1	6	0	-24.2243
0.195071	1	1	0	-16.7487
0.195071	1	2	0	-11.9244
0.195071	1	3	0	-21.679
0.195071	1	4	0	-16.3443
0.195071	1	5	0	-18.611
0.195071	1	6	0	-24.2628
0.195071	3	1	0	-11.6639
0.195071	3	2	0	10.9452
0.195071	3	3	0	-3.1813
0.195071	3	4	0	-7.01145
0.200071	1	1	0	-16.7741
0.200071	1	2	0	-11.9916
0.200071	1	3	0	-21.7231
0.200071	1	4	0	-16.3488
0.200071	1	5	0	-18.3175
0.200071	1	6	0	-24.2638
0.200071	3	1	0	-11.6515
0.200071	3	2	0	11.0137
0.200071	3	3	0	-3.22377
0.200071	3	4	0	-6.91117
0.202071	3	1	0	-11.5474
0.202071	3	2	0	11.019
0.202071	3	3	0	-3.21339
0.202071	3	4	0	-6.79927
0.205071	1	1	0	-16.7886
0.205071	1	2	0	-12.1016
0.205071	1	3	0	-21.7035
0.205071	1	4	0	-16.306
0.205071	1	5	0	-18.1047
0.205071	1	6	0	-24.2652
0.205071	3	1	0	-11.6606
0.205071	3	2	0	11.0258
0.205071	3	3	0	-3.1845
0.205071	3	4	0	-6.81779
0.206071	3	1	0	-11.5796
0.206071	3	2	0	11.0075
0.206071	3	3	0	-3.16464
0.206071	3	4	0	-6.78553
0.209071	1	1	0	-16.7677
0.209071	1	2	0	-12.1046
0.209071	1	3	0	-8.70546
0.209071	1	4	0	-15.7717
0.209071	1	5	0	-17.9114
0.209071	1	6	0	-24.3
0.210071	1	1	0	-16.8176
0.210071	1	2	0	-12.1128
0.210071	1	3	0	-21.7201
0.210071	1	4	0	-16.3345
0.210071	1	5	0	-17.8899
0.210071	1	6	0	-24.3152
0.210071	3	1	0	-11.6102
0.210071	3	2	0	11.0706
0.210071	3	3	0	-3.06679
0.210071	3	4	0	-6.76494
0.215071	1	1	0	-16.9323
0.215071	1	2	0	-12.1504
0.215071	1	3	0	-21.7947
0.215071	1	4	0	-16.3343
0.215071	1	5	0	-17.7525
0.215071	1	6	0	-24.3275
0.215071	3	1	0	-11.7261
0.215071	3	2	0	10.9742
0.215071	3	3	0	-3.09139
0.215071	3	4	0	-6.75939
0.220071	1	1	0	-16.8569
0.220071	1	2	0	-12.0632
0.220071	1	3	0	-21.8491
0.220071	1	4	0	-16.3353
0.220071	1	5	0	-17.5187
0.220071	1	6	0	-24.4545
0.220071	3	1	0	-11.7193
0.220071	3	2	0	10.9467
0.220071	3	3	0	-3.08993
0.220071	3	4	0	-6.76598
0.225071	1	1	0	-16.8835
0.225071	1	2	0	-12.0251
0.225071	1	3	0	-21.8133
0.225071	1	4	0	-16.3432
0.225071	1	5	0	-17.365
0.225071	1	6	0	-24.4382
0.225071	3	1	0	-11.6277
0.225071	3	2	0	10.9021
0.225071	3	3	0	-3.16896
0.225071	3	4	0	-6.86009
0.230071	1	1	0	-16.8961
0.230071	1	2	0	-12.0706
0.230071	1	3	0	-21.8549
0.230071	1	4	0	-16.3231
0.230071	1	5	0	-17.3033
0.230071	1	6	0	-24.4468
0.230071	3	1	0	-11.5322
0.230071	3	2	0	10.8722
0.230071	3	3	0	-3.20216
0.230071	3	4	0	-6.93827
0.235071	1	1	0	-16.8986
0.235071	1	2	0	-12.0878
0.235071	1	3	0	-21.8655
0.235071	1	4	0	-16.3636
0.235071	1	5	0	-17.1984
0.235071	1	6	0	-24.2908
0.235071	3	1	0	-11.4701
0.235071	3	2	0	10.8122
0.235071	3	3	0	-3.12572
0.235071	3	4	0	-6.90921
0.238071	1	1	0	-16.9326
0.238071	1	2	0	-12.1085
0.238071	1	3	0	-8.67334
0.238071	1	4	0	-15.8113
0.238071	1	5	0	-17.139
0.238071	1	6	0	-24.2287
0.240071	1	1	0	-16.9363
0.240071	1	2	0	-12.0184
0.240071	1	3	0	-21.7482
0.240071	1	4	0	-16.3465
0.240071	1	5	0	-17.1465
0.240071	1	6	0	-24.2782
0.240071	3	1	0	-11.4665
0.240071	3	2	0	10.8615
0.240071	3	3	0	-3.11595
0.240071	3	4	0	-6.94907
0.241071	3	1	0	-11.3882
0.241071	3	2	0	10.8449
0.241071	3	3	0	-3.12066
0.241071	3	4	0	-6.97111
0.245071	1	1	0	-16.8792
0.245071	1	2	0	-12.0723
0.245071	1	3	0	-21.6058
0.245071	1	4	0	-16.2951
0.245071	1	5	0	-17.1049
0.245071	1	6	0	-24.2754
0.245071	3	1	0	-11.4119
0.245071	3	2	0	10.8749
0.245071	3	3	0	-3.04286
0.245071	3	4	0	-6.90134
0.250071	1	1	0	-16.8895
0.250071	1	2	0	-11.9924
0.250071	1	3	0	-21.5597
0.250071	1	4	0	-16.3565
0.250071	1	5	0	-17.0926
0.250071	1	6	0	-24.2459
0.250071	3	1	0	-11.4223
0.250071	3	2	0	10.8221
0.250071	3	3	0	-2.94114
0.250071	3	4	0	-7.18171
0.254071	1	1	0	-16.8065
0.254071	1	2	0	-11.9999
0.254071	1	3	0	-21.5047
0.254071	1	4	0	-16.3651
0.254071	1	5	0	-17.1211
0.254071	1	6	0	-24.261
0.254071	3	1	0	-11.4487
0.254071	3	2	0	10.7736
0.254071	3	3	0	-2.93654
0.254071	3	4	0	-7.25396
0.255071	1	1	0	-16.8202
0.255071	1	2	0	-12.0185
0.255071	1	3	0	-21.5021
0.255071	1	4	0	-16.3859
0.255071	1	5	0	-17.133
0.255071	1	6	0	-24.2531
0.255071	3	1	0	-11.4603
0.255071	3	2	0	10.7594
0.255071	3	3	0	-2.94754
0.255071	3	4	0	-7.25314
0.260071	1	1	0	-16.785
0.260071	1	2	0	-11.9295
0.260071	1	3	0	-21.3349
0.260071	1	4	0	-16.4165
0.260071	1	5	0	-17.3532
0.260071	1	6	0	-24.2621
0.260071	3	1	0	-11.498
0.260071	3	2	0	10.6452
0.260071	3	3	0	-2.92608
0.260071	3	4	0	-7.37634
0.265071	1	1	0	-16.8351
0.265071	1	2	0	-11.902
0.265071	1	3	0	-21.2745
0.265071	1	4	0	-16.4835
0.265071	1	5	0	-17.4787
0.265071	1	6	0	-24.2292
0.265071	3	1	0	-11.4416
0.265071	3	2	0	10.5984
0.265071	3	3	0	-3.02819
0.265071	3	4	0	-7.36844
0.270071	1	1	0	-16.7857
0.270071	1	2	0	-11.8678
0.270071	1	3	0	-21.3124
0.270071	1	4	0	-16.4145
0.270071	1	5	0	-17.6753
0.270071	1	6	0	-24.2209
0.270071	3	1	0	-11.3838
0.270071	3	2	0	10.588
0.270071	3	3	0	-3.04207
0.270071	3	4	0	-7.47841
0.274071	1	1	0	-16.7431
0.274071	1	2	0	-11.7956
0.274071	1	3	0	-8.17254
0.274071	1	4	0	-15.9142
0.274071	1	5	0	-17.8326
0.274071	1	6	0	-24.1444
0.275071	1	1	0	-16.7261
0.275071	1	2	0	-11.795
0.275071	1	3	0	-21.274
0.275071	1	4	0	-16.3903
0.275071	1	5	0	-17.8362
0.275071	1	6	0	-24.197
0.275071	3	1	0	-11.408
0.275071	3	2	0	10.5194
0.275071	3	3	0	-3.04678
0.275071	3	4	0	-7.61604
0.280071	1	1	0	-16.6883
0.280071	1	2	0	-11.6135
0.280071	1	3	0	-21.2365
0.280071	1	4	0	-16.4565
0.280071	1	5	0	-17.983
0.280071	1	6	0	-24.105
0.280071	3	1	0	-11.4419
0.280071	3	2	0	10.5743
0.280071	3	3	0	-2.97793
0.280071	3	4	0	-7.74281
0.282071	3	1	0	-11.309
0.282071	3	2	0	10.5519
0.282071	3	3	0	-2.94763
0.282071	3	4	0	-7.80867
0.285071	1	1	0	-16.6493
0.285071	1	2	0	-11.6751
0.285071	1	3	0	-21.2327
0.285071	1	4	0	-16.5465
0.285071	1	5	0	-18.1979
0.285071	1	6	0	-24.1716
0.285071	3	1	0	-11.3897
0.285071	3	2	0	10.5158
0.285071	3	3	0	-2.88593
0.285071	3	4	0	-7.94763
0.286071	3	1	0	-11.3355
0.286071	3	2	0	10.5126
0.286071	3	3	0	-2.92099
0.286071	3	4	0	-7.97695
0.289071	1	1	0	-16.6993
0.289071	1	2	0	-11.6301
0.289071	1	3	0	-8.05842
0.289071	1	4	0	-16.0147
0.289071	1	5	0	-18.3632
0.289071	1	6	0	-24.2632
0.290071	1	1	0	-16.7209
0.290071	1	2	0	-11.6076
0.290071	1	3	0	-21.1645
0.290071	1	4	0	-16.4808
0.290071	1	5	0	-18.3726
0.290071	1	6	0	-24.241
0.290071	3	1	0	-11.3188
0.290071	3	2	0	10.5458
0.290071	3	3	0	-2.88271
0.290071	3	4	0	-8.10203
0.295071	1	1	0	-16.7633
0.295071	1	2	0	-11.6013
0.295071	1	3	0	-21.1028
0.295071	1	4	0	-16.4986
0.295071	1	5	0	-18.5561
0.295071	1	6	0	-24.1722
0.295071	3	1	0	-11.2636
0.295071	3	2	0	10.4757
0.295071	3	3	0	-2.89731
0.295071	3	4	0	-8.2275
0.300071	1	1	0	-16.8019
0.300071	1	2	0	-11.7673
0.300071	1	3	0	-20.9721
0.300071	1	4	0	-16.5203
0.300071	1	5	0	-18.6422
0.300071	1	6	0	-24.2269
0.300071	3	1	0	-11.2525
0.300071	3	2	0	10.5457
0.300071	3	3	0	-2.83116
0.300071	3	4	0	-8.36934
0.305071	1	1	0	-16.8964
0.305071	1	2	0	-11.6631
0.305071	1	3	0	-20.8768
0.305071	1	4	0	-16.5468
0.305071	1	5	0	-18.7747
0.305071	1	6	0	-24.1792
0.305071	3	1	0	-11.2637
0.305071	3	2	0	10.5057
0.305071	3	3	0	-2.87864
0.305071	3	4	0	-8.61162
0.310071	1	1	0	-16.9662
0.310071	1	2	0	-11.7652
0.310071	1	3	0	-20.935
0.310071	1	4	0	-16.602
0.310071	1	5	0	-18.9701
0.310071	1	6	0	-24.2433
0.310071	3	1	0	-11.441
0.310071	3	2	0	10.5435
0.310071	3	3	0	-3.00166
0.310071	3	4	0	-8.73664
0.315071	1	1	0	-17.0016
0.315071	1	2	0	-11.967
0.315071	1	3	0	-20.8447
0.315071	1	4	0	-16.5912
0.315071	1	5	0	-19.0579
0.315071	1	6	0	-24.281
0.315071	3	1	0	-11.3932
0.315071	3	2	0	10.582
0.315071	3	3	0	-2.95978
0.315071	3	4	0	-8.78081
0.318071	1	1	0	-17.0258
0.318071	1	2	0	-12.0529
0.318071	1	3	0	-7.61708
0.318071	1	4	0	-16.1146
0.318071	1	5	0	-19.1901
0.318071	1	6	0	-24.2733
0.320071	1	1	0	-17.0292
0.320071	1	2	0	-12.0976
0.320071	1	3	0	-20.8104
0.320071	1	4	0	-16.5861
0.320071	1	5	0	-19.301
0.320071	1	6	0	-24.2674
0.320071	3	1	0	-11.3403
0.320071	3	2	0	10.6329
0.320071	3	3	0	-2.90272
0.320071	3	4	0	-8.90412
0.321071	3	1	0	-11.2705
0.321071	3	2	0	10.6517
0.321071	3	3	0	-2.8717
0.321071	3	4	0	-8.93554
0.325071	1	1	0	-17.0355
0.325071	1	2	0	-12.0918
0.325071	1	3	0	-20.8162
0.325071	1	4	0	-16.6264
0.325071	1	5	0	-19.3182
0.325071	1	6	0	-24.224
0.325071	3	1	0	-11.384
0.325071	3	2	0	10.6004
0.325071	3	3	0	-2.902
0.325071	3	4	0	-9.01511
0.330071	1	1	0	-16.9631
0.330071	1	2	0	-12.1899
0.330071	1	3	0	-20.7698
0.330071	1	4	0	-16.6425
0.330071	1	5	0	-19.3917
0.330071	1	6	0	-24.1823
0.330071	3	1	0	-11.395
0.330071	3	2	0	10.6704
0.330071	3	3	0	-3.01877
0.330071	3	4	0	-9.06714
0.334071	1	1	0	-17.0457
0.334071	1	2	0	-12.282
0.334071	1	3	0	-20.77
0.334071	1	4	0	-16.6181
0.334071	1	5	0	-19.5477
0.334071	1	6	0	-24.1776
0.334071	3	1	0	-11.3771
0.334071	3	2	0	10.7226
0.334071	3	3	0	-3.00314
0.334071	3	4	0	-9.18787
0.335071	1	1	0	-17.0517
0.335071	1	2	0	-12.3097
0.335071	1	3	0	-20.7399
0.335071	1	4	0	-16.6023
0.335071	1	5	0	-19.5646
0.335071	1	6	0	-24.1033
0.335071	3	1	0	-11.409
0.335071	3	2	0	10.6987
0.335071	3	3	0	-3.01102
0.335071	3	4	0	-9.21003
0.340071	1	1	0	-17.1076
0.340071	1	2	0	-12.354
0.340071	1	3	0	-20.7043
0.340071	1	4	0	-16.5599
0.340071	1	5	0	-19.663
0.340071	1	6	0	-24.247
0.340071	3	1	0	-11.3203
0.340071	3	2	0	10.6796
0.340071	3	3	0	-3.10156
0.340071	3	4	0	-9.26158
0.345071	1	1	0	-17.135
0.345071	1	2	0	-12.2774
0.345071	1	3	0	-20.6278
0.345071	1	4	0	-16.64
0.345071	1	5	0	-19.7061
0.345071	1	6	0	-24.3312
0.345071	3	1	0	-11.2973
0.345071	3	2	0	10.6797
0.345071	3	3	0	-2.95558
0.345071	3	4	0	-9.24908
0.350071	1	1	0	-17.1456
0.350071	1	2	0	-12.3591
0.350071	1	3	0	-20.6021
0.350071	1	4	0	-16.6775
0.350071	1	5	0	-19.7194
0.350071	1	6	0	-24.3235
0.350071	3	1	0	-11.2698
0.350071	3	2	0	10.6916
0.350071	3	3	0	-3.03231
0.350071	3	4	0	-9.36582
0.354071	1	1	0	-17.0991
0.354071	1	2	0	-12.2687
0.354071	1	3	0	-7.3032
0.354071	1	4	0	-16.2731
0.354071	1	5	0	-19.6184
0.354071	1	6	0	-24.3133
0.355071	1	1	0	-17.0754
0.355071	1	2	0	-12.2316
0.355071	1	3	0	-20.5513
0.355071	1	4	0	-16.6983
0.355071	1	5	0	-19.6072
0.355071	1	6	0	-24.3023
0.355071	3	1	0	-11.1513
0.355071	3	2	0	10.6927
0.355071	3	3	0	-2.99886
0.355071	3	4	0	-9.33779
0.360071	1	1	0	-17.1784
0.360071	1	2	0	-12.1027
0.360071	1	3	0	-20.7415
0.360071	1	4	0	-16.609
0.360071	1	5	0	-19.5121
0.360071	1	6	0	-24.2188
0.360071	3	1	0	-11.163
0.360071	3	2	0	10.6683
0.360071	3	3	0	-3.07049
0.360071	3	4	0	-9.33274
0.362071	3	1	0	-11.1161
0.362071	3	2	0	10.6484
0.362071	3	3	0	-3.06883
0.362071	3	4	0	-9.38643
0.365071	1	1	0	-17.0947
0.365071	1	2	0	-12.1377
0.365071	1	3	0	-20.7314
0.365071	1	4	0	-16.4882
0.365071	1	5	0	-19.4193
0.365071	1	6	0	-24.1659
0.365071	3	1	0	-11.2036
0.365071	3	2	0	10.5771
0.365071	3	3	0	-3.07015
0.365071	3	4	0	-9.48583
0.366071	3	1	0	-11.1414
0.366071	3	2	0	10.5778
0.366071	3	3	0	-3.02157
0.366071	3	4	0	-9.47634
0.369071	1	1	0	-17.0342
0.369071	1	2	0	-12.1495
0.369071	1	3	0	-7.42393
0.369071	1	4	0	-16.1393
0.369071	1	5	0	-19.3058
0.369071	1	6	0	-24.212
0.370071	1	1	0	-16.9938
0.370071	1	2	0	-12.181
0.370071	1	3	0	-20.6701
0.370071	1	4	0	-16.5299
0.370071	1	5	0	-19.2427
0.370071	1	6	0	-24.2511
0.370071	3	1	0	-11.0864
0.370071	3	2	0	10.6354
0.370071	3	3	0	-3.03658
0.370071	3	4	0	-9.42305
0.375071	1	1	0	-16.8885
0.375071	1	2	0	-12.1878
0.375071	1	3	0	-20.6359
0.375071	1	4	0	-16.6117
0.375071	1	5	0	-19.0965
0.375071	1	6	0	-24.2669
0.375071	3	1	0	-11.0656
0.375071	3	2	0	10.6035
0.375071	3	3	0	-3.12408
0.375071	3	4	0	-9.32314
0.380071	1	1	0	-16.8994
0.380071	1	2	0	-12.1878
0.380071	1	3	0	-20.7004
0.380071	1	4	0	-16.5039
0.380071	1	5	0	-18.9624
0.380071	1	6	0	-24.1703
0.380071	3	1	0	-11.0986
0.380071	3	2	0	10.5854
0.380071	3	3	0	-3.06976
0.380071	3	4	0	-9.26032
0.385071	1	1	0	-16.872
0.385071	1	2	0	-12.1789
0.385071	1	3	0	-20.7815
0.385071	1	4	0	-16.4094
0.385071	1	5	0	-18.9177
0.385071	1	6	0	-24.0749
0.385071	3	1	0	-11.1453
0.385071	3	2	0	10.5903
0.385071	3	3	0	-3.05057
0.385071	3	4	0	-9.2199
0.390071	1	1	0	-16.9111
0.390071	1	2	0	-12.1316
0.390071	1	3	0	-20.7976
0.390071	1	4	0	-16.4529
0.390071	1	5	0	-18.8306
0.390071	1	6	0	-23.9601
0.390071	3	1	0	-11.1196
0.390071	3	2	0	10.65
0.390071	3	3	0	-3.0488
0.390071	3	4	0	-9.17557
0.395071	1	1	0	-16.8928
0.395071	1	2	0	-12.2628
0.395071	1	3	0	-20.9225
0.395071	1	4	0	-16.378
0.395071	1	5	0	-18.8067
0.395071	1	6	0	-24.0567
0.395071	3	1	0	-11.0791
0.395071	3	2	0	10.7468
0.395071	3	3	0	-3.11879
0.395071	3	4	0	-9.07126
0.398071	1	1	0	-16.9124
0.398071	1	2	0	-12.1945
0.398071	1	3	0	-7.7263
0.398071	1	4	0	-15.9447
0.398071	1	5	0	-18.7616
0.398071	1	6	0	-24.0685
0.400071	1	1	0	-16.8873
0.400071	1	2	0	-12.138
0.400071	1	3	0	-20.9002
0.400071	1	4	0	-16.3565
0.400071	1	5	0	-18.8009
0.400071	1	6	0	-24.0207
0.400071	3	1	0	-11.1309
0.400071	3	2	0	10.7571
0.400071	3	3	0	-3.17267
0.400071	3	4	0	-9.04292
0.401071	3	1	0	-11.0547
0.401071	3	2	0	10.7233
0.401071	3	3	0	-3.17309
0.401071	3	4	0	-9.02866
0.405071	1	1	0	-16.9033
0.405071	1	2	0	-12.2285
0.405071	1	3	0	-20.8966
0.405071	1	4	0	-16.337
0.405071	1	5	0	-18.7484
0.405071	1	6	0	-24.1333
0.405071	3	1	0	-11.1174
0.405071	3	2	0	10.8574
0.405071	3	3	0	-3.0489
0.405071	3	4	0	-8.93552
0.410071	1	1	0	-17.0208
0.410071	1	2	0	-12.2077
0.410071	1	3	0	-20.9722
0.410071	1	4	0	-16.2978
0.410071	1	5	0	-18.7781
0.410071	1	6	0	-24.198
0.410071	3	1	0	-11.0975
0.410071	3	2	0	10.8736
0.410071	3	3	0	-2.96873
0.410071	3	4	0	-8.91818
0.414071	1	1	0	-17.0675
0.414071	1	2	0	-12.017
0.414071	1	3	0	-20.9684
0.414071	1	4	0	-16.2939
0.414071	1	5	0	-18.6461
0.414071	1	6	0	-24.206
0.414071	3	1	0	-11.0913
0.414071	3	2	0	10.888
0.414071	3	3	0	-3.11596
0.414071	3	4	0	-8.85534
0.415071	1	1	0	-17.0622
0.415071	1	2	0	-11.9744
0.415071	1	3	0	-20.9621
0.415071	1	4	0	-16.2687
0.415071	1	5	0	-18.6464
0.415071	1	6	0	-24.2162
0.415071	3	1	0	-11.073
0.415071	3	2	0	10.8346
0.415071	3	3	0	-3.16643
0.415071	3	4	0	-8.83714
0.420071	1	1	0	-17.0161
0.420071	1	2	0	-12.0594
0.420071	1	3	0	-21.0979
0.420071	1	4	0	-16.2024
0.420071	1	5	0	-18.6486
0.420071	1	6	0	-24.2038
0.420071	3	1	0	-11.0699
0.420071	3	2	0	10.8834
0.420071	3	3	0	-3.12582
0.420071	3	4	0	-8.8148
0.425071	1	1	0	-16.9971
0.425071	1	2	0	-12.0932
0.425071	1	3	0	-21.1839
0.425071	1	4	0	-16.2427
0.425071	1	5	0	-18.8142
0.425071	1	6	0	-24.4042
0.425071	3	1	0	-11.0428
0.425071	3	2	0	10.8959
0.425071	3	3	0	-3.0552
0.425071	3	4	0	-8.60545
0.430071	1	1	0	-17.0238
0.430071	1	2	0	-11.9855
0.430071	1	3	0	-21.2994
0.430071	1	4	0	-16.2543
0.430071	1	5	0	-18.8709
0.430071	1	6	0	-24.3864
0.430071	3	1	0	-10.9879
0.430071	3	2	0	10.9011
0.430071	3	3	0	-2.9331
0.430071	3	4	0	-8.56071
0.434071	1	1	0	-17.0728
0.434071	1	2	0	-11.9199
0.434071	1	3	0	-8.38112
0.434071	1	4	0	-16.0002
0.434071	1	5	0	-18.8556
0.434071	1	6	0	-24.5271
0.435071	1	1	0	-17.0652
0.435071	1	2	0	-11.9833
0.435071	1	3	0	-21.4886
0.435071	1	4	0	-16.3694
0.435071	1	5	0	-18.8456
0.435071	1	6	0	-24.5385
0.435071	3	1	0	-10.9569
0.435071	3	2	0	10.9864
0.435071	3	3	0	-2.92012
0.435071	3	4	0	-8.5516
0.440071	1	1	0	-17.0466
0.440071	1	2	0	-12.0727
0.440071	1	3	0	-21.5978
0.440071	1	4	0	-16.3887
0.440071	1	5	0	-18.9358
0.440071	1	6	0	-24.5124
0.440071	3	1	0	-10.8805
0.440071	3	2	0	11.0117
0.440071	3	3	0	-2.93925
0.440071	3	4	0	-8.52426
0.442071	3	1	0	-10.8727
0.442071	3	2	0	11.0011
0.442071	3	3	0	-2.87609
0.442071	3	4	0	-8.57137
0.445071	1	1	0	-17.0445
0.445071	1	2	0	-12.0017
0.445071	1	3	0	-21.5451
0.445071	1	4	0	-16.4257
0.445071	1	5	0	-19.113
0.445071	1	6	0	-24.4749
0.445071	3	1	0	-11.0139
0.445071	3	2	0	11.0275
0.445071	3	3	0	-2.89922
0.445071	3	4	0	-8.5364
0.446071	3	1	0	-10.9367
0.446071	3	2	0	11.0216
0.446071	3	3	0	-2.95506
0.446071	3	4	0	-8.54366
0.449071	1	1	0	-17.1163
0.449071	1	2	0	-11.9794
0.449071	1	3	0	-8.59502
0.449071	1	4	0	-16.2551
0.449071	1	5	0	-19.1342
0.449071	1	6	0	-24.5526
0.450071	1	1	0	-17.113
0.450071	1	2	0	-11.9656
0.450071	1	3	0	-21.6178
0.450071	1	4	0	-16.6394
0.450071	1	5	0	-19.1633
0.450071	1	6	0	-24.5295
0.450071	3	1	0	-10.9444
0.450071	3	2	0	11.0667
0.450071	3	3	0	-2.87733
0.450071	3	4	0	-8.56688
0.455071	1	1	0	-17.0367
0.455071	1	2	0	-12.0815
0.455071	1	3	0	-21.6873
0.455071	1	4	0	-16.6653
0.455071	1	5	0	-19.1715
0.455071	1	6	0	-24.6739
0.455071	3	1	0	-10.781
0.455071	3	2	0	11.0917
0.455071	3	3	0	-2.93479
0.455071	3	4	0	-8.61203
0.460071	1	1	0	-16.9778
0.460071	1	2	0	-12.1302
0.460071	1	3	0	-21.6888
0.460071	1	4	0	-16.6504
0.460071	1	5	0	-19.3288
0.460071	1	6	0	-24.7402
0.460071	3	1	0	-10.9914
0.460071	3	2	0	10.9792
0.460071	3	3	0	-3.05692
0.460071	3	4	0	-8.62461
0.465071	1	1	0	-16.923
0.465071	1	2	0	-12.1048
0.465071	1	3	0	-21.6357
0.465071	1	4	0	-16.6246
0.465071	1	5	0	-19.522
0.465071	1	6	0	-24.7214
0.465071	3	1	0	-10.9529
0.465071	3	2	0	10.9269
0.465071	3	3	0	-2.99223
0.465071	3	4	0	-8.55608
0.470071	1	1	0	-16.8776
0.470071	1	2	0	-12.0506
0.470071	1	3	0	-21.6575
0.470071	1	4	0	-16.6117
0.470071	1	5	0	-19.5681
0.470071	1	6	0	-24.8529
0.470071	3	1	0	-11.0086
0.470071	3	2	0	10.9445
0.470071	3	3	0	-3.13303
0.470071	3	4	0	-8.53804
0.475071	1	1	0	-16.9786
0.475071	1	2	0	-12.0645
0.475071	1	3	0	-21.7718
0.475071	1	4	0	-16.6037
0.475071	1	5	0	-19.7347
0.475071	1	6	0	-24.9654
0.475071	3	1	0	-10.9635
0.475071	3	2	0	10.9348
0.475071	3	3	0	-3.02475
0.475071	3	4	0	-8.41236
0.478071	1	1	0	-16.9803
0.478071	1	2	0	-12.0423
0.478071	1	3	0	-8.92337
0.478071	1	4	0	-16.2112
0.478071	1	5	0	-19.8726
0.478071	1	6	0	-25.0807
0.480071	1	1	0	-16.9524
0.480071	1	2	0	-11.9265
0.480071	1	3	0	-21.825
0.480071	1	4	0	-16.5807
0.480071	1	5	0	-19.9122
0.480071	1	6	0	-25.0568
0.480071	3	1	0	-10.9221
0.480071	3	2	0	10.9876
0.480071	3	3	0	-3.02202
0.480071	3	4	0	-8.32165
0.481071	3	1	0	-10.8782
0.481071	3	2	0	10.9969
0.481071	3	3	0	-3.0791
0.481071	3	4	0	-8.28457
0.485071	1	1	0	-16.9277
0.485071	1	2	0	-11.827
0.485071	1	3	0	-21.8479
0.485071	1	4	0	-16.6502
0.485071	1	5	0	-19.9475
0.485071	1	6	0	-25.1828
0.485071	3	1	0	-10.9553
0.485071	3	2	0	11.0682
0.485071	3	3	0	-3.06454
0.485071	3	4	0	-8.21827
0.490071	1	1	0	-16.8777
0.490071	1	2	0	-11.8293
0.490071	1	3	0	-21.786
0.490071	1	4	0	-16.7631
0.490071	1	5	0	-20.1227
0.490071	1	6	0	-25.1966
0.490071	3	1	0	-11.0683
0.490071	3	2	0	11.0769
0.490071	3	3	0	-3.05534
0.490071	3	4	0	-8.04905
0.494071	1	1	0	-16.9285
0.494071	1	2	0	-11.7406
0.494071	1	3	0	-21.7929
0.494071	1	4	0	-16.8065
0.494071	1	5	0	-20.2357
0.494071	1	6	0	-25.29
0.494071	3	1	0	-11.0139
0.494071	3	2	0	11.0316
0.494071	3	3	0	-3.0278
0.494071	3	4	0	-8.07504
0.495071	1	1	0	-16.9401
0.495071	1	2	0	-11.7107
0.495071	1	3	0	-21.7605
0.495071	1	4	0	-16.7947
0.495071	1	5	0	-20.2278
0.495071	1	6	0	-25.2859
0.495071	3	1	0	-10.9987
0.495071	3	2	0	11.053
0.495071	3	3	0	-3.04168
0.495071	3	4	0	-8.06835
0.500071	1	1	0	-16.8968
0.500071	1	2	0	-11.7782
0.500071	1	3	0	-21.7297
0.500071	1	4	0	-16.7172
0.500071	1	5	0	-20.4051
0.500071	1	6	0	-25.1834
0.500071	3	1	0	-11.0047
0.500071	3	2	0	11.0577
0.500071	3	3	0	-2.93233
0.500071	3	4	0	-7.965
0.505071	1	1	0	-16.834
0.505071	1	2	0	-11.7177
0.505071	1	3	0	-21.707
0.505071	1	4	0	-16.8006
0.505071	1	5	0	-20.3678
0.505071	1	6	0	-25.1797
0.505071	3	1	0	-11.0266
0.505071	3	2	0	11.0705
0.505071	3	3	0	-3.02316
0.505071	3	4	0	-7.84225
0.510071	1	1	0	-16.7945
0.510071	1	2	0	-11.665
0.510071	1	3	0	-21.7477
0.510071	1	4	0	-16.7597
0.510071	1	5	0	-20.4793
0.510071	1	6	0	-25.1042
0.510071	3	1	0	-10.9377
0.510071	3	2	0	11.0668
0.510071	3	3	0	-3.13619
0.510071	3	4	0	-7.56652
0.514071	1	1	0	-16.8243
0.514071	1	2	0	-11.6199
0.514071	1	3	0	-9.10329
0.514071	1	4	0	-16.3271
0.514071	1	5	0	-20.5841
0.514071	1	6	0	-24.9503
0.515071	1	1	0	-16.8645
0.515071	1	2	0	-11.6674
0.515071	1	3	0	-21.882
0.515071	1	4	0	-16.7929
0.515071	1	5	0	-20.6093
0.515071	1	6	0	-24.9493
0.515071	3	1	0	-10.9293
0.515071	3	2	0	11.0496
0.515071	3	3	0	-3.06056
0.515071	3	4	0	-7.57468
0.520071	1	1	0	-16.936
0.520071	1	2	0	-11.7293
0.520071	1	3	0	-21.857
0.520071	1	4	0	-16.763
0.520071	1	5	0	-20.6646
0.520071	1	6	0	-24.9791
0.520071	3	1	0	-10.8756
0.520071	3	2	0	11.1239
0.520071	3	3	0	-2.94844
0.520071	3	4	0	-7.36608
0.522071	3	1	0	-10.745
0.522071	3	2	0	11.1166
0.522071	3	3	0	-2.96026
0.522071	3	4	0	-7.17759
0.525071	1	1	0	-16.7914
0.525071	1	2	0	-11.6693
0.525071	1	3	0	-21.7583
0.525071	1	4	0	-16.7459
0.525071	1	5	0	-20.5571
0.525071	1	6	0	-24.912
0.525071	3	1	0	-10.8094
0.525071	3	2	0	11.1133
0.525071	3	3	0	-2.93847
0.525071	3	4	0	-7.22808
0.526071	3	1	0	-10.7358
0.526071	3	2	0	11.0913
0.526071	3	3	0	-2.95382
0.526071	3	4	0	-7.25547
0.529071	1	1	0	-16.8127
0.529071	1	2	0	-11.542
0.529071	1	3	0	-9.03868
0.529071	1	4	0	-16.2788
0.529071	1	5	0	-20.5093
0.529071	1	6	0	-24.8878
0.530071	1	1	0	-16.8103
0.530071	1	2	0	-11.5214
0.530071	1	3	0	-21.784
0.530071	1	4	0	-16.7484
0.530071	1	5	0	-20.4564
0.530071	1	6	0	-24.8925
0.530071	3	1	0	-10.7798
0.530071	3	2	0	11.1018
0.530071	3	3	0	-2.98698
0.530071	3	4	0	-7.23217
0.535071	1	1	0	-16.7487
0.535071	1	2	0	-11.4732
0.535071	1	3	0	-21.6933
0.535071	1	4	0	-16.8055
0.535071	1	5	0	-20.2742
0.535071	1	6	0	-24.8714
0.535071	3	1	0	-10.9036
0.535071	3	2	0	11.0388
0.535071	3	3	0	-3.07542
0.535071	3	4	0	-7.2561
0.540071	1	1	0	-16.7869
0.540071	1	2	0	-11.4396
0.540071	1	3	0	-21.6749
0.540071	1	4	0	-16.7641
0.540071	1	5	0	-20.1492
0.540071	1	6	0	-24.8374
0.540071	3	1	0	-11.0226
0.540071	3	2	0	11.1032
0.540071	3	3	0	-3.13268
0.540071	3	4	0	-7.18575
0.545071	1	1	0	-16.7419
0.545071	1	2	0	-11.3757
0.545071	1	3	0	-21.6587
0.545071	1	4	0	-16.7775
0.545071	1	5	0	-20.0782
0.545071	1	6	0	-24.7978
0.545071	3	1	0	-10.9961
0.545071	3	2	0	11.1545
0.545071	3	3	0	-3.00669
0.545071	3	4	0	-7.27647
0.550071	1	1	0	-16.7218
0.550071	1	2	0	-11.3958
0.550071	1	3	0	-21.5574
0.550071	1	4	0	-16.8428
0.550071	1	5	0	-19.967
0.550071	1	6	0	-24.892
0.550071	3	1	0	-11.0565
0.550071	3	2	0	11.1211
0.550071	3	3	0	-3.00498
0.550071	3	4	0	-7.2874
0.555071	1	1	0	-16.6959
0.555071	1	2	0	-11.4557
0.555071	1	3	0	-21.5399
0.555071	1	4	0	-16.8737
0.555071	1	5	0	-19.9552
0.555071	1	6	0	-24.8451
0.555071	3	1	0	-10.9987
0.555071	3	2	0	11.1506
0.555071	3	3	0	-2.98144
0.555071	3	4	0	-7.21992
0.558071	1	1	0	-16.6894
0.558071	1	2	0	-11.5317
0.558071	1	3	0	-8.63154
0.558071	1	4	0	-16.4455
0.558071	1	5	0	-19.8793
0.558071	1	6	0	-24.7916
0.560071	1	1	0	-16.7277
0.560071	1	2	0	-11.5819
0.560071	1	3	0	-21.4358
0.560071	1	4	0	-17.0025
0.560071	1	5	0	-19.8813
0.560071	1	6	0	-24.703
0.560071	3	1	0	-10.966
0.560071	3	2	0	11.113
0.560071	3	3	0	-2.94344
0.560071	3	4	0	-7.17446
0.561071	3	1	0	-10.8216
0.561071	3	2	0	11.1063
0.561071	3	3	0	-2.9714
0.561071	3	4	0	-7.16982
0.565071	1	1	0	-16.7618
0.565071	1	2	0	-11.4724
0.565071	1	3	0	-21.3869
0.565071	1	4	0	-17.0713
0.565071	1	5	0	-19.7397
0.565071	1	6	0	-24.7239
0.565071	3	1	0	-10.9358
0.565071	3	2	0	11.0623
0.565071	3	3	0	-2.98705
0.565071	3	4	0	-7.20582
0.570071	1	1	0	-16.7578
0.570071	1	2	0	-11.5812
0.570071	1	3	0	-21.1733
0.570071	1	4	0	-17.1467
0.570071	1	5	0	-19.6543
0.570071	1	6	0	-24.8307
0.570071	3	1	0	-10.9576
0.570071	3	2	0	11.08
0.570071	3	3	0	-3.03161
0.570071	3	4	0	-7.23227
0.574071	1	1	0	-16.7428
0.574071	1	2	0	-11.549
0.574071	1	3	0	-21.0708
0.574071	1	4	0	-17.1214
0.574071	1	5	0	-19.5598
0.574071	1	6	0	-24.8058
0.574071	3	1	0	-10.8916
0.574071	3	2	0	11.0605
0.574071	3	3	0	-2.99732
0.574071	3	4	0	-7.31748
0.575071	1	1	0	-16.7279
0.575071	1	2	0	-11.5133
0.575071	1	3	0	-21.0176
0.575071	1	4	0	-17.1581
0.575071	1	5	0	-19.5762
0.575071	1	6	0	-24.7433
0.575071	3	1	0	-10.8381
0.575071	3	2	0	11.0711
0.575071	3	3	0	-3.00014
0.575071	3	4	0	-7.3455
0.580071	1	1	0	-16.7219
0.580071	1	2	0	-11.4689
0.580071	1	3	0	-21.0587
0.580071	1	4	0	-17.1127
0.580071	1	5	0	-19.5984
0.580071	1	6	0	-24.829
0.580071	3	1	0	-10.7793
0.580071	3	2	0	11.1257
0.580071	3	3	0	-2.91873
0.580071	3	4	0	-7.35177
0.585071	1	1	0	-16.7676
0.585071	1	2	0	-11.3548
0.585071	1	3	0	-20.8948
0.585071	1	4	0	-17.0638
0.585071	1	5	0	-19.5756
0.585071	1	6	0	-24.7691
0.585071	3	1	0	-10.776
0.585071	3	2	0	11.1342
0.585071	3	3	0	-2.85694
0.585071	3	4	0	-7.28469
0.590071	1	1	0	-16.762
0.590071	1	2	0	-11.2865
0.590071	1	3	0	-20.9434
0.590071	1	4	0	-16.9773
0.590071	1	5	0	-19.7004
0.590071	1	6	0	-24.7221
0.590071	3	1	0	-10.772
0.590071	3	2	0	11.0704
0.590071	3	3	0	-2.71485
0.590071	3	4	0	-7.26341
0.594071	1	1	0	-16.6663
0.594071	1	2	0	-11.2928
0.594071	1	3	0	-8.19403
0.594071	1	4	0	-16.4004
0.594071	1	5	0	-19.7681
0.594071	1	6	0	-24.807
0.595071	1	1	0	-16.6726
0.595071	1	2	0	-11.3118
0.595071	1	3	0	-20.902
0.595071	1	4	0	-16.9287
0.595071	1	5	0	-19.7367
0.595071	1	6	0	-24.7979
0.595071	3	1	0	-10.9014
0.595071	3	2	0	11.091
0.595071	3	3	0	-2.69731
0.595071	3	4	0	-7.30174
0.600071	1	1	0	-16.6935
0.600071	1	2	0	-11.217
0.600071	1	3	0	-20.7447
0.600071	1	4	0	-16.9602
0.600071	1	5	0	-19.8166
0.600071	1	6	0	-24.7535
0.600071	3	1	0	-10.8755
0.600071	3	2	0	11.197
0.600071	3	3	0	-2.76495
0.600071	3	4	0	-7.39543
0.602071	3	1	0	-10.806
0.602071	3	2	0	11.2252
0.602071	3	3	0	-2.78023
0.602071	3	4	0	-7.2967
0.605071	1	1	0	-16.7551
0.605071	1	2	0	-11.2084
0.605071	1	3	0	-20.7055
0.605071	1	4	0	-16.9739
0.605071	1	5	0	-19.8928
0.605071	1	6	0	-24.8294
0.605071	3	1	0	-10.8261
0.605071	3	2	0	11.3143
0.605071	3	3	0	-2.84661
0.605071	3	4	0	-7.2606
0.606071	3	1	0	-10.814
0.606071	3	2	0	11.3585
0.606071	3	3	0	-2.86264
0.606071	3	4	0	-7.25369
0.609071	1	1	0	-16.6152
0.609071	1	2	0	-11.0759
0.609071	1	3	0	-7.94828
0.609071	1	4	0	-16.4822
0.609071	1	5	0	-20.0686
0.609071	1	6	0	-24.8249
0.610071	1	1	0	-16.5937
0.610071	1	2	0	-11.0513
0.610071	1	3	0	-20.7408
0.610071	1	4	0	-16.96
0.610071	1	5	0	-20.1106
0.610071	1	6	0	-24.8706
0.610071	3	1	0	-10.9285
0.610071	3	2	0	11.4128
0.610071	3	3	0	-2.89125
0.610071	3	4	0	-7.23913
0.615071	1	1	0	-16.5913
0.615071	1	2	0	-11.034
0.615071	1	3	0	-20.6843
0.615071	1	4	0	-17.0629
0.615071	1	5	0	-20.2601
0.615071	1	6	0	-24.9826
0.615071	3	1	0	-10.9367
0.615071	3	2	0	11.5324
0.615071	3	3	0	-2.85356
0.615071	3	4	0	-7.32475
0.620071	1	1	0	-16.4712
0.620071	1	2	0	-11.0669
0.620071	1	3	0	-20.7541
0.620071	1	4	0	-17.106
0.620071	1	5	0	-20.3749
0.620071	1	6	0	-25.0871
0.620071	3	1	0	-10.9424
0.620071	3	2	0	11.4606
0.620071	3	3	0	-2.82728
0.620071	3	4	0	-7.34613
0.625071	1	1	0	-16.4114
0.625071	1	2	0	-11.0308
0.625071	1	3	0	-20.7564
0.625071	1	4	0	-17.0905
0.625071	1	5	0	-20.4581
0.625071	1	6	0	-25.0182
0.625071	3	1	0	-11.0006
0.625071	3	2	0	11.5325
0.625071	3	3	0	-2.75803
0.625071	3	4	0	-7.43144
0.630071	1	1	0	-16.4688
0.630071	1	2	0	-11.0992
0.630071	1	3	0	-20.8357
0.630071	1	4	0	-17.0642
0.630071	1	5	0	-20.5937
0.630071	1	6	0	-24.8816
0.630071	3	1	0	-10.9899
0.630071	3	2	0	11.5405
0.630071	3	3	0	-2.76428
0.630071	3	4	0	-7.43058
0.635071	1	1	0	-16.4375
0.635071	1	2	0	-11.0852
0.635071	1	3	0	-20.8899
0.635071	1	4	0	-17.0619
0.635071	1	5	0	-20.6085
0.635071	1	6	0	-24.9575
0.635071	3	1	0	-10.9577
0.635071	3	2	0	11.5154
0.635071	3	3	0	-2.73465
0.635071	3	4	0	-7.4676
0.638071	1	1	0	-16.4275
0.638071	1	2	0	-11.0714
0.638071	1	3	0	-8.0494
0.638071	1	4	0	-16.5051
0.638071	1	5	0	-20.6628
0.638071	1	6	0	-24.9328
0.640071	1	1	0	-16.4032
0.640071	1	2	0	-11.1124
0.640071	1	3	0	-20.8779
0.640071	1	4	0	-16.9853
0.640071	1	5	0	-20.6827
0.640071	1	6	0	-24.9322
0.640071	3	1	0	-11.0122
0.640071	3	2	0	11.4869
0.640071	3	3	0	-2.85075
0.640071	3	4	0	-7.48803
0.641071	3	1	0	-10.9729
0.641071	3	2	0	11.4632
0.641071	3	3	0	-2.87117
0.641071	3	4	0	-7.50107
0.645071	1	1	0	-16.3989
0.645071	1	2	0	-11.1684
0.645071	1	3	0	-20.7655
0.645071	1	4	0	-17.0026
0.645071	1	5	0	-20.7825
0.645071	1	6	0	-24.9552
0.645071	3	1	0	-11.1134
0.645071	3	2	0	11.4026
0.645071	3	3	0	-2.94033
0.645071	3	4	0	-7.61009
0.650071	1	1	0	-16.411
0.650071	1	2	0	-11.0852
0.650071	1	3	0	-20.8395
0.650071	1	4	0	-16.9421
0.650071	1	5	0	-21.0546
0.650071	1	6	0	-24.9228
0.650071	3	1	0	-11.1141
0.650071	3	2	0	11.4582
0.650071	3	3	0	-2.97568
0.650071	3	4	0	-7.76904
0.654071	1	1	0	-16.4732
0.654071	1	2	0	-11.0459
0.654071	1	3	0	-20.7921
0.654071	1	4	0	-16.9212
0.654071	1	5	0	-21.0076
0.654071	1	6	0	-25.0761
0.654071	3	1	0	-11.0186
0.654071	3	2	0	11.4662
0.654071	3	3	0	-2.90236
0.654071	3	4	0	-7.91015
0.655071	1	1	0	-16.4706
0.655071	1	2	0	-10.9807
0.655071	1	3	0	-20.8065
0.655071	1	4	0	-16.9334
0.655071	1	5	0	-21.0366
0.655071	1	6	0	-25.1127
0.655071	3	1	0	-11.0859
0.655071	3	2	0	11.4502
0.655071	3	3	0	-2.93094
0.655071	3	4	0	-7.85368
0.660071	1	1	0	-16.4586
0.660071	1	2	0	-10.9685
0.660071	1	3	0	-20.9455
0.660071	1	4	0	-16.9584
0.660071	1	5	0	-21.0628
0.660071	1	6	0	-25.1559
0.660071	3	1	0	-11.0337
0.660071	3	2	0	11.4952
0.660071	3	3	0	-2.96893
0.660071	3	4	0	-8.00696
0.665071	1	1	0	-16.5026
0.665071	1	2	0	-10.8775
0.665071	1	3	0	-20.9933
0.665071	1	4	0	-16.933
0.665071	1	5	0	-20.987
0.665071	1	6	0	-25.1399
0.665071	3	1	0	-11.102
0.665071	3	2	0	11.517
0.665071	3	3	0	-2.93281
0.665071	3	4	0	-8.08895
0.670071	1	1	0	-16.4757
0.670071	1	2	0	-10.8852
0.670071	1	3	0	-20.961
0.670071	1	4	0	-16.8766
0.670071	1	5	0	-20.7681
0.670071	1	6	0	-25.2868
0.670071	3	1	0	-11.0752
0.670071	3	2	0	11.4895
0.670071	3	3	0	-2.98089
0.670071	3	4	0	-8.1609
0.674071	1	1	0	-16.4388
0.674071	1	2	0	-11.0199
0.674071	1	3	0	-8.18734
0.674071	1	4	0	-16.5249
0.674071	1	5	0	-20.5378
0.674071	1	6	0	-25.4136
0.675071	1	1	0	-16.3737
0.675071	1	2	0	-10.9955
0.675071	1	3	0	-21.111
0.675071	1	4	0	-17.0278
0.675071	1	5	0	-20.4909
0.675071	1	6	0	-25.4294
0.675071	3	1	0	-11.019
0.675071	3	2	0	11.5529
0.675071	3	3	0	-3.10363
0.675071	3	4	0	-8.32518
0.680071	1	1	0	-16.3284
0.680071	1	2	0	-11.0868
0.680071	1	3	0	-21.1234
0.680071	1	4	0	-17.012
0.680071	1	5	0	-20.2185
0.680071	1	6	0	-25.5397
0.680071	3	1	0	-11.0484
0.680071	3	2	0	11.5399
0.680071	3	3	0	-3.18553
0.680071	3	4	0	-8.41639
0.682071	3	1	0	-11.0107
0.682071	3	2	0	11.565
0.682071	3	3	0	-3.24184
0.682071	3	4	0	-8.48851
0.685071	1	1	0	-16.3987
0.685071	1	2	0	-11.0132
0.685071	1	3	0	-21.1871
0.685071	1	4	0	-16.9993
0.685071	1	5	0	-19.9217
0.685071	1	6	0	-25.6151
0.685071	3	1	0	-10.9932
0.685071	3	2	0	11.5384
0.685071	3	3	0	-3.28237
0.685071	3	4	0	-8.50226
0.686071	3	1	0	-10.8847
0.686071	3	2	0	11.5236
0.686071	3	3	0	-3.28443
0.686071	3	4	0	-8.52926
0.689071	1	1	0	-16.4661
0.689071	1	2	0	-10.9847
0.689071	1	3	0	-8.41641
0.689071	1	4	0	-16.4244
0.689071	1	5	0	-19.6819
0.689071	1	6	0	-25.5087
0.690071	1	1	0	-16.4698
0.690071	1	2	0	-11.0213
0.690071	1	3	0	-21.306
0.690071	1	4	0	-16.8776
0.690071	1	5	0	-19.6377
0.690071	1	6	0	-25.5269
0.690071	3	1	0	-11.0559
0.690071	3	2	0	11.4532
0.690071	3	3	0	-3.29238
0.690071	3	4	0	-8.63815
0.695071	1	1	0	-16.4001
0.695071	1	2	0	-10.9072
0.695071	1	3	0	-21.4489
0.695071	1	4	0	-16.8621
0.695071	1	5	0	-19.4363
0.695071	1	6	0	-25.5085
0.695071	3	1	0	-11.0952
0.695071	3	2	0	11.4056
0.695071	3	3	0	-3.27484
0.695071	3	4	0	-8.63971
0.700071	1	1	0	-16.3446
0.700071	1	2	0	-10.8694
0.700071	1	3	0	-21.4812
0.700071	1	4	0	-16.9142
0.700071	1	5	0	-19.3572
0.700071	1	6	0	-25.5114
0.700071	3	1	0	-11.0162
0.700071	3	2	0	11.4773
0.700071	3	3	0	-3.20702
0.700071	3	4	0	-8.77634
0.705071	1	1	0	-16.377
0.705071	1	2	0	-11.0247
0.705071	1	3	0	-21.5944
0.705071	1	4	0	-16.8996
0.705071	1	5	0	-19.0995
0.705071	1	6	0	-25.2656
0.705071	3	1	0	-11.1277
0.705071	3	2	0	11.5102
0.705071	3	3	0	-3.28778
0.705071	3	4	0	-8.84227
0.710071	1	1	0	-16.3953
0.710071	1	2	0	-11.0457
0.710071	1	3	0	-21.7177
0.710071	1	4	0	-16.7985
0.710071	1	5	0	-18.947
0.710071	1	6	0	-25.2212
0.710071	3	1	0	-10.9847
0.710071	3	2	0	11.4801
0.710071	3	3	0	-3.39043
0.710071	3	4	0	-8.84206
0.715071	1	1	0	-16.4045
0.715071	1	2	0	-11.1329
0.715071	1	3	0	-21.7725
0.715071	1	4	0	-16.7507
0.715071	1	5	0	-18.6805
0.715071	1	6	0	-25.2031
0.715071	3	1	0	-10.925
0.715071	3	2	0	11.5207
0.715071	3	3	0	-3.31953
0.715071	3	4	0	-9.00578
0.718071	1	1	0	-16.3991
0.718071	1	2	0	-11.0807
0.718071	1	3	0	-8.88661
0.718071	1	4	0	-16.333
0.718071	1	5	0	-18.5844
0.718071	1	6	0	-25.2526
0.720071	1	1	0	-16.3878
0.720071	1	2	0	-11.1864
0.720071	1	3	0	-21.9486
0.720071	1	4	0	-16.8841
0.720071	1	5	0	-18.6374
0.720071	1	6	0	-25.1533
0.720071	3	1	0	-10.8998
0.720071	3	2	0	11.5444
0.720071	3	3	0	-3.16236
0.720071	3	4	0	-9.06708
0.721071	3	1	0	-10.8871
0.721071	3	2	0	11.5301
0.721071	3	3	0	-3.15958
0.721071	3	4	0	-9.07603
0.725071	1	1	0	-16.3644
0.725071	1	2	0	-11.2622
0.725071	1	3	0	-22.0213
0.725071	1	4	0	-16.8773
0.725071	1	5	0	-18.4475
0.725071	1	6	0	-25.1277
0.725071	3	1	0	-10.8281
0.725071	3	2	0	11.5397
0.725071	3	3	0	-3.15596
0.725071	3	4	0	-9.21989
0.730071	1	1	0	-16.3381
0.730071	1	2	0	-11.297
0.730071	1	3	0	-22.0445
0.730071	1	4	0	-16.9694
0.730071	1	5	0	-18.2476
0.730071	1	6	0	-25.1515
0.730071	3	1	0	-10.6935
0.730071	3	2	0	11.5354
0.730071	3	3	0	-3.15073
0.730071	3	4	0	-9.36646
0.734071	1	1	0	-16.2877
0.734071	1	2	0	-11.2493
0.734071	1	3	0	-22.0712
0.734071	1	4	0	-17.0134
0.734071	1	5	0	-18.1414
0.734071	1	6	0	-25.1463
0.734071	3	1	0	-10.6015
0.734071	3	2	0	11.5697
0.734071	3	3	0	-3.13488
0.734071	3	4	0	-9.42933
0.735071	1	1	0	-16.3427
0.735071	1	2	0	-11.2922
0.735071	1	3	0	-22.0343
0.735071	1	4	0	-17.0236
0.735071	1	5	0	-18.1255
0.735071	1	6	0	-25.1525
0.735071	3	1	0	-10.5791
0.735071	3	2	0	11.5475
0.735071	3	3	0	-3.13135
0.735071	3	4	0	-9.42091
0.740071	1	1	0	-16.3659
0.740071	1	2	0	-11.4482
0.740071	1	3	0	-22.1417
0.740071	1	4	0	-17.105
0.740071	1	5	0	-18.0473
0.740071	1	6	0	-25.1356
0.740071	3	1	0	-10.6111
0.740071	3	2	0	11.5457
0.740071	3	3	0	-3.15592
0.740071	3	4	0	-9.5088
0.745071	1	1	0	-16.4438
0.745071	1	2	0	-11.5452
0.745071	1	3	0	-22.2376
0.745071	1	4	0	-17.0455
0.745071	1	5	0	-17.9383
0.745071	1	6	0	-25.1811
0.745071	3	1	0	-10.6431
0.745071	3	2	0	11.5177
0.745071	3	3	0	-3.17138
0.745071	3	4	0	-9.61574
0.750071	1	1	0	-16.495
0.750071	1	2	0	-11.5701
0.750071	1	3	0	-22.1985
0.750071	1	4	0	-16.9238
0.750071	1	5	0	-17.9985
0.750071	1	6	0	-25.2049
0.750071	3	1	0	-10.5984
0.750071	3	2	0	11.4907
0.750071	3	3	0	-3.17692
0.750071	3	4	0	-9.70701
0.754071	1	1	0	-16.4322
0.754071	1	2	0	-11.5996
0.754071	1	3	0	-9.26601
0.754071	1	4	0	-16.5547
0.754071	1	5	0	-17.9044
0.754071	1	6	0	-25.2985
0.755071	1	1	0	-16.4104
0.755071	1	2	0	-11.5804
0.755071	1	3	0	-22.3025
0.755071	1	4	0	-17.0143
0.755071	1	5	0	-17.944
0.755071	1	6	0	-25.2471
0.755071	3	1	0	-10.6061
0.755071	3	2	0	11.5089
0.755071	3	3	0	-3.11143
0.755071	3	4	0	-9.84117
0.760071	1	1	0	-16.4854
0.760071	1	2	0	-11.586
0.760071	1	3	0	-22.2129
0.760071	1	4	0	-16.9714
0.760071	1	5	0	-17.9468
0.760071	1	6	0	-25.2393
0.760071	3	1	0	-10.6357
0.760071	3	2	0	11.5112
0.760071	3	3	0	-3.11399
0.760071	3	4	0	-9.88318
0.762071	3	1	0	-10.6154
0.762071	3	2	0	11.5802
0.762071	3	3	0	-3.09271
0.762071	3	4	0	-9.79737
0.765071	1	1	0	-16.5595
0.765071	1	2	0	-11.4879
0.765071	1	3	0	-22.3338
0.765071	1	4	0	-16.9289
0.765071	1	5	0	-18.0278
0.765071	1	6	0	-25.2798
0.765071	3	1	0	-10.6927
0.765071	3	2	0	11.5942
0.765071	3	3	0	-3.12664
0.765071	3	4	0	-9.84255
0.766071	3	1	0	-10.6227
0.766071	3	2	0	11.5673
0.766071	3	3	0	-3.14392
0.766071	3	4	0	-9.84359
0.769071	1	1	0	-16.5656
0.769071	1	2	0	-11.4669
0.769071	1	3	0	-9.33239
0.769071	1	4	0	-16.524
0.769071	1	5	0	-18.1991
0.769071	1	6	0	-25.2521
0.770071	1	1	0	-16.5995
0.770071	1	2	0	-11.4582
0.770071	1	3	0	-22.2731
0.770071	1	4	0	-16.9215
0.770071	1	5	0	-18.2858
0.770071	1	6	0	-25.2361
0.770071	3	1	0	-10.6527
0.770071	3	2	0	11.5468
0.770071	3	3	0	-3.2276
0.770071	3	4	0	-9.80346
0.775071	1	1	0	-16.5905
0.775071	1	2	0	-11.4654
0.775071	1	3	0	-22.2937
0.775071	1	4	0	-16.925
0.775071	1	5	0	-18.3815
0.775071	1	6	0	-25.243
0.775071	3	1	0	-10.5946
0.775071	3	2	0	11.5888
0.775071	3	3	0	-3.23271
0.775071	3	4	0	-9.92691
0.780071	1	1	0	-16.5373
0.780071	1	2	0	-11.4741
0.780071	1	3	0	-22.3113
0.780071	1	4	0	-16.8097
0.780071	1	5	0	-18.562
0.780071	1	6	0	-25.2009
0.780071	3	1	0	-10.5697
0.780071	3	2	0	11.6955
0.780071	3	3	0	-3.20753
0.780071	3	4	0	-9.85042
0.785071	1	1	0	-16.4899
0.785071	1	2	0	-11.5351
0.785071	1	3	0	-22.3046
0.785071	1	4	0	-16.7765
0.785071	1	5	0	-18.878
0.785071	1	6	0	-25.1821
0.785071	3	1	0	-10.5782
0.785071	3	2	0	11.6953
0.785071	3	3	0	-3.14304
0.785071	3	4	0	-9.77252
0.790071	1	1	0	-16.4509
0.790071	1	2	0	-11.5431
0.790071	1	3	0	-22.2783
0.790071	1	4	0	-16.7905
0.790071	1	5	0	-19.0792
0.790071	1	6	0	-25.2836
0.790071	3	1	0	-10.4709
0.790071	3	2	0	11.6871
0.790071	3	3	0	-3.2773
0.790071	3	4	0	-9.78761
0.795071	1	1	0	-16.4846
0.795071	1	2	0	-11.5083
0.795071	1	3	0	-22.1862
0.795071	1	4	0	-16.7895
0.795071	1	5	0	-19.4195
0.795071	1	6	0	-25.3004
0.795071	3	1	0	-10.5433
0.795071	3	2	0	11.6175
0.795071	3	3	0	-3.32884
0.795071	3	4	0	-9.66162
0.798071	1	1	0	-16.4715
0.798071	1	2	0	-11.4568
0.798071	1	3	0	-9.32371
0.798071	1	4	0	-16.389
0.798071	1	5	0	-19.668
0.798071	1	6	0	-25.2731
0.800071	1	1	0	-16.4257
0.800071	1	2	0	-11.5309
0.800071	1	3	0	-22.2821
0.800071	1	4	0	-16.7426
0.800071	1	5	0	-19.7813
0.800071	1	6	0	-25.2877
0.800071	3	1	0	-10.6025
0.800071	3	2	0	11.652
0.800071	3	3	0	-3.32627
0.800071	3	4	0	-9.52082
0.801071	3	1	0	-10.5413
0.801071	3	2	0	11.6337
0.801071	3	3	0	-3.30566
0.801071	3	4	0	-9.45798
0.805071	1	1	0	-16.3481
0.805071	1	2	0	-11.4983
0.805071	1	3	0	-22.3064
0.805071	1	4	0	-16.8787
0.805071	1	5	0	-20.0337
0.805071	1	6	0	-25.2531
0.805071	3	1	0	-10.5817
0.805071	3	2	0	11.6872
0.805071	3	3	0	-3.24662
0.805071	3	4	0	-9.37602
0.810071	1	1	0	-16.34
0.810071	1	2	0	-11.5448
0.810071	1	3	0	-22.3029
0.810071	1	4	0	-16.8294
0.810071	1	5	0	-20.2764
0.810071	1	6	0	-25.3038
0.810071	3	1	0	-10.6697
0.810071	3	2	0	11.637
0.810071	3	3	0	-3.24015
0.810071	3	4	0	-9.1553
0.814071	1	1	0	-16.3831
0.814071	1	2	0	-11.5304
0.814071	1	3	0	-22.1351
0.814071	1	4	0	-16.8094
0.814071	1	5	0	-20.4111
0.814071	1	6	0	-25.3535
0.814071	3	1	0	-10.6908
0.814071	3	2	0	11.7608
0.814071	3	3	0	-3.22338
0.814071	3	4	0	-9.19479
0.815071	1	1	0	-16.3385
0.815071	1	2	0	-11.5057
0.815071	1	3	0	-22.1086
0.815071	1	4	0	-16.8533
0.815071	1	5	0	-20.4994
0.815071	1	6	0	-25.39
0.815071	3	1	0	-10.6881
0.815071	3	2	0	11.8057
0.815071	3	3	0	-3.28223
0.815071	3	4	0	-9.19301
0.820071	1	1	0	-16.3983
0.820071	1	2	0	-11.5533
0.820071	1	3	0	-22.1151
0.820071	1	4	0	-16.8554
0.820071	1	5	0	-20.6971
0.820071	1	6	0	-25.5193
0.820071	3	1	0	-10.669
0.820071	3	2	0	11.75
0.820071	3	3	0	-3.34407
0.820071	3	4	0	-9.16856
0.825071	1	1	0	-16.3326
0.825071	1	2	0	-11.7307
0.825071	1	3	0	-22.105
0.825071	1	4	0	-16.8754
0.825071	1	5	0	-20.9646
0.825071	1	6	0	-25.5187
0.825071	3	1	0	-10.6298
0.825071	3	2	0	11.8617
0.825071	3	3	0	-3.30538
0.825071	3	4	0	-9.18423
0.830071	1	1	0	-16.2445
0.830071	1	2	0	-11.7699
0.830071	1	3	0	-22.0618
0.830071	1	4	0	-16.8266
0.830071	1	5	0	-21.2308
0.830071	1	6	0	-25.6441
0.830071	3	1	0	-10.74
0.830071	3	2	0	11.8448
0.830071	3	3	0	-3.38254
0.830071	3	4	0	-9.22534
0.834071	1	1	0	-16.1399
0.834071	1	2	0	-11.7768
0.834071	1	3	0	-8.90685
0.834071	1	4	0	-16.4919
0.834071	1	5	0	-21.3971
0.834071	1	6	0	-25.6144
0.835071	1	1	0	-16.1525
0.835071	1	2	0	-11.7995
0.835071	1	3	0	-21.9281
0.835071	1	4	0	-16.8184
0.835071	1	5	0	-21.4411
0.835071	1	6	0	-25.5926
0.835071	3	1	0	-10.7348
0.835071	3	2	0	11.863
0.835071	3	3	0	-3.48563
0.835071	3	4	0	-9.14652
0.840071	1	1	0	-16.1907
0.840071	1	2	0	-11.8087
0.840071	1	3	0	-21.8275
0.840071	1	4	0	-16.7878
0.840071	1	5	0	-21.5343
0.840071	1	6	0	-25.5998
0.840071	3	1	0	-10.7429
0.840071	3	2	0	11.8631
0.840071	3	3	0	-3.49842
0.840071	3	4	0	-9.05683
0.842071	3	1	0	-10.731
0.842071	3	2	0	11.926
0.842071	3	3	0	-3.41403
0.842071	3	4	0	-9.02755
0.845071	1	1	0	-16.094
0.845071	1	2	0	-11.7034
0.845071	1	3	0	-21.7559
0.845071	1	4	0	-16.7489
0.845071	1	5	0	-21.4309
0.845071	1	6	0	-25.699
0.845071	3	1	0	-10.8102
0.845071	3	2	0	11.9585
0.845071	3	3	0	-3.33667
0.845071	3	4	0	-8.98625
0.846071	3	1	0	-10.6958
0.846071	3	2	0	11.9329
0.846071	3	3	0	-3.37117
0.846071	3	4	0	-8.96536
0.849071	1	1	0	-16.0929
0.849071	1	2	0	-11.6434
0.849071	1	3	0	-8.64971
0.849071	1	4	0	-16.4853
0.849071	1	5	0	-21.376
0.849071	1	6	0	-25.6371
0.850071	1	1	0	-16.0765
0.850071	1	2	0	-11.6571
0.850071	1	3	0	-21.6864
0.850071	1	4	0	-16.8224
0.850071	1	5	0	-21.3895
0.850071	1	6	0	-25.6575
0.850071	3	1	0	-10.6659
0.850071	3	2	0	11.9575
0.850071	3	3	0	-3.38186
0.850071	3	4	0	-8.99537
0.855071	1	1	0	-16.115
0.855071	1	2	0	-11.6708
0.855071	1	3	0	-21.6585
0.855071	1	4	0	-16.8751
0.855071	1	5	0	-21.3927
0.855071	1	6	0	-25.6351
0.855071	3	1	0	-10.7948
0.855071	3	2	0	11.9928
0.855071	3	3	0	-3.245
0.855071	3	4	0	-9.05967
0.860071	1	1	0	-15.9821
0.860071	1	2	0	-11.6938
0.860071	1	3	0	-21.625
0.860071	1	4	0	-16.8699
0.860071	1	5	0	-21.1824
0.860071	1	6	0	-25.5902
0.860071	3	1	0	-10.8216
0.860071	3	2	0	11.9198
0.860071	3	3	0	-3.29441
0.860071	3	4	0	-9.0259
0.865071	1	1	0	-15.8941
0.865071	1	2	0	-11.6984
0.865071	1	3	0	-21.6633
0.865071	1	4	0	-16.902
0.865071	1	5	0	-20.9914
0.865071	1	6	0	-25.4866
0.865071	3	1	0	-10.8835
0.865071	3	2	0	12.0011
0.865071	3	3	0	-3.25508
0.865071	3	4	0	-9.06613
0.870071	1	1	0	-15.8817
0.870071	1	2	0	-11.6477
0.870071	1	3	0	-21.6242
0.870071	1	4	0	-16.8489
0.870071	1	5	0	-20.7468
0.870071	1	6	0	-25.5937
0.870071	3	1	0	-10.9295
0.870071	3	2	0	11.9011
0.870071	3	3	0	-3.40817
0.870071	3	4	0	-9.09702
0.875071	1	1	0	-15.7468
0.875071	1	2	0	-11.6936
0.875071	1	3	0	-21.5928
0.875071	1	4	0	-16.7652
0.875071	1	5	0	-20.5215
0.875071	1	6	0	-25.5579
0.875071	3	1	0	-10.8953
0.875071	3	2	0	11.8573
0.875071	3	3	0	-3.39889
0.875071	3	4	0	-8.95374
0.878071	1	1	0	-15.7669
0.878071	1	2	0	-11.6087
0.878071	1	3	0	-8.55383
0.878071	1	4	0	-16.469
0.878071	1	5	0	-20.3934
0.878071	1	6	0	-25.7217
0.880071	1	1	0	-15.7769
0.880071	1	2	0	-11.7087
0.880071	1	3	0	-21.5383
0.880071	1	4	0	-16.8178
0.880071	1	5	0	-20.217
0.880071	1	6	0	-25.6616
0.880071	3	1	0	-10.9074
0.880071	3	2	0	11.89
0.880071	3	3	0	-3.34058
0.880071	3	4	0	-8.98916
0.881071	3	1	0	-10.8619
0.881071	3	2	0	11.8548
0.881071	3	3	0	-3.3622
0.881071	3	4	0	-8.9354
0.885071	1	1	0	-15.7062
0.885071	1	2	0	-11.6846
0.885071	1	3	0	-21.5467
0.885071	1	4	0	-16.7645
0.885071	1	5	0	-19.9507
0.885071	1	6	0	-25.6349
0.885071	3	1	0	-10.8567
0.885071	3	2	0	11.7722
0.885071	3	3	0	-3.35435
0.885071	3	4	0	-8.88393
0.890071	1	1	0	-15.6545
0.890071	1	2	0	-11.8313
0.890071	1	3	0	-21.6054
0.890071	1	4	0	-16.7876
0.890071	1	5	0	-19.8504
0.890071	1	6	0	-25.7135
0.890071	3	1	0	-10.8351
0.890071	3	2	0	11.8011
0.890071	3	3	0	-3.39521
0.890071	3	4	0	-8.77983
0.894071	1	1	0	-15.6559
0.894071	1	2	0	-11.9687
0.894071	1	3	0	-21.6104
0.894071	1	4	0	-16.8173
0.894071	1	5	0	-19.7136
0.894071	1	6	0	-25.8056
0.894071	3	1	0	-10.7891
0.894071	3	2	0	11.7834
0.894071	3	3	0	-3.40464
0.894071	3	4	0	-8.78325
0.895071	1	1	0	-15.6275
0.895071	1	2	0	-12.0138
0.895071	1	3	0	-21.6264
0.895071	1	4	0	-16.8288
0.895071	1	5	0	-19.6356
0.895071	1	6	0	-25.7941
0.895071	3	1	0	-10.8068
0.895071	3	2	0	11.8075
0.895071	3	3	0	-3.38478
0.895071	3	4	0	-8.79081
0.900071	1	1	0	-15.6675
0.900071	1	2	0	-11.9045
0.900071	1	3	0	-21.6488
0.900071	1	4	0	-16.8208
0.900071	1	5	0	-19.4212
0.900071	1	6	0	-25.8376
0.900071	3	1	0	-10.8436
0.900071	3	2	0	11.8328
0.900071	3	3	0	-3.38441
0.900071	3	4	0	-8.63464
0.905071	1	1	0	-15.6582
0.905071	1	2	0	-11.8385
0.905071	1	3	0	-21.537
0.905071	1	4	0	-16.8263
0.905071	1	5	0	-19.2681
0.905071	1	6	0	-25.9236
0.905071	3	1	0	-10.925
0.905071	3	2	0	11.8352
0.905071	3	3	0	-3.38011
0.905071	3	4	0	-8.63258
0.910071	1	1	0	-15.6946
0.910071	1	2	0	-11.6736
0.910071	1	3	0	-21.5375
0.910071	1	4	0	-16.9105
0.910071	1	5	0	-19.0509
0.910071	1	6	0	-25.8047
0.910071	3	1	0	-10.8986
0.910071	3	2	0	11.781
0.910071	3	3	0	-3.37433
0.910071	3	4	0	-8.64416
0.914071	1	1	0	-15.7359
0.914071	1	2	0	-11.6979
0.914071	1	3	0	-8.59902
0.914071	1	4	0	-16.6659
0.914071	1	5	0	-18.8805
0.914071	1	6	0	-25.848
0.915071	1	1	0	-15.6853
0.915071	1	2	0	-11.7125
0.915071	1	3	0	-21.5532
0.915071	1	4	0	-17.0052
0.915071	1	5	0	-18.8453
0.915071	1	6	0	-25.8169
0.915071	3	1	0	-10.832
0.915071	3	2	0	11.7975
0.915071	3	3	0	-3.30862
0.915071	3	4	0	-8.50708
0.920071	1	1	0	-15.6167
0.920071	1	2	0	-11.7131
0.920071	1	3	0	-21.6245
0.920071	1	4	0	-16.8633
0.920071	1	5	0	-18.7959
0.920071	1	6	0	-25.8832
0.920071	3	1	0	-10.8026
0.920071	3	2	0	11.7754
0.920071	3	3	0	-3.18853
0.920071	3	4	0	-8.4143
0.922071	3	1	0	-10.7613
0.922071	3	2	0	11.7567
0.922071	3	3	0	-3.24429
0.922071	3	4	0	-8.40831
0.925071	1	1	0	-15.6535
0.925071	1	2	0	-11.6748
0.925071	1	3	0	-21.7277
0.925071	1	4	0	-16.7558
0.925071	1	5	0	-18.7508
0.925071	1	6	0	-25.733
0.925071	3	1	0	-10.6995
0.925071	3	2	0	11.7266
0.925071	3	3	0	-3.25949
0.925071	3	4	0	-8.36543
0.926071	3	1	0	-10.6579
0.926071	3	2	0	11.7403
0.926071	3	3	0	-3.26153
0.926071	3	4	0	-8.38975
0.929071	1	1	0	-15.6817
0.929071	1	2	0	-11.5872
0.929071	1	3	0	-8.71538
0.929071	1	4	0	-16.3764
0.929071	1	5	0	-18.736
0.929071	1	6	0	-25.6937
0.930071	1	1	0	-15.6758
0.930071	1	2	0	-11.6468
0.930071	1	3	0	-21.6893
0.930071	1	4	0	-16.7902
0.930071	1	5	0	-18.7291
0.930071	1	6	0	-25.7329
0.930071	3	1	0	-10.835
0.930071	3	2	0	11.7608
0.930071	3	3	0	-3.28794
0.930071	3	4	0	-8.49987
0.935071	1	1	0	-15.7071
0.935071	1	2	0	-11.704
0.935071	1	3	0	-21.6986
0.935071	1	4	0	-16.7296
0.935071	1	5	0	-18.7399
0.935071	1	6	0	-25.7762
0.935071	3	1	0	-10.8594
0.935071	3	2	0	11.7093
0.935071	3	3	0	-3.24025
0.935071	3	4	0	-8.58038
0.940071	1	1	0	-15.6562
0.940071	1	2	0	-11.6916
0.940071	1	3	0	-21.8169
0.940071	1	4	0	-16.6981
0.940071	1	5	0	-18.6785
0.940071	1	6	0	-25.692
0.940071	3	1	0	-10.6214
0.940071	3	2	0	11.6696
0.940071	3	3	0	-3.19296
0.940071	3	4	0	-8.33264
0.945071	1	1	0	-15.664
0.945071	1	2	0	-11.6739
0.945071	1	3	0	-21.9409
0.945071	1	4	0	-16.7391
0.945071	1	5	0	-18.7445
0.945071	1	6	0	-25.759
0.945071	3	1	0	-10.6661
0.945071	3	2	0	11.6904
0.945071	3	3	0	-3.22546
0.945071	3	4	0	-8.341
0.950071	1	1	0	-15.7254
0.950071	1	2	0	-11.6934
0.950071	1	3	0	-22.0618
0.950071	1	4	0	-16.6783
0.950071	1	5	0	-18.6975
0.950071	1	6	0	-25.5816
0.950071	3	1	0	-10.7426
0.950071	3	2	0	11.7377
0.950071	3	3	0	-2.99481
0.950071	3	4	0	-8.3632
0.955071	1	1	0	-15.777
0.955071	1	2	0	-11.7261
0.955071	1	3	0	-22.2203
0.955071	1	4	0	-16.6872
0.955071	1	5	0	-18.8758
0.955071	1	6	0	-25.6292
0.955071	3	1	0	-10.795
0.955071	3	2	0	11.6977
0.955071	3	3	0	-2.99298
0.955071	3	4	0	-8.32889
0.958071	1	1	0	-15.8109
0.958071	1	2	0	-11.7853
0.958071	1	3	0	-9.14857
0.958071	1	4	0	-16.263
0.958071	1	5	0	-18.924
0.958071	1	6	0	-25.5653
0.960071	1	1	0	-15.7909
0.960071	1	2	0	-11.8307
0.960071	1	3	0	-22.3135
0.960071	1	4	0	-16.6708
0.960071	1	5	0	-18.9846
0.960071	1	6	0	-25.4938
0.960071	3	1	0	-10.7949
0.960071	3	2	0	11.7793
0.960071	3	3	0	-3.01279
0.960071	3	4	0	-8.25982
0.961071	3	1	0	-10.6704
0.961071	3	2	0	11.7436
0.961071	3	3	0	-3.03866
0.961071	3	4	0	-8.27976
0.965071	1	1	0	-15.7622
0.965071	1	2	0	-11.8212
0.965071	1	3	0	-22.3516
0.965071	1	4	0	-16.7468
0.965071	1	5	0	-19.0733
0.965071	1	6	0	-25.4336
0.965071	3	1	0	-10.646
0.965071	3	2	0	11.6677
0.965071	3	3	0	-3.02126
0.965071	3	4	0	-8.30873
0.970071	1	1	0	-15.6761
0.970071	1	2	0	-11.8375
0.970071	1	3	0	-22.4802
0.970071	1	4	0	-16.6309
0.970071	1	5	0	-19.055
0.970071	1	6	0	-25.4386
0.970071	3	1	0	-10.6681
0.970071	3	2	0	11.6639
0.970071	3	3	0	-3.04951
0.970071	3	4	0	-8.38451
0.974071	1	1	0	-15.6748
0.974071	1	2	0	-11.7688
0.974071	1	3	0	-22.5814
0.974071	1	4	0	-16.6809
0.974071	1	5	0	-19.1192
0.974071	1	6	0	-25.4922
0.974071	3	1	0	-10.648
0.974071	3	2	0	11.7088
0.974071	3	3	0	-3.08376
0.974071	3	4	0	-8.41497
0.975071	1	1	0	-15.6551
0.975071	1	2	0	-11.7673
0.975071	1	3	0	-22.6111
0.975071	1	4	0	-16.6351
0.975071	1	5	0	-19.102
0.975071	1	6	0	-25.5182
0.975071	3	1	0	-10.6617
0.975071	3	2	0	11.6965
0.975071	3	3	0	-3.05535
0.975071	3	4	0	-8.41518
0.980071	1	1	0	-15.7444
0.980071	1	2	0	-11.6887
0.980071	1	3	0	-22.7134
0.980071	1	4	0	-16.6559
0.980071	1	5	0	-19.1698
0.980071	1	6	0	-25.4954
0.980071	3	1	0	-10.789
0.980071	3	2	0	11.7799
0.980071	3	3	0	-2.97827
0.980071	3	4	0	-8.42332
0.985071	1	1	0	-15.7353
0.985071	1	2	0	-11.6919
0.985071	1	3	0	-22.9014
0.985071	1	4	0	-16.6947
0.985071	1	5	0	-19.2657
0.985071	1	6	0	-25.5277
0.985071	3	1	0	-10.8987
0.985071	3	2	0	11.7419
0.985071	3	3	0	-2.93217
0.985071	3	4	0	-8.47787
0.990071	1	1	0	-15.7213
0.990071	1	2	0	-11.67
0.990071	1	3	0	-23.0066
0.990071	1	4	0	-16.6464
0.990071	1	5	0	-19.3436
0.990071	1	6	0	-25.4284
0.990071	3	1	0	-10.838
0.990071	3	2	0	11.7545
0.990071	3	3	0	-3.03629
0.990071	3	4	0	-8.49469
0.994071	1	1	0	-15.6314
0.994071	1	2	0	-11.7139
0.994071	1	3	0	-9.88793
0.994071	1	4	0	-16.2359
0.994071	1	5	0	-19.4999
0.994071	1	6	0	-25.33
0.995071	1	1	0	-15.658
0.995071	1	2	0	-11.6794
0.995071	1	3	0	-23.0365
0.995071	1	4	0	-16.6949
0.995071	1	5	0	-19.5262
0.995071	1	6	0	-25.2963
0.995071	3	1	0	-10.7554
0.995071	3	2	0	11.769
0.995071	3	3	0	-2.95485
0.995071	3	4	0	-8.51342
1.00007	1	1	0	-15.6179
1.00007	1	2	0	-11.6931
1.00007	1	3	0	-23.3816
1.00007	1	4	0	-16.5514
1.00007	1	5	0	-18.9532
1.00007	1	6	0	-25.2092
1.00007	3	1	0	-10.6193
1.00007	3	2	0	11.7105
1.00007	3	3	0	-2.9079
1.00007	3	4	0	-8.8237
1.00207	3	1	0	-10.5768
1.00207	3	2	0	11.7172
1.00207	3	3	0	-2.87969
1.00207	3	4	0	-8.9234
1.00507	1	1	0	-15.5601
1.00507	1	2	0	-11.6773
1.00507	1	3	0	-23.3754
1.00507	1	4	0	-16.5354
1.00507	1	5	0	-18.9794
1.00507	1	6	0	-25.0445
1.00507	3	1	0	-10.6954
1.00507	3	2	0	11.7021
1.00507	3	3	0	-2.88421
1.00507	3	4	0	-8.98489
1.00607	3	1	0	-10.6193
1.00607	3	2	0	11.6808
1.00607	3	3	0	-2.8808
1.00607	3	4	0	-8.97148
1.00907	1	1	0	-15.5711
1.00907	1	2	0	-11.6076
1.00907	1	3	0	-10.2454
1.00907	1	4	0	-16.1442
1.00907	1	5	0	-19.0036
1.00907	1	6	0	-25.0179
1.01007	1	1	0	-15.6046
1.01007	1	2	0	-11.6257
1.01007	1	3	0	-23.2868
1.01007	1	4	0	-16.565
1.01007	1	5	0	-19.0382
1.01007	1	6	0	-25.0465
1.01007	3	1	0	-10.6961
1.01007	3	2	0	11.6508
1.01007	3	3	0	-2.78464
1.01007	3	4	0	-9.0968
1.01507	1	1	0	-15.6191
1.01507	1	2	0	-11.6912
1.01507	1	3	0	-23.2668
1.01507	1	4	0	-16.6666
1.01507	1	5	0	-19.1592
1.01507	1	6	0	-25.0717
1.01507	3	1	0	-10.707
1.01507	3	2	0	11.617
1.01507	3	3	0	-2.8031
1.01507	3	4	0	-9.22327
1.01807	1	1	0	-15.5862
1.01807	1	2	0	-11.7096
1.01807	1	3	0	-10.2815
1.01807	1	4	0	-16.2573
1.01807	1	5	0	-19.2397
1.01807	1	6	0	-25.0767
1.02007	1	1	0	-15.4803
1.02007	1	2	0	-11.6638
1.02007	1	3	0	-23.3694
1.02007	1	4	0	-16.7502
1.02007	1	5	0	-19.2842
1.02007	1	6	0	-25.0179
1.02007	3	1	0	-10.6498
1.02007	3	2	0	11.5773
1.02007	3	3	0	-2.8728
1.02007	3	4	0	-9.41428
1.02307	1	1	0	-15.4884
1.02307	1	2	0	-11.6684
1.02307	1	3	0	-10.2917
1.02307	1	4	0	-16.2874
1.02307	1	5	0	-19.329
1.02307	1	6	0	-25.0331
1.02507	1	1	0	-15.5164
1.02507	1	2	0	-11.6561
1.02507	1	3	0	-23.3322
1.02507	1	4	0	-16.7961
1.02507	1	5	0	-19.4111
1.02507	1	6	0	-24.9688
1.02507	3	1	0	-10.6196
1.02507	3	2	0	11.532
1.02507	3	3	0	-2.9281
1.02507	3	4	0	-9.45109
1.02907	1	1	0	-15.5376
1.02907	1	2	0	-11.6412
1.02907	1	3	0	-10.3009
1.02907	1	4	0	-16.4291
1.02907	1	5	0	-19.502
1.02907	1	6	0	-24.9836
1.03007	1	1	0	-15.5619
1.03007	1	2	0	-11.6776
1.03007	1	3	0	-23.3828
1.03007	1	4	0	-16.9199
1.03007	1	5	0	-19.4882
1.03007	1	6	0	-25.037
1.03007	3	1	0	-10.6821
1.03007	3	2	0	11.5747
1.03007	3	3	0	-2.99133
1.03007	3	4	0	-9.37705
1.03407	1	1	0	-15.516
1.03407	1	2	0	-11.7172
1.03407	1	3	0	-10.1449
1.03407	1	4	0	-16.3815
1.03407	1	5	0	-19.5008
1.03407	1	6	0	-25.1354
1.03507	1	1	0	-15.5566
1.03507	1	2	0	-11.7945
1.03507	1	3	0	-23.1736
1.03507	1	4	0	-16.8712
1.03507	1	5	0	-19.5291
1.03507	1	6	0	-25.1817
1.03507	3	1	0	-10.5761
1.03507	3	2	0	11.606
1.03507	3	3	0	-3.00714
1.03507	3	4	0	-9.504
1.03807	1	1	0	-15.5901
1.03807	1	2	0	-11.7903
1.03807	1	3	0	-10.1399
1.03807	1	4	0	-16.3863
1.03807	1	5	0	-19.654
1.03807	1	6	0	-25.0888
1.04007	1	1	0	-15.6119
1.04007	1	2	0	-11.7293
1.04007	1	3	0	-23.2097
1.04007	1	4	0	-16.8217
1.04007	1	5	0	-19.6302
1.04007	1	6	0	-25.1756
1.04007	3	1	0	-10.4804
1.04007	3	2	0	11.6286
1.04007	3	3	0	-3.00374
1.04007	3	4	0	-9.57008
1.04107	1	1	0	-15.6187
1.04107	1	2	0	-11.6877
1.04107	1	3	0	-23.2424
1.04107	1	4	0	-16.8205
1.04107	1	5	0	-19.669
1.04107	1	6	0	-25.1489
1.04107	3	1	0	-10.471
1.04107	3	2	0	11.6053
1.04107	3	3	0	-3.0042
1.04107	3	4	0	-9.55621
1.04207	1	1	0	-15.5959
1.04207	1	2	0	-11.6493
1.04207	1	3	0	-10.1961
1.04207	1	4	0	-16.3151
1.04207	1	5	0	-19.6336
1.04207	1	6	0	-25.178
1.04307	1	1	0	-15.5859
1.04307	1	2	0	-11.6978
1.04307	1	3	0	-10.1955
1.04307	1	4	0	-16.3416
1.04307	1	5	0	-19.6734
1.04307	1	6	0	-25.2149
1.04407	1	1	0	-15.5339
1.04407	1	2	0	-11.7221
1.04407	1	3	0	-10.1719
1.04407	1	4	0	-16.3717
1.04407	1	5	0	-19.6923
1.04407	1	6	0	-25.2711
1.04507	1	1	0	-15.5925
1.04507	1	2	0	-11.7418
1.04507	1	3	0	-23.2722
1.04507	1	4	0	-16.9022
1.04507	1	5	0	-19.7184
1.04507	1	6	0	-25.288
1.04507	3	1	0	-10.4394
1.04507	3	2	0	11.6235
1.04507	3	3	0	-2.98317
1.04507	3	4	0	-9.62833
1.04607	1	1	0	-15.6007
1.04607	1	2	0	-11.7439
1.04607	1	3	0	-10.1371
1.04607	1	4	0	-16.4114
1.04607	1	5	0	-19.7013
1.04607	1	6	0	-25.2862
1.04707	1	1	0	-15.601
1.04707	1	2	0	-11.7587
1.04707	1	3	0	-10.1021
1.04707	1	4	0	-16.4252
1.04707	1	5	0	-19.6922
1.04707	1	6	0	-25.2513
1.04807	1	1	0	-15.5953
1.04807	1	2	0	-11.7701
1.04807	1	3	0	-10.0951
1.04807	1	4	0	-16.4233
1.04807	1	5	0	-19.7011
1.04807	1	6	0	-25.2863
1.04907	1	1	0	-15.594
1.04907	1	2	0	-11.7847
1.04907	1	3	0	-10.059
1.04907	1	4	0	-16.4336
1.04907	1	5	0	-19.7644
1.04907	1	6	0	-25.2855
1.05007	1	1	0	-15.5944
1.05007	1	2	0	-11.8278
1.05007	1	3	0	-23.2289
1.05007	1	4	0	-16.9443
1.05007	1	5	0	-19.7594
1.05007	1	6	0	-25.3331
1.05007	3	1	0	-10.4771
1.05007	3	2	0	11.6464
1.05007	3	3	0	-2.84309
1.05007	3	4	0	-9.75134
1.05107	1	1	0	-15.5661
1.05107	1	2	0	-11.8284
1.05107	1	3	0	-10.0996
1.05107	1	4	0	-16.4075
1.05107	1	5	0	-19.7229
1.05107	1	6	0	-25.3772
1.05207	1	1	0	-15.6034
1.05207	1	2	0	-11.8032
1.05207	1	3	0	-10.1005
1.05207	1	4	0	-16.4162
1.05207	1	5	0	-19.7463
1.05207	1	6	0	-25.3565
1.05307	1	1	0	-15.5798
1.05307	1	2	0	-11.7882
1.05307	1	3	0	-10.0777
1.05307	1	4	0	-16.3737
1.05307	1	5	0	-19.7689
1.05307	1	6	0	-25.3555
1.05407	1	1	0	-15.5872
1.05407	1	2	0	-11.8048
1.05407	1	3	0	-23.3038
1.05407	1	4	0	-16.9208
1.05407	1	5	0	-19.7007
1.05407	1	6	0	-25.3211
1.05407	3	1	0	-10.4376
1.05407	3	2	0	11.5574
1.05407	3	3	0	-2.84979
1.05407	3	4	0	-9.916
1.05507	1	1	0	-15.5686
1.05507	1	2	0	-11.7652
1.05507	1	3	0	-23.2983
1.05507	1	4	0	-16.916
1.05507	1	5	0	-19.7043
1.05507	1	6	0	-25.3894
1.05507	3	1	0	-10.4066
1.05507	3	2	0	11.5942
1.05507	3	3	0	-2.84023
1.05507	3	4	0	-9.93062
1.05607	1	1	0	-15.5653
1.05607	1	2	0	-11.7457
1.05607	1	3	0	-10.0543
1.05607	1	4	0	-16.4031
1.05607	1	5	0	-19.5959
1.05607	1	6	0	-25.3344
1.05707	1	1	0	-15.6112
1.05707	1	2	0	-11.725
1.05707	1	3	0	-10.0703
1.05707	1	4	0	-16.4274
1.05707	1	5	0	-19.5609
1.05707	1	6	0	-25.2901
1.05807	1	1	0	-15.6188
1.05807	1	2	0	-11.7134
1.05807	1	3	0	-10.0642
1.05807	1	4	0	-16.4309
1.05807	1	5	0	-19.5237
1.05807	1	6	0	-25.2881
1.05907	1	1	0	-15.6036
1.05907	1	2	0	-11.7133
1.05907	1	3	0	-10.0415
1.05907	1	4	0	-16.4866
1.05907	1	5	0	-19.526
1.05907	1	6	0	-25.3393
1.06007	1	1	0	-15.6234
1.06007	1	2	0	-11.7397
1.06007	1	3	0	-23.1729
1.06007	1	4	0	-17.037
1.06007	1	5	0	-19.5667
1.06007	1	6	0	-25.3298
1.06007	3	1	0	-10.4254
1.06007	3	2	0	11.6134
1.06007	3	3	0	-2.84367
1.06007	3	4	0	-10.012
1.06107	1	1	0	-15.6413
1.06107	1	2	0	-11.6949
1.06107	1	3	0	-9.91363
1.06107	1	4	0	-16.5172
1.06107	1	5	0	-19.5989
1.06107	1	6	0	-25.2924
1.06307	1	1	0	-15.6058
1.06307	1	2	0	-11.6768
1.06307	1	3	0	-9.87567
1.06307	1	4	0	-16.5566
1.06307	1	5	0	-19.5706
1.06307	1	6	0	-25.2135
1.06507	1	1	0	-15.6344
1.06507	1	2	0	-11.6346
1.06507	1	3	0	-23.0222
1.06507	1	4	0	-17.0938
1.06507	1	5	0	-19.6645
1.06507	1	6	0	-25.2279
1.06507	3	1	0	-10.3947
1.06507	3	2	0	11.6263
1.06507	3	3	0	-2.92301
1.06507	3	4	0	-10.0375
1.06607	1	1	0	-15.6342
1.06607	1	2	0	-11.6265
1.06607	1	3	0	-9.86244
1.06607	1	4	0	-16.5421
1.06607	1	5	0	-19.6644
1.06607	1	6	0	-25.1906
1.06807	1	1	0	-15.5954
1.06807	1	2	0	-11.6604
1.06807	1	3	0	-9.80551
1.06807	1	4	0	-16.5636
1.06807	1	5	0	-19.682
1.06807	1	6	0	-25.206
1.07007	1	1	0	-15.6124
1.07007	1	2	0	-11.6642
1.07007	1	3	0	-22.9154
1.07007	1	4	0	-17.0708
1.07007	1	5	0	-19.6727
1.07007	1	6	0	-25.3023
1.07007	3	1	0	-10.4953
1.07007	3	2	0	11.6187
1.07007	3	3	0	-2.80455
1.07007	3	4	0	-10.113
1.07207	1	1	0	-15.627
1.07207	1	2	0	-11.6907
1.07207	1	3	0	-9.77669
1.07207	1	4	0	-16.5431
1.07207	1	5	0	-19.5701
1.07207	1	6	0	-25.2462
1.07407	1	1	0	-15.6277
1.07407	1	2	0	-11.6521
1.07407	1	3	0	-9.71939
1.07407	1	4	0	-16.4994
1.07407	1	5	0	-19.5516
1.07407	1	6	0	-25.3221
1.07507	1	1	0	-15.6278
1.07507	1	2	0	-11.6493
1.07507	1	3	0	-22.832
1.07507	1	4	0	-17.054
1.07507	1	5	0	-19.5531
1.07507	1	6	0	-25.2845
1.07507	3	1	0	-10.513
1.07507	3	2	0	11.6623
1.07507	3	3	0	-2.78559
1.07507	3	4	0	-10.1953
1.07707	1	1	0	-15.6512
1.07707	1	2	0	-11.604
1.07707	1	3	0	-9.67535
1.07707	1	4	0	-16.5329
1.07707	1	5	0	-19.5271
1.07707	1	6	0	-25.2966
1.08007	1	1	0	-15.6423
1.08007	1	2	0	-11.5698
1.08007	1	3	0	-22.7416
1.08007	1	4	0	-17.0392
1.08007	1	5	0	-19.5137
1.08007	1	6	0	-25.3242
1.08007	3	1	0	-10.582
1.08007	3	2	0	11.6268
1.08007	3	3	0	-2.73001
1.08007	3	4	0	-10.1591
1.08207	3	1	0	-10.5907
1.08207	3	2	0	11.5914
1.08207	3	3	0	-2.79179
1.08207	3	4	0	-10.1116
1.08307	1	1	0	-15.5363
1.08307	1	2	0	-11.5815
1.08307	1	3	0	-9.6082
1.08307	1	4	0	-16.5137
1.08307	1	5	0	-19.5096
1.08307	1	6	0	-25.2964
1.08407	1	1	0	-15.5136
1.08407	1	2	0	-11.559
1.08407	1	3	0	-9.5846
1.08407	1	4	0	-16.5437
1.08407	1	5	0	-19.4951
1.08407	1	6	0	-25.2486
1.08507	1	1	0	-15.5179
1.08507	1	2	0	-11.5555
1.08507	1	3	0	-22.66
1.08507	1	4	0	-17.1211
1.08507	1	5	0	-19.4825
1.08507	1	6	0	-25.281
1.08507	3	1	0	-10.5786
1.08507	3	2	0	11.6226
1.08507	3	3	0	-2.77228
1.08507	3	4	0	-10.142
1.08607	1	1	0	-15.5633
1.08607	1	2	0	-11.5727
1.08607	1	3	0	-22.6796
1.08607	1	4	0	-17.1162
1.08607	1	5	0	-19.4915
1.08607	1	6	0	-25.2337
1.08607	3	1	0	-10.5669
1.08607	3	2	0	11.6447
1.08607	3	3	0	-2.74202
1.08607	3	4	0	-10.1681
1.08707	1	1	0	-15.5529
1.08707	1	2	0	-11.536
1.08707	1	3	0	-9.5525
1.08707	1	4	0	-16.5607
1.08707	1	5	0	-19.4394
1.08707	1	6	0	-25.2495
1.08807	1	1	0	-15.5285
1.08807	1	2	0	-11.5554
1.08807	1	3	0	-9.52009
1.08807	1	4	0	-16.5627
1.08807	1	5	0	-19.4078
1.08807	1	6	0	-25.2999
1.08907	1	1	0	-15.5169
1.08907	1	2	0	-11.5058
1.08907	1	3	0	-9.5528
1.08907	1	4	0	-16.5841
1.08907	1	5	0	-19.3563
1.08907	1	6	0	-25.3832
1.09007	1	1	0	-15.5553
1.09007	1	2	0	-11.4762
1.09007	1	3	0	-22.6605
1.09007	1	4	0	-17.1565
1.09007	1	5	0	-19.32
1.09007	1	6	0	-25.3959
1.09007	3	1	0	-10.5067
1.09007	3	2	0	11.7098
1.09007	3	3	0	-2.68855
1.09007	3	4	0	-10.1901
1.09107	1	1	0	-15.5681
1.09107	1	2	0	-11.4008
1.09107	1	3	0	-9.54969
1.09107	1	4	0	-16.6095
1.09107	1	5	0	-19.3095
1.09107	1	6	0	-25.3026
1.09207	1	1	0	-15.551
1.09207	1	2	0	-11.4587
1.09207	1	3	0	-9.55077
1.09207	1	4	0	-16.5869
1.09207	1	5	0	-19.2775
1.09207	1	6	0	-25.3225
1.09307	1	1	0	-15.5257
1.09307	1	2	0	-11.4388
1.09307	1	3	0	-9.53516
1.09307	1	4	0	-16.5861
1.09307	1	5	0	-19.2312
1.09307	1	6	0	-25.3143
1.09407	1	1	0	-15.5223
1.09407	1	2	0	-11.4397
1.09407	1	3	0	-9.53201
1.09407	1	4	0	-16.5452
1.09407	1	5	0	-19.1896
1.09407	1	6	0	-25.3166
1.09507	1	1	0	-15.5008
1.09507	1	2	0	-11.4335
1.09507	1	3	0	-22.6597
1.09507	1	4	0	-17.1155
1.09507	1	5	0	-19.2163
1.09507	1	6	0	-25.3571
1.09507	3	1	0	-10.4646
1.09507	3	2	0	11.7819
1.09507	3	3	0	-2.73675
1.09507	3	4	0	-10.3581
1.09607	1	1	0	-15.4968
1.09607	1	2	0	-11.4238
1.09607	1	3	0	-9.55484
1.09607	1	4	0	-16.5122
1.09607	1	5	0	-19.2444
1.09607	1	6	0	-25.3457
1.09707	1	1	0	-15.4841
1.09707	1	2	0	-11.4462
1.09707	1	3	0	-9.51159
1.09707	1	4	0	-16.5269
1.09707	1	5	0	-19.2138
1.09707	1	6	0	-25.384
1.09807	1	1	0	-15.4944
1.09807	1	2	0	-11.4129
1.09807	1	3	0	-9.49888
1.09807	1	4	0	-16.5026
1.09807	1	5	0	-19.2362
1.09807	1	6	0	-25.4063
1.09907	1	1	0	-15.5104
1.09907	1	2	0	-11.4553
1.09907	1	3	0	-9.48987
1.09907	1	4	0	-16.5156
1.09907	1	5	0	-19.2073
1.09907	1	6	0	-25.3451
1.10007	1	1	0	-15.5203
1.10007	1	2	0	-11.5238
1.10007	1	3	0	-22.5298
1.10007	1	4	0	-17.1301
1.10007	1	5	0	-19.1724
1.10007	1	6	0	-25.3547
1.10007	3	1	0	-10.429
1.10007	3	2	0	11.703
1.10007	3	3	0	-2.64693
1.10007	3	4	0	-10.3755
1.10107	1	1	0	-15.5269
1.10107	1	2	0	-11.539
1.10107	1	3	0	-9.53502
1.10107	1	4	0	-16.5723
1.10107	1	5	0	-19.1754
1.10107	1	6	0	-25.343
1.10207	1	1	0	-15.5044
1.10207	1	2	0	-11.5281
1.10207	1	3	0	-9.50761
1.10207	1	4	0	-16.5503
1.10207	1	5	0	-19.168
1.10207	1	6	0	-25.3792
1.10307	1	1	0	-15.4612
1.10307	1	2	0	-11.5937
1.10307	1	3	0	-9.50405
1.10307	1	4	0	-16.574
1.10307	1	5	0	-19.0939
1.10307	1	6	0	-25.4033
1.10407	1	1	0	-15.4616
1.10407	1	2	0	-11.6388
1.10407	1	3	0	-9.53165
1.10407	1	4	0	-16.6134
1.10407	1	5	0	-19.0724
1.10407	1	6	0	-25.3857
1.10507	1	1	0	-15.448
1.10507	1	2	0	-11.5738
1.10507	1	3	0	-22.6026
1.10507	1	4	0	-17.2399
1.10507	1	5	0	-19.0901
1.10507	1	6	0	-25.4001
1.10507	3	1	0	-10.4255
1.10507	3	2	0	11.663
1.10507	3	3	0	-2.60918
1.10507	3	4	0	-10.4202
1.10807	1	1	0	-15.512
1.10807	1	2	0	-11.6294
1.10807	1	3	0	-9.45496
1.10807	1	4	0	-16.7177
1.10807	1	5	0	-19.1301
1.10807	1	6	0	-25.3827
1.11007	1	1	0	-15.5771
1.11007	1	2	0	-11.6553
1.11007	1	3	0	-22.4977
1.11007	1	4	0	-17.3205
1.11007	1	5	0	-19.1484
1.11007	1	6	0	-25.4968
1.11007	3	1	0	-10.4026
1.11007	3	2	0	11.5944
1.11007	3	3	0	-2.53584
1.11007	3	4	0	-10.4961
1.11307	1	1	0	-15.4964
1.11307	1	2	0	-11.5733
1.11307	1	3	0	-9.49536
1.11307	1	4	0	-16.6451
1.11307	1	5	0	-19.1135
1.11307	1	6	0	-25.5944
1.11507	1	1	0	-15.4718
1.11507	1	2	0	-11.5095
1.11507	1	3	0	-22.5416
1.11507	1	4	0	-17.2676
1.11507	1	5	0	-19.2305
1.11507	1	6	0	-25.5875
1.11507	3	1	0	-10.4182
1.11507	3	2	0	11.6411
1.11507	3	3	0	-2.56821
1.11507	3	4	0	-10.6523
1.11807	1	1	0	-15.4221
1.11807	1	2	0	-11.4445
1.11807	1	3	0	-9.39098
1.11807	1	4	0	-16.6945
1.11807	1	5	0	-19.3016
1.11807	1	6	0	-25.621
1.11907	1	1	0	-15.3806
1.11907	1	2	0	-11.4424
1.11907	1	3	0	-9.36248
1.11907	1	4	0	-16.6717
1.11907	1	5	0	-19.3045
1.11907	1	6	0	-25.5961
1.12007	1	1	0	-15.368
1.12007	1	2	0	-11.4422
1.12007	1	3	0	-22.4159
1.12007	1	4	0	-17.2717
1.12007	1	5	0	-19.3218
1.12007	1	6	0	-25.5519
1.12007	3	1	0	-10.3514
1.12007	3	2	0	11.6171
1.12007	3	3	0	-2.50367
1.12007	3	4	0	-10.7398
1.12107	3	1	0	-10.2551
1.12107	3	2	0	11.6359
1.12107	3	3	0	-2.52
1.12107	3	4	0	-10.7725
1.12507	1	1	0	-15.4331
1.12507	1	2	0	-11.3817
1.12507	1	3	0	-22.488
1.12507	1	4	0	-17.2258
1.12507	1	5	0	-19.318
1.12507	1	6	0	-25.5782
1.12507	3	1	0	-10.3671
1.12507	3	2	0	11.6459
1.12507	3	3	0	-2.55997
1.12507	3	4	0	-10.7978
1.12607	1	1	0	-15.4541
1.12607	1	2	0	-11.4192
1.12607	1	3	0	-9.41639
1.12607	1	4	0	-16.6245
1.12607	1	5	0	-19.3784
1.12607	1	6	0	-25.5491
1.12707	1	1	0	-15.49
1.12707	1	2	0	-11.4264
1.12707	1	3	0	-9.44666
1.12707	1	4	0	-16.6072
1.12707	1	5	0	-19.3833
1.12707	1	6	0	-25.5429
1.12807	1	1	0	-15.4513
1.12807	1	2	0	-11.4704
1.12807	1	3	0	-9.40011
1.12807	1	4	0	-16.6328
1.12807	1	5	0	-19.4106
1.12807	1	6	0	-25.5668
1.12907	1	1	0	-15.4757
1.12907	1	2	0	-11.3719
1.12907	1	3	0	-9.45999
1.12907	1	4	0	-16.6095
1.12907	1	5	0	-19.3683
1.12907	1	6	0	-25.6134
1.13007	1	1	0	-15.5205
1.13007	1	2	0	-11.323
1.13007	1	3	0	-22.513
1.13007	1	4	0	-17.203
1.13007	1	5	0	-19.3977
1.13007	1	6	0	-25.6055
1.13007	3	1	0	-10.1962
1.13007	3	2	0	11.6271
1.13007	3	3	0	-2.46585
1.13007	3	4	0	-10.7551
1.13107	1	1	0	-15.5105
1.13107	1	2	0	-11.3434
1.13107	1	3	0	-9.45517
1.13107	1	4	0	-16.5955
1.13107	1	5	0	-19.3895
1.13107	1	6	0	-25.612
1.13207	1	1	0	-15.5631
1.13207	1	2	0	-11.3355
1.13207	1	3	0	-9.45522
1.13207	1	4	0	-16.6329
1.13207	1	5	0	-19.3888
1.13207	1	6	0	-25.6526
1.13307	1	1	0	-15.5861
1.13307	1	2	0	-11.397
1.13307	1	3	0	-9.43977
1.13307	1	4	0	-16.6192
1.13307	1	5	0	-19.4375
1.13307	1	6	0	-25.6608
1.13407	1	1	0	-15.5588
1.13407	1	2	0	-11.4347
1.13407	1	3	0	-22.4923
1.13407	1	4	0	-17.1694
1.13407	1	5	0	-19.461
1.13407	1	6	0	-25.6521
1.13407	3	1	0	-10.1464
1.13407	3	2	0	11.6377
1.13407	3	3	0	-2.48967
1.13407	3	4	0	-10.7462
1.13507	1	1	0	-15.5935
1.13507	1	2	0	-11.386
1.13507	1	3	0	-22.4678
1.13507	1	4	0	-17.1524
1.13507	1	5	0	-19.5006
1.13507	1	6	0	-25.6668
1.13507	3	1	0	-10.1021
1.13507	3	2	0	11.6467
1.13507	3	3	0	-2.48145
1.13507	3	4	0	-10.7494
1.13607	1	1	0	-15.583
1.13607	1	2	0	-11.3843
1.13607	1	3	0	-9.4283
1.13607	1	4	0	-16.5915
1.13607	1	5	0	-19.5463
1.13607	1	6	0	-25.6245
1.14007	1	1	0	-15.57
1.14007	1	2	0	-11.4336
1.14007	1	3	0	-22.6774
1.14007	1	4	0	-17.2117
1.14007	1	5	0	-19.5296
1.14007	1	6	0	-25.5837
1.14007	3	1	0	-10.1488
1.14007	3	2	0	11.6741
1.14007	3	3	0	-2.50603
1.14007	3	4	0	-10.7057
1.14207	1	1	0	-15.5765
1.14207	1	2	0	-11.4697
1.14207	1	3	0	-9.55502
1.14207	1	4	0	-16.5592
1.14207	1	5	0	-19.5358
1.14207	1	6	0	-25.5039
1.14507	1	1	0	-15.5819
1.14507	1	2	0	-11.5374
1.14507	1	3	0	-22.6574
1.14507	1	4	0	-17.1571
1.14507	1	5	0	-19.6545
1.14507	1	6	0	-25.5415
1.14507	3	1	0	-10.2037
1.14507	3	2	0	11.6897
1.14507	3	3	0	-2.45283
1.14507	3	4	0	-10.8095
1.14807	1	1	0	-15.5971
1.14807	1	2	0	-11.5028
1.14807	1	3	0	-9.60142
1.14807	1	4	0	-16.481
1.14807	1	5	0	-19.7035
1.14807	1	6	0	-25.4382
1.14907	1	1	0	-15.5852
1.14907	1	2	0	-11.4916
1.14907	1	3	0	-9.63503
1.14907	1	4	0	-16.4558
1.14907	1	5	0	-19.7123
1.14907	1	6	0	-25.4652
1.15007	1	1	0	-15.5913
1.15007	1	2	0	-11.5125
1.15007	1	3	0	-22.7285
1.15007	1	4	0	-17.0506
1.15007	1	5	0	-19.7069
1.15007	1	6	0	-25.5229
1.15007	3	1	0	-10.2526
1.15007	3	2	0	11.6941
1.15007	3	3	0	-2.47472
1.15007	3	4	0	-10.7547
1.15107	1	1	0	-15.5579
1.15107	1	2	0	-11.4699
1.15107	1	3	0	-9.6319
1.15107	1	4	0	-16.4405
1.15107	1	5	0	-19.6928
1.15107	1	6	0	-25.4585
1.15207	1	1	0	-15.5967
1.15207	1	2	0	-11.4861
1.15207	1	3	0	-9.62226
1.15207	1	4	0	-16.3649
1.15207	1	5	0	-19.6587
1.15207	1	6	0	-25.4801
1.15407	1	1	0	-15.6381
1.15407	1	2	0	-11.5394
1.15407	1	3	0	-9.59139
1.15407	1	4	0	-16.3966
1.15407	1	5	0	-19.6776
1.15407	1	6	0	-25.5297
1.15507	1	1	0	-15.6431
1.15507	1	2	0	-11.6328
1.15507	1	3	0	-22.7626
1.15507	1	4	0	-16.9589
1.15507	1	5	0	-19.7379
1.15507	1	6	0	-25.5352
1.15507	3	1	0	-10.314
1.15507	3	2	0	11.6949
1.15507	3	3	0	-2.55233
1.15507	3	4	0	-10.7687
1.15607	1	1	0	-15.6372
1.15607	1	2	0	-11.6925
1.15607	1	3	0	-9.64929
1.15607	1	4	0	-16.3887
1.15607	1	5	0	-19.7758
1.15607	1	6	0	-25.4902
1.15907	1	1	0	-15.6204
1.15907	1	2	0	-11.5779
1.15907	1	3	0	-9.67112
1.15907	1	4	0	-16.425
1.15907	1	5	0	-19.8329
1.15907	1	6	0	-25.5497
1.16007	1	1	0	-15.6361
1.16007	1	2	0	-11.6346
1.16007	1	3	0	-22.8345
1.16007	1	4	0	-17.0093
1.16007	1	5	0	-19.8631
1.16007	1	6	0	-25.6158
1.16007	3	1	0	-10.3654
1.16007	3	2	0	11.7556
1.16007	3	3	0	-2.54078
1.16007	3	4	0	-10.7655
1.16207	3	1	0	-10.2686
1.16207	3	2	0	11.7823
1.16207	3	3	0	-2.58884
1.16207	3	4	0	-10.7766
1.16507	1	1	0	-15.5334
1.16507	1	2	0	-11.4661
1.16507	1	3	0	-22.7554
1.16507	1	4	0	-17.0459
1.16507	1	5	0	-20.0335
1.16507	1	6	0	-25.5891
1.16507	3	1	0	-10.2783
1.16507	3	2	0	11.7771
1.16507	3	3	0	-2.69141
1.16507	3	4	0	-10.7228
1.16607	3	1	0	-10.1764
1.16607	3	2	0	11.7865
1.16607	3	3	0	-2.67746
1.16607	3	4	0	-10.693
1.16907	1	1	0	-15.5792
1.16907	1	2	0	-11.4231
1.16907	1	3	0	-9.64217
1.16907	1	4	0	-16.5337
1.16907	1	5	0	-20.1196
1.16907	1	6	0	-25.5999
1.17007	1	1	0	-15.5875
1.17007	1	2	0	-11.4559
1.17007	1	3	0	-22.7967
1.17007	1	4	0	-17.1292
1.17007	1	5	0	-20.0834
1.17007	1	6	0	-25.5758
1.17007	3	1	0	-10.2132
1.17007	3	2	0	11.7458
1.17007	3	3	0	-2.68502
1.17007	3	4	0	-10.6003
1.17107	1	1	0	-15.5887
1.17107	1	2	0	-11.4696
1.17107	1	3	0	-9.70623
1.17107	1	4	0	-16.5711
1.17107	1	5	0	-20.0508
1.17107	1	6	0	-25.5058
1.17207	1	1	0	-15.6046
1.17207	1	2	0	-11.4777
1.17207	1	3	0	-9.68397
1.17207	1	4	0	-16.6096
1.17207	1	5	0	-20.024
1.17207	1	6	0	-25.5263
1.17307	1	1	0	-15.6006
1.17307	1	2	0	-11.4713
1.17307	1	3	0	-9.70635
1.17307	1	4	0	-16.5874
1.17307	1	5	0	-19.9944
1.17307	1	6	0	-25.5603
1.17407	1	1	0	-15.6015
1.17407	1	2	0	-11.4481
1.17407	1	3	0	-9.69092
1.17407	1	4	0	-16.6444
1.17407	1	5	0	-19.9852
1.17407	1	6	0	-25.6384
1.17507	1	1	0	-15.603
1.17507	1	2	0	-11.4594
1.17507	1	3	0	-22.8142
1.17507	1	4	0	-17.1675
1.17507	1	5	0	-20.0051
1.17507	1	6	0	-25.5919
1.17507	3	1	0	-10.2597
1.17507	3	2	0	11.6793
1.17507	3	3	0	-2.65559
1.17507	3	4	0	-10.6617
1.17707	1	1	0	-15.6287
1.17707	1	2	0	-11.551
1.17707	1	3	0	-9.71216
1.17707	1	4	0	-16.5723
1.17707	1	5	0	-19.9934
1.17707	1	6	0	-25.5044
1.17807	1	1	0	-15.6632
1.17807	1	2	0	-11.6019
1.17807	1	3	0	-9.72434
1.17807	1	4	0	-16.5437
1.17807	1	5	0	-19.97
1.17807	1	6	0	-25.4708
1.17907	1	1	0	-15.6417
1.17907	1	2	0	-11.5446
1.17907	1	3	0	-9.75749
1.17907	1	4	0	-16.5414
1.17907	1	5	0	-19.9807
1.17907	1	6	0	-25.4784
1.18007	1	1	0	-15.6517
1.18007	1	2	0	-11.5426
1.18007	1	3	0	-22.8814
1.18007	1	4	0	-17.0944
1.18007	1	5	0	-19.9725
1.18007	1	6	0	-25.5071
1.18007	3	1	0	-10.2394
1.18007	3	2	0	11.643
1.18007	3	3	0	-2.68734
1.18007	3	4	0	-10.4825
1.18207	1	1	0	-15.7243
1.18207	1	2	0	-11.5388
1.18207	1	3	0	-9.79457
1.18207	1	4	0	-16.4794
1.18207	1	5	0	-19.8766
1.18207	1	6	0	-25.4668
1.18507	1	1	0	-15.7248
1.18507	1	2	0	-11.456
1.18507	1	3	0	-22.9111
1.18507	1	4	0	-17.0046
1.18507	1	5	0	-19.861
1.18507	1	6	0	-25.5349
1.18507	3	1	0	-10.1958
1.18507	3	2	0	11.6133
1.18507	3	3	0	-2.71898
1.18507	3	4	0	-10.4088
1.18807	1	1	0	-15.651
1.18807	1	2	0	-11.4969
1.18807	1	3	0	-9.84667
1.18807	1	4	0	-16.4188
1.18807	1	5	0	-19.7458
1.18807	1	6	0	-25.496
1.19007	1	1	0	-15.563
1.19007	1	2	0	-11.4534
1.19007	1	3	0	-22.9313
1.19007	1	4	0	-16.955
1.19007	1	5	0	-19.8276
1.19007	1	6	0	-25.5182
1.19007	3	1	0	-10.1361
1.19007	3	2	0	11.6276
1.19007	3	3	0	-2.70357
1.19007	3	4	0	-10.3377
1.19407	1	1	0	-15.6357
1.19407	1	2	0	-11.4485
1.19407	1	3	0	-9.86357
1.19407	1	4	0	-16.3614
1.19407	1	5	0	-19.8612
1.19407	1	6	0	-25.5422
1.19507	1	1	0	-15.6549
1.19507	1	2	0	-11.5118
1.19507	1	3	0	-22.8876
1.19507	1	4	0	-16.9021
1.19507	1	5	0	-19.9074
1.19507	1	6	0	-25.5381
1.19507	3	1	0	-10.1424
1.19507	3	2	0	11.674
1.19507	3	3	0	-2.66264
1.19507	3	4	0	-10.2028
1.19607	1	1	0	-15.6641
1.19607	1	2	0	-11.4938
1.19607	1	3	0	-9.86919
1.19607	1	4	0	-16.394
1.19607	1	5	0	-19.8368
1.19607	1	6	0	-25.5426
1.19707	1	1	0	-15.6873
1.19707	1	2	0	-11.4316
1.19707	1	3	0	-9.91941
1.19707	1	4	0	-16.3883
1.19707	1	5	0	-19.8266
1.19707	1	6	0	-25.5468
1.19807	1	1	0	-15.7024
1.19807	1	2	0	-11.389
1.19807	1	3	0	-9.90517
1.19807	1	4	0	-16.367
1.19807	1	5	0	-19.8253
1.19807	1	6	0	-25.558
1.20007	1	1	0	-15.649
1.20007	1	2	0	-11.4622
1.20007	1	3	0	-23.0259
1.20007	1	4	0	-16.9539
1.20007	1	5	0	-19.7982
1.20007	1	6	0	-25.5336
1.20007	3	1	0	-10.1235
1.20007	3	2	0	11.7143
1.20007	3	3	0	-2.72926
1.20007	3	4	0	-10.0507
1.20107	1	1	0	-15.6683
1.20107	1	2	0	-11.4733
1.20107	1	3	0	-23.0503
1.20107	1	4	0	-16.9349
1.20107	1	5	0	-19.7944
1.20107	1	6	0	-25.5229
1.20107	3	1	0	-10.1091
1.20107	3	2	0	11.7178
1.20107	3	3	0	-2.72656
1.20107	3	4	0	-9.99726
1.20207	1	1	0	-15.7031
1.20207	1	2	0	-11.4771
1.20207	1	3	0	-9.95934
1.20207	1	4	0	-16.38
1.20207	1	5	0	-19.8294
1.20207	1	6	0	-25.5706
1.20507	1	1	0	-15.7374
1.20507	1	2	0	-11.5362
1.20507	1	3	0	-23.0837
1.20507	1	4	0	-16.9139
1.20507	1	5	0	-19.7302
1.20507	1	6	0	-25.6055
1.20507	3	1	0	-10.0595
1.20507	3	2	0	11.708
1.20507	3	3	0	-2.71062
1.20507	3	4	0	-9.87464
1.21007	1	1	0	-15.7367
1.21007	1	2	0	-11.6056
1.21007	1	3	0	-23.1552
1.21007	1	4	0	-16.8454
1.21007	1	5	0	-19.6509
1.21007	1	6	0	-25.7079
1.21007	3	1	0	-10.1058
1.21007	3	2	0	11.5851
1.21007	3	3	0	-2.67207
1.21007	3	4	0	-9.79456
1.21107	1	1	0	-15.7194
1.21107	1	2	0	-11.6614
1.21107	1	3	0	-10.077
1.21107	1	4	0	-16.2974
1.21107	1	5	0	-19.591
1.21107	1	6	0	-25.6821
1.21307	1	1	0	-15.7114
1.21307	1	2	0	-11.6332
1.21307	1	3	0	-10.096
1.21307	1	4	0	-16.2571
1.21307	1	5	0	-19.5538
1.21307	1	6	0	-25.6546
1.21407	1	1	0	-15.6916
1.21407	1	2	0	-11.6758
1.21407	1	3	0	-23.2589
1.21407	1	4	0	-16.8302
1.21407	1	5	0	-19.5755
1.21407	1	6	0	-25.6477
1.21407	3	1	0	-10.1399
1.21407	3	2	0	11.5124
1.21407	3	3	0	-2.59428
1.21407	3	4	0	-9.64857
1.21507	1	1	0	-15.7011
1.21507	1	2	0	-11.6108
1.21507	1	3	0	-23.2603
1.21507	1	4	0	-16.8345
1.21507	1	5	0	-19.5975
1.21507	1	6	0	-25.6194
1.21507	3	1	0	-10.1641
1.21507	3	2	0	11.5403
1.21507	3	3	0	-2.56274
1.21507	3	4	0	-9.61663
1.21607	1	1	0	-15.6551
1.21607	1	2	0	-11.5623
1.21607	1	3	0	-10.1257
1.21607	1	4	0	-16.2782
1.21607	1	5	0	-19.5882
1.21607	1	6	0	-25.6125
1.21707	1	1	0	-15.683
1.21707	1	2	0	-11.5648
1.21707	1	3	0	-10.1198
1.21707	1	4	0	-16.2433
1.21707	1	5	0	-19.5483
1.21707	1	6	0	-25.6483
1.21807	1	1	0	-15.7057
1.21807	1	2	0	-11.6079
1.21807	1	3	0	-10.0998
1.21807	1	4	0	-16.2242
1.21807	1	5	0	-19.5107
1.21807	1	6	0	-25.6132
1.21907	1	1	0	-15.6736
1.21907	1	2	0	-11.6391
1.21907	1	3	0	-10.1328
1.21907	1	4	0	-16.1979
1.21907	1	5	0	-19.4735
1.21907	1	6	0	-25.617
1.22007	1	1	0	-15.6385
1.22007	1	2	0	-11.7149
1.22007	1	3	0	-23.2169
1.22007	1	4	0	-16.6772
1.22007	1	5	0	-19.4417
1.22007	1	6	0	-25.6803
1.22007	3	1	0	-10.3236
1.22007	3	2	0	11.5793
1.22007	3	3	0	-2.56865
1.22007	3	4	0	-9.57527
1.22107	1	1	0	-15.6437
1.22107	1	2	0	-11.7133
1.22107	1	3	0	-10.1096
1.22107	1	4	0	-16.14
1.22107	1	5	0	-19.4266
1.22107	1	6	0	-25.6973
1.22207	1	1	0	-15.6096
1.22207	1	2	0	-11.6557
1.22207	1	3	0	-10.0911
1.22207	1	4	0	-16.1356
1.22207	1	5	0	-19.4124
1.22207	1	6	0	-25.679
1.22307	1	1	0	-15.6039
1.22307	1	2	0	-11.6618
1.22307	1	3	0	-10.0634
1.22307	1	4	0	-16.0935
1.22307	1	5	0	-19.3542
1.22307	1	6	0	-25.6412
1.22407	1	1	0	-15.5731
1.22407	1	2	0	-11.6453
1.22407	1	3	0	-10.0348
1.22407	1	4	0	-16.0898
1.22407	1	5	0	-19.3002
1.22407	1	6	0	-25.618
1.22507	1	1	0	-15.5853
1.22507	1	2	0	-11.7121
1.22507	1	3	0	-23.1592
1.22507	1	4	0	-16.6278
1.22507	1	5	0	-19.2644
1.22507	1	6	0	-25.6634
1.22507	3	1	0	-10.3581
1.22507	3	2	0	11.549
1.22507	3	3	0	-2.6336
1.22507	3	4	0	-9.5477
1.22607	1	1	0	-15.5817
1.22607	1	2	0	-11.7153
1.22607	1	3	0	-10.084
1.22607	1	4	0	-16.1502
1.22607	1	5	0	-19.2456
1.22607	1	6	0	-25.683
1.22707	1	1	0	-15.5833
1.22707	1	2	0	-11.7152
1.22707	1	3	0	-10.0771
1.22707	1	4	0	-16.1552
1.22707	1	5	0	-19.2312
1.22707	1	6	0	-25.6863
1.22807	1	1	0	-15.5486
1.22807	1	2	0	-11.6871
1.22807	1	3	0	-10.0822
1.22807	1	4	0	-16.1266
1.22807	1	5	0	-19.1633
1.22807	1	6	0	-25.7418
1.22907	1	1	0	-15.5753
1.22907	1	2	0	-11.6452
1.22907	1	3	0	-10.1414
1.22907	1	4	0	-16.1243
1.22907	1	5	0	-19.1121
1.22907	1	6	0	-25.7358
1.23007	1	1	0	-15.5761
1.23007	1	2	0	-11.5877
1.23007	1	3	0	-23.277
1.23007	1	4	0	-16.6378
1.23007	1	5	0	-19.1031
1.23007	1	6	0	-25.744
1.23007	3	1	0	-10.4044
1.23007	3	2	0	11.6478
1.23007	3	3	0	-2.81659
1.23007	3	4	0	-9.4395
1.23107	1	1	0	-15.5946
1.23107	1	2	0	-11.62
1.23107	1	3	0	-10.1746
1.23107	1	4	0	-16.0796
1.23107	1	5	0	-19.0535
1.23107	1	6	0	-25.6882
1.23207	1	1	0	-15.5884
1.23207	1	2	0	-11.5735
1.23207	1	3	0	-10.1788
1.23207	1	4	0	-16.1015
1.23207	1	5	0	-19.0143
1.23207	1	6	0	-25.6609
1.23307	1	1	0	-15.6298
1.23307	1	2	0	-11.5201
1.23307	1	3	0	-10.2262
1.23307	1	4	0	-16.0768
1.23307	1	5	0	-19.0192
1.23307	1	6	0	-25.6262
1.23407	1	1	0	-15.6474
1.23407	1	2	0	-11.4932
1.23407	1	3	0	-10.2704
1.23407	1	4	0	-16.0609
1.23407	1	5	0	-18.9959
1.23407	1	6	0	-25.6693
1.23507	1	1	0	-15.6416
1.23507	1	2	0	-11.5121
1.23507	1	3	0	-23.3559
1.23507	1	4	0	-16.5944
1.23507	1	5	0	-19.0078
1.23507	1	6	0	-25.6033
1.23507	3	1	0	-10.4282
1.23507	3	2	0	11.6465
1.23507	3	3	0	-2.92203
1.23507	3	4	0	-9.42384
1.23607	1	1	0	-15.664
1.23607	1	2	0	-11.5062
1.23607	1	3	0	-10.2591
1.23607	1	4	0	-16.038
1.23607	1	5	0	-18.9797
1.23607	1	6	0	-25.5952
1.23707	1	1	0	-15.6321
1.23707	1	2	0	-11.4978
1.23707	1	3	0	-10.2494
1.23707	1	4	0	-16.066
1.23707	1	5	0	-19.0018
1.23707	1	6	0	-25.5176
1.23807	1	1	0	-15.6715
1.23807	1	2	0	-11.5297
1.23807	1	3	0	-10.2337
1.23807	1	4	0	-16.0226
1.23807	1	5	0	-18.9747
1.23807	1	6	0	-25.5825
1.23907	1	1	0	-15.6782
1.23907	1	2	0	-11.5527
1.23907	1	3	0	-10.2517
1.23907	1	4	0	-16.0515
1.23907	1	5	0	-18.9883
1.23907	1	6	0	-25.6369
1.24007	1	1	0	-15.6698
1.24007	1	2	0	-11.5879
1.24007	1	3	0	-23.3119
1.24007	1	4	0	-16.5626
1.24007	1	5	0	-18.9812
1.24007	1	6	0	-25.6372
1.24007	3	1	0	-10.4405
1.24007	3	2	0	11.6288
1.24007	3	3	0	-2.92201
1.24007	3	4	0	-9.31632
1.24107	1	1	0	-15.7094
1.24107	1	2	0	-11.5213
1.24107	1	3	0	-10.269
1.24107	1	4	0	-16.0586
1.24107	1	5	0	-18.8879
1.24107	1	6	0	-25.6191
1.24207	1	1	0	-15.6747
1.24207	1	2	0	-11.4834
1.24207	1	3	0	-23.3178
1.24207	1	4	0	-16.5774
1.24207	1	5	0	-18.8894
1.24207	1	6	0	-25.6414
1.24207	3	1	0	-10.4437
1.24207	3	2	0	11.6538
1.24207	3	3	0	-2.89799
1.24207	3	4	0	-9.2302
1.24307	1	1	0	-15.6686
1.24307	1	2	0	-11.4049
1.24307	1	3	0	-10.2863
1.24307	1	4	0	-16.0948
1.24307	1	5	0	-18.9088
1.24307	1	6	0	-25.6697
1.24407	1	1	0	-15.6775
1.24407	1	2	0	-11.369
1.24407	1	3	0	-10.319
1.24407	1	4	0	-16.1176
1.24407	1	5	0	-18.8584
1.24407	1	6	0	-25.7172
1.24507	1	1	0	-15.685
1.24507	1	2	0	-11.3934
1.24507	1	3	0	-23.3671
1.24507	1	4	0	-16.667
1.24507	1	5	0	-18.8467
1.24507	1	6	0	-25.7564
1.24507	3	1	0	-10.4413
1.24507	3	2	0	11.6527
1.24507	3	3	0	-3.00397
1.24507	3	4	0	-9.23868
1.24607	1	1	0	-15.652
1.24607	1	2	0	-11.399
1.24607	1	3	0	-23.3531
1.24607	1	4	0	-16.7264
1.24607	1	5	0	-18.8978
1.24607	1	6	0	-25.7317
1.24607	3	1	0	-10.4541
1.24607	3	2	0	11.6348
1.24607	3	3	0	-2.99282
1.24607	3	4	0	-9.21871
1.24807	1	1	0	-15.603
1.24807	1	2	0	-11.4289
1.24807	1	3	0	-10.3716
1.24807	1	4	0	-16.0989
1.24807	1	5	0	-18.9144
1.24807	1	6	0	-25.677
1.24907	1	1	0	-15.6157
1.24907	1	2	0	-11.4017
1.24907	1	3	0	-10.4052
1.24907	1	4	0	-16.0788
1.24907	1	5	0	-18.9641
1.24907	1	6	0	-25.7342
1.25007	1	1	0	-15.6135
1.25007	1	2	0	-11.355
1.25007	1	3	0	-23.3934
1.25007	1	4	0	-16.6217
1.25007	1	5	0	-18.938
1.25007	1	6	0	-25.7292
1.25007	3	1	0	-10.4118
1.25007	3	2	0	11.6623
1.25007	3	3	0	-3.04822
1.25007	3	4	0	-9.15908
1.25107	1	1	0	-15.6351
1.25107	1	2	0	-11.3572
1.25107	1	3	0	-10.476
1.25107	1	4	0	-16.1474
1.25107	1	5	0	-18.9211
1.25107	1	6	0	-25.7167
1.25207	1	1	0	-15.6625
1.25207	1	2	0	-11.3371
1.25207	1	3	0	-10.5363
1.25207	1	4	0	-16.1541
1.25207	1	5	0	-18.9096
1.25207	1	6	0	-25.7257
1.25307	1	1	0	-15.6406
1.25307	1	2	0	-11.3613
1.25307	1	3	0	-10.5726
1.25307	1	4	0	-16.1597
1.25307	1	5	0	-18.8805
1.25307	1	6	0	-25.7536
1.25407	1	1	0	-15.6191
1.25407	1	2	0	-11.3657
1.25407	1	3	0	-10.5933
1.25407	1	4	0	-16.1081
1.25407	1	5	0	-18.9178
1.25407	1	6	0	-25.7933
1.25507	1	1	0	-15.6037
1.25507	1	2	0	-11.4003
1.25507	1	3	0	-23.5508
1.25507	1	4	0	-16.6067
1.25507	1	5	0	-18.9067
1.25507	1	6	0	-25.7965
1.25507	3	1	0	-10.49
1.25507	3	2	0	11.673
1.25507	3	3	0	-3.02519
1.25507	3	4	0	-9.01094
1.25607	1	1	0	-15.6749
1.25607	1	2	0	-11.3888
1.25607	1	3	0	-10.6172
1.25607	1	4	0	-16.07
1.25607	1	5	0	-18.8274
1.25607	1	6	0	-25.7765
1.25707	1	1	0	-15.6422
1.25707	1	2	0	-11.4193
1.25707	1	3	0	-10.6268
1.25707	1	4	0	-16.1182
1.25707	1	5	0	-18.7984
1.25707	1	6	0	-25.772
1.25807	1	1	0	-15.6922
1.25807	1	2	0	-11.4293
1.25807	1	3	0	-10.6432
1.25807	1	4	0	-16.0874
1.25807	1	5	0	-18.7971
1.25807	1	6	0	-25.7743
1.25907	1	1	0	-15.7095
1.25907	1	2	0	-11.4385
1.25907	1	3	0	-10.6417
1.25907	1	4	0	-16.1115
1.25907	1	5	0	-18.758
1.25907	1	6	0	-25.8694
1.26007	1	1	0	-15.7039
1.26007	1	2	0	-11.4466
1.26007	1	3	0	-23.4878
1.26007	1	4	0	-16.6005
1.26007	1	5	0	-18.7701
1.26007	1	6	0	-25.8645
1.26007	3	1	0	-10.5677
1.26007	3	2	0	11.6235
1.26007	3	3	0	-3.07229
1.26007	3	4	0	-8.78872
1.26107	1	1	0	-15.7183
1.26107	1	2	0	-11.4358
1.26107	1	3	0	-10.6597
1.26107	1	4	0	-16.1014
1.26107	1	5	0	-18.7746
1.26107	1	6	0	-25.8407
1.26207	1	1	0	-15.672
1.26207	1	2	0	-11.4475
1.26207	1	3	0	-10.6461
1.26207	1	4	0	-16.1123
1.26207	1	5	0	-18.8304
1.26207	1	6	0	-25.8279
1.26307	1	1	0	-15.665
1.26307	1	2	0	-11.4019
1.26307	1	3	0	-10.6455
1.26307	1	4	0	-16.0363
1.26307	1	5	0	-18.7989
1.26307	1	6	0	-25.8182
1.26407	1	1	0	-15.6399
1.26407	1	2	0	-11.3616
1.26407	1	3	0	-10.6581
1.26407	1	4	0	-16.0243
1.26407	1	5	0	-18.8415
1.26407	1	6	0	-25.8012
1.26507	1	1	0	-15.6456
1.26507	1	2	0	-11.36
1.26507	1	3	0	-23.4995
1.26507	1	4	0	-16.5251
1.26507	1	5	0	-18.8878
1.26507	1	6	0	-25.8206
1.26507	3	1	0	-10.6097
1.26507	3	2	0	11.537
1.26507	3	3	0	-3.06316
1.26507	3	4	0	-8.68627
1.26607	1	1	0	-15.6535
1.26607	1	2	0	-11.3339
1.26607	1	3	0	-10.6527
1.26607	1	4	0	-16.027
1.26607	1	5	0	-18.8865
1.26607	1	6	0	-25.7382
1.26707	1	1	0	-15.6197
1.26707	1	2	0	-11.2634
1.26707	1	3	0	-10.7132
1.26707	1	4	0	-16.0424
1.26707	1	5	0	-18.8336
1.26707	1	6	0	-25.739
1.26807	1	1	0	-15.6198
1.26807	1	2	0	-11.2465
1.26807	1	3	0	-10.7408
1.26807	1	4	0	-16.0242
1.26807	1	5	0	-18.7874
1.26807	1	6	0	-25.7276
1.26907	1	1	0	-15.6489
1.26907	1	2	0	-11.2253
1.26907	1	3	0	-10.767
1.26907	1	4	0	-16.0411
1.26907	1	5	0	-18.84
1.26907	1	6	0	-25.726
1.27007	1	1	0	-15.6287
1.27007	1	2	0	-11.2405
1.27007	1	3	0	-23.6143
1.27007	1	4	0	-16.5658
1.27007	1	5	0	-18.8295
1.27007	1	6	0	-25.7254
1.27007	3	1	0	-10.7029
1.27007	3	2	0	11.6192
1.27007	3	3	0	-3.09747
1.27007	3	4	0	-8.66923
1.27107	1	1	0	-15.642
1.27107	1	2	0	-11.2232
1.27107	1	3	0	-10.7182
1.27107	1	4	0	-16.0359
1.27107	1	5	0	-18.8059
1.27107	1	6	0	-25.7303
1.27207	1	1	0	-15.6624
1.27207	1	2	0	-11.2296
1.27207	1	3	0	-10.7288
1.27207	1	4	0	-16.073
1.27207	1	5	0	-18.8415
1.27207	1	6	0	-25.73
1.27307	1	1	0	-15.7362
1.27307	1	2	0	-11.2953
1.27307	1	3	0	-10.7699
1.27307	1	4	0	-16.082
1.27307	1	5	0	-18.8011
1.27307	1	6	0	-25.7489
1.27507	1	1	0	-15.7612
1.27507	1	2	0	-11.297
1.27507	1	3	0	-23.6695
1.27507	1	4	0	-16.6215
1.27507	1	5	0	-18.8956
1.27507	1	6	0	-25.7683
1.27507	3	1	0	-10.5127
1.27507	3	2	0	11.67
1.27507	3	3	0	-3.04926
1.27507	3	4	0	-8.6387
1.27607	1	1	0	-15.7901
1.27607	1	2	0	-11.2532
1.27607	1	3	0	-10.7975
1.27607	1	4	0	-16.1655
1.27607	1	5	0	-18.9083
1.27607	1	6	0	-25.731
1.27707	1	1	0	-15.804
1.27707	1	2	0	-11.2853
1.27707	1	3	0	-10.7846
1.27707	1	4	0	-16.104
1.27707	1	5	0	-18.9144
1.27707	1	6	0	-25.8078
1.27807	1	1	0	-15.8187
1.27807	1	2	0	-11.3308
1.27807	1	3	0	-10.7893
1.27807	1	4	0	-16.1088
1.27807	1	5	0	-18.911
1.27807	1	6	0	-25.7699
1.28007	1	1	0	-15.8423
1.28007	1	2	0	-11.3314
1.28007	1	3	0	-23.6852
1.28007	1	4	0	-16.6272
1.28007	1	5	0	-18.9181
1.28007	1	6	0	-25.7034
1.28007	3	1	0	-10.4884
1.28007	3	2	0	11.6805
1.28007	3	3	0	-3.01915
1.28007	3	4	0	-8.62902
1.28107	1	1	0	-15.8202
1.28107	1	2	0	-11.3123
1.28107	1	3	0	-23.6551
1.28107	1	4	0	-16.6311
1.28107	1	5	0	-18.9029
1.28107	1	6	0	-25.666
1.28107	3	1	0	-10.4734
1.28107	3	2	0	11.6784
1.28107	3	3	0	-3.03925
1.28107	3	4	0	-8.61699
1.28207	1	1	0	-15.8155
1.28207	1	2	0	-11.2882
1.28207	1	3	0	-10.7616
1.28207	1	4	0	-16.1492
1.28207	1	5	0	-18.9194
1.28207	1	6	0	-25.6574
1.28307	1	1	0	-15.7784
1.28307	1	2	0	-11.369
1.28307	1	3	0	-10.7548
1.28307	1	4	0	-16.1105
1.28307	1	5	0	-18.9425
1.28307	1	6	0	-25.6667
1.28407	1	1	0	-15.7414
1.28407	1	2	0	-11.3607
1.28407	1	3	0	-10.7366
1.28407	1	4	0	-16.1221
1.28407	1	5	0	-18.9778
1.28407	1	6	0	-25.6916
1.28507	1	1	0	-15.7122
1.28507	1	2	0	-11.4115
1.28507	1	3	0	-23.5938
1.28507	1	4	0	-16.6483
1.28507	1	5	0	-18.9941
1.28507	1	6	0	-25.6609
1.28507	3	1	0	-10.5654
1.28507	3	2	0	11.617
1.28507	3	3	0	-3.02061
1.28507	3	4	0	-8.60142
1.28607	1	1	0	-15.748
1.28607	1	2	0	-11.4011
1.28607	1	3	0	-10.6911
1.28607	1	4	0	-16.1374
1.28607	1	5	0	-18.9713
1.28607	1	6	0	-25.6575
1.28707	1	1	0	-15.703
1.28707	1	2	0	-11.3983
1.28707	1	3	0	-10.7108
1.28707	1	4	0	-16.149
1.28707	1	5	0	-19.011
1.28707	1	6	0	-25.6309
1.28807	1	1	0	-15.6845
1.28807	1	2	0	-11.3096
1.28807	1	3	0	-10.692
1.28807	1	4	0	-16.181
1.28807	1	5	0	-19.0278
1.28807	1	6	0	-25.6421
1.28907	1	1	0	-15.7014
1.28907	1	2	0	-11.2915
1.28907	1	3	0	-10.6873
1.28907	1	4	0	-16.157
1.28907	1	5	0	-19.0306
1.28907	1	6	0	-25.6351
1.29007	1	1	0	-15.6998
1.29007	1	2	0	-11.2815
1.29007	1	3	0	-23.4843
1.29007	1	4	0	-16.621
1.29007	1	5	0	-19.0109
1.29007	1	6	0	-25.6105
1.29007	3	1	0	-10.6671
1.29007	3	2	0	11.7161
1.29007	3	3	0	-2.93062
1.29007	3	4	0	-8.65128
1.29207	1	1	0	-15.6773
1.29207	1	2	0	-11.2791
1.29207	1	3	0	-10.6464
1.29207	1	4	0	-15.9906
1.29207	1	5	0	-18.9935
1.29207	1	6	0	-25.5158
1.29307	1	1	0	-15.6417
1.29307	1	2	0	-11.3354
1.29307	1	3	0	-10.6306
1.29307	1	4	0	-16.0116
1.29307	1	5	0	-18.9584
1.29307	1	6	0	-25.4716
1.29407	1	1	0	-15.6634
1.29407	1	2	0	-11.3248
1.29407	1	3	0	-23.4503
1.29407	1	4	0	-16.4994
1.29407	1	5	0	-18.9559
1.29407	1	6	0	-25.452
1.29407	3	1	0	-10.7115
1.29407	3	2	0	11.6484
1.29407	3	3	0	-2.92981
1.29407	3	4	0	-8.47436
1.29507	1	1	0	-15.6803
1.29507	1	2	0	-11.383
1.29507	1	3	0	-23.4395
1.29507	1	4	0	-16.4735
1.29507	1	5	0	-18.9785
1.29507	1	6	0	-25.4179
1.29507	3	1	0	-10.6899
1.29507	3	2	0	11.625
1.29507	3	3	0	-2.95872
1.29507	3	4	0	-8.50585
1.29607	1	1	0	-15.6746
1.29607	1	2	0	-11.3626
1.29607	1	3	0	-10.6013
1.29607	1	4	0	-15.9753
1.29607	1	5	0	-19.0069
1.29607	1	6	0	-25.3945
1.29707	1	1	0	-15.6144
1.29707	1	2	0	-11.4116
1.29707	1	3	0	-10.6125
1.29707	1	4	0	-16.0166
1.29707	1	5	0	-19.0464
1.29707	1	6	0	-25.4117
1.29807	1	1	0	-15.6295
1.29807	1	2	0	-11.4152
1.29807	1	3	0	-10.6446
1.29807	1	4	0	-15.9738
1.29807	1	5	0	-19.121
1.29807	1	6	0	-25.3256
1.29907	1	1	0	-15.6112
1.29907	1	2	0	-11.4623
1.29907	1	3	0	-10.6858
1.29907	1	4	0	-15.9998
1.29907	1	5	0	-19.1457
1.29907	1	6	0	-25.3176
1.30007	1	1	0	-15.5927
1.30007	1	2	0	-11.4642
1.30007	1	3	0	-23.4747
1.30007	1	4	0	-16.4774
1.30007	1	5	0	-19.155
1.30007	1	6	0	-25.3604
1.30007	3	1	0	-10.7161
1.30007	3	2	0	11.6923
1.30007	3	3	0	-3.02744
1.30007	3	4	0	-8.50201
1.30107	1	1	0	-15.5926
1.30107	1	2	0	-11.4966
1.30107	1	3	0	-10.6529
1.30107	1	4	0	-16.0203
1.30107	1	5	0	-19.1921
1.30107	1	6	0	-25.3
1.30207	1	1	0	-15.616
1.30207	1	2	0	-11.4971
1.30207	1	3	0	-10.6356
1.30207	1	4	0	-16.0185
1.30207	1	5	0	-19.2477
1.30207	1	6	0	-25.2617
1.30307	1	1	0	-15.5846
1.30307	1	2	0	-11.529
1.30307	1	3	0	-10.6295
1.30307	1	4	0	-16.0036
1.30307	1	5	0	-19.3002
1.30307	1	6	0	-25.294
1.30407	1	1	0	-15.5666
1.30407	1	2	0	-11.5516
1.30407	1	3	0	-10.6637
1.30407	1	4	0	-16.0129
1.30407	1	5	0	-19.3681
1.30407	1	6	0	-25.2756
1.30507	1	1	0	-15.5595
1.30507	1	2	0	-11.5651
1.30507	1	3	0	-23.4837
1.30507	1	4	0	-16.4909
1.30507	1	5	0	-19.3762
1.30507	1	6	0	-25.2977
1.30507	3	1	0	-10.7195
1.30507	3	2	0	11.7553
1.30507	3	3	0	-3.15326
1.30507	3	4	0	-8.45608
1.30607	1	1	0	-15.5817
1.30607	1	2	0	-11.56
1.30607	1	3	0	-10.619
1.30607	1	4	0	-16.004
1.30607	1	5	0	-19.4104
1.30607	1	6	0	-25.248
1.30707	1	1	0	-15.5935
1.30707	1	2	0	-11.5874
1.30707	1	3	0	-10.6075
1.30707	1	4	0	-15.9434
1.30707	1	5	0	-19.3794
1.30707	1	6	0	-25.261
1.30807	1	1	0	-15.5842
1.30807	1	2	0	-11.5789
1.30807	1	3	0	-10.5777
1.30807	1	4	0	-15.9977
1.30807	1	5	0	-19.4212
1.30807	1	6	0	-25.2842
1.30907	1	1	0	-15.5979
1.30907	1	2	0	-11.613
1.30907	1	3	0	-10.5766
1.30907	1	4	0	-16.016
1.30907	1	5	0	-19.4692
1.30907	1	6	0	-25.3107
1.31007	1	1	0	-15.6573
1.31007	1	2	0	-11.6101
1.31007	1	3	0	-23.4359
1.31007	1	4	0	-16.4635
1.31007	1	5	0	-19.4557
1.31007	1	6	0	-25.3548
1.31007	3	1	0	-10.7509
1.31007	3	2	0	11.809
1.31007	3	3	0	-3.12721
1.31007	3	4	0	-8.29887
1.31107	1	1	0	-15.6401
1.31107	1	2	0	-11.6329
1.31107	1	3	0	-10.5976
1.31107	1	4	0	-16.017
1.31107	1	5	0	-19.482
1.31107	1	6	0	-25.3281
1.31207	1	1	0	-15.6573
1.31207	1	2	0	-11.6361
1.31207	1	3	0	-10.576
1.31207	1	4	0	-15.9985
1.31207	1	5	0	-19.576
1.31207	1	6	0	-25.3301
1.31307	1	1	0	-15.6497
1.31307	1	2	0	-11.6409
1.31307	1	3	0	-10.5735
1.31307	1	4	0	-15.966
1.31307	1	5	0	-19.5747
1.31307	1	6	0	-25.3875
1.31407	1	1	0	-15.6487
1.31407	1	2	0	-11.6579
1.31407	1	3	0	-10.5923
1.31407	1	4	0	-15.9799
1.31407	1	5	0	-19.5921
1.31407	1	6	0	-25.3144
1.31507	1	1	0	-15.6008
1.31507	1	2	0	-11.6776
1.31507	1	3	0	-23.5082
1.31507	1	4	0	-16.4384
1.31507	1	5	0	-19.6273
1.31507	1	6	0	-25.3855
1.31507	3	1	0	-10.76
1.31507	3	2	0	11.7624
1.31507	3	3	0	-3.26337
1.31507	3	4	0	-8.43632
1.31607	1	1	0	-15.6276
1.31607	1	2	0	-11.6837
1.31607	1	3	0	-10.6153
1.31607	1	4	0	-16.0094
1.31607	1	5	0	-19.6436
1.31607	1	6	0	-25.3599
1.31707	1	1	0	-15.6081
1.31707	1	2	0	-11.6661
1.31707	1	3	0	-10.6133
1.31707	1	4	0	-16.0083
1.31707	1	5	0	-19.7191
1.31707	1	6	0	-25.327
1.31807	1	1	0	-15.6259
1.31807	1	2	0	-11.6889
1.31807	1	3	0	-10.6489
1.31807	1	4	0	-16.0289
1.31807	1	5	0	-19.7631
1.31807	1	6	0	-25.3296
1.31907	1	1	0	-15.6209
1.31907	1	2	0	-11.715
1.31907	1	3	0	-10.6587
1.31907	1	4	0	-15.9793
1.31907	1	5	0	-19.8157
1.31907	1	6	0	-25.3157
1.32007	1	1	0	-15.632
1.32007	1	2	0	-11.6745
1.32007	1	3	0	-23.5498
1.32007	1	4	0	-16.463
1.32007	1	5	0	-19.8246
1.32007	1	6	0	-25.2643
1.32007	3	1	0	-10.7809
1.32007	3	2	0	11.7155
1.32007	3	3	0	-3.27304
1.32007	3	4	0	-8.35622
1.32107	1	1	0	-15.5983
1.32107	1	2	0	-11.6989
1.32107	1	3	0	-10.5771
1.32107	1	4	0	-16.0127
1.32107	1	5	0	-19.8369
1.32107	1	6	0	-25.2743
1.32207	1	1	0	-15.5858
1.32207	1	2	0	-11.7805
1.32207	1	3	0	-23.4713
1.32207	1	4	0	-16.4707
1.32207	1	5	0	-19.8334
1.32207	1	6	0	-25.2577
1.32207	3	1	0	-10.7549
1.32207	3	2	0	11.7498
1.32207	3	3	0	-3.30996
1.32207	3	4	0	-8.36125
1.32407	1	1	0	-15.6154
1.32407	1	2	0	-11.7112
1.32407	1	3	0	-10.594
1.32407	1	4	0	-16.0685
1.32407	1	5	0	-19.889
1.32407	1	6	0	-25.1578
1.32507	1	1	0	-15.6086
1.32507	1	2	0	-11.6732
1.32507	1	3	0	-23.4908
1.32507	1	4	0	-16.5324
1.32507	1	5	0	-19.9776
1.32507	1	6	0	-25.1934
1.32507	3	1	0	-10.7434
1.32507	3	2	0	11.7929
1.32507	3	3	0	-3.28677
1.32507	3	4	0	-8.42767
1.32607	3	1	0	-10.6262
1.32607	3	2	0	11.8209
1.32607	3	3	0	-3.34142
1.32607	3	4	0	-8.43771
1.32707	1	1	0	-15.582
1.32707	1	2	0	-11.6035
1.32707	1	3	0	-10.5593
1.32707	1	4	0	-16.0863
1.32707	1	5	0	-19.9561
1.32707	1	6	0	-25.1716
1.32807	1	1	0	-15.579
1.32807	1	2	0	-11.5939
1.32807	1	3	0	-10.5252
1.32807	1	4	0	-16.0827
1.32807	1	5	0	-20.0089
1.32807	1	6	0	-25.2003
1.32907	1	1	0	-15.5786
1.32907	1	2	0	-11.5773
1.32907	1	3	0	-10.5048
1.32907	1	4	0	-16.0807
1.32907	1	5	0	-19.9856
1.32907	1	6	0	-25.2218
1.33007	1	1	0	-15.6084
1.33007	1	2	0	-11.5377
1.33007	1	3	0	-23.4356
1.33007	1	4	0	-16.4721
1.33007	1	5	0	-19.9665
1.33007	1	6	0	-25.2151
1.33007	3	1	0	-10.6451
1.33007	3	2	0	11.7771
1.33007	3	3	0	-3.39263
1.33007	3	4	0	-8.451
1.33107	1	1	0	-15.586
1.33107	1	2	0	-11.5947
1.33107	1	3	0	-10.5143
1.33107	1	4	0	-16.0363
1.33107	1	5	0	-20.0278
1.33107	1	6	0	-25.1805
1.33207	1	1	0	-15.5858
1.33207	1	2	0	-11.6349
1.33207	1	3	0	-10.4906
1.33207	1	4	0	-16.0144
1.33207	1	5	0	-20.068
1.33207	1	6	0	-25.1306
1.33307	1	1	0	-15.5968
1.33307	1	2	0	-11.631
1.33307	1	3	0	-10.5288
1.33307	1	4	0	-16.0379
1.33307	1	5	0	-20.0819
1.33307	1	6	0	-25.0862
1.33407	1	1	0	-15.5639
1.33407	1	2	0	-11.5985
1.33407	1	3	0	-10.5229
1.33407	1	4	0	-15.9917
1.33407	1	5	0	-20.0672
1.33407	1	6	0	-25.1082
1.33507	1	1	0	-15.6344
1.33507	1	2	0	-11.6227
1.33507	1	3	0	-23.5202
1.33507	1	4	0	-16.4347
1.33507	1	5	0	-20.0593
1.33507	1	6	0	-25.1456
1.33507	3	1	0	-10.7072
1.33507	3	2	0	11.7487
1.33507	3	3	0	-3.49083
1.33507	3	4	0	-8.47028
1.33607	1	1	0	-15.6328
1.33607	1	2	0	-11.6338
1.33607	1	3	0	-10.5017
1.33607	1	4	0	-16.0871
1.33607	1	5	0	-20.0694
1.33607	1	6	0	-25.1641
1.33707	1	1	0	-15.6145
1.33707	1	2	0	-11.592
1.33707	1	3	0	-10.4925
1.33707	1	4	0	-16.156
1.33707	1	5	0	-20.058
1.33707	1	6	0	-25.1409
1.33807	1	1	0	-15.6193
1.33807	1	2	0	-11.5841
1.33807	1	3	0	-10.4683
1.33807	1	4	0	-16.1372
1.33807	1	5	0	-20.0682
1.33807	1	6	0	-25.1768
1.33907	1	1	0	-15.6258
1.33907	1	2	0	-11.5977
1.33907	1	3	0	-10.4395
1.33907	1	4	0	-16.1156
1.33907	1	5	0	-20.0691
1.33907	1	6	0	-25.1579
1.34007	1	1	0	-15.6251
1.34007	1	2	0	-11.5551
1.34007	1	3	0	-23.4368
1.34007	1	4	0	-16.5428
1.34007	1	5	0	-20.0557
1.34007	1	6	0	-25.1451
1.34007	3	1	0	-10.7225
1.34007	3	2	0	11.7507
1.34007	3	3	0	-3.48186
1.34007	3	4	0	-8.45045
1.34107	1	1	0	-15.6619
1.34107	1	2	0	-11.4585
1.34107	1	3	0	-10.3783
1.34107	1	4	0	-16.0763
1.34107	1	5	0	-20.0781
1.34107	1	6	0	-25.1186
1.34207	1	1	0	-15.6372
1.34207	1	2	0	-11.4396
1.34207	1	3	0	-10.3907
1.34207	1	4	0	-16.088
1.34207	1	5	0	-20.0869
1.34207	1	6	0	-25.1219
1.34307	1	1	0	-15.6673
1.34307	1	2	0	-11.424
1.34307	1	3	0	-10.3531
1.34307	1	4	0	-16.1161
1.34307	1	5	0	-20.0603
1.34307	1	6	0	-25.159
1.34407	1	1	0	-15.6479
1.34407	1	2	0	-11.4314
1.34407	1	3	0	-10.3011
1.34407	1	4	0	-16.1127
1.34407	1	5	0	-20.0829
1.34407	1	6	0	-25.1734
1.34507	1	1	0	-15.6327
1.34507	1	2	0	-11.4245
1.34507	1	3	0	-23.2856
1.34507	1	4	0	-16.5004
1.34507	1	5	0	-20.1137
1.34507	1	6	0	-25.2202
1.34507	3	1	0	-10.7699
1.34507	3	2	0	11.7859
1.34507	3	3	0	-3.35462
1.34507	3	4	0	-8.46872
1.34607	1	1	0	-15.5984
1.34607	1	2	0	-11.425
1.34607	1	3	0	-10.3204
1.34607	1	4	0	-16.0994
1.34607	1	5	0	-20.0949
1.34607	1	6	0	-25.2027
1.34707	1	1	0	-15.6435
1.34707	1	2	0	-11.4148
1.34707	1	3	0	-10.2836
1.34707	1	4	0	-16.069
1.34707	1	5	0	-20.0691
1.34707	1	6	0	-25.1676
1.34807	1	1	0	-15.6457
1.34807	1	2	0	-11.4388
1.34807	1	3	0	-10.2903
1.34807	1	4	0	-16.1015
1.34807	1	5	0	-20.0688
1.34807	1	6	0	-25.1422
1.34907	1	1	0	-15.6587
1.34907	1	2	0	-11.4478
1.34907	1	3	0	-10.2886
1.34907	1	4	0	-16.1149
1.34907	1	5	0	-20.0891
1.34907	1	6	0	-25.0857
1.35007	1	1	0	-15.7115
1.35007	1	2	0	-11.4743
1.35007	1	3	0	-23.3231
1.35007	1	4	0	-16.543
1.35007	1	5	0	-20.1266
1.35007	1	6	0	-25.1455
1.35007	3	1	0	-10.8739
1.35007	3	2	0	11.6763
1.35007	3	3	0	-3.20385
1.35007	3	4	0	-8.48788
1.35107	1	1	0	-15.7087
1.35107	1	2	0	-11.4716
1.35107	1	3	0	-10.2786
1.35107	1	4	0	-16.1351
1.35107	1	5	0	-20.0493
1.35107	1	6	0	-25.1589
1.35207	1	1	0	-15.7181
1.35207	1	2	0	-11.5138
1.35207	1	3	0	-10.2368
1.35207	1	4	0	-16.0866
1.35207	1	5	0	-20.0832
1.35207	1	6	0	-25.126
1.35307	1	1	0	-15.691
1.35307	1	2	0	-11.4974
1.35307	1	3	0	-10.2355
1.35307	1	4	0	-16.065
1.35307	1	5	0	-20.0811
1.35307	1	6	0	-25.1362
1.35407	1	1	0	-15.7089
1.35407	1	2	0	-11.5355
1.35407	1	3	0	-10.1986
1.35407	1	4	0	-16.0206
1.35407	1	5	0	-20.0648
1.35407	1	6	0	-25.1312
1.35507	1	1	0	-15.7247
1.35507	1	2	0	-11.5172
1.35507	1	3	0	-23.1621
1.35507	1	4	0	-16.4431
1.35507	1	5	0	-20.0716
1.35507	1	6	0	-25.1581
1.35507	3	1	0	-10.8591
1.35507	3	2	0	11.7026
1.35507	3	3	0	-3.29005
1.35507	3	4	0	-8.43192
1.35607	1	1	0	-15.7522
1.35607	1	2	0	-11.5003
1.35607	1	3	0	-10.131
1.35607	1	4	0	-15.9822
1.35607	1	5	0	-20.0978
1.35607	1	6	0	-25.1363
1.35707	1	1	0	-15.7495
1.35707	1	2	0	-11.5001
1.35707	1	3	0	-10.1687
1.35707	1	4	0	-16.0029
1.35707	1	5	0	-20.0479
1.35707	1	6	0	-25.092
1.35807	1	1	0	-15.8027
1.35807	1	2	0	-11.5255
1.35807	1	3	0	-10.1675
1.35807	1	4	0	-16.0133
1.35807	1	5	0	-20.0363
1.35807	1	6	0	-25.102
1.35907	1	1	0	-15.7851
1.35907	1	2	0	-11.5357
1.35907	1	3	0	-10.1738
1.35907	1	4	0	-15.9808
1.35907	1	5	0	-20.0013
1.35907	1	6	0	-25.0795
1.36007	1	1	0	-15.8555
1.36007	1	2	0	-11.6039
1.36007	1	3	0	-23.1207
1.36007	1	4	0	-16.3754
1.36007	1	5	0	-19.9851
1.36007	1	6	0	-25.1248
1.36007	3	1	0	-10.9846
1.36007	3	2	0	11.7469
1.36007	3	3	0	-3.30563
1.36007	3	4	0	-8.43451
1.36107	3	1	0	-10.9117
1.36107	3	2	0	11.7246
1.36107	3	3	0	-3.2917
1.36107	3	4	0	-8.48039
1.36207	1	1	0	-15.7898
1.36207	1	2	0	-11.5149
1.36207	1	3	0	-10.1129
1.36207	1	4	0	-15.9626
1.36207	1	5	0	-19.9806
1.36207	1	6	0	-25.0645
1.36307	1	1	0	-15.7609
1.36307	1	2	0	-11.4985
1.36307	1	3	0	-10.1097
1.36307	1	4	0	-15.9409
1.36307	1	5	0	-19.9515
1.36307	1	6	0	-25.0282
1.36407	1	1	0	-15.7452
1.36407	1	2	0	-11.4775
1.36407	1	3	0	-10.0921
1.36407	1	4	0	-15.92
1.36407	1	5	0	-19.9332
1.36407	1	6	0	-24.9527
1.36507	1	1	0	-15.7496
1.36507	1	2	0	-11.5048
1.36507	1	3	0	-23.0906
1.36507	1	4	0	-16.3405
1.36507	1	5	0	-19.9366
1.36507	1	6	0	-24.9126
1.36507	3	1	0	-10.8728
1.36507	3	2	0	11.7312
1.36507	3	3	0	-3.33501
1.36507	3	4	0	-8.47069
1.36607	1	1	0	-15.703
1.36607	1	2	0	-11.4502
1.36607	1	3	0	-10.0634
1.36607	1	4	0	-15.9178
1.36607	1	5	0	-19.925
1.36607	1	6	0	-24.9079
1.36707	1	1	0	-15.7396
1.36707	1	2	0	-11.4684
1.36707	1	3	0	-10.0946
1.36707	1	4	0	-15.9105
1.36707	1	5	0	-19.9245
1.36707	1	6	0	-24.9515
1.36807	1	1	0	-15.751
1.36807	1	2	0	-11.4732
1.36807	1	3	0	-10.0767
1.36807	1	4	0	-15.9177
1.36807	1	5	0	-19.923
1.36807	1	6	0	-24.9449
1.36907	1	1	0	-15.7351
1.36907	1	2	0	-11.5196
1.36907	1	3	0	-10.0894
1.36907	1	4	0	-15.9159
1.36907	1	5	0	-19.9223
1.36907	1	6	0	-25.0192
1.37007	1	1	0	-15.7142
1.37007	1	2	0	-11.5506
1.37007	1	3	0	-23.0913
1.37007	1	4	0	-16.3453
1.37007	1	5	0	-19.9095
1.37007	1	6	0	-25.0036
1.37007	3	1	0	-10.8487
1.37007	3	2	0	11.7598
1.37007	3	3	0	-3.26479
1.37007	3	4	0	-8.44735
1.37107	1	1	0	-15.6958
1.37107	1	2	0	-11.5407
1.37107	1	3	0	-10.0653
1.37107	1	4	0	-15.9306
1.37107	1	5	0	-19.8789
1.37107	1	6	0	-24.9982
1.37207	1	1	0	-15.7319
1.37207	1	2	0	-11.4643
1.37207	1	3	0	-10.0482
1.37207	1	4	0	-15.9466
1.37207	1	5	0	-19.8188
1.37207	1	6	0	-25.0299
1.37307	1	1	0	-15.7017
1.37307	1	2	0	-11.4048
1.37307	1	3	0	-10.0136
1.37307	1	4	0	-15.9665
1.37307	1	5	0	-19.8192
1.37307	1	6	0	-24.9825
1.37407	1	1	0	-15.6999
1.37407	1	2	0	-11.4393
1.37407	1	3	0	-22.9349
1.37407	1	4	0	-16.3791
1.37407	1	5	0	-19.8002
1.37407	1	6	0	-24.9753
1.37407	3	1	0	-10.8402
1.37407	3	2	0	11.7275
1.37407	3	3	0	-3.23241
1.37407	3	4	0	-8.50775
1.37507	1	1	0	-15.7004
1.37507	1	2	0	-11.4128
1.37507	1	3	0	-22.9225
1.37507	1	4	0	-16.3659
1.37507	1	5	0	-19.7816
1.37507	1	6	0	-25.0368
1.37507	3	1	0	-10.8501
1.37507	3	2	0	11.7647
1.37507	3	3	0	-3.23596
1.37507	3	4	0	-8.54438
1.37607	1	1	0	-15.6639
1.37607	1	2	0	-11.4268
1.37607	1	3	0	-10.0533
1.37607	1	4	0	-15.9569
1.37607	1	5	0	-19.7571
1.37607	1	6	0	-25.0536
1.37707	1	1	0	-15.6702
1.37707	1	2	0	-11.4271
1.37707	1	3	0	-10.0726
1.37707	1	4	0	-15.9509
1.37707	1	5	0	-19.7582
1.37707	1	6	0	-25.1146
1.37807	1	1	0	-15.7378
1.37807	1	2	0	-11.4367
1.37807	1	3	0	-10.0475
1.37807	1	4	0	-15.9909
1.37807	1	5	0	-19.7024
1.37807	1	6	0	-25.0984
1.37907	1	1	0	-15.7056
1.37907	1	2	0	-11.3803
1.37907	1	3	0	-10.0319
1.37907	1	4	0	-16.0364
1.37907	1	5	0	-19.6554
1.37907	1	6	0	-25.1299
1.38007	1	1	0	-15.7092
1.38007	1	2	0	-11.3483
1.38007	1	3	0	-22.8526
1.38007	1	4	0	-16.4435
1.38007	1	5	0	-19.6844
1.38007	1	6	0	-25.1804
1.38007	3	1	0	-10.9156
1.38007	3	2	0	11.6822
1.38007	3	3	0	-3.30886
1.38007	3	4	0	-8.58785
1.38107	1	1	0	-15.7097
1.38107	1	2	0	-11.3481
1.38107	1	3	0	-10.0101
1.38107	1	4	0	-16.0281
1.38107	1	5	0	-19.6709
1.38107	1	6	0	-25.1348
1.38207	1	1	0	-15.713
1.38207	1	2	0	-11.39
1.38207	1	3	0	-10.0442
1.38207	1	4	0	-16.024
1.38207	1	5	0	-19.6764
1.38207	1	6	0	-25.0958
1.38307	1	1	0	-15.7293
1.38307	1	2	0	-11.3788
1.38307	1	3	0	-9.99375
1.38307	1	4	0	-15.9912
1.38307	1	5	0	-19.659
1.38307	1	6	0	-25.1027
1.38407	1	1	0	-15.7535
1.38407	1	2	0	-11.3719
1.38407	1	3	0	-9.96875
1.38407	1	4	0	-15.9824
1.38407	1	5	0	-19.6123
1.38407	1	6	0	-25.0442
1.38507	1	1	0	-15.7329
1.38507	1	2	0	-11.3513
1.38507	1	3	0	-22.7599
1.38507	1	4	0	-16.3731
1.38507	1	5	0	-19.5828
1.38507	1	6	0	-25.0196
1.38507	3	1	0	-10.9023
1.38507	3	2	0	11.7718
1.38507	3	3	0	-3.20298
1.38507	3	4	0	-8.57731
1.38607	1	1	0	-15.7203
1.38607	1	2	0	-11.3498
1.38607	1	3	0	-9.91225
1.38607	1	4	0	-15.9677
1.38607	1	5	0	-19.5787
1.38607	1	6	0	-25.0572
1.38707	1	1	0	-15.7565
1.38707	1	2	0	-11.3452
1.38707	1	3	0	-9.90763
1.38707	1	4	0	-15.9886
1.38707	1	5	0	-19.5884
1.38707	1	6	0	-25.13
1.38807	1	1	0	-15.775
1.38807	1	2	0	-11.3903
1.38807	1	3	0	-9.89199
1.38807	1	4	0	-15.9817
1.38807	1	5	0	-19.6081
1.38807	1	6	0	-25.1858
1.38907	1	1	0	-15.756
1.38907	1	2	0	-11.3954
1.38907	1	3	0	-9.91486
1.38907	1	4	0	-15.9532
1.38907	1	5	0	-19.5836
1.38907	1	6	0	-25.2157
1.39007	1	1	0	-15.7756
1.39007	1	2	0	-11.4031
1.39007	1	3	0	-22.6789
1.39007	1	4	0	-16.322
1.39007	1	5	0	-19.5359
1.39007	1	6	0	-25.2343
1.39007	3	1	0	-10.9711
1.39007	3	2	0	11.8561
1.39007	3	3	0	-3.1795
1.39007	3	4	0	-8.58895
1.39107	1	1	0	-15.7625
1.39107	1	2	0	-11.376
1.39107	1	3	0	-9.89172
1.39107	1	4	0	-15.9223
1.39107	1	5	0	-19.5407
1.39107	1	6	0	-25.2195
1.39207	1	1	0	-15.7466
1.39207	1	2	0	-11.3447
1.39207	1	3	0	-9.86202
1.39207	1	4	0	-15.9392
1.39207	1	5	0	-19.4892
1.39207	1	6	0	-25.2436
1.39307	1	1	0	-15.73
1.39307	1	2	0	-11.3813
1.39307	1	3	0	-9.86293
1.39307	1	4	0	-15.9343
1.39307	1	5	0	-19.4846
1.39307	1	6	0	-25.228
1.39407	1	1	0	-15.7607
1.39407	1	2	0	-11.3975
1.39407	1	3	0	-9.82675
1.39407	1	4	0	-15.9568
1.39407	1	5	0	-19.5112
1.39407	1	6	0	-25.2001
1.39507	1	1	0	-15.7674
1.39507	1	2	0	-11.3651
1.39507	1	3	0	-22.5843
1.39507	1	4	0	-16.3526
1.39507	1	5	0	-19.4701
1.39507	1	6	0	-25.1402
1.39507	3	1	0	-10.911
1.39507	3	2	0	11.847
1.39507	3	3	0	-3.1638
1.39507	3	4	0	-8.56177
1.39607	1	1	0	-15.7084
1.39607	1	2	0	-11.3517
1.39607	1	3	0	-9.83082
1.39607	1	4	0	-15.9544
1.39607	1	5	0	-19.4759
1.39607	1	6	0	-25.1156
1.39707	1	1	0	-15.7408
1.39707	1	2	0	-11.4038
1.39707	1	3	0	-9.82464
1.39707	1	4	0	-15.9307
1.39707	1	5	0	-19.4612
1.39707	1	6	0	-25.1654
1.39807	1	1	0	-15.6976
1.39807	1	2	0	-11.3988
1.39807	1	3	0	-9.82847
1.39807	1	4	0	-15.9049
1.39807	1	5	0	-19.4405
1.39807	1	6	0	-25.1231
1.39907	1	1	0	-15.7369
1.39907	1	2	0	-11.3658
1.39907	1	3	0	-9.83161
1.39907	1	4	0	-15.9408
1.39907	1	5	0	-19.4144
1.39907	1	6	0	-25.1267
1.40007	1	1	0	-15.7579
1.40007	1	2	0	-11.3503
1.40007	1	3	0	-22.5736
1.40007	1	4	0	-16.3509
1.40007	1	5	0	-19.4459
1.40007	1	6	0	-25.1527
1.40007	3	1	0	-10.8335
1.40007	3	2	0	11.8836
1.40007	3	3	0	-3.10212
1.40007	3	4	0	-8.56169
1.40107	1	1	0	-15.7751
1.40107	1	2	0	-11.3576
1.40107	1	3	0	-9.8323
1.40107	1	4	0	-15.9391
1.40107	1	5	0	-19.3891
1.40107	1	6	0	-25.1626
1.40207	1	1	0	-15.7552
1.40207	1	2	0	-11.3405
1.40207	1	3	0	-22.6488
1.40207	1	4	0	-16.3482
1.40207	1	5	0	-19.3836
1.40207	1	6	0	-25.193
1.40207	3	1	0	-10.916
1.40207	3	2	0	11.8462
1.40207	3	3	0	-3.12224
1.40207	3	4	0	-8.57905
1.40307	1	1	0	-15.7871
1.40307	1	2	0	-11.3645
1.40307	1	3	0	-9.78813
1.40307	1	4	0	-15.981
1.40307	1	5	0	-19.3255
1.40307	1	6	0	-25.131
1.40407	1	1	0	-15.811
1.40407	1	2	0	-11.4084
1.40407	1	3	0	-9.79462
1.40407	1	4	0	-15.9637
1.40407	1	5	0	-19.2946
1.40407	1	6	0	-25.1138
1.40507	1	1	0	-15.8234
1.40507	1	2	0	-11.4657
1.40507	1	3	0	-22.5678
1.40507	1	4	0	-16.3609
1.40507	1	5	0	-19.2325
1.40507	1	6	0	-25.1829
1.40507	3	1	0	-10.911
1.40507	3	2	0	11.8732
1.40507	3	3	0	-3.12531
1.40507	3	4	0	-8.61695
1.40607	1	1	0	-15.842
1.40607	1	2	0	-11.4712
1.40607	1	3	0	-22.5395
1.40607	1	4	0	-16.3792
1.40607	1	5	0	-19.1857
1.40607	1	6	0	-25.1901
1.40607	3	1	0	-10.894
1.40607	3	2	0	11.8432
1.40607	3	3	0	-3.15161
1.40607	3	4	0	-8.62973
1.40707	1	1	0	-15.8663
1.40707	1	2	0	-11.4854
1.40707	1	3	0	-9.78474
1.40707	1	4	0	-15.9496
1.40707	1	5	0	-19.1889
1.40707	1	6	0	-25.2088
1.40807	1	1	0	-15.8962
1.40807	1	2	0	-11.489
1.40807	1	3	0	-9.78893
1.40807	1	4	0	-15.9566
1.40807	1	5	0	-19.1247
1.40807	1	6	0	-25.1474
1.40907	1	1	0	-15.8786
1.40907	1	2	0	-11.426
1.40907	1	3	0	-9.81946
1.40907	1	4	0	-15.8998
1.40907	1	5	0	-19.1436
1.40907	1	6	0	-25.167
1.41007	1	1	0	-15.8933
1.41007	1	2	0	-11.4947
1.41007	1	3	0	-22.6164
1.41007	1	4	0	-16.3518
1.41007	1	5	0	-19.1528
1.41007	1	6	0	-25.184
1.41007	3	1	0	-10.8714
1.41007	3	2	0	11.7685
1.41007	3	3	0	-3.1176
1.41007	3	4	0	-8.64789
1.41107	1	1	0	-15.8522
1.41107	1	2	0	-11.4853
1.41107	1	3	0	-9.79658
1.41107	1	4	0	-15.8998
1.41107	1	5	0	-19.1661
1.41107	1	6	0	-25.183
1.41207	1	1	0	-15.8467
1.41207	1	2	0	-11.5017
1.41207	1	3	0	-9.76971
1.41207	1	4	0	-15.882
1.41207	1	5	0	-19.1397
1.41207	1	6	0	-25.2736
1.41307	3	1	0	-10.8119
1.41307	3	2	0	11.7771
1.41307	3	3	0	-3.0772
1.41307	3	4	0	-8.62558
1.41507	1	1	0	-15.9163
1.41507	1	2	0	-11.4597
1.41507	1	3	0	-22.5072
1.41507	1	4	0	-16.3387
1.41507	1	5	0	-19.0153
1.41507	1	6	0	-25.2131
1.41507	3	1	0	-10.9018
1.41507	3	2	0	11.8152
1.41507	3	3	0	-3.09453
1.41507	3	4	0	-8.64776
1.41607	1	1	0	-15.9254
1.41607	1	2	0	-11.4401
1.41607	1	3	0	-9.76189
1.41607	1	4	0	-15.9444
1.41607	1	5	0	-18.9971
1.41607	1	6	0	-25.2715
1.41707	1	1	0	-15.9278
1.41707	1	2	0	-11.4484
1.41707	1	3	0	-9.74254
1.41707	1	4	0	-15.9481
1.41707	1	5	0	-18.9589
1.41707	1	6	0	-25.1804
1.41907	3	1	0	-10.8503
1.41907	3	2	0	11.8207
1.41907	3	3	0	-3.05875
1.41907	3	4	0	-8.7393
1.42007	1	1	0	-15.8582
1.42007	1	2	0	-11.4676
1.42007	1	3	0	-22.4773
1.42007	1	4	0	-16.3357
1.42007	1	5	0	-19.0182
1.42007	1	6	0	-25.1834
1.42007	3	1	0	-10.8646
1.42007	3	2	0	11.827
1.42007	3	3	0	-3.0149
1.42007	3	4	0	-8.76954
1.42107	1	1	0	-15.8247
1.42107	1	2	0	-11.4243
1.42107	1	3	0	-9.75958
1.42107	1	4	0	-15.949
1.42107	1	5	0	-19.0299
1.42107	1	6	0	-25.1522
1.42207	1	1	0	-15.8083
1.42207	1	2	0	-11.4617
1.42207	1	3	0	-9.77172
1.42207	1	4	0	-15.937
1.42207	1	5	0	-18.9976
1.42207	1	6	0	-25.1487
1.42307	1	1	0	-15.8375
1.42307	1	2	0	-11.4403
1.42307	1	3	0	-9.74729
1.42307	1	4	0	-15.9407
1.42307	1	5	0	-18.9838
1.42307	1	6	0	-25.1526
1.42407	1	1	0	-15.8715
1.42407	1	2	0	-11.4419
1.42407	1	3	0	-9.73991
1.42407	1	4	0	-15.8936
1.42407	1	5	0	-18.9619
1.42407	1	6	0	-25.1756
1.42507	1	1	0	-15.9043
1.42507	1	2	0	-11.4139
1.42507	1	3	0	-22.5049
1.42507	1	4	0	-16.2616
1.42507	1	5	0	-18.9317
1.42507	1	6	0	-25.1477
1.42507	3	1	0	-10.9692
1.42507	3	2	0	11.8874
1.42507	3	3	0	-3.0063
1.42507	3	4	0	-8.79667
1.42607	1	1	0	-15.9308
1.42607	1	2	0	-11.4071
1.42607	1	3	0	-22.5578
1.42607	1	4	0	-16.2722
1.42607	1	5	0	-18.9599
1.42607	1	6	0	-25.1666
1.42607	3	1	0	-10.9812
1.42607	3	2	0	11.8927
1.42607	3	3	0	-2.99583
1.42607	3	4	0	-8.77469
1.42707	1	1	0	-15.9284
1.42707	1	2	0	-11.49
1.42707	1	3	0	-9.76595
1.42707	1	4	0	-15.8857
1.42707	1	5	0	-18.9269
1.42707	1	6	0	-25.1672
1.42807	1	1	0	-15.9301
1.42807	1	2	0	-11.4936
1.42807	1	3	0	-9.79156
1.42807	1	4	0	-15.8731
1.42807	1	5	0	-18.883
1.42807	1	6	0	-25.2041
1.42907	1	1	0	-15.9232
1.42907	1	2	0	-11.5162
1.42907	1	3	0	-9.79151
1.42907	1	4	0	-15.8901
1.42907	1	5	0	-18.8794
1.42907	1	6	0	-25.2555
1.43007	1	1	0	-15.912
1.43007	1	2	0	-11.4798
1.43007	1	3	0	-22.6002
1.43007	1	4	0	-16.3022
1.43007	1	5	0	-18.8736
1.43007	1	6	0	-25.2699
1.43007	3	1	0	-10.9676
1.43007	3	2	0	11.8816
1.43007	3	3	0	-3.00369
1.43007	3	4	0	-8.93648
1.43107	1	1	0	-15.903
1.43107	1	2	0	-11.4785
1.43107	1	3	0	-22.6586
1.43107	1	4	0	-16.3017
1.43107	1	5	0	-18.9087
1.43107	1	6	0	-25.3239
1.43107	3	1	0	-10.9715
1.43107	3	2	0	11.8784
1.43107	3	3	0	-3.0412
1.43107	3	4	0	-8.95899
1.43207	1	1	0	-15.8924
1.43207	1	2	0	-11.4769
1.43207	1	3	0	-9.89551
1.43207	1	4	0	-15.891
1.43207	1	5	0	-18.8813
1.43207	1	6	0	-25.3017
1.43307	1	1	0	-15.8718
1.43307	1	2	0	-11.5024
1.43307	1	3	0	-22.7128
1.43307	1	4	0	-16.2673
1.43307	1	5	0	-18.8661
1.43307	1	6	0	-25.3341
1.43307	3	1	0	-10.8727
1.43307	3	2	0	11.8526
1.43307	3	3	0	-3.06232
1.43307	3	4	0	-8.98704
1.43407	1	1	0	-15.8888
1.43407	1	2	0	-11.5407
1.43407	1	3	0	-22.729
1.43407	1	4	0	-16.2518
1.43407	1	5	0	-18.8497
1.43407	1	6	0	-25.2693
1.43407	3	1	0	-10.8944
1.43407	3	2	0	11.8602
1.43407	3	3	0	-3.06855
1.43407	3	4	0	-8.98611
1.43507	1	1	0	-15.8843
1.43507	1	2	0	-11.587
1.43507	1	3	0	-22.7427
1.43507	1	4	0	-16.2292
1.43507	1	5	0	-18.8136
1.43507	1	6	0	-25.2321
1.43507	3	1	0	-10.8339
1.43507	3	2	0	11.8522
1.43507	3	3	0	-3.09085
1.43507	3	4	0	-9.03541
1.43607	1	1	0	-15.8219
1.43607	1	2	0	-11.5688
1.43607	1	3	0	-22.8098
1.43607	1	4	0	-16.2098
1.43607	1	5	0	-18.8229
1.43607	1	6	0	-25.2598
1.43607	3	1	0	-10.8665
1.43607	3	2	0	11.8488
1.43607	3	3	0	-3.07057
1.43607	3	4	0	-9.00545
1.43707	1	1	0	-15.852
1.43707	1	2	0	-11.5837
1.43707	1	3	0	-10.0101
1.43707	1	4	0	-15.7835
1.43707	1	5	0	-18.8075
1.43707	1	6	0	-25.2798
1.43807	1	1	0	-15.8623
1.43807	1	2	0	-11.607
1.43807	1	3	0	-10.0297
1.43807	1	4	0	-15.7764
1.43807	1	5	0	-18.7319
1.43807	1	6	0	-25.2998
1.43907	1	1	0	-15.9186
1.43907	1	2	0	-11.6006
1.43907	1	3	0	-22.9367
1.43907	1	4	0	-16.1974
1.43907	1	5	0	-18.7215
1.43907	1	6	0	-25.2703
1.43907	3	1	0	-10.8911
1.43907	3	2	0	11.8424
1.43907	3	3	0	-2.95734
1.43907	3	4	0	-9.08359
1.44007	1	1	0	-15.9211
1.44007	1	2	0	-11.6663
1.44007	1	3	0	-22.9683
1.44007	1	4	0	-16.1609
1.44007	1	5	0	-18.7573
1.44007	1	6	0	-25.3019
1.44007	3	1	0	-10.8906
1.44007	3	2	0	11.8458
1.44007	3	3	0	-2.92861
1.44007	3	4	0	-9.11351
1.44107	1	1	0	-15.8829
1.44107	1	2	0	-11.6567
1.44107	1	3	0	-23.0104
1.44107	1	4	0	-16.0965
1.44107	1	5	0	-18.786
1.44107	1	6	0	-25.2598
1.44107	3	1	0	-10.8909
1.44107	3	2	0	11.846
1.44107	3	3	0	-2.918
1.44107	3	4	0	-9.06945
1.44207	1	1	0	-15.8958
1.44207	1	2	0	-11.6188
1.44207	1	3	0	-23.05
1.44207	1	4	0	-16.0962
1.44207	1	5	0	-18.82
1.44207	1	6	0	-25.2093
1.44207	3	1	0	-10.8922
1.44207	3	2	0	11.8589
1.44207	3	3	0	-2.90823
1.44207	3	4	0	-9.02669
1.44307	1	1	0	-15.9121
1.44307	1	2	0	-11.5789
1.44307	1	3	0	-23.0473
1.44307	1	4	0	-16.0871
1.44307	1	5	0	-18.7972
1.44307	1	6	0	-25.179
1.44307	3	1	0	-10.904
1.44307	3	2	0	11.8816
1.44307	3	3	0	-2.92046
1.44307	3	4	0	-9.07482
1.44407	1	1	0	-15.9188
1.44407	1	2	0	-11.5667
1.44407	1	3	0	-10.1918
1.44407	1	4	0	-15.6479
1.44407	1	5	0	-18.7509
1.44407	1	6	0	-25.1607
1.44507	1	1	0	-15.9153
1.44507	1	2	0	-11.5701
1.44507	1	3	0	-23.1525
1.44507	1	4	0	-16.0315
1.44507	1	5	0	-18.7754
1.44507	1	6	0	-25.1794
1.44507	3	1	0	-10.9255
1.44507	3	2	0	11.8622
1.44507	3	3	0	-2.87134
1.44507	3	4	0	-9.05275
1.44607	3	1	0	-10.8441
1.44607	3	2	0	11.8705
1.44607	3	3	0	-2.89497
1.44607	3	4	0	-8.98178
1.44707	1	1	0	-15.8982
1.44707	1	2	0	-11.5952
1.44707	1	3	0	-23.2084
1.44707	1	4	0	-16.036
1.44707	1	5	0	-18.8272
1.44707	1	6	0	-25.2517
1.44707	3	1	0	-10.9558
1.44707	3	2	0	11.8697
1.44707	3	3	0	-2.8779
1.44707	3	4	0	-9.00036
1.45007	1	1	0	-15.9103
1.45007	1	2	0	-11.706
1.45007	1	3	0	-23.1813
1.45007	1	4	0	-16.0803
1.45007	1	5	0	-18.8107
1.45007	1	6	0	-25.2401
1.45007	3	1	0	-10.9037
1.45007	3	2	0	11.8468
1.45007	3	3	0	-2.83034
1.45007	3	4	0	-9.12331
1.45407	1	1	0	-15.9535
1.45407	1	2	0	-11.6991
1.45407	1	3	0	-23.2713
1.45407	1	4	0	-16.0634
1.45407	1	5	0	-18.6628
1.45407	1	6	0	-25.3267
1.45407	3	1	0	-10.9733
1.45407	3	2	0	11.8014
1.45407	3	3	0	-2.73325
1.45407	3	4	0	-9.14015
1.45507	1	1	0	-15.9791
1.45507	1	2	0	-11.7008
1.45507	1	3	0	-23.3085
1.45507	1	4	0	-16.0421
1.45507	1	5	0	-18.6571
1.45507	1	6	0	-25.3195
1.45507	3	1	0	-10.9806
1.45507	3	2	0	11.7995
1.45507	3	3	0	-2.73433
1.45507	3	4	0	-9.12811
1.45607	1	1	0	-16.001
1.45607	1	2	0	-11.7239
1.45607	1	3	0	-10.3835
1.45607	1	4	0	-15.6581
1.45607	1	5	0	-18.7141
1.45607	1	6	0	-25.2785
1.45707	1	1	0	-15.9513
1.45707	1	2	0	-11.723
1.45707	1	3	0	-10.398
1.45707	1	4	0	-15.6405
1.45707	1	5	0	-18.8044
1.45707	1	6	0	-25.1863
1.45807	1	1	0	-15.9934
1.45807	1	2	0	-11.6881
1.45807	1	3	0	-10.3697
1.45807	1	4	0	-15.6186
1.45807	1	5	0	-18.7645
1.45807	1	6	0	-25.1987
1.45907	1	1	0	-16.0374
1.45907	1	2	0	-11.7146
1.45907	1	3	0	-10.3787
1.45907	1	4	0	-15.6268
1.45907	1	5	0	-18.7775
1.45907	1	6	0	-25.1387
1.46007	1	1	0	-16.0605
1.46007	1	2	0	-11.6887
1.46007	1	3	0	-23.4768
1.46007	1	4	0	-16.0202
1.46007	1	5	0	-18.8067
1.46007	1	6	0	-25.1602
1.46007	3	1	0	-11.0227
1.46007	3	2	0	11.7304
1.46007	3	3	0	-2.63491
1.46007	3	4	0	-9.31008
1.46107	1	1	0	-16.0343
1.46107	1	2	0	-11.7578
1.46107	1	3	0	-23.543
1.46107	1	4	0	-16.0699
1.46107	1	5	0	-18.8258
1.46107	1	6	0	-25.1481
1.46107	3	1	0	-10.9836
1.46107	3	2	0	11.7247
1.46107	3	3	0	-2.66194
1.46107	3	4	0	-9.30647
1.46207	1	1	0	-16.066
1.46207	1	2	0	-11.7868
1.46207	1	3	0	-10.4689
1.46207	1	4	0	-15.6615
1.46207	1	5	0	-18.8399
1.46207	1	6	0	-25.0379
1.46307	1	1	0	-16.0645
1.46307	1	2	0	-11.8192
1.46307	1	3	0	-10.4756
1.46307	1	4	0	-15.6374
1.46307	1	5	0	-18.8387
1.46307	1	6	0	-25.0261
1.46407	1	1	0	-16.0844
1.46407	1	2	0	-11.7636
1.46407	1	3	0	-10.5061
1.46407	1	4	0	-15.6378
1.46407	1	5	0	-18.9069
1.46407	1	6	0	-25.0448
1.46507	1	1	0	-16.0646
1.46507	1	2	0	-11.7598
1.46507	1	3	0	-23.6289
1.46507	1	4	0	-16.0771
1.46507	1	5	0	-18.9228
1.46507	1	6	0	-25.1
1.46507	3	1	0	-11.0718
1.46507	3	2	0	11.6634
1.46507	3	3	0	-2.71148
1.46507	3	4	0	-9.4186
1.46607	1	1	0	-16.0896
1.46607	1	2	0	-11.7825
1.46607	1	3	0	-23.6557
1.46607	1	4	0	-16.1036
1.46607	1	5	0	-18.8952
1.46607	1	6	0	-25.0778
1.46607	3	1	0	-11.0427
1.46607	3	2	0	11.6816
1.46607	3	3	0	-2.70221
1.46607	3	4	0	-9.46684
1.46707	1	1	0	-16.0692
1.46707	1	2	0	-11.7624
1.46707	1	3	0	-10.5353
1.46707	1	4	0	-15.6971
1.46707	1	5	0	-18.8649
1.46707	1	6	0	-25.0551
1.46807	1	1	0	-16.0764
1.46807	1	2	0	-11.7399
1.46807	1	3	0	-10.5059
1.46807	1	4	0	-15.7222
1.46807	1	5	0	-18.8603
1.46807	1	6	0	-25.0812
1.47007	1	1	0	-16.0661
1.47007	1	2	0	-11.8498
1.47007	1	3	0	-23.7147
1.47007	1	4	0	-16.146
1.47007	1	5	0	-18.9237
1.47007	1	6	0	-25.0961
1.47007	3	1	0	-11.1056
1.47007	3	2	0	11.7344
1.47007	3	3	0	-2.73382
1.47007	3	4	0	-9.54325
1.47107	1	1	0	-16.0334
1.47107	1	2	0	-11.8532
1.47107	1	3	0	-10.5538
1.47107	1	4	0	-15.7189
1.47107	1	5	0	-18.9213
1.47107	1	6	0	-25.0544
1.47207	3	1	0	-11.0215
1.47207	3	2	0	11.6942
1.47207	3	3	0	-2.72743
1.47207	3	4	0	-9.55868
1.47307	3	1	0	-11.0182
1.47307	3	2	0	11.682
1.47307	3	3	0	-2.73551
1.47307	3	4	0	-9.5932
1.47407	1	1	0	-16.1077
1.47407	1	2	0	-11.7423
1.47407	1	3	0	-10.6241
1.47407	1	4	0	-15.7363
1.47407	1	5	0	-18.935
1.47407	1	6	0	-25.0556
1.47507	1	1	0	-16.0966
1.47507	1	2	0	-11.7406
1.47507	1	3	0	-23.7733
1.47507	1	4	0	-16.1729
1.47507	1	5	0	-18.9661
1.47507	1	6	0	-25.0919
1.47507	3	1	0	-11.1037
1.47507	3	2	0	11.6785
1.47507	3	3	0	-2.71015
1.47507	3	4	0	-9.62495
1.47807	3	1	0	-11.0039
1.47807	3	2	0	11.6349
1.47807	3	3	0	-2.68899
1.47807	3	4	0	-9.64958
1.48007	1	1	0	-16.0274
1.48007	1	2	0	-11.7836
1.48007	1	3	0	-23.9023
1.48007	1	4	0	-16.1645
1.48007	1	5	0	-19.1181
1.48007	1	6	0	-25.0555
1.48007	3	1	0	-11.0132
1.48007	3	2	0	11.6287
1.48007	3	3	0	-2.73591
1.48007	3	4	0	-9.68322
1.48107	3	1	0	-10.9218
1.48107	3	2	0	11.6342
1.48107	3	3	0	-2.72857
1.48107	3	4	0	-9.6914
1.48207	3	1	0	-10.889
1.48207	3	2	0	11.6628
1.48207	3	3	0	-2.71302
1.48207	3	4	0	-9.68767
1.48507	1	1	0	-16.0894
1.48507	1	2	0	-11.6716
1.48507	1	3	0	-24.0577
1.48507	1	4	0	-16.0568
1.48507	1	5	0	-19.3874
1.48507	1	6	0	-25.0988
1.48507	3	1	0	-10.998
1.48507	3	2	0	11.6067
1.48507	3	3	0	-2.74127
1.48507	3	4	0	-9.64507
1.48607	3	1	0	-10.9777
1.48607	3	2	0	11.6099
1.48607	3	3	0	-2.76554
1.48607	3	4	0	-9.69208
1.48707	3	1	0	-10.986
1.48707	3	2	0	11.5498
1.48707	3	3	0	-2.76772
1.48707	3	4	0	-9.7225
1.48907	1	1	0	-16.1364
1.48907	1	2	0	-11.6922
1.48907	1	3	0	-10.8365
1.48907	1	4	0	-15.6176
1.48907	1	5	0	-19.3859
1.48907	1	6	0	-25.0985
1.49007	1	1	0	-16.1329
1.49007	1	2	0	-11.6328
1.49007	1	3	0	-24.1047
1.49007	1	4	0	-16.06
1.49007	1	5	0	-19.4135
1.49007	1	6	0	-25.1072
1.49007	3	1	0	-11.1191
1.49007	3	2	0	11.5046
1.49007	3	3	0	-2.73889
1.49007	3	4	0	-9.71832
1.49307	3	1	0	-10.9663
1.49307	3	2	0	11.4406
1.49307	3	3	0	-2.77847
1.49307	3	4	0	-9.72379
1.49407	3	1	0	-10.9941
1.49407	3	2	0	11.4314
1.49407	3	3	0	-2.77491
1.49407	3	4	0	-9.76856
1.49507	1	1	0	-16.0947
1.49507	1	2	0	-11.6648
1.49507	1	3	0	-24.0871
1.49507	1	4	0	-16.1122
1.49507	1	5	0	-19.6005
1.49507	1	6	0	-25.1524
1.49507	3	1	0	-11.0887
1.49507	3	2	0	11.4573
1.49507	3	3	0	-2.78187
1.49507	3	4	0	-9.76645
1.49907	1	1	0	-16.1563
1.49907	1	2	0	-11.5452
1.49907	1	3	0	-24.1136
1.49907	1	4	0	-16.087
1.49907	1	5	0	-19.6652
1.49907	1	6	0	-25.1747
1.49907	3	1	0	-11.1713
1.49907	3	2	0	11.4031
1.49907	3	3	0	-2.69802
1.49907	3	4	0	-9.74168
1.50007	1	1	0	-16.143
1.50007	1	2	0	-11.5153
1.50007	1	3	0	-24.1303
1.50007	1	4	0	-16.1217
1.50007	1	5	0	-19.703
1.50007	1	6	0	-25.159
1.50007	3	1	0	-11.1364
1.50007	3	2	0	11.408
1.50007	3	3	0	-2.71652
1.50007	3	4	0	-9.73012
1.50107	3	1	0	-11.1093
1.50107	3	2	0	11.3634
1.50107	3	3	0	-2.70323
1.50107	3	4	0	-9.74699
1.50207	3	1	0	-11.1447
1.50207	3	2	0	11.4174
1.50207	3	3	0	-2.70695
1.50207	3	4	0	-9.75709
1.50407	1	1	0	-16.1225
1.50407	1	2	0	-11.6453
1.50407	1	3	0	-10.9628
1.50407	1	4	0	-15.6794
1.50407	1	5	0	-19.83
1.50407	1	6	0	-25.1712
1.50507	1	1	0	-16.1021
1.50507	1	2	0	-11.5652
1.50507	1	3	0	-24.1883
1.50507	1	4	0	-16.1659
1.50507	1	5	0	-19.8727
1.50507	1	6	0	-25.1621
1.50507	3	1	0	-11.2642
1.50507	3	2	0	11.4052
1.50507	3	3	0	-2.75361
1.50507	3	4	0	-9.86975
1.50607	3	1	0	-11.2253
1.50607	3	2	0	11.3965
1.50607	3	3	0	-2.75369
1.50607	3	4	0	-9.89802
1.51007	1	1	0	-16.1529
1.51007	1	2	0	-11.487
1.51007	1	3	0	-24.2181
1.51007	1	4	0	-16.1068
1.51007	1	5	0	-20.1005
1.51007	1	6	0	-25.1981
1.51007	3	1	0	-11.307
1.51007	3	2	0	11.3883
1.51007	3	3	0	-2.73811
1.51007	3	4	0	-9.91068
1.51207	3	1	0	-11.1733
1.51207	3	2	0	11.3722
1.51207	3	3	0	-2.75146
1.51207	3	4	0	-9.93069
1.51307	3	1	0	-11.1726
1.51307	3	2	0	11.3576
1.51307	3	3	0	-2.77757
1.51307	3	4	0	-9.92567
1.51507	1	1	0	-16.1647
1.51507	1	2	0	-11.471
1.51507	1	3	0	-24.185
1.51507	1	4	0	-16.1016
1.51507	1	5	0	-20.0774
1.51507	1	6	0	-25.2608
1.51507	3	1	0	-11.2168
1.51507	3	2	0	11.3704
1.51507	3	3	0	-2.79974
1.51507	3	4	0	-9.95134
1.51807	1	1	0	-16.1737
1.51807	1	2	0	-11.4361
1.51807	1	3	0	-24.2265
1.51807	1	4	0	-16.0618
1.51807	1	5	0	-20.0663
1.51807	1	6	0	-25.2398
1.51807	3	1	0	-11.1935
1.51807	3	2	0	11.397
1.51807	3	3	0	-2.85421
1.51807	3	4	0	-9.84596
1.51907	3	1	0	-11.1484
1.51907	3	2	0	11.3492
1.51907	3	3	0	-2.84992
1.51907	3	4	0	-9.83633
1.52007	1	1	0	-16.1296
1.52007	1	2	0	-11.3886
1.52007	1	3	0	-24.1824
1.52007	1	4	0	-16.0928
1.52007	1	5	0	-20.081
1.52007	1	6	0	-25.2059
1.52007	3	1	0	-11.2254
1.52007	3	2	0	11.3633
1.52007	3	3	0	-2.81166
1.52007	3	4	0	-9.80245
1.52107	3	1	0	-11.1567
1.52107	3	2	0	11.3787
1.52107	3	3	0	-2.81754
1.52107	3	4	0	-9.7988
1.52507	1	1	0	-16.1534
1.52507	1	2	0	-11.6371
1.52507	1	3	0	-24.1947
1.52507	1	4	0	-16.1517
1.52507	1	5	0	-20.3029
1.52507	1	6	0	-25.2449
1.52507	3	1	0	-11.2372
1.52507	3	2	0	11.3896
1.52507	3	3	0	-2.78924
1.52507	3	4	0	-9.87131
1.52607	1	1	0	-16.1405
1.52607	1	2	0	-11.6466
1.52607	1	3	0	-24.2334
1.52607	1	4	0	-16.1497
1.52607	1	5	0	-20.2758
1.52607	1	6	0	-25.2189
1.52607	3	1	0	-11.2777
1.52607	3	2	0	11.3777
1.52607	3	3	0	-2.76588
1.52607	3	4	0	-9.8683
1.52707	1	1	0	-16.1778
1.52707	1	2	0	-11.6366
1.52707	1	3	0	-24.2152
1.52707	1	4	0	-16.1441
1.52707	1	5	0	-20.3043
1.52707	1	6	0	-25.2032
1.52707	3	1	0	-11.3145
1.52707	3	2	0	11.3904
1.52707	3	3	0	-2.85925
1.52707	3	4	0	-9.87166
1.52807	1	1	0	-16.1998
1.52807	1	2	0	-11.6357
1.52807	1	3	0	-11.0292
1.52807	1	4	0	-15.649
1.52807	1	5	0	-20.3091
1.52807	1	6	0	-25.1658
1.52907	1	1	0	-16.2109
1.52907	1	2	0	-11.6071
1.52907	1	3	0	-11.0545
1.52907	1	4	0	-15.6432
1.52907	1	5	0	-20.337
1.52907	1	6	0	-25.1682
1.53007	1	1	0	-16.1963
1.53007	1	2	0	-11.5834
1.53007	1	3	0	-24.2844
1.53007	1	4	0	-16.1883
1.53007	1	5	0	-20.3393
1.53007	1	6	0	-25.2209
1.53007	3	1	0	-11.3362
1.53007	3	2	0	11.3313
1.53007	3	3	0	-2.86822
1.53007	3	4	0	-9.87264
1.53107	1	1	0	-16.1789
1.53107	1	2	0	-11.6242
1.53107	1	3	0	-11.0848
1.53107	1	4	0	-15.7285
1.53107	1	5	0	-20.3322
1.53107	1	6	0	-25.2015
1.53207	1	1	0	-16.1744
1.53207	1	2	0	-11.6153
1.53207	1	3	0	-11.049
1.53207	1	4	0	-15.7211
1.53207	1	5	0	-20.323
1.53207	1	6	0	-25.2205
1.53307	1	1	0	-16.1297
1.53307	1	2	0	-11.6565
1.53307	1	3	0	-24.3073
1.53307	1	4	0	-16.2232
1.53307	1	5	0	-20.3564
1.53307	1	6	0	-25.27
1.53307	3	1	0	-11.3701
1.53307	3	2	0	11.3682
1.53307	3	3	0	-2.87148
1.53307	3	4	0	-9.86309
1.53407	1	1	0	-16.1078
1.53407	1	2	0	-11.6458
1.53407	1	3	0	-24.3224
1.53407	1	4	0	-16.2118
1.53407	1	5	0	-20.3252
1.53407	1	6	0	-25.2624
1.53407	3	1	0	-11.3999
1.53407	3	2	0	11.3308
1.53407	3	3	0	-2.88431
1.53407	3	4	0	-9.82785
1.53507	1	1	0	-16.1148
1.53507	1	2	0	-11.6392
1.53507	1	3	0	-24.2958
1.53507	1	4	0	-16.185
1.53507	1	5	0	-20.3378
1.53507	1	6	0	-25.3103
1.53507	3	1	0	-11.3924
1.53507	3	2	0	11.3278
1.53507	3	3	0	-2.93053
1.53507	3	4	0	-9.81662
1.53607	1	1	0	-16.0989
1.53607	1	2	0	-11.607
1.53607	1	3	0	-11.0447
1.53607	1	4	0	-15.6907
1.53607	1	5	0	-20.3439
1.53607	1	6	0	-25.2322
1.53707	1	1	0	-16.1065
1.53707	1	2	0	-11.591
1.53707	1	3	0	-11.0439
1.53707	1	4	0	-15.7287
1.53707	1	5	0	-20.3514
1.53707	1	6	0	-25.2714
1.53807	1	1	0	-16.1093
1.53807	1	2	0	-11.564
1.53807	1	3	0	-11.0353
1.53807	1	4	0	-15.7217
1.53807	1	5	0	-20.3779
1.53807	1	6	0	-25.2778
1.53907	1	1	0	-16.1223
1.53907	1	2	0	-11.5798
1.53907	1	3	0	-24.2196
1.53907	1	4	0	-16.2021
1.53907	1	5	0	-20.3322
1.53907	1	6	0	-25.2954
1.53907	3	1	0	-11.4067
1.53907	3	2	0	11.2875
1.53907	3	3	0	-2.97231
1.53907	3	4	0	-9.80463
1.54007	1	1	0	-16.1088
1.54007	1	2	0	-11.6041
1.54007	1	3	0	-24.2082
1.54007	1	4	0	-16.2086
1.54007	1	5	0	-20.338
1.54007	1	6	0	-25.2812
1.54007	3	1	0	-11.4175
1.54007	3	2	0	11.3212
1.54007	3	3	0	-2.92993
1.54007	3	4	0	-9.78005
1.54107	1	1	0	-16.105
1.54107	1	2	0	-11.626
1.54107	1	3	0	-24.2357
1.54107	1	4	0	-16.2046
1.54107	1	5	0	-20.3157
1.54107	1	6	0	-25.2937
1.54107	3	1	0	-11.4816
1.54107	3	2	0	11.2665
1.54107	3	3	0	-2.91634
1.54107	3	4	0	-9.75182
1.54207	1	1	0	-16.1105
1.54207	1	2	0	-11.603
1.54207	1	3	0	-11.0688
1.54207	1	4	0	-15.6726
1.54207	1	5	0	-20.3037
1.54207	1	6	0	-25.2661
1.54307	1	1	0	-16.0969
1.54307	1	2	0	-11.6179
1.54307	1	3	0	-11.0707
1.54307	1	4	0	-15.6557
1.54307	1	5	0	-20.2624
1.54307	1	6	0	-25.2655
1.54407	1	1	0	-16.0954
1.54407	1	2	0	-11.5648
1.54407	1	3	0	-11.0772
1.54407	1	4	0	-15.6825
1.54407	1	5	0	-20.2466
1.54407	1	6	0	-25.2632
1.54507	1	1	0	-16.1211
1.54507	1	2	0	-11.5702
1.54507	1	3	0	-24.2162
1.54507	1	4	0	-16.1925
1.54507	1	5	0	-20.1999
1.54507	1	6	0	-25.3335
1.54507	3	1	0	-11.4455
1.54507	3	2	0	11.1922
1.54507	3	3	0	-2.85024
1.54507	3	4	0	-9.65246
1.54607	1	1	0	-16.0969
1.54607	1	2	0	-11.579
1.54607	1	3	0	-11.0955
1.54607	1	4	0	-15.6658
1.54607	1	5	0	-20.1732
1.54607	1	6	0	-25.3721
1.54707	1	1	0	-16.128
1.54707	1	2	0	-11.6145
1.54707	1	3	0	-24.2427
1.54707	1	4	0	-16.1882
1.54707	1	5	0	-20.1679
1.54707	1	6	0	-25.4688
1.54707	3	1	0	-11.4109
1.54707	3	2	0	11.1848
1.54707	3	3	0	-2.84965
1.54707	3	4	0	-9.61487
1.54807	1	1	0	-16.0993
1.54807	1	2	0	-11.6438
1.54807	1	3	0	-11.1942
1.54807	1	4	0	-15.6342
1.54807	1	5	0	-20.1393
1.54807	1	6	0	-25.4136
1.54907	1	1	0	-16.1012
1.54907	1	2	0	-11.6567
1.54907	1	3	0	-11.1883
1.54907	1	4	0	-15.6267
1.54907	1	5	0	-20.1285
1.54907	1	6	0	-25.4754
1.55007	1	1	0	-16.0923
1.55007	1	2	0	-11.643
1.55007	1	3	0	-24.2851
1.55007	1	4	0	-16.1539
1.55007	1	5	0	-20.1242
1.55007	1	6	0	-25.5051
1.55007	3	1	0	-11.443
1.55007	3	2	0	11.2067
1.55007	3	3	0	-2.88991
1.55007	3	4	0	-9.55226
1.55107	1	1	0	-16.0323
1.55107	1	2	0	-11.5843
1.55107	1	3	0	-24.2369
1.55107	1	4	0	-16.1295
1.55107	1	5	0	-20.0926
1.55107	1	6	0	-25.5161
1.55107	3	1	0	-11.4835
1.55107	3	2	0	11.214
1.55107	3	3	0	-2.90159
1.55107	3	4	0	-9.57219
1.55207	1	1	0	-16.0016
1.55207	1	2	0	-11.6084
1.55207	1	3	0	-11.1994
1.55207	1	4	0	-15.5953
1.55207	1	5	0	-20.0544
1.55207	1	6	0	-25.4774
1.55307	1	1	0	-16.0122
1.55307	1	2	0	-11.6156
1.55307	1	3	0	-24.2377
1.55307	1	4	0	-16.0935
1.55307	1	5	0	-19.9907
1.55307	1	6	0	-25.5122
1.55307	3	1	0	-11.4457
1.55307	3	2	0	11.1661
1.55307	3	3	0	-2.85342
1.55307	3	4	0	-9.51797
1.55407	1	1	0	-15.9565
1.55407	1	2	0	-11.6432
1.55407	1	3	0	-11.1743
1.55407	1	4	0	-15.5957
1.55407	1	5	0	-19.9622
1.55407	1	6	0	-25.4622
1.55507	1	1	0	-15.9597
1.55507	1	2	0	-11.6683
1.55507	1	3	0	-24.2552
1.55507	1	4	0	-16.1309
1.55507	1	5	0	-19.9863
1.55507	1	6	0	-25.4799
1.55507	3	1	0	-11.3912
1.55507	3	2	0	11.167
1.55507	3	3	0	-2.8716
1.55507	3	4	0	-9.47599
1.55607	1	1	0	-15.9644
1.55607	1	2	0	-11.6147
1.55607	1	3	0	-11.15
1.55607	1	4	0	-15.5758
1.55607	1	5	0	-19.9765
1.55607	1	6	0	-25.4888
1.55707	3	1	0	-11.2943
1.55707	3	2	0	11.1138
1.55707	3	3	0	-2.86621
1.55707	3	4	0	-9.3934
1.55807	1	1	0	-15.9164
1.55807	1	2	0	-11.5882
1.55807	1	3	0	-11.1698
1.55807	1	4	0	-15.5505
1.55807	1	5	0	-19.8848
1.55807	1	6	0	-25.5668
1.55907	3	1	0	-11.2967
1.55907	3	2	0	11.0979
1.55907	3	3	0	-2.84941
1.55907	3	4	0	-9.35781
1.56007	1	1	0	-15.9618
1.56007	1	2	0	-11.5774
1.56007	1	3	0	-24.2596
1.56007	1	4	0	-16.0931
1.56007	1	5	0	-19.7711
1.56007	1	6	0	-25.564
1.56007	3	1	0	-11.3609
1.56007	3	2	0	11.1355
1.56007	3	3	0	-2.81948
1.56007	3	4	0	-9.34083
1.56207	1	1	0	-15.9951
1.56207	1	2	0	-11.6156
1.56207	1	3	0	-24.1827
1.56207	1	4	0	-16.0016
1.56207	1	5	0	-19.6486
1.56207	1	6	0	-25.5701
1.56207	3	1	0	-11.4291
1.56207	3	2	0	11.1195
1.56207	3	3	0	-2.85277
1.56207	3	4	0	-9.2756
1.56307	1	1	0	-15.9795
1.56307	1	2	0	-11.6125
1.56307	1	3	0	-24.2475
1.56307	1	4	0	-16.0201
1.56307	1	5	0	-19.6288
1.56307	1	6	0	-25.5466
1.56307	3	1	0	-11.4179
1.56307	3	2	0	11.1048
1.56307	3	3	0	-2.87011
1.56307	3	4	0	-9.25145
1.56507	1	1	0	-15.9698
1.56507	1	2	0	-11.6197
1.56507	1	3	0	-24.2422
1.56507	1	4	0	-16.0208
1.56507	1	5	0	-19.5186
1.56507	1	6	0	-25.6269
1.56507	3	1	0	-11.437
1.56507	3	2	0	11.1047
1.56507	3	3	0	-2.95814
1.56507	3	4	0	-9.20781
1.56607	3	1	0	-11.3672
1.56607	3	2	0	11.0922
1.56607	3	3	0	-2.91964
1.56607	3	4	0	-9.16695
1.56707	1	1	0	-15.9884
1.56707	1	2	0	-11.7031
1.56707	1	3	0	-11.0997
1.56707	1	4	0	-15.5027
1.56707	1	5	0	-19.4554
1.56707	1	6	0	-25.6048
1.56907	1	1	0	-16.0039
1.56907	1	2	0	-11.6993
1.56907	1	3	0	-24.1887
1.56907	1	4	0	-16.0525
1.56907	1	5	0	-19.485
1.56907	1	6	0	-25.5869
1.56907	3	1	0	-11.4254
1.56907	3	2	0	11.0116
1.56907	3	3	0	-2.91786
1.56907	3	4	0	-9.13722
1.57007	1	1	0	-16.0136
1.57007	1	2	0	-11.7335
1.57007	1	3	0	-24.2294
1.57007	1	4	0	-16.0431
1.57007	1	5	0	-19.4622
1.57007	1	6	0	-25.5575
1.57007	3	1	0	-11.4393
1.57007	3	2	0	10.992
1.57007	3	3	0	-2.92302
1.57007	3	4	0	-9.13251
1.57107	3	1	0	-11.3352
1.57107	3	2	0	11.0158
1.57107	3	3	0	-2.90201
1.57107	3	4	0	-9.12478
1.57307	1	1	0	-15.9585
1.57307	1	2	0	-11.7015
1.57307	1	3	0	-11.102
1.57307	1	4	0	-15.4219
1.57307	1	5	0	-19.3797
1.57307	1	6	0	-25.4123
1.57407	1	1	0	-15.9568
1.57407	1	2	0	-11.6866
1.57407	1	3	0	-11.1104
1.57407	1	4	0	-15.4163
1.57407	1	5	0	-19.3345
1.57407	1	6	0	-25.4687
1.57507	1	1	0	-15.9929
1.57507	1	2	0	-11.6916
1.57507	1	3	0	-24.2309
1.57507	1	4	0	-15.9685
1.57507	1	5	0	-19.2617
1.57507	1	6	0	-25.4745
1.57507	3	1	0	-11.4279
1.57507	3	2	0	10.9665
1.57507	3	3	0	-2.93107
1.57507	3	4	0	-8.9959
1.57607	1	1	0	-15.9964
1.57607	1	2	0	-11.7418
1.57607	1	3	0	-11.1223
1.57607	1	4	0	-15.4396
1.57607	1	5	0	-19.201
1.57607	1	6	0	-25.4234
1.57707	3	1	0	-11.3512
1.57707	3	2	0	11.0033
1.57707	3	3	0	-2.91674
1.57707	3	4	0	-8.95611
1.57807	1	1	0	-16.038
1.57807	1	2	0	-11.7033
1.57807	1	3	0	-11.0543
1.57807	1	4	0	-15.3866
1.57807	1	5	0	-19.1876
1.57807	1	6	0	-25.3589
1.57907	1	1	0	-16.0057
1.57907	1	2	0	-11.6961
1.57907	1	3	0	-11.058
1.57907	1	4	0	-15.4223
1.57907	1	5	0	-19.1921
1.57907	1	6	0	-25.4215
1.58007	1	1	0	-15.9787
1.58007	1	2	0	-11.674
1.58007	1	3	0	-24.1415
1.58007	1	4	0	-15.9877
1.58007	1	5	0	-19.1284
1.58007	1	6	0	-25.4477
1.58007	3	1	0	-11.4948
1.58007	3	2	0	10.9991
1.58007	3	3	0	-2.91051
1.58007	3	4	0	-8.81459
1.58107	1	1	0	-15.9885
1.58107	1	2	0	-11.7331
1.58107	1	3	0	-11.0728
1.58107	1	4	0	-15.4249
1.58107	1	5	0	-19.1934
1.58107	1	6	0	-25.4624
1.58307	1	1	0	-15.972
1.58307	1	2	0	-11.8627
1.58307	1	3	0	-24.1973
1.58307	1	4	0	-15.9725
1.58307	1	5	0	-19.0334
1.58307	1	6	0	-25.5816
1.58307	3	1	0	-11.4539
1.58307	3	2	0	10.9088
1.58307	3	3	0	-2.92288
1.58307	3	4	0	-8.77052
1.58407	1	1	0	-15.9435
1.58407	1	2	0	-11.8461
1.58407	1	3	0	-11.0694
1.58407	1	4	0	-15.422
1.58407	1	5	0	-19.0249
1.58407	1	6	0	-25.6285
1.58507	1	1	0	-15.9304
1.58507	1	2	0	-11.8367
1.58507	1	3	0	-24.1929
1.58507	1	4	0	-15.9746
1.58507	1	5	0	-19.0051
1.58507	1	6	0	-25.6386
1.58507	3	1	0	-11.4275
1.58507	3	2	0	10.9878
1.58507	3	3	0	-2.86866
1.58507	3	4	0	-8.67299
1.58607	1	1	0	-15.9362
1.58607	1	2	0	-11.85
1.58607	1	3	0	-11.1266
1.58607	1	4	0	-15.3828
1.58607	1	5	0	-18.9757
1.58607	1	6	0	-25.6355
1.58907	3	1	0	-11.444
1.58907	3	2	0	11.0312
1.58907	3	3	0	-2.92014
1.58907	3	4	0	-8.59089
1.59007	1	1	0	-16.0027
1.59007	1	2	0	-11.825
1.59007	1	3	0	-24.1127
1.59007	1	4	0	-15.8472
1.59007	1	5	0	-18.9398
1.59007	1	6	0	-25.5743
1.59007	3	1	0	-11.4857
1.59007	3	2	0	11.0229
1.59007	3	3	0	-2.95863
1.59007	3	4	0	-8.55868
1.59107	3	1	0	-11.381
1.59107	3	2	0	11.0006
1.59107	3	3	0	-2.96716
1.59107	3	4	0	-8.52746
1.59507	1	1	0	-16.1071
1.59507	1	2	0	-11.8513
1.59507	1	3	0	-24.0864
1.59507	1	4	0	-15.8575
1.59507	1	5	0	-18.6968
1.59507	1	6	0	-25.6161
1.59507	3	1	0	-11.4072
1.59507	3	2	0	11.0995
1.59507	3	3	0	-2.95058
1.59507	3	4	0	-8.42843
1.59707	3	1	0	-11.3584
1.59707	3	2	0	11.071
1.59707	3	3	0	-3.00006
1.59707	3	4	0	-8.34358
1.59807	1	1	0	-16.1016
1.59807	1	2	0	-11.9174
1.59807	1	3	0	-11.0173
1.59807	1	4	0	-15.2811
1.59807	1	5	0	-18.7255
1.59807	1	6	0	-25.6147
1.60007	1	1	0	-16.0965
1.60007	1	2	0	-11.9328
1.60007	1	3	0	-24.0857
1.60007	1	4	0	-15.8932
1.60007	1	5	0	-18.6815
1.60007	1	6	0	-25.6458
1.60007	3	1	0	-11.4534
1.60007	3	2	0	11.0994
1.60007	3	3	0	-2.99503
1.60007	3	4	0	-8.36689
1.60107	3	1	0	-11.4416
1.60107	3	2	0	11.0883
1.60107	3	3	0	-2.98433
1.60107	3	4	0	-8.34721
1.60307	3	1	0	-11.4967
1.60307	3	2	0	11.0432
1.60307	3	3	0	-2.9642
1.60307	3	4	0	-8.2375
1.60507	1	1	0	-16.0962
1.60507	1	2	0	-11.8831
1.60507	1	3	0	-24.0477
1.60507	1	4	0	-15.9004
1.60507	1	5	0	-18.4574
1.60507	1	6	0	-25.7542
1.60507	3	1	0	-11.5499
1.60507	3	2	0	11.0926
1.60507	3	3	0	-2.86893
1.60507	3	4	0	-8.1669
1.60907	3	1	0	-11.5088
1.60907	3	2	0	11.0843
1.60907	3	3	0	-3.00432
1.60907	3	4	0	-8.11227
1.61007	1	1	0	-16.1019
1.61007	1	2	0	-11.8001
1.61007	1	3	0	-24.0478
1.61007	1	4	0	-15.9885
1.61007	1	5	0	-18.5717
1.61007	1	6	0	-25.7876
1.61007	3	1	0	-11.5654
1.61007	3	2	0	11.0744
1.61007	3	3	0	-3.00263
1.61007	3	4	0	-8.10659
1.61107	3	1	0	-11.4837
1.61107	3	2	0	11.0591
1.61107	3	3	0	-2.96389
1.61107	3	4	0	-8.1089
1.61307	3	1	0	-11.5437
1.61307	3	2	0	11.0984
1.61307	3	3	0	-2.97361
1.61307	3	4	0	-8.07367
1.61407	1	1	0	-16.0566
1.61407	1	2	0	-11.7836
1.61407	1	3	0	-23.9257
1.61407	1	4	0	-15.9651
1.61407	1	5	0	-18.5405
1.61407	1	6	0	-25.7776
1.61407	3	1	0	-11.6676
1.61407	3	2	0	11.0855
1.61407	3	3	0	-2.98157
1.61407	3	4	0	-8.04388
1.61507	1	1	0	-16.0418
1.61507	1	2	0	-11.7339
1.61507	1	3	0	-23.9208
1.61507	1	4	0	-15.9374
1.61507	1	5	0	-18.5822
1.61507	1	6	0	-25.7398
1.61507	3	1	0	-11.7369
1.61507	3	2	0	11.0836
1.61507	3	3	0	-2.96534
1.61507	3	4	0	-7.96912
1.61707	3	1	0	-11.6819
1.61707	3	2	0	11.1327
1.61707	3	3	0	-2.97239
1.61707	3	4	0	-7.97381
1.61907	3	1	0	-11.7215
1.61907	3	2	0	11.2041
1.61907	3	3	0	-2.96092
1.61907	3	4	0	-7.98596
1.62007	1	1	0	-16.0682
1.62007	1	2	0	-11.7137
1.62007	1	3	0	-23.8651
1.62007	1	4	0	-15.9115
1.62007	1	5	0	-18.5962
1.62007	1	6	0	-25.8125
1.62007	3	1	0	-11.8425
1.62007	3	2	0	11.1651
1.62007	3	3	0	-2.92628
1.62007	3	4	0	-7.94732
1.62107	3	1	0	-11.7836
1.62107	3	2	0	11.1676
1.62107	3	3	0	-2.91788
1.62107	3	4	0	-7.89254
1.62307	3	1	0	-11.7313
1.62307	3	2	0	11.184
1.62307	3	3	0	-2.90106
1.62307	3	4	0	-7.81365
1.62507	1	1	0	-16.0502
1.62507	1	2	0	-11.8314
1.62507	1	3	0	-23.7243
1.62507	1	4	0	-15.9178
1.62507	1	5	0	-18.6214
1.62507	1	6	0	-25.7995
1.62507	3	1	0	-11.831
1.62507	3	2	0	11.1596
1.62507	3	3	0	-2.8764
1.62507	3	4	0	-7.7478
1.62707	3	1	0	-11.8267
1.62707	3	2	0	11.186
1.62707	3	3	0	-2.94415
1.62707	3	4	0	-7.68357
1.62907	3	1	0	-11.8561
1.62907	3	2	0	11.1992
1.62907	3	3	0	-2.94015
1.62907	3	4	0	-7.70847
1.63007	1	1	0	-16.0301
1.63007	1	2	0	-11.9354
1.63007	1	3	0	-23.7724
1.63007	1	4	0	-15.9397
1.63007	1	5	0	-18.7029
1.63007	1	6	0	-25.7235
1.63007	3	1	0	-11.9382
1.63007	3	2	0	11.1985
1.63007	3	3	0	-2.97434
1.63007	3	4	0	-7.69486
1.63107	3	1	0	-11.8832
1.63107	3	2	0	11.2044
1.63107	3	3	0	-2.98012
1.63107	3	4	0	-7.66387
1.63307	3	1	0	-11.9443
1.63307	3	2	0	11.2104
1.63307	3	3	0	-2.98978
1.63307	3	4	0	-7.66483
1.63407	1	1	0	-16.0023
1.63407	1	2	0	-11.8611
1.63407	1	3	0	-10.6824
1.63407	1	4	0	-15.3633
1.63407	1	5	0	-18.6596
1.63407	1	6	0	-25.7669
1.63507	1	1	0	-15.9959
1.63507	1	2	0	-11.9226
1.63507	1	3	0	-23.7021
1.63507	1	4	0	-15.9912
1.63507	1	5	0	-18.6441
1.63507	1	6	0	-25.8027
1.63507	3	1	0	-12.0694
1.63507	3	2	0	11.2539
1.63507	3	3	0	-2.92546
1.63507	3	4	0	-7.72259
1.63707	3	1	0	-11.9551
1.63707	3	2	0	11.2877
1.63707	3	3	0	-2.92159
1.63707	3	4	0	-7.72592
1.63907	3	1	0	-11.9956
1.63907	3	2	0	11.2625
1.63907	3	3	0	-2.97902
1.63907	3	4	0	-7.75062
1.64007	1	1	0	-16.0337
1.64007	1	2	0	-11.9786
1.64007	1	3	0	-23.7263
1.64007	1	4	0	-15.9465
1.64007	1	5	0	-18.7785
1.64007	1	6	0	-25.7905
1.64007	3	1	0	-12.0741
1.64007	3	2	0	11.2646
1.64007	3	3	0	-2.94146
1.64007	3	4	0	-7.75325
1.64107	3	1	0	-12.0132
1.64107	3	2	0	11.2905
1.64107	3	3	0	-2.92854
1.64107	3	4	0	-7.74454
1.64207	3	1	0	-12.01
1.64207	3	2	0	11.2846
1.64207	3	3	0	-2.94137
1.64207	3	4	0	-7.72838
1.64307	3	1	0	-11.9739
1.64307	3	2	0	11.2875
1.64307	3	3	0	-2.97351
1.64307	3	4	0	-7.71975
1.64507	1	1	0	-16.0773
1.64507	1	2	0	-11.9865
1.64507	1	3	0	-23.7571
1.64507	1	4	0	-15.9853
1.64507	1	5	0	-18.8299
1.64507	1	6	0	-25.7389
1.64507	3	1	0	-12.0151
1.64507	3	2	0	11.2675
1.64507	3	3	0	-2.96106
1.64507	3	4	0	-7.69083
1.64607	3	1	0	-11.938
1.64607	3	2	0	11.2512
1.64607	3	3	0	-2.94394
1.64607	3	4	0	-7.64249
1.64707	3	1	0	-11.9183
1.64707	3	2	0	11.2272
1.64707	3	3	0	-2.99777
1.64707	3	4	0	-7.56633
1.64907	1	1	0	-16.0647
1.64907	1	2	0	-12.0609
1.64907	1	3	0	-23.8106
1.64907	1	4	0	-16.0674
1.64907	1	5	0	-18.9356
1.64907	1	6	0	-25.7977
1.64907	3	1	0	-12.0488
1.64907	3	2	0	11.2284
1.64907	3	3	0	-3.013
1.64907	3	4	0	-7.54241
1.65007	1	1	0	-16.0722
1.65007	1	2	0	-12.0721
1.65007	1	3	0	-23.7749
1.65007	1	4	0	-16.109
1.65007	1	5	0	-18.9535
1.65007	1	6	0	-25.8015
1.65007	3	1	0	-12.0883
1.65007	3	2	0	11.2097
1.65007	3	3	0	-3.02826
1.65007	3	4	0	-7.50692
1.65107	3	1	0	-12.0202
1.65107	3	2	0	11.1915
1.65107	3	3	0	-3.02571
1.65107	3	4	0	-7.42901
1.65207	1	1	0	-16.0649
1.65207	1	2	0	-12.0625
1.65207	1	3	0	-10.6169
1.65207	1	4	0	-15.4574
1.65207	1	5	0	-19.0094
1.65207	1	6	0	-25.7642
1.65307	3	1	0	-12.0094
1.65307	3	2	0	11.2088
1.65307	3	3	0	-3.08167
1.65307	3	4	0	-7.36332
1.65507	1	1	0	-16.1023
1.65507	1	2	0	-12.037
1.65507	1	3	0	-23.6928
1.65507	1	4	0	-16.076
1.65507	1	5	0	-19.0751
1.65507	1	6	0	-25.8545
1.65507	3	1	0	-12.145
1.65507	3	2	0	11.2185
1.65507	3	3	0	-3.1313
1.65507	3	4	0	-7.34792
1.65707	1	1	0	-16.1062
1.65707	1	2	0	-12.0066
1.65707	1	3	0	-23.7491
1.65707	1	4	0	-16.0809
1.65707	1	5	0	-19.1046
1.65707	1	6	0	-25.8201
1.65707	3	1	0	-12.1548
1.65707	3	2	0	11.2375
1.65707	3	3	0	-3.0723
1.65707	3	4	0	-7.27521
1.65907	3	1	0	-12.0847
1.65907	3	2	0	11.2386
1.65907	3	3	0	-3.04114
1.65907	3	4	0	-7.19823
1.66007	1	1	0	-16.0849
1.66007	1	2	0	-11.9921
1.66007	1	3	0	-23.7356
1.66007	1	4	0	-16.122
1.66007	1	5	0	-19.0873
1.66007	1	6	0	-25.8464
1.66007	3	1	0	-12.1589
1.66007	3	2	0	11.2236
1.66007	3	3	0	-3.05196
1.66007	3	4	0	-7.20793
1.66107	3	1	0	-12.0991
1.66107	3	2	0	11.2355
1.66107	3	3	0	-3.05626
1.66107	3	4	0	-7.12305
1.66307	1	1	0	-16.0786
1.66307	1	2	0	-11.9278
1.66307	1	3	0	-23.758
1.66307	1	4	0	-16.0099
1.66307	1	5	0	-19.1154
1.66307	1	6	0	-25.7916
1.66307	3	1	0	-12.1054
1.66307	3	2	0	11.1823
1.66307	3	3	0	-3.06426
1.66307	3	4	0	-7.06155
1.66507	1	1	0	-16.1122
1.66507	1	2	0	-11.9647
1.66507	1	3	0	-23.7104
1.66507	1	4	0	-15.9821
1.66507	1	5	0	-19.2194
1.66507	1	6	0	-25.7258
1.66507	3	1	0	-12.1119
1.66507	3	2	0	11.1662
1.66507	3	3	0	-3.10315
1.66507	3	4	0	-6.99556
1.66707	3	1	0	-12.0269
1.66707	3	2	0	11.1854
1.66707	3	3	0	-3.10651
1.66707	3	4	0	-6.92869
1.66807	1	1	0	-16.0586
1.66807	1	2	0	-11.914
1.66807	1	3	0	-10.5772
1.66807	1	4	0	-15.3471
1.66807	1	5	0	-19.2897
1.66807	1	6	0	-25.6582
1.66907	3	1	0	-12.0237
1.66907	3	2	0	11.1969
1.66907	3	3	0	-3.14047
1.66907	3	4	0	-6.85623
1.67007	1	1	0	-16.0556
1.67007	1	2	0	-11.8898
1.67007	1	3	0	-23.5025
1.67007	1	4	0	-15.9777
1.67007	1	5	0	-19.2802
1.67007	1	6	0	-25.6584
1.67007	3	1	0	-12.0248
1.67007	3	2	0	11.1675
1.67007	3	3	0	-3.11429
1.67007	3	4	0	-6.82446
1.67107	3	1	0	-11.9298
1.67107	3	2	0	11.1629
1.67107	3	3	0	-3.11245
1.67107	3	4	0	-6.78515
1.67307	1	1	0	-16.0374
1.67307	1	2	0	-11.9112
1.67307	1	3	0	-23.4887
1.67307	1	4	0	-16.0139
1.67307	1	5	0	-19.3282
1.67307	1	6	0	-25.6905
1.67307	3	1	0	-11.9578
1.67307	3	2	0	11.1906
1.67307	3	3	0	-3.09496
1.67307	3	4	0	-6.70058
1.67507	1	1	0	-16.1013
1.67507	1	2	0	-11.8969
1.67507	1	3	0	-23.4534
1.67507	1	4	0	-16.0724
1.67507	1	5	0	-19.3706
1.67507	1	6	0	-25.6408
1.67507	3	1	0	-11.9121
1.67507	3	2	0	11.2083
1.67507	3	3	0	-3.07588
1.67507	3	4	0	-6.647
1.67707	3	1	0	-11.813
1.67707	3	2	0	11.1994
1.67707	3	3	0	-3.01572
1.67707	3	4	0	-6.56555
1.67807	1	1	0	-16.1305
1.67807	1	2	0	-11.9141
1.67807	1	3	0	-10.3771
1.67807	1	4	0	-15.5787
1.67807	1	5	0	-19.3192
1.67807	1	6	0	-25.6951
1.67907	1	1	0	-16.1345
1.67907	1	2	0	-11.9058
1.67907	1	3	0	-23.3964
1.67907	1	4	0	-16.1712
1.67907	1	5	0	-19.3853
1.67907	1	6	0	-25.7176
1.67907	3	1	0	-11.8703
1.67907	3	2	0	11.1933
1.67907	3	3	0	-3.00304
1.67907	3	4	0	-6.53105
1.68007	1	1	0	-16.1211
1.68007	1	2	0	-11.8673
1.68007	1	3	0	-23.3716
1.68007	1	4	0	-16.1558
1.68007	1	5	0	-19.4146
1.68007	1	6	0	-25.6815
1.68007	3	1	0	-11.9004
1.68007	3	2	0	11.2008
1.68007	3	3	0	-3.04224
1.68007	3	4	0	-6.48073
1.68107	1	1	0	-16.1156
1.68107	1	2	0	-11.8563
1.68107	1	3	0	-23.3136
1.68107	1	4	0	-16.1645
1.68107	1	5	0	-19.4757
1.68107	1	6	0	-25.6942
1.68107	3	1	0	-11.918
1.68107	3	2	0	11.2449
1.68107	3	3	0	-3.08433
1.68107	3	4	0	-6.41896
1.68207	1	1	0	-16.0996
1.68207	1	2	0	-11.9175
1.68207	1	3	0	-10.355
1.68207	1	4	0	-15.5688
1.68207	1	5	0	-19.48
1.68207	1	6	0	-25.7004
1.68307	1	1	0	-16.1045
1.68307	1	2	0	-11.9053
1.68307	1	3	0	-23.2966
1.68307	1	4	0	-16.1013
1.68307	1	5	0	-19.4774
1.68307	1	6	0	-25.686
1.68307	3	1	0	-11.9693
1.68307	3	2	0	11.2215
1.68307	3	3	0	-3.09729
1.68307	3	4	0	-6.39903
1.68407	1	1	0	-16.1043
1.68407	1	2	0	-11.8683
1.68407	1	3	0	-10.3548
1.68407	1	4	0	-15.5689
1.68407	1	5	0	-19.4885
1.68407	1	6	0	-25.641
1.68507	1	1	0	-16.1221
1.68507	1	2	0	-11.8744
1.68507	1	3	0	-23.3609
1.68507	1	4	0	-16.1545
1.68507	1	5	0	-19.4642
1.68507	1	6	0	-25.6631
1.68507	3	1	0	-11.9895
1.68507	3	2	0	11.199
1.68507	3	3	0	-3.09734
1.68507	3	4	0	-6.43983
1.68607	1	1	0	-16.0874
1.68607	1	2	0	-11.8906
1.68607	1	3	0	-23.3588
1.68607	1	4	0	-16.196
1.68607	1	5	0	-19.4497
1.68607	1	6	0	-25.6779
1.68607	3	1	0	-11.9804
1.68607	3	2	0	11.1855
1.68607	3	3	0	-3.07467
1.68607	3	4	0	-6.4308
1.68707	1	1	0	-16.0992
1.68707	1	2	0	-11.8793
1.68707	1	3	0	-10.3339
1.68707	1	4	0	-15.6741
1.68707	1	5	0	-19.4603
1.68707	1	6	0	-25.6828
1.68807	1	1	0	-16.1084
1.68807	1	2	0	-11.8291
1.68807	1	3	0	-23.3443
1.68807	1	4	0	-16.2241
1.68807	1	5	0	-19.4307
1.68807	1	6	0	-25.7393
1.68807	3	1	0	-12.0008
1.68807	3	2	0	11.1903
1.68807	3	3	0	-3.15579
1.68807	3	4	0	-6.40332
1.68907	1	1	0	-16.1014
1.68907	1	2	0	-11.833
1.68907	1	3	0	-10.3086
1.68907	1	4	0	-15.7029
1.68907	1	5	0	-19.4228
1.68907	1	6	0	-25.7123
1.69007	1	1	0	-16.0898
1.69007	1	2	0	-11.8759
1.69007	1	3	0	-23.2921
1.69007	1	4	0	-16.2652
1.69007	1	5	0	-19.4831
1.69007	1	6	0	-25.7767
1.69007	3	1	0	-11.9942
1.69007	3	2	0	11.2102
1.69007	3	3	0	-3.26366
1.69007	3	4	0	-6.4456
1.69107	1	1	0	-16.0723
1.69107	1	2	0	-11.8645
1.69107	1	3	0	-23.3369
1.69107	1	4	0	-16.2642
1.69107	1	5	0	-19.4809
1.69107	1	6	0	-25.7977
1.69107	3	1	0	-12.015
1.69107	3	2	0	11.2181
1.69107	3	3	0	-3.26025
1.69107	3	4	0	-6.43768
1.69207	1	1	0	-16.0577
1.69207	1	2	0	-11.9168
1.69207	1	3	0	-23.3408
1.69207	1	4	0	-16.2349
1.69207	1	5	0	-19.4804
1.69207	1	6	0	-25.7788
1.69207	3	1	0	-12.017
1.69207	3	2	0	11.2115
1.69207	3	3	0	-3.26975
1.69207	3	4	0	-6.41795
1.69307	1	1	0	-16.0934
1.69307	1	2	0	-11.8723
1.69307	1	3	0	-10.3007
1.69307	1	4	0	-15.6538
1.69307	1	5	0	-19.5249
1.69307	1	6	0	-25.6969
1.69407	1	1	0	-16.1183
1.69407	1	2	0	-11.8917
1.69407	1	3	0	-23.3041
1.69407	1	4	0	-16.1994
1.69407	1	5	0	-19.5231
1.69407	1	6	0	-25.78
1.69407	3	1	0	-12.0694
1.69407	3	2	0	11.2296
1.69407	3	3	0	-3.30854
1.69407	3	4	0	-6.4318
1.69507	1	1	0	-16.1064
1.69507	1	2	0	-11.8621
1.69507	1	3	0	-23.3342
1.69507	1	4	0	-16.2065
1.69507	1	5	0	-19.5133
1.69507	1	6	0	-25.756
1.69507	3	1	0	-12.0527
1.69507	3	2	0	11.2692
1.69507	3	3	0	-3.28291
1.69507	3	4	0	-6.43069
1.69607	1	1	0	-16.1266
1.69607	1	2	0	-11.824
1.69607	1	3	0	-10.3396
1.69607	1	4	0	-15.6352
1.69607	1	5	0	-19.5581
1.69607	1	6	0	-25.761
1.69707	1	1	0	-16.1368
1.69707	1	2	0	-11.8273
1.69707	1	3	0	-23.4045
1.69707	1	4	0	-16.1738
1.69707	1	5	0	-19.5707
1.69707	1	6	0	-25.7525
1.69707	3	1	0	-11.9837
1.69707	3	2	0	11.2747
1.69707	3	3	0	-3.30162
1.69707	3	4	0	-6.32044
1.69807	1	1	0	-16.1636
1.69807	1	2	0	-11.8516
1.69807	1	3	0	-10.355
1.69807	1	4	0	-15.6401
1.69807	1	5	0	-19.5817
1.69807	1	6	0	-25.7747
1.69907	1	1	0	-16.182
1.69907	1	2	0	-11.831
1.69907	1	3	0	-10.3673
1.69907	1	4	0	-15.6669
1.69907	1	5	0	-19.6771
1.69907	1	6	0	-25.7286
1.70007	1	1	0	-16.1658
1.70007	1	2	0	-11.8375
1.70007	1	3	0	-23.3959
1.70007	1	4	0	-16.1738
1.70007	1	5	0	-19.7278
1.70007	1	6	0	-25.704
1.70007	3	1	0	-12.0355
1.70007	3	2	0	11.285
1.70007	3	3	0	-3.32277
1.70007	3	4	0	-6.37004
1.70107	1	1	0	-16.165
1.70107	1	2	0	-11.87
1.70107	1	3	0	-10.3513
1.70107	1	4	0	-15.6705
1.70107	1	5	0	-19.7807
1.70107	1	6	0	-25.6974
1.70207	1	1	0	-16.1503
1.70207	1	2	0	-11.9109
1.70207	1	3	0	-10.3713
1.70207	1	4	0	-15.7132
1.70207	1	5	0	-19.78
1.70207	1	6	0	-25.7262
1.70307	1	1	0	-16.2039
1.70307	1	2	0	-11.9234
1.70307	1	3	0	-23.3577
1.70307	1	4	0	-16.2849
1.70307	1	5	0	-19.7924
1.70307	1	6	0	-25.7725
1.70307	3	1	0	-12.0219
1.70307	3	2	0	11.2422
1.70307	3	3	0	-3.34936
1.70307	3	4	0	-6.3268
1.70407	1	1	0	-16.2232
1.70407	1	2	0	-11.9366
1.70407	1	3	0	-10.3494
1.70407	1	4	0	-15.7514
1.70407	1	5	0	-19.9216
1.70407	1	6	0	-25.7504
1.70507	1	1	0	-16.2495
1.70507	1	2	0	-11.8865
1.70507	1	3	0	-23.2948
1.70507	1	4	0	-16.3096
1.70507	1	5	0	-19.89
1.70507	1	6	0	-25.7581
1.70507	3	1	0	-12.0639
1.70507	3	2	0	11.2406
1.70507	3	3	0	-3.4404
1.70507	3	4	0	-6.29682
1.70607	1	1	0	-16.2642
1.70607	1	2	0	-11.8845
1.70607	1	3	0	-23.2833
1.70607	1	4	0	-16.3201
1.70607	1	5	0	-19.9533
1.70607	1	6	0	-25.7961
1.70607	3	1	0	-12.0433
1.70607	3	2	0	11.2367
1.70607	3	3	0	-3.45714
1.70607	3	4	0	-6.32488
1.70707	1	1	0	-16.2717
1.70707	1	2	0	-11.8601
1.70707	1	3	0	-10.2888
1.70707	1	4	0	-15.7972
1.70707	1	5	0	-19.926
1.70707	1	6	0	-25.7625
1.70807	1	1	0	-16.2751
1.70807	1	2	0	-11.8468
1.70807	1	3	0	-23.2194
1.70807	1	4	0	-16.3467
1.70807	1	5	0	-19.8707
1.70807	1	6	0	-25.7906
1.70807	3	1	0	-12.0517
1.70807	3	2	0	11.2207
1.70807	3	3	0	-3.49999
1.70807	3	4	0	-6.22923
1.70907	1	1	0	-16.2694
1.70907	1	2	0	-11.8317
1.70907	1	3	0	-10.2764
1.70907	1	4	0	-15.8501
1.70907	1	5	0	-19.9256
1.70907	1	6	0	-25.718
1.71007	1	1	0	-16.3117
1.71007	1	2	0	-11.7855
1.71007	1	3	0	-23.2136
1.71007	1	4	0	-16.35
1.71007	1	5	0	-19.9588
1.71007	1	6	0	-25.725
1.71007	3	1	0	-12.0668
1.71007	3	2	0	11.1717
1.71007	3	3	0	-3.52012
1.71007	3	4	0	-6.22517
1.71107	1	1	0	-16.3185
1.71107	1	2	0	-11.7786
1.71107	1	3	0	-10.2957
1.71107	1	4	0	-15.8432
1.71107	1	5	0	-19.9879
1.71107	1	6	0	-25.7212
1.71207	1	1	0	-16.3411
1.71207	1	2	0	-11.7964
1.71207	1	3	0	-23.1896
1.71207	1	4	0	-16.3894
1.71207	1	5	0	-20.0048
1.71207	1	6	0	-25.72
1.71207	3	1	0	-12.0966
1.71207	3	2	0	11.1738
1.71207	3	3	0	-3.5484
1.71207	3	4	0	-6.23858
1.71307	1	1	0	-16.3493
1.71307	1	2	0	-11.7298
1.71307	1	3	0	-10.324
1.71307	1	4	0	-15.812
1.71307	1	5	0	-19.9471
1.71307	1	6	0	-25.7283
1.71407	1	1	0	-16.3147
1.71407	1	2	0	-11.6671
1.71407	1	3	0	-23.1919
1.71407	1	4	0	-16.3462
1.71407	1	5	0	-19.9091
1.71407	1	6	0	-25.7634
1.71407	3	1	0	-12.0432
1.71407	3	2	0	11.1925
1.71407	3	3	0	-3.49099
1.71407	3	4	0	-6.24785
1.71507	1	1	0	-16.2913
1.71507	1	2	0	-11.7109
1.71507	1	3	0	-23.2203
1.71507	1	4	0	-16.3732
1.71507	1	5	0	-19.9438
1.71507	1	6	0	-25.7301
1.71507	3	1	0	-12.1147
1.71507	3	2	0	11.2011
1.71507	3	3	0	-3.48177
1.71507	3	4	0	-6.25167
1.71607	1	1	0	-16.2776
1.71607	1	2	0	-11.6851
1.71607	1	3	0	-23.1988
1.71607	1	4	0	-16.3782
1.71607	1	5	0	-19.9813
1.71607	1	6	0	-25.7639
1.71607	3	1	0	-12.0751
1.71607	3	2	0	11.2819
1.71607	3	3	0	-3.49257
1.71607	3	4	0	-6.2767
1.71707	1	1	0	-16.2358
1.71707	1	2	0	-11.6696
1.71707	1	3	0	-10.2657
1.71707	1	4	0	-15.774
1.71707	1	5	0	-19.9616
1.71707	1	6	0	-25.7483
1.71807	1	1	0	-16.237
1.71807	1	2	0	-11.6705
1.71807	1	3	0	-10.2389
1.71807	1	4	0	-15.7975
1.71807	1	5	0	-20.0158
1.71807	1	6	0	-25.7462
1.71907	1	1	0	-16.2387
1.71907	1	2	0	-11.681
1.71907	1	3	0	-10.2377
1.71907	1	4	0	-15.8257
1.71907	1	5	0	-20.0477
1.71907	1	6	0	-25.7836
1.72007	1	1	0	-16.2007
1.72007	1	2	0	-11.6531
1.72007	1	3	0	-23.1462
1.72007	1	4	0	-16.3846
1.72007	1	5	0	-20.0715
1.72007	1	6	0	-25.7563
1.72007	3	1	0	-12.018
1.72007	3	2	0	11.2626
1.72007	3	3	0	-3.53658
1.72007	3	4	0	-6.29467
1.72107	1	1	0	-16.2283
1.72107	1	2	0	-11.6243
1.72107	1	3	0	-10.2408
1.72107	1	4	0	-15.8368
1.72107	1	5	0	-20.0408
1.72107	1	6	0	-25.7663
1.72207	1	1	0	-16.1947
1.72207	1	2	0	-11.6007
1.72207	1	3	0	-23.1223
1.72207	1	4	0	-16.3789
1.72207	1	5	0	-20.0817
1.72207	1	6	0	-25.7313
1.72207	3	1	0	-12.0579
1.72207	3	2	0	11.2902
1.72207	3	3	0	-3.54508
1.72207	3	4	0	-6.22546
1.72307	3	1	0	-12.004
1.72307	3	2	0	11.3305
1.72307	3	3	0	-3.53694
1.72307	3	4	0	-6.19233
1.72407	1	1	0	-16.1627
1.72407	1	2	0	-11.6453
1.72407	1	3	0	-10.3055
1.72407	1	4	0	-15.8673
1.72407	1	5	0	-20.0705
1.72407	1	6	0	-25.7437
1.72507	1	1	0	-16.1561
1.72507	1	2	0	-11.6964
1.72507	1	3	0	-23.2001
1.72507	1	4	0	-16.4101
1.72507	1	5	0	-20.1486
1.72507	1	6	0	-25.7506
1.72507	3	1	0	-12.0275
1.72507	3	2	0	11.3598
1.72507	3	3	0	-3.51561
1.72507	3	4	0	-6.25303
1.72607	1	1	0	-16.1444
1.72607	1	2	0	-11.7357
1.72607	1	3	0	-23.1918
1.72607	1	4	0	-16.4205
1.72607	1	5	0	-20.1418
1.72607	1	6	0	-25.7802
1.72607	3	1	0	-12.0435
1.72607	3	2	0	11.3487
1.72607	3	3	0	-3.54415
1.72607	3	4	0	-6.26825
1.72707	1	1	0	-16.1915
1.72707	1	2	0	-11.7459
1.72707	1	3	0	-10.2933
1.72707	1	4	0	-15.8544
1.72707	1	5	0	-20.1339
1.72707	1	6	0	-25.7854
1.72807	1	1	0	-16.1816
1.72807	1	2	0	-11.707
1.72807	1	3	0	-23.1961
1.72807	1	4	0	-16.3637
1.72807	1	5	0	-20.1445
1.72807	1	6	0	-25.735
1.72807	3	1	0	-12.0522
1.72807	3	2	0	11.3497
1.72807	3	3	0	-3.54046
1.72807	3	4	0	-6.30637
1.72907	1	1	0	-16.1799
1.72907	1	2	0	-11.724
1.72907	1	3	0	-23.22
1.72907	1	4	0	-16.4094
1.72907	1	5	0	-20.1424
1.72907	1	6	0	-25.7271
1.72907	3	1	0	-11.9777
1.72907	3	2	0	11.3656
1.72907	3	3	0	-3.54461
1.72907	3	4	0	-6.32954
1.73007	1	1	0	-16.2305
1.73007	1	2	0	-11.6835
1.73007	1	3	0	-23.1789
1.73007	1	4	0	-16.4242
1.73007	1	5	0	-20.1301
1.73007	1	6	0	-25.6901
1.73007	3	1	0	-11.991
1.73007	3	2	0	11.372
1.73007	3	3	0	-3.55521
1.73007	3	4	0	-6.39379
1.73107	1	1	0	-16.2325
1.73107	1	2	0	-11.6965
1.73107	1	3	0	-23.195
1.73107	1	4	0	-16.4349
1.73107	1	5	0	-20.1521
1.73107	1	6	0	-25.7188
1.73107	3	1	0	-12.0144
1.73107	3	2	0	11.3428
1.73107	3	3	0	-3.56569
1.73107	3	4	0	-6.40233
1.73207	1	1	0	-16.2448
1.73207	1	2	0	-11.6529
1.73207	1	3	0	-10.327
1.73207	1	4	0	-15.914
1.73207	1	5	0	-20.1627
1.73207	1	6	0	-25.7154
1.73307	1	1	0	-16.2352
1.73307	1	2	0	-11.6325
1.73307	1	3	0	-23.1724
1.73307	1	4	0	-16.4049
1.73307	1	5	0	-20.1466
1.73307	1	6	0	-25.734
1.73307	3	1	0	-12.0307
1.73307	3	2	0	11.316
1.73307	3	3	0	-3.53557
1.73307	3	4	0	-6.41768
1.73407	1	1	0	-16.2185
1.73407	1	2	0	-11.6195
1.73407	1	3	0	-10.3386
1.73407	1	4	0	-15.8637
1.73407	1	5	0	-20.1007
1.73407	1	6	0	-25.6609
1.73507	1	1	0	-16.2172
1.73507	1	2	0	-11.6407
1.73507	1	3	0	-23.1703
1.73507	1	4	0	-16.4111
1.73507	1	5	0	-20.1306
1.73507	1	6	0	-25.7025
1.73507	3	1	0	-12.0124
1.73507	3	2	0	11.2722
1.73507	3	3	0	-3.48101
1.73507	3	4	0	-6.37722
1.73607	1	1	0	-16.2332
1.73607	1	2	0	-11.6381
1.73607	1	3	0	-10.3225
1.73607	1	4	0	-15.8884
1.73607	1	5	0	-20.0789
1.73607	1	6	0	-25.6612
1.73707	1	1	0	-16.2582
1.73707	1	2	0	-11.7099
1.73707	1	3	0	-10.3318
1.73707	1	4	0	-15.8838
1.73707	1	5	0	-20.095
1.73707	1	6	0	-25.633
1.73807	1	1	0	-16.2621
1.73807	1	2	0	-11.7709
1.73807	1	3	0	-10.3137
1.73807	1	4	0	-15.8495
1.73807	1	5	0	-20.0343
1.73807	1	6	0	-25.6206
1.73907	1	1	0	-16.2883
1.73907	1	2	0	-11.7542
1.73907	1	3	0	-23.1323
1.73907	1	4	0	-16.3638
1.73907	1	5	0	-19.9767
1.73907	1	6	0	-25.632
1.73907	3	1	0	-11.9678
1.73907	3	2	0	11.2699
1.73907	3	3	0	-3.41294
1.73907	3	4	0	-6.49021
1.74007	1	1	0	-16.2586
1.74007	1	2	0	-11.7655
1.74007	1	3	0	-23.1099
1.74007	1	4	0	-16.3891
1.74007	1	5	0	-19.9861
1.74007	1	6	0	-25.6177
1.74007	3	1	0	-11.9403
1.74007	3	2	0	11.2835
1.74007	3	3	0	-3.46197
1.74007	3	4	0	-6.54064
1.74107	1	1	0	-16.2756
1.74107	1	2	0	-11.7451
1.74107	1	3	0	-23.1215
1.74107	1	4	0	-16.3808
1.74107	1	5	0	-19.9471
1.74107	1	6	0	-25.5287
1.74107	3	1	0	-11.9972
1.74107	3	2	0	11.3333
1.74107	3	3	0	-3.47896
1.74107	3	4	0	-6.56377
1.74207	1	1	0	-16.2586
1.74207	1	2	0	-11.7145
1.74207	1	3	0	-10.3425
1.74207	1	4	0	-15.8906
1.74207	1	5	0	-19.9651
1.74207	1	6	0	-25.4991
1.74307	1	1	0	-16.2381
1.74307	1	2	0	-11.7523
1.74307	1	3	0	-10.3617
1.74307	1	4	0	-15.8762
1.74307	1	5	0	-19.924
1.74307	1	6	0	-25.4781
1.74407	1	1	0	-16.2225
1.74407	1	2	0	-11.7167
1.74407	1	3	0	-10.3848
1.74407	1	4	0	-15.8774
1.74407	1	5	0	-19.9245
1.74407	1	6	0	-25.5035
1.74507	1	1	0	-16.2729
1.74507	1	2	0	-11.7345
1.74507	1	3	0	-23.1837
1.74507	1	4	0	-16.3757
1.74507	1	5	0	-19.9512
1.74507	1	6	0	-25.5733
1.74507	3	1	0	-11.9413
1.74507	3	2	0	11.4238
1.74507	3	3	0	-3.50757
1.74507	3	4	0	-6.59089
1.74607	1	1	0	-16.2579
1.74607	1	2	0	-11.7512
1.74607	1	3	0	-10.427
1.74607	1	4	0	-15.8313
1.74607	1	5	0	-19.9178
1.74607	1	6	0	-25.5545
1.74707	3	1	0	-11.8482
1.74707	3	2	0	11.445
1.74707	3	3	0	-3.55241
1.74707	3	4	0	-6.6585
1.74907	1	1	0	-16.2805
1.74907	1	2	0	-11.7415
1.74907	1	3	0	-10.3542
1.74907	1	4	0	-15.943
1.74907	1	5	0	-19.9193
1.74907	1	6	0	-25.4638
1.75007	1	1	0	-16.2395
1.75007	1	2	0	-11.808
1.75007	1	3	0	-23.1975
1.75007	1	4	0	-16.4121
1.75007	1	5	0	-19.9359
1.75007	1	6	0	-25.4643
1.75007	3	1	0	-11.8909
1.75007	3	2	0	11.4949
1.75007	3	3	0	-3.53588
1.75007	3	4	0	-6.68484
1.75107	1	1	0	-16.202
1.75107	1	2	0	-11.7845
1.75107	1	3	0	-23.2071
1.75107	1	4	0	-16.4154
1.75107	1	5	0	-19.9009
1.75107	1	6	0	-25.5067
1.75107	3	1	0	-11.8556
1.75107	3	2	0	11.5272
1.75107	3	3	0	-3.55923
1.75107	3	4	0	-6.62554
1.75207	1	1	0	-16.1868
1.75207	1	2	0	-11.8244
1.75207	1	3	0	-10.4005
1.75207	1	4	0	-15.9545
1.75207	1	5	0	-19.859
1.75207	1	6	0	-25.5323
1.75307	1	1	0	-16.1909
1.75307	1	2	0	-11.824
1.75307	1	3	0	-23.2206
1.75307	1	4	0	-16.4373
1.75307	1	5	0	-19.8593
1.75307	1	6	0	-25.5232
1.75307	3	1	0	-11.7926
1.75307	3	2	0	11.5476
1.75307	3	3	0	-3.58293
1.75307	3	4	0	-6.65843
1.75407	1	1	0	-16.1424
1.75407	1	2	0	-11.7605
1.75407	1	3	0	-10.4195
1.75407	1	4	0	-15.9459
1.75407	1	5	0	-19.8364
1.75407	1	6	0	-25.5078
1.75507	1	1	0	-16.1408
1.75507	1	2	0	-11.7221
1.75507	1	3	0	-23.2519
1.75507	1	4	0	-16.4523
1.75507	1	5	0	-19.8692
1.75507	1	6	0	-25.5428
1.75507	3	1	0	-11.7946
1.75507	3	2	0	11.5176
1.75507	3	3	0	-3.59131
1.75507	3	4	0	-6.68956
1.75707	1	1	0	-16.1906
1.75707	1	2	0	-11.7077
1.75707	1	3	0	-23.3027
1.75707	1	4	0	-16.4738
1.75707	1	5	0	-19.8834
1.75707	1	6	0	-25.4981
1.75707	3	1	0	-11.7892
1.75707	3	2	0	11.5264
1.75707	3	3	0	-3.56925
1.75707	3	4	0	-6.71396
1.75807	1	1	0	-16.2236
1.75807	1	2	0	-11.7028
1.75807	1	3	0	-10.4447
1.75807	1	4	0	-16.0038
1.75807	1	5	0	-19.8317
1.75807	1	6	0	-25.4427
1.75907	1	1	0	-16.2574
1.75907	1	2	0	-11.6959
1.75907	1	3	0	-23.3739
1.75907	1	4	0	-16.4586
1.75907	1	5	0	-19.8765
1.75907	1	6	0	-25.4951
1.75907	3	1	0	-11.7972
1.75907	3	2	0	11.5662
1.75907	3	3	0	-3.49699
1.75907	3	4	0	-6.73202
1.76007	1	1	0	-16.229
1.76007	1	2	0	-11.6457
1.76007	1	3	0	-23.4295
1.76007	1	4	0	-16.4728
1.76007	1	5	0	-19.9027
1.76007	1	6	0	-25.5328
1.76007	3	1	0	-11.7696
1.76007	3	2	0	11.5152
1.76007	3	3	0	-3.49
1.76007	3	4	0	-6.76828
1.76107	1	1	0	-16.2154
1.76107	1	2	0	-11.6502
1.76107	1	3	0	-23.452
1.76107	1	4	0	-16.4648
1.76107	1	5	0	-19.8819
1.76107	1	6	0	-25.5913
1.76107	3	1	0	-11.7798
1.76107	3	2	0	11.4947
1.76107	3	3	0	-3.46468
1.76107	3	4	0	-6.76044
1.76307	1	1	0	-16.2029
1.76307	1	2	0	-11.6721
1.76307	1	3	0	-23.5353
1.76307	1	4	0	-16.5164
1.76307	1	5	0	-19.8252
1.76307	1	6	0	-25.6044
1.76307	3	1	0	-11.7918
1.76307	3	2	0	11.5076
1.76307	3	3	0	-3.4814
1.76307	3	4	0	-6.81063
1.76407	1	1	0	-16.2062
1.76407	1	2	0	-11.6512
1.76407	1	3	0	-10.6488
1.76407	1	4	0	-16.0629
1.76407	1	5	0	-19.8269
1.76407	1	6	0	-25.5651
1.76507	1	1	0	-16.2038
1.76507	1	2	0	-11.633
1.76507	1	3	0	-23.5419
1.76507	1	4	0	-16.5182
1.76507	1	5	0	-19.8576
1.76507	1	6	0	-25.5471
1.76507	3	1	0	-11.8598
1.76507	3	2	0	11.547
1.76507	3	3	0	-3.43343
1.76507	3	4	0	-6.79648
1.76607	1	1	0	-16.1935
1.76607	1	2	0	-11.599
1.76607	1	3	0	-10.6566
1.76607	1	4	0	-16.065
1.76607	1	5	0	-19.8499
1.76607	1	6	0	-25.5107
1.76707	1	1	0	-16.1765
1.76707	1	2	0	-11.5905
1.76707	1	3	0	-10.6361
1.76707	1	4	0	-16.0727
1.76707	1	5	0	-19.8588
1.76707	1	6	0	-25.5252
1.76807	1	1	0	-16.1788
1.76807	1	2	0	-11.6285
1.76807	1	3	0	-10.6282
1.76807	1	4	0	-16.0696
1.76807	1	5	0	-19.8332
1.76807	1	6	0	-25.5077
1.76907	1	1	0	-16.2309
1.76907	1	2	0	-11.6506
1.76907	1	3	0	-23.5924
1.76907	1	4	0	-16.5398
1.76907	1	5	0	-19.8451
1.76907	1	6	0	-25.5484
1.76907	3	1	0	-11.8818
1.76907	3	2	0	11.5393
1.76907	3	3	0	-3.43883
1.76907	3	4	0	-6.86067
1.77007	1	1	0	-16.1931
1.77007	1	2	0	-11.603
1.77007	1	3	0	-23.5854
1.77007	1	4	0	-16.5569
1.77007	1	5	0	-19.8462
1.77007	1	6	0	-25.5025
1.77007	3	1	0	-11.9333
1.77007	3	2	0	11.5382
1.77007	3	3	0	-3.43617
1.77007	3	4	0	-6.84943
1.77107	1	1	0	-16.226
1.77107	1	2	0	-11.662
1.77107	1	3	0	-23.6025
1.77107	1	4	0	-16.5295
1.77107	1	5	0	-19.8487
1.77107	1	6	0	-25.4634
1.77107	3	1	0	-11.9079
1.77107	3	2	0	11.5322
1.77107	3	3	0	-3.44584
1.77107	3	4	0	-6.82996
1.77207	1	1	0	-16.1719
1.77207	1	2	0	-11.6665
1.77207	1	3	0	-10.6998
1.77207	1	4	0	-16.0832
1.77207	1	5	0	-19.8972
1.77207	1	6	0	-25.459
1.77307	1	1	0	-16.1657
1.77307	1	2	0	-11.6557
1.77307	1	3	0	-10.6632
1.77307	1	4	0	-16.0927
1.77307	1	5	0	-19.8487
1.77307	1	6	0	-25.4465
1.77407	1	1	0	-16.2203
1.77407	1	2	0	-11.6455
1.77407	1	3	0	-23.6106
1.77407	1	4	0	-16.557
1.77407	1	5	0	-19.8282
1.77407	1	6	0	-25.4579
1.77407	3	1	0	-11.9372
1.77407	3	2	0	11.453
1.77407	3	3	0	-3.49295
1.77407	3	4	0	-6.82644
1.77507	1	1	0	-16.2257
1.77507	1	2	0	-11.6438
1.77507	1	3	0	-23.6584
1.77507	1	4	0	-16.5488
1.77507	1	5	0	-19.8743
1.77507	1	6	0	-25.5223
1.77507	3	1	0	-11.9528
1.77507	3	2	0	11.4555
1.77507	3	3	0	-3.55013
1.77507	3	4	0	-6.79014
1.77607	1	1	0	-16.2106
1.77607	1	2	0	-11.6225
1.77607	1	3	0	-10.7006
1.77607	1	4	0	-16.1127
1.77607	1	5	0	-19.8684
1.77607	1	6	0	-25.4734
1.77707	1	1	0	-16.2085
1.77707	1	2	0	-11.6715
1.77707	1	3	0	-23.6191
1.77707	1	4	0	-16.5557
1.77707	1	5	0	-19.8985
1.77707	1	6	0	-25.4543
1.77707	3	1	0	-11.9808
1.77707	3	2	0	11.4161
1.77707	3	3	0	-3.56383
1.77707	3	4	0	-6.84648
1.77807	1	1	0	-16.217
1.77807	1	2	0	-11.6154
1.77807	1	3	0	-10.754
1.77807	1	4	0	-16.1318
1.77807	1	5	0	-19.9072
1.77807	1	6	0	-25.4668
1.77907	1	1	0	-16.2097
1.77907	1	2	0	-11.5968
1.77907	1	3	0	-10.7202
1.77907	1	4	0	-16.1388
1.77907	1	5	0	-19.8793
1.77907	1	6	0	-25.4854
1.78007	1	1	0	-16.2064
1.78007	1	2	0	-11.5625
1.78007	1	3	0	-23.6506
1.78007	1	4	0	-16.5318
1.78007	1	5	0	-19.9036
1.78007	1	6	0	-25.5076
1.78007	3	1	0	-12.0085
1.78007	3	2	0	11.4905
1.78007	3	3	0	-3.42703
1.78007	3	4	0	-6.85321
1.78107	1	1	0	-16.1495
1.78107	1	2	0	-11.5848
1.78107	1	3	0	-10.693
1.78107	1	4	0	-16.1292
1.78107	1	5	0	-19.8663
1.78107	1	6	0	-25.4693
1.78207	1	1	0	-16.1233
1.78207	1	2	0	-11.5246
1.78207	1	3	0	-10.7032
1.78207	1	4	0	-16.1136
1.78207	1	5	0	-19.8773
1.78207	1	6	0	-25.4753
1.78307	3	1	0	-11.9612
1.78307	3	2	0	11.4859
1.78307	3	3	0	-3.4396
1.78307	3	4	0	-6.85609
1.78407	1	1	0	-16.092
1.78407	1	2	0	-11.4669
1.78407	1	3	0	-10.728
1.78407	1	4	0	-16.1368
1.78407	1	5	0	-19.8649
1.78407	1	6	0	-25.51
1.78507	1	1	0	-16.0866
1.78507	1	2	0	-11.4272
1.78507	1	3	0	-23.6552
1.78507	1	4	0	-16.5582
1.78507	1	5	0	-19.832
1.78507	1	6	0	-25.5624
1.78507	3	1	0	-12.0386
1.78507	3	2	0	11.4823
1.78507	3	3	0	-3.42648
1.78507	3	4	0	-6.87362
1.78807	1	1	0	-16.046
1.78807	1	2	0	-11.4552
1.78807	1	3	0	-23.6027
1.78807	1	4	0	-16.5546
1.78807	1	5	0	-19.7659
1.78807	1	6	0	-25.5686
1.78807	3	1	0	-12.0503
1.78807	3	2	0	11.4751
1.78807	3	3	0	-3.42907
1.78807	3	4	0	-6.82555
1.78907	3	1	0	-11.9844
1.78907	3	2	0	11.4753
1.78907	3	3	0	-3.43723
1.78907	3	4	0	-6.83059
1.79007	1	1	0	-16.0084
1.79007	1	2	0	-11.47
1.79007	1	3	0	-23.5584
1.79007	1	4	0	-16.5252
1.79007	1	5	0	-19.7596
1.79007	1	6	0	-25.5638
1.79007	3	1	0	-12.051
1.79007	3	2	0	11.4361
1.79007	3	3	0	-3.44927
1.79007	3	4	0	-6.87824
1.79107	1	1	0	-15.9936
1.79107	1	2	0	-11.4815
1.79107	1	3	0	-10.6781
1.79107	1	4	0	-16.1478
1.79107	1	5	0	-19.7814
1.79107	1	6	0	-25.5615
1.79307	1	1	0	-15.9354
1.79307	1	2	0	-11.464
1.79307	1	3	0	-10.6452
1.79307	1	4	0	-16.1492
1.79307	1	5	0	-19.7922
1.79307	1	6	0	-25.6733
1.79407	1	1	0	-15.885
1.79407	1	2	0	-11.4147
1.79407	1	3	0	-10.5834
1.79407	1	4	0	-16.1477
1.79407	1	5	0	-19.7933
1.79407	1	6	0	-25.6884
1.79507	1	1	0	-15.8768
1.79507	1	2	0	-11.431
1.79507	1	3	0	-23.5053
1.79507	1	4	0	-16.6028
1.79507	1	5	0	-19.8115
1.79507	1	6	0	-25.6853
1.79507	3	1	0	-12.2001
1.79507	3	2	0	11.4757
1.79507	3	3	0	-3.48235
1.79507	3	4	0	-6.81298
1.79607	1	1	0	-15.8919
1.79607	1	2	0	-11.4087
1.79607	1	3	0	-23.553
1.79607	1	4	0	-16.5549
1.79607	1	5	0	-19.8212
1.79607	1	6	0	-25.6713
1.79607	3	1	0	-12.2164
1.79607	3	2	0	11.4792
1.79607	3	3	0	-3.48814
1.79607	3	4	0	-6.79736
1.79907	1	1	0	-15.9832
1.79907	1	2	0	-11.4221
1.79907	1	3	0	-10.6309
1.79907	1	4	0	-16.1168
1.79907	1	5	0	-19.8513
1.79907	1	6	0	-25.6148
1.80007	1	1	0	-15.9435
1.80007	1	2	0	-11.3484
1.80007	1	3	0	-23.5988
1.80007	1	4	0	-16.5444
1.80007	1	5	0	-19.8491
1.80007	1	6	0	-25.5773
1.80007	3	1	0	-12.1101
1.80007	3	2	0	11.4704
1.80007	3	3	0	-3.53128
1.80007	3	4	0	-6.72965
1.80107	1	1	0	-15.9306
1.80107	1	2	0	-11.3244
1.80107	1	3	0	-23.5911
1.80107	1	4	0	-16.4977
1.80107	1	5	0	-19.85
1.80107	1	6	0	-25.6109
1.80107	3	1	0	-12.1386
1.80107	3	2	0	11.4465
1.80107	3	3	0	-3.47147
1.80107	3	4	0	-6.70994
1.80207	1	1	0	-15.9671
1.80207	1	2	0	-11.3372
1.80207	1	3	0	-23.5461
1.80207	1	4	0	-16.5001
1.80207	1	5	0	-19.8524
1.80207	1	6	0	-25.6388
1.80207	3	1	0	-12.1185
1.80207	3	2	0	11.4243
1.80207	3	3	0	-3.50003
1.80207	3	4	0	-6.76822
1.80307	1	1	0	-16.0065
1.80307	1	2	0	-11.3423
1.80307	1	3	0	-10.6477
1.80307	1	4	0	-16.0556
1.80307	1	5	0	-19.8883
1.80307	1	6	0	-25.6231
1.80407	1	1	0	-16.0422
1.80407	1	2	0	-11.3495
1.80407	1	3	0	-23.6053
1.80407	1	4	0	-16.4797
1.80407	1	5	0	-19.9005
1.80407	1	6	0	-25.7152
1.80407	3	1	0	-12.1316
1.80407	3	2	0	11.4044
1.80407	3	3	0	-3.477
1.80407	3	4	0	-6.78798
1.80507	1	1	0	-16.0511
1.80507	1	2	0	-11.3673
1.80507	1	3	0	-23.6517
1.80507	1	4	0	-16.4943
1.80507	1	5	0	-19.8862
1.80507	1	6	0	-25.6881
1.80507	3	1	0	-12.1098
1.80507	3	2	0	11.4103
1.80507	3	3	0	-3.52468
1.80507	3	4	0	-6.79553
1.80607	1	1	0	-16.0072
1.80607	1	2	0	-11.3558
1.80607	1	3	0	-23.6193
1.80607	1	4	0	-16.4828
1.80607	1	5	0	-19.9304
1.80607	1	6	0	-25.6699
1.80607	3	1	0	-12.1219
1.80607	3	2	0	11.4735
1.80607	3	3	0	-3.54558
1.80607	3	4	0	-6.82194
1.80707	1	1	0	-16.0425
1.80707	1	2	0	-11.3274
1.80707	1	3	0	-23.5865
1.80707	1	4	0	-16.5146
1.80707	1	5	0	-19.957
1.80707	1	6	0	-25.7523
1.80707	3	1	0	-12.161
1.80707	3	2	0	11.4662
1.80707	3	3	0	-3.53209
1.80707	3	4	0	-6.86125
1.80807	1	1	0	-16.05
1.80807	1	2	0	-11.3445
1.80807	1	3	0	-23.5957
1.80807	1	4	0	-16.5244
1.80807	1	5	0	-19.9475
1.80807	1	6	0	-25.7662
1.80807	3	1	0	-12.1747
1.80807	3	2	0	11.4225
1.80807	3	3	0	-3.55775
1.80807	3	4	0	-6.8517
1.80907	1	1	0	-16.0493
1.80907	1	2	0	-11.3975
1.80907	1	3	0	-23.6557
1.80907	1	4	0	-16.4926
1.80907	1	5	0	-19.9395
1.80907	1	6	0	-25.7519
1.80907	3	1	0	-12.2069
1.80907	3	2	0	11.4099
1.80907	3	3	0	-3.58188
1.80907	3	4	0	-6.86315
1.81007	1	1	0	-16.071
1.81007	1	2	0	-11.3707
1.81007	1	3	0	-23.6975
1.81007	1	4	0	-16.5127
1.81007	1	5	0	-19.9812
1.81007	1	6	0	-25.8268
1.81007	3	1	0	-12.1926
1.81007	3	2	0	11.4252
1.81007	3	3	0	-3.55039
1.81007	3	4	0	-6.87977
1.81107	1	1	0	-16.0772
1.81107	1	2	0	-11.391
1.81107	1	3	0	-10.6907
1.81107	1	4	0	-16.154
1.81107	1	5	0	-19.9965
1.81107	1	6	0	-25.7652
1.81207	1	1	0	-16.0777
1.81207	1	2	0	-11.3864
1.81207	1	3	0	-10.6916
1.81207	1	4	0	-16.1341
1.81207	1	5	0	-19.9584
1.81207	1	6	0	-25.7962
1.81307	1	1	0	-16.0277
1.81307	1	2	0	-11.4362
1.81307	1	3	0	-10.7175
1.81307	1	4	0	-16.1527
1.81307	1	5	0	-19.975
1.81307	1	6	0	-25.8337
1.81407	1	1	0	-16.0521
1.81407	1	2	0	-11.3953
1.81407	1	3	0	-23.7269
1.81407	1	4	0	-16.5442
1.81407	1	5	0	-20.0283
1.81407	1	6	0	-25.9175
1.81407	3	1	0	-12.1374
1.81407	3	2	0	11.3863
1.81407	3	3	0	-3.50497
1.81407	3	4	0	-7.00546
1.81507	1	1	0	-16.0397
1.81507	1	2	0	-11.4164
1.81507	1	3	0	-23.7501
1.81507	1	4	0	-16.5478
1.81507	1	5	0	-20.0674
1.81507	1	6	0	-25.9402
1.81507	3	1	0	-12.1765
1.81507	3	2	0	11.3743
1.81507	3	3	0	-3.49908
1.81507	3	4	0	-7.04541
1.81607	1	1	0	-16.0064
1.81607	1	2	0	-11.4782
1.81607	1	3	0	-10.7507
1.81607	1	4	0	-16.1253
1.81607	1	5	0	-20.1231
1.81607	1	6	0	-25.8832
1.81707	1	1	0	-16.0568
1.81707	1	2	0	-11.5047
1.81707	1	3	0	-10.7813
1.81707	1	4	0	-16.1348
1.81707	1	5	0	-20.1777
1.81707	1	6	0	-25.947
1.81807	1	1	0	-16.0505
1.81807	1	2	0	-11.4715
1.81807	1	3	0	-10.7733
1.81807	1	4	0	-16.1006
1.81807	1	5	0	-20.1422
1.81807	1	6	0	-25.8964
1.81907	1	1	0	-16.0568
1.81907	1	2	0	-11.4299
1.81907	1	3	0	-10.7488
1.81907	1	4	0	-16.1228
1.81907	1	5	0	-20.1807
1.81907	1	6	0	-26.0238
1.82007	1	1	0	-16.0837
1.82007	1	2	0	-11.4672
1.82007	1	3	0	-23.7675
1.82007	1	4	0	-16.5594
1.82007	1	5	0	-20.225
1.82007	1	6	0	-26.0618
1.82007	3	1	0	-12.1807
1.82007	3	2	0	11.4362
1.82007	3	3	0	-3.61067
1.82007	3	4	0	-7.11575
1.82107	3	1	0	-12.1147
1.82107	3	2	0	11.4258
1.82107	3	3	0	-3.56695
1.82107	3	4	0	-7.14997
1.82307	3	1	0	-12.188
1.82307	3	2	0	11.3882
1.82307	3	3	0	-3.46732
1.82307	3	4	0	-7.1256
1.82507	1	1	0	-15.9737
1.82507	1	2	0	-11.5854
1.82507	1	3	0	-23.7795
1.82507	1	4	0	-16.5248
1.82507	1	5	0	-20.3869
1.82507	1	6	0	-26.1333
1.82507	3	1	0	-12.2677
1.82507	3	2	0	11.3735
1.82507	3	3	0	-3.44572
1.82507	3	4	0	-7.14987
1.82607	1	1	0	-15.9892
1.82607	1	2	0	-11.5867
1.82607	1	3	0	-23.7749
1.82607	1	4	0	-16.5238
1.82607	1	5	0	-20.4034
1.82607	1	6	0	-26.1856
1.82607	3	1	0	-12.3255
1.82607	3	2	0	11.376
1.82607	3	3	0	-3.4709
1.82607	3	4	0	-7.16334
1.82707	3	1	0	-12.2549
1.82707	3	2	0	11.3935
1.82707	3	3	0	-3.45212
1.82707	3	4	0	-7.17409
1.82907	3	1	0	-12.1644
1.82907	3	2	0	11.3559
1.82907	3	3	0	-3.42178
1.82907	3	4	0	-7.22946
1.83007	1	1	0	-16.0518
1.83007	1	2	0	-11.6818
1.83007	1	3	0	-23.6915
1.83007	1	4	0	-16.5322
1.83007	1	5	0	-20.4585
1.83007	1	6	0	-26.2517
1.83007	3	1	0	-12.2789
1.83007	3	2	0	11.3297
1.83007	3	3	0	-3.41315
1.83007	3	4	0	-7.28928
1.83107	1	1	0	-16.0281
1.83107	1	2	0	-11.604
1.83107	1	3	0	-10.6867
1.83107	1	4	0	-16.1534
1.83107	1	5	0	-20.465
1.83107	1	6	0	-26.2722
1.83207	1	1	0	-16.0626
1.83207	1	2	0	-11.644
1.83207	1	3	0	-23.5782
1.83207	1	4	0	-16.5619
1.83207	1	5	0	-20.5088
1.83207	1	6	0	-26.3193
1.83207	3	1	0	-12.3609
1.83207	3	2	0	11.3388
1.83207	3	3	0	-3.41506
1.83207	3	4	0	-7.29372
1.83307	1	1	0	-16.086
1.83307	1	2	0	-11.6926
1.83307	1	3	0	-10.6412
1.83307	1	4	0	-16.1694
1.83307	1	5	0	-20.5761
1.83307	1	6	0	-26.3254
1.83507	1	1	0	-16.0446
1.83507	1	2	0	-11.5909
1.83507	1	3	0	-23.5722
1.83507	1	4	0	-16.5767
1.83507	1	5	0	-20.6121
1.83507	1	6	0	-26.3606
1.83507	3	1	0	-12.2601
1.83507	3	2	0	11.3264
1.83507	3	3	0	-3.43118
1.83507	3	4	0	-7.37385
1.83607	1	1	0	-16.0561
1.83607	1	2	0	-11.5422
1.83607	1	3	0	-10.6325
1.83607	1	4	0	-16.2067
1.83607	1	5	0	-20.621
1.83607	1	6	0	-26.3547
1.83707	1	1	0	-16.045
1.83707	1	2	0	-11.5127
1.83707	1	3	0	-10.6464
1.83707	1	4	0	-16.1972
1.83707	1	5	0	-20.7151
1.83707	1	6	0	-26.3719
1.83807	1	1	0	-16.0538
1.83807	1	2	0	-11.5565
1.83807	1	3	0	-23.5506
1.83807	1	4	0	-16.5665
1.83807	1	5	0	-20.7543
1.83807	1	6	0	-26.3616
1.83807	3	1	0	-12.2896
1.83807	3	2	0	11.2616
1.83807	3	3	0	-3.4359
1.83807	3	4	0	-7.40819
1.83907	1	1	0	-16.0647
1.83907	1	2	0	-11.5323
1.83907	1	3	0	-10.6116
1.83907	1	4	0	-16.1641
1.83907	1	5	0	-20.7739
1.83907	1	6	0	-26.4014
1.84007	1	1	0	-16.0431
1.84007	1	2	0	-11.4975
1.84007	1	3	0	-23.559
1.84007	1	4	0	-16.5771
1.84007	1	5	0	-20.8069
1.84007	1	6	0	-26.5004
1.84007	3	1	0	-12.3197
1.84007	3	2	0	11.2663
1.84007	3	3	0	-3.42961
1.84007	3	4	0	-7.40699
1.84107	1	1	0	-16.0422
1.84107	1	2	0	-11.4785
1.84107	1	3	0	-23.5694
1.84107	1	4	0	-16.6065
1.84107	1	5	0	-20.8357
1.84107	1	6	0	-26.4845
1.84107	3	1	0	-12.2757
1.84107	3	2	0	11.2641
1.84107	3	3	0	-3.41992
1.84107	3	4	0	-7.42213
1.84307	1	1	0	-16.0547
1.84307	1	2	0	-11.4739
1.84307	1	3	0	-23.5757
1.84307	1	4	0	-16.5751
1.84307	1	5	0	-20.8581
1.84307	1	6	0	-26.5365
1.84307	3	1	0	-12.216
1.84307	3	2	0	11.2521
1.84307	3	3	0	-3.4492
1.84307	3	4	0	-7.48165
1.84407	1	1	0	-16.0923
1.84407	1	2	0	-11.516
1.84407	1	3	0	-23.5846
1.84407	1	4	0	-16.5672
1.84407	1	5	0	-20.812
1.84407	1	6	0	-26.5982
1.84407	3	1	0	-12.2376
1.84407	3	2	0	11.2777
1.84407	3	3	0	-3.46572
1.84407	3	4	0	-7.50008
1.84507	1	1	0	-16.087
1.84507	1	2	0	-11.525
1.84507	1	3	0	-23.5957
1.84507	1	4	0	-16.5979
1.84507	1	5	0	-20.851
1.84507	1	6	0	-26.6182
1.84507	3	1	0	-12.2692
1.84507	3	2	0	11.2655
1.84507	3	3	0	-3.4769
1.84507	3	4	0	-7.58898
1.84607	1	1	0	-16.0802
1.84607	1	2	0	-11.4808
1.84607	1	3	0	-23.5494
1.84607	1	4	0	-16.5606
1.84607	1	5	0	-20.8444
1.84607	1	6	0	-26.6292
1.84607	3	1	0	-12.2403
1.84607	3	2	0	11.2476
1.84607	3	3	0	-3.52309
1.84607	3	4	0	-7.63855
1.84707	1	1	0	-16.0662
1.84707	1	2	0	-11.4524
1.84707	1	3	0	-10.5487
1.84707	1	4	0	-16.1532
1.84707	1	5	0	-20.8539
1.84707	1	6	0	-26.6305
1.84807	1	1	0	-16.1058
1.84807	1	2	0	-11.4495
1.84807	1	3	0	-23.5399
1.84807	1	4	0	-16.5729
1.84807	1	5	0	-20.9261
1.84807	1	6	0	-26.6998
1.84807	3	1	0	-12.2186
1.84807	3	2	0	11.2344
1.84807	3	3	0	-3.5445
1.84807	3	4	0	-7.63028
1.85007	1	1	0	-16.0777
1.85007	1	2	0	-11.4146
1.85007	1	3	0	-23.4916
1.85007	1	4	0	-16.5729
1.85007	1	5	0	-20.9063
1.85007	1	6	0	-26.7576
1.85007	3	1	0	-12.2269
1.85007	3	2	0	11.1987
1.85007	3	3	0	-3.52772
1.85007	3	4	0	-7.60447
1.85107	1	1	0	-16.0927
1.85107	1	2	0	-11.3977
1.85107	1	3	0	-10.5502
1.85107	1	4	0	-16.1863
1.85107	1	5	0	-20.9588
1.85107	1	6	0	-26.7438
1.85207	1	1	0	-16.0484
1.85207	1	2	0	-11.4452
1.85207	1	3	0	-23.4949
1.85207	1	4	0	-16.5591
1.85207	1	5	0	-20.9802
1.85207	1	6	0	-26.8013
1.85207	3	1	0	-12.2234
1.85207	3	2	0	11.1415
1.85207	3	3	0	-3.55405
1.85207	3	4	0	-7.58876
1.85307	1	1	0	-16.043
1.85307	1	2	0	-11.4443
1.85307	1	3	0	-10.57
1.85307	1	4	0	-16.1559
1.85307	1	5	0	-21.0501
1.85307	1	6	0	-26.7728
1.85407	1	1	0	-16.0576
1.85407	1	2	0	-11.4467
1.85407	1	3	0	-23.4529
1.85407	1	4	0	-16.5892
1.85407	1	5	0	-21.0954
1.85407	1	6	0	-26.8018
1.85407	3	1	0	-12.2282
1.85407	3	2	0	11.1491
1.85407	3	3	0	-3.54562
1.85407	3	4	0	-7.62787
1.85507	1	1	0	-16.0696
1.85507	1	2	0	-11.3953
1.85507	1	3	0	-23.4711
1.85507	1	4	0	-16.5974
1.85507	1	5	0	-21.0801
1.85507	1	6	0	-26.7826
1.85507	3	1	0	-12.2394
1.85507	3	2	0	11.1368
1.85507	3	3	0	-3.52999
1.85507	3	4	0	-7.6501
1.85607	1	1	0	-16.0419
1.85607	1	2	0	-11.3796
1.85607	1	3	0	-23.4286
1.85607	1	4	0	-16.5925
1.85607	1	5	0	-21.1519
1.85607	1	6	0	-26.7835
1.85607	3	1	0	-12.2046
1.85607	3	2	0	11.1183
1.85607	3	3	0	-3.46976
1.85607	3	4	0	-7.72354
1.85707	1	1	0	-16.0412
1.85707	1	2	0	-11.3377
1.85707	1	3	0	-10.4781
1.85707	1	4	0	-16.1573
1.85707	1	5	0	-21.1447
1.85707	1	6	0	-26.7258
1.85807	1	1	0	-16.1015
1.85807	1	2	0	-11.314
1.85807	1	3	0	-10.4749
1.85807	1	4	0	-16.1906
1.85807	1	5	0	-21.1799
1.85807	1	6	0	-26.6978
1.85907	1	1	0	-16.1023
1.85907	1	2	0	-11.2969
1.85907	1	3	0	-10.4897
1.85907	1	4	0	-16.1757
1.85907	1	5	0	-21.2733
1.85907	1	6	0	-26.6982
1.86007	1	1	0	-16.1142
1.86007	1	2	0	-11.34
1.86007	1	3	0	-23.4256
1.86007	1	4	0	-16.5812
1.86007	1	5	0	-21.2906
1.86007	1	6	0	-26.7135
1.86007	3	1	0	-12.2144
1.86007	3	2	0	11.1116
1.86007	3	3	0	-3.51709
1.86007	3	4	0	-7.75972
1.86107	1	1	0	-16.1393
1.86107	1	2	0	-11.3396
1.86107	1	3	0	-10.4693
1.86107	1	4	0	-16.1743
1.86107	1	5	0	-21.337
1.86107	1	6	0	-26.7091
1.86207	1	1	0	-16.1468
1.86207	1	2	0	-11.3102
1.86207	1	3	0	-23.3703
1.86207	1	4	0	-16.589
1.86207	1	5	0	-21.3371
1.86207	1	6	0	-26.7601
1.86207	3	1	0	-12.2541
1.86207	3	2	0	11.123
1.86207	3	3	0	-3.50106
1.86207	3	4	0	-7.76909
1.86307	1	1	0	-16.1668
1.86307	1	2	0	-11.2021
1.86307	1	3	0	-10.4565
1.86307	1	4	0	-16.2019
1.86307	1	5	0	-21.3402
1.86307	1	6	0	-26.7114
1.86407	1	1	0	-16.1883
1.86407	1	2	0	-11.2225
1.86407	1	3	0	-10.4625
1.86407	1	4	0	-16.2497
1.86407	1	5	0	-21.3755
1.86407	1	6	0	-26.6802
1.86507	1	1	0	-16.1748
1.86507	1	2	0	-11.2847
1.86507	1	3	0	-23.3716
1.86507	1	4	0	-16.6772
1.86507	1	5	0	-21.3741
1.86507	1	6	0	-26.7906
1.86507	3	1	0	-12.294
1.86507	3	2	0	11.1652
1.86507	3	3	0	-3.50927
1.86507	3	4	0	-7.90227
1.86607	1	1	0	-16.1711
1.86607	1	2	0	-11.3252
1.86607	1	3	0	-23.3195
1.86607	1	4	0	-16.6742
1.86607	1	5	0	-21.3527
1.86607	1	6	0	-26.8148
1.86607	3	1	0	-12.3295
1.86607	3	2	0	11.1502
1.86607	3	3	0	-3.49331
1.86607	3	4	0	-7.91187
1.86707	1	1	0	-16.172
1.86707	1	2	0	-11.3395
1.86707	1	3	0	-10.4594
1.86707	1	4	0	-16.2938
1.86707	1	5	0	-21.3844
1.86707	1	6	0	-26.7892
1.86807	1	1	0	-16.1842
1.86807	1	2	0	-11.3094
1.86807	1	3	0	-23.3292
1.86807	1	4	0	-16.6442
1.86807	1	5	0	-21.3378
1.86807	1	6	0	-26.8489
1.86807	3	1	0	-12.3552
1.86807	3	2	0	11.2036
1.86807	3	3	0	-3.44692
1.86807	3	4	0	-7.93365
1.86907	1	1	0	-16.1447
1.86907	1	2	0	-11.3029
1.86907	1	3	0	-10.4418
1.86907	1	4	0	-16.2675
1.86907	1	5	0	-21.2921
1.86907	1	6	0	-26.8146
1.87007	1	1	0	-16.1276
1.87007	1	2	0	-11.3316
1.87007	1	3	0	-23.3849
1.87007	1	4	0	-16.6592
1.87007	1	5	0	-21.2908
1.87007	1	6	0	-26.7733
1.87007	3	1	0	-12.3209
1.87007	3	2	0	11.2227
1.87007	3	3	0	-3.48539
1.87007	3	4	0	-7.97021
1.87107	1	1	0	-16.1535
1.87107	1	2	0	-11.3638
1.87107	1	3	0	-10.4694
1.87107	1	4	0	-16.2132
1.87107	1	5	0	-21.2941
1.87107	1	6	0	-26.7686
1.87207	1	1	0	-16.132
1.87207	1	2	0	-11.3518
1.87207	1	3	0	-10.4599
1.87207	1	4	0	-16.2122
1.87207	1	5	0	-21.2891
1.87207	1	6	0	-26.7465
1.87307	1	1	0	-16.1325
1.87307	1	2	0	-11.3817
1.87307	1	3	0	-10.4825
1.87307	1	4	0	-16.1964
1.87307	1	5	0	-21.2761
1.87307	1	6	0	-26.7665
1.87407	1	1	0	-16.132
1.87407	1	2	0	-11.3887
1.87407	1	3	0	-23.3402
1.87407	1	4	0	-16.5776
1.87407	1	5	0	-21.3117
1.87407	1	6	0	-26.7785
1.87407	3	1	0	-12.2619
1.87407	3	2	0	11.2093
1.87407	3	3	0	-3.53327
1.87407	3	4	0	-8.17382
1.87507	1	1	0	-16.1809
1.87507	1	2	0	-11.4169
1.87507	1	3	0	-23.3623
1.87507	1	4	0	-16.5981
1.87507	1	5	0	-21.3024
1.87507	1	6	0	-26.8019
1.87507	3	1	0	-12.287
1.87507	3	2	0	11.1814
1.87507	3	3	0	-3.57802
1.87507	3	4	0	-8.19361
1.87607	1	1	0	-16.1435
1.87607	1	2	0	-11.4097
1.87607	1	3	0	-10.4292
1.87607	1	4	0	-16.1778
1.87607	1	5	0	-21.2619
1.87607	1	6	0	-26.8179
1.87707	1	1	0	-16.1175
1.87707	1	2	0	-11.4856
1.87707	1	3	0	-10.444
1.87707	1	4	0	-16.2161
1.87707	1	5	0	-21.2422
1.87707	1	6	0	-26.8186
1.87807	1	1	0	-16.0914
1.87807	1	2	0	-11.4731
1.87807	1	3	0	-10.4425
1.87807	1	4	0	-16.2036
1.87807	1	5	0	-21.22
1.87807	1	6	0	-26.8182
1.87907	1	1	0	-16.1037
1.87907	1	2	0	-11.4939
1.87907	1	3	0	-10.4541
1.87907	1	4	0	-16.2473
1.87907	1	5	0	-21.183
1.87907	1	6	0	-26.7585
1.88007	1	1	0	-16.1501
1.88007	1	2	0	-11.472
1.88007	1	3	0	-23.3784
1.88007	1	4	0	-16.6356
1.88007	1	5	0	-21.1843
1.88007	1	6	0	-26.7579
1.88007	3	1	0	-12.2281
1.88007	3	2	0	11.1687
1.88007	3	3	0	-3.55961
1.88007	3	4	0	-8.25731
1.88107	1	1	0	-16.1597
1.88107	1	2	0	-11.4525
1.88107	1	3	0	-23.3205
1.88107	1	4	0	-16.6219
1.88107	1	5	0	-21.1941
1.88107	1	6	0	-26.6958
1.88107	3	1	0	-12.2283
1.88107	3	2	0	11.1965
1.88107	3	3	0	-3.56566
1.88107	3	4	0	-8.31259
1.88207	1	1	0	-16.1249
1.88207	1	2	0	-11.394
1.88207	1	3	0	-23.3077
1.88207	1	4	0	-16.6301
1.88207	1	5	0	-21.175
1.88207	1	6	0	-26.6905
1.88207	3	1	0	-12.2377
1.88207	3	2	0	11.1785
1.88207	3	3	0	-3.552
1.88207	3	4	0	-8.35981
1.88307	1	1	0	-16.1413
1.88307	1	2	0	-11.4208
1.88307	1	3	0	-10.3642
1.88307	1	4	0	-16.2123
1.88307	1	5	0	-21.1594
1.88307	1	6	0	-26.6176
1.88407	1	1	0	-16.1313
1.88407	1	2	0	-11.4214
1.88407	1	3	0	-10.3929
1.88407	1	4	0	-16.2401
1.88407	1	5	0	-21.1404
1.88407	1	6	0	-26.5875
1.88507	1	1	0	-16.1536
1.88507	1	2	0	-11.392
1.88507	1	3	0	-23.3589
1.88507	1	4	0	-16.6407
1.88507	1	5	0	-21.124
1.88507	1	6	0	-26.5994
1.88507	3	1	0	-12.22
1.88507	3	2	0	11.2571
1.88507	3	3	0	-3.5951
1.88507	3	4	0	-8.35417
1.88607	1	1	0	-16.1458
1.88607	1	2	0	-11.3821
1.88607	1	3	0	-23.3093
1.88607	1	4	0	-16.6063
1.88607	1	5	0	-21.1227
1.88607	1	6	0	-26.636
1.88607	3	1	0	-12.2434
1.88607	3	2	0	11.2571
1.88607	3	3	0	-3.62548
1.88607	3	4	0	-8.35336
1.88707	1	1	0	-16.171
1.88707	1	2	0	-11.3904
1.88707	1	3	0	-23.2584
1.88707	1	4	0	-16.623
1.88707	1	5	0	-21.144
1.88707	1	6	0	-26.6342
1.88707	3	1	0	-12.2236
1.88707	3	2	0	11.2355
1.88707	3	3	0	-3.6446
1.88707	3	4	0	-8.32064
1.88807	1	1	0	-16.1411
1.88807	1	2	0	-11.3938
1.88807	1	3	0	-10.3629
1.88807	1	4	0	-16.2093
1.88807	1	5	0	-21.1615
1.88807	1	6	0	-26.6007
1.88907	1	1	0	-16.1245
1.88907	1	2	0	-11.4164
1.88907	1	3	0	-10.3011
1.88907	1	4	0	-16.2276
1.88907	1	5	0	-21.1698
1.88907	1	6	0	-26.5901
1.89007	1	1	0	-16.1746
1.89007	1	2	0	-11.3651
1.89007	1	3	0	-23.3122
1.89007	1	4	0	-16.6248
1.89007	1	5	0	-21.1557
1.89007	1	6	0	-26.6551
1.89007	3	1	0	-12.2111
1.89007	3	2	0	11.2799
1.89007	3	3	0	-3.65922
1.89007	3	4	0	-8.30574
1.89107	1	1	0	-16.1756
1.89107	1	2	0	-11.3848
1.89107	1	3	0	-23.3142
1.89107	1	4	0	-16.5949
1.89107	1	5	0	-21.153
1.89107	1	6	0	-26.5778
1.89107	3	1	0	-12.2303
1.89107	3	2	0	11.2446
1.89107	3	3	0	-3.64392
1.89107	3	4	0	-8.36768
1.89207	1	1	0	-16.1515
1.89207	1	2	0	-11.3925
1.89207	1	3	0	-10.3781
1.89207	1	4	0	-16.1924
1.89207	1	5	0	-21.1321
1.89207	1	6	0	-26.5706
1.89307	1	1	0	-16.184
1.89307	1	2	0	-11.379
1.89307	1	3	0	-23.3748
1.89307	1	4	0	-16.5991
1.89307	1	5	0	-21.1483
1.89307	1	6	0	-26.5608
1.89307	3	1	0	-12.221
1.89307	3	2	0	11.2126
1.89307	3	3	0	-3.61723
1.89307	3	4	0	-8.37045
1.89407	1	1	0	-16.2041
1.89407	1	2	0	-11.3698
1.89407	1	3	0	-10.364
1.89407	1	4	0	-16.2023
1.89407	1	5	0	-21.1675
1.89407	1	6	0	-26.5267
1.89507	1	1	0	-16.2084
1.89507	1	2	0	-11.3829
1.89507	1	3	0	-23.3468
1.89507	1	4	0	-16.584
1.89507	1	5	0	-21.1248
1.89507	1	6	0	-26.5771
1.89507	3	1	0	-12.195
1.89507	3	2	0	11.1843
1.89507	3	3	0	-3.63029
1.89507	3	4	0	-8.36994
1.89607	1	1	0	-16.1974
1.89607	1	2	0	-11.3286
1.89607	1	3	0	-10.3004
1.89607	1	4	0	-16.1493
1.89607	1	5	0	-21.1248
1.89607	1	6	0	-26.5214
1.89707	1	1	0	-16.199
1.89707	1	2	0	-11.3156
1.89707	1	3	0	-23.2621
1.89707	1	4	0	-16.5738
1.89707	1	5	0	-21.1324
1.89707	1	6	0	-26.548
1.89707	3	1	0	-12.2234
1.89707	3	2	0	11.1827
1.89707	3	3	0	-3.61172
1.89707	3	4	0	-8.45595
1.89807	1	1	0	-16.2072
1.89807	1	2	0	-11.3521
1.89807	1	3	0	-23.2135
1.89807	1	4	0	-16.5362
1.89807	1	5	0	-21.1316
1.89807	1	6	0	-26.5413
1.89807	3	1	0	-12.2031
1.89807	3	2	0	11.1993
1.89807	3	3	0	-3.60447
1.89807	3	4	0	-8.45772
1.89907	1	1	0	-16.2418
1.89907	1	2	0	-11.3076
1.89907	1	3	0	-23.1878
1.89907	1	4	0	-16.5466
1.89907	1	5	0	-21.1633
1.89907	1	6	0	-26.5213
1.89907	3	1	0	-12.2024
1.89907	3	2	0	11.2164
1.89907	3	3	0	-3.58697
1.89907	3	4	0	-8.45153
1.90007	1	1	0	-16.2503
1.90007	1	2	0	-11.2409
1.90007	1	3	0	-23.1558
1.90007	1	4	0	-16.4893
1.90007	1	5	0	-21.1821
1.90007	1	6	0	-26.5386
1.90007	3	1	0	-12.1954
1.90007	3	2	0	11.1994
1.90007	3	3	0	-3.53572
1.90007	3	4	0	-8.46101
1.90107	1	1	0	-16.2403
1.90107	1	2	0	-11.2068
1.90107	1	3	0	-10.2363
1.90107	1	4	0	-16.0617
1.90107	1	5	0	-21.1261
1.90107	1	6	0	-26.4546
1.90207	1	1	0	-16.2891
1.90207	1	2	0	-11.2276
1.90207	1	3	0	-10.1846
1.90207	1	4	0	-16.0178
1.90207	1	5	0	-21.1367
1.90207	1	6	0	-26.4785
1.90307	1	1	0	-16.3168
1.90307	1	2	0	-11.2238
1.90307	1	3	0	-23.0701
1.90307	1	4	0	-16.4348
1.90307	1	5	0	-21.0969
1.90307	1	6	0	-26.4683
1.90307	3	1	0	-12.1047
1.90307	3	2	0	11.2009
1.90307	3	3	0	-3.47341
1.90307	3	4	0	-8.4732
1.90407	1	1	0	-16.2746
1.90407	1	2	0	-11.199
1.90407	1	3	0	-10.166
1.90407	1	4	0	-16.0007
1.90407	1	5	0	-21.0983
1.90407	1	6	0	-26.4437
1.90507	1	1	0	-16.3072
1.90507	1	2	0	-11.2154
1.90507	1	3	0	-23.056
1.90507	1	4	0	-16.4265
1.90507	1	5	0	-21.0775
1.90507	1	6	0	-26.4791
1.90507	3	1	0	-12.0568
1.90507	3	2	0	11.1716
1.90507	3	3	0	-3.4862
1.90507	3	4	0	-8.575
1.90607	1	1	0	-16.3175
1.90607	1	2	0	-11.2093
1.90607	1	3	0	-10.16
1.90607	1	4	0	-16.0417
1.90607	1	5	0	-21.0354
1.90607	1	6	0	-26.4373
1.90707	1	1	0	-16.335
1.90707	1	2	0	-11.2441
1.90707	1	3	0	-23.0833
1.90707	1	4	0	-16.4514
1.90707	1	5	0	-21.027
1.90707	1	6	0	-26.5034
1.90707	3	1	0	-12.0758
1.90707	3	2	0	11.1257
1.90707	3	3	0	-3.52016
1.90707	3	4	0	-8.62579
1.90807	1	1	0	-16.3176
1.90807	1	2	0	-11.1901
1.90807	1	3	0	-10.1578
1.90807	1	4	0	-16.0264
1.90807	1	5	0	-20.9787
1.90807	1	6	0	-26.4532
1.90907	1	1	0	-16.3074
1.90907	1	2	0	-11.1576
1.90907	1	3	0	-23.0634
1.90907	1	4	0	-16.4332
1.90907	1	5	0	-20.9484
1.90907	1	6	0	-26.5446
1.90907	3	1	0	-12.1068
1.90907	3	2	0	11.1771
1.90907	3	3	0	-3.53208
1.90907	3	4	0	-8.64237
1.91007	1	1	0	-16.2765
1.91007	1	2	0	-11.1833
1.91007	1	3	0	-23.0704
1.91007	1	4	0	-16.4027
1.91007	1	5	0	-20.8842
1.91007	1	6	0	-26.5206
1.91007	3	1	0	-12.0703
1.91007	3	2	0	11.1199
1.91007	3	3	0	-3.49945
1.91007	3	4	0	-8.66584
1.91107	1	1	0	-16.2228
1.91107	1	2	0	-11.2099
1.91107	1	3	0	-10.123
1.91107	1	4	0	-15.9594
1.91107	1	5	0	-20.8434
1.91107	1	6	0	-26.5059
1.91207	1	1	0	-16.2302
1.91207	1	2	0	-11.2335
1.91207	1	3	0	-10.0966
1.91207	1	4	0	-15.9744
1.91207	1	5	0	-20.7886
1.91207	1	6	0	-26.4509
1.91307	1	1	0	-16.2579
1.91307	1	2	0	-11.1536
1.91307	1	3	0	-23.0355
1.91307	1	4	0	-16.406
1.91307	1	5	0	-20.7408
1.91307	1	6	0	-26.4613
1.91307	3	1	0	-12.0702
1.91307	3	2	0	11.1129
1.91307	3	3	0	-3.49748
1.91307	3	4	0	-8.71594
1.91407	1	1	0	-16.2173
1.91407	1	2	0	-11.1048
1.91407	1	3	0	-10.0762
1.91407	1	4	0	-15.9847
1.91407	1	5	0	-20.7113
1.91407	1	6	0	-26.4116
1.91507	1	1	0	-16.2009
1.91507	1	2	0	-11.0547
1.91507	1	3	0	-23.0373
1.91507	1	4	0	-16.4171
1.91507	1	5	0	-20.7473
1.91507	1	6	0	-26.452
1.91507	3	1	0	-12.0693
1.91507	3	2	0	11.0773
1.91507	3	3	0	-3.43303
1.91507	3	4	0	-8.70508
1.91607	1	1	0	-16.2387
1.91607	1	2	0	-11.0374
1.91607	1	3	0	-10.089
1.91607	1	4	0	-15.9809
1.91607	1	5	0	-20.7043
1.91607	1	6	0	-26.4122
1.91707	1	1	0	-16.213
1.91707	1	2	0	-11.0264
1.91707	1	3	0	-10.0857
1.91707	1	4	0	-15.9738
1.91707	1	5	0	-20.6464
1.91707	1	6	0	-26.39
1.91807	1	1	0	-16.198
1.91807	1	2	0	-11.0332
1.91807	1	3	0	-10.066
1.91807	1	4	0	-15.953
1.91807	1	5	0	-20.6373
1.91807	1	6	0	-26.4411
1.91907	1	1	0	-16.2087
1.91907	1	2	0	-11.0324
1.91907	1	3	0	-22.9213
1.91907	1	4	0	-16.4187
1.91907	1	5	0	-20.6113
1.91907	1	6	0	-26.4383
1.91907	3	1	0	-12.0606
1.91907	3	2	0	11.0491
1.91907	3	3	0	-3.43811
1.91907	3	4	0	-8.68016
1.92007	1	1	0	-16.2177
1.92007	1	2	0	-11.0919
1.92007	1	3	0	-22.9689
1.92007	1	4	0	-16.3663
1.92007	1	5	0	-20.5668
1.92007	1	6	0	-26.4672
1.92007	3	1	0	-12.0944
1.92007	3	2	0	11.0621
1.92007	3	3	0	-3.45718
1.92007	3	4	0	-8.70063
1.92107	1	1	0	-16.1854
1.92107	1	2	0	-11.0666
1.92107	1	3	0	-22.9672
1.92107	1	4	0	-16.3507
1.92107	1	5	0	-20.5453
1.92107	1	6	0	-26.4668
1.92107	3	1	0	-12.1032
1.92107	3	2	0	11.0449
1.92107	3	3	0	-3.44661
1.92107	3	4	0	-8.67087
1.92207	1	1	0	-16.1671
1.92207	1	2	0	-11.0909
1.92207	1	3	0	-10.0668
1.92207	1	4	0	-15.8876
1.92207	1	5	0	-20.5595
1.92207	1	6	0	-26.4444
1.92307	1	1	0	-16.1334
1.92307	1	2	0	-11.1079
1.92307	1	3	0	-10.0871
1.92307	1	4	0	-15.8724
1.92307	1	5	0	-20.5035
1.92307	1	6	0	-26.4306
1.92407	1	1	0	-16.1046
1.92407	1	2	0	-11.0876
1.92407	1	3	0	-10.1048
1.92407	1	4	0	-15.8176
1.92407	1	5	0	-20.4941
1.92407	1	6	0	-26.3802
1.92507	1	1	0	-16.1054
1.92507	1	2	0	-11.0815
1.92507	1	3	0	-23.0378
1.92507	1	4	0	-16.2635
1.92507	1	5	0	-20.4333
1.92507	1	6	0	-26.3884
1.92507	3	1	0	-12.0683
1.92507	3	2	0	11.0616
1.92507	3	3	0	-3.36302
1.92507	3	4	0	-8.71026
1.92607	1	1	0	-16.0946
1.92607	1	2	0	-11.1049
1.92607	1	3	0	-23.0111
1.92607	1	4	0	-16.279
1.92607	1	5	0	-20.4034
1.92607	1	6	0	-26.371
1.92607	3	1	0	-12.125
1.92607	3	2	0	11.0376
1.92607	3	3	0	-3.34438
1.92607	3	4	0	-8.68492
1.92707	1	1	0	-16.0681
1.92707	1	2	0	-11.1387
1.92707	1	3	0	-22.9715
1.92707	1	4	0	-16.3496
1.92707	1	5	0	-20.3516
1.92707	1	6	0	-26.3851
1.92707	3	1	0	-12.128
1.92707	3	2	0	11.0119
1.92707	3	3	0	-3.3875
1.92707	3	4	0	-8.73111
1.92807	1	1	0	-16.1023
1.92807	1	2	0	-11.1413
1.92807	1	3	0	-10.0557
1.92807	1	4	0	-15.8908
1.92807	1	5	0	-20.2964
1.92807	1	6	0	-26.2832
1.92907	1	1	0	-16.0927
1.92907	1	2	0	-11.1563
1.92907	1	3	0	-10.042
1.92907	1	4	0	-15.9429
1.92907	1	5	0	-20.2247
1.92907	1	6	0	-26.2854
1.93007	1	1	0	-16.1038
1.93007	1	2	0	-11.2015
1.93007	1	3	0	-22.8777
1.93007	1	4	0	-16.3823
1.93007	1	5	0	-20.2247
1.93007	1	6	0	-26.2614
1.93007	3	1	0	-12.064
1.93007	3	2	0	11.0139
1.93007	3	3	0	-3.40009
1.93007	3	4	0	-8.74535
1.93107	1	1	0	-16.0971
1.93107	1	2	0	-11.2181
1.93107	1	3	0	-22.8535
1.93107	1	4	0	-16.3712
1.93107	1	5	0	-20.1945
1.93107	1	6	0	-26.2576
1.93107	3	1	0	-12.0405
1.93107	3	2	0	11.0119
1.93107	3	3	0	-3.39189
1.93107	3	4	0	-8.76742
1.93207	1	1	0	-16.0548
1.93207	1	2	0	-11.2177
1.93207	1	3	0	-10.0399
1.93207	1	4	0	-15.9169
1.93207	1	5	0	-20.1595
1.93207	1	6	0	-26.1563
1.93307	1	1	0	-16.0558
1.93307	1	2	0	-11.2479
1.93307	1	3	0	-22.8676
1.93307	1	4	0	-16.3878
1.93307	1	5	0	-20.1521
1.93307	1	6	0	-26.1915
1.93307	3	1	0	-12.0991
1.93307	3	2	0	11.0168
1.93307	3	3	0	-3.44784
1.93307	3	4	0	-8.75752
1.93407	1	1	0	-16.0032
1.93407	1	2	0	-11.2387
1.93407	1	3	0	-22.8774
1.93407	1	4	0	-16.4349
1.93407	1	5	0	-20.081
1.93407	1	6	0	-26.228
1.93407	3	1	0	-12.1341
1.93407	3	2	0	10.966
1.93407	3	3	0	-3.44022
1.93407	3	4	0	-8.73807
1.93507	1	1	0	-16.0134
1.93507	1	2	0	-11.2379
1.93507	1	3	0	-22.8373
1.93507	1	4	0	-16.4448
1.93507	1	5	0	-20.076
1.93507	1	6	0	-26.2401
1.93507	3	1	0	-12.116
1.93507	3	2	0	10.9917
1.93507	3	3	0	-3.43313
1.93507	3	4	0	-8.71969
1.93607	1	1	0	-16.0356
1.93607	1	2	0	-11.3005
1.93607	1	3	0	-10.0566
1.93607	1	4	0	-16.0096
1.93607	1	5	0	-20.0249
1.93607	1	6	0	-26.2056
1.93707	1	1	0	-16.0443
1.93707	1	2	0	-11.2702
1.93707	1	3	0	-22.8557
1.93707	1	4	0	-16.4698
1.93707	1	5	0	-19.9976
1.93707	1	6	0	-26.138
1.93707	3	1	0	-12.0265
1.93707	3	2	0	11.0433
1.93707	3	3	0	-3.46461
1.93707	3	4	0	-8.68327
1.93807	1	1	0	-16.0549
1.93807	1	2	0	-11.2731
1.93807	1	3	0	-10.0809
1.93807	1	4	0	-16.0671
1.93807	1	5	0	-19.9657
1.93807	1	6	0	-26.1293
1.93907	1	1	0	-15.9838
1.93907	1	2	0	-11.2479
1.93907	1	3	0	-22.8542
1.93907	1	4	0	-16.5284
1.93907	1	5	0	-19.9327
1.93907	1	6	0	-26.1058
1.93907	3	1	0	-11.9687
1.93907	3	2	0	11.0678
1.93907	3	3	0	-3.50449
1.93907	3	4	0	-8.66719
1.94007	1	1	0	-15.9862
1.94007	1	2	0	-11.1943
1.94007	1	3	0	-22.8675
1.94007	1	4	0	-16.533
1.94007	1	5	0	-19.999
1.94007	1	6	0	-26.069
1.94007	3	1	0	-11.9825
1.94007	3	2	0	11.0634
1.94007	3	3	0	-3.54618
1.94007	3	4	0	-8.6559
1.94207	1	1	0	-16.0026
1.94207	1	2	0	-11.1578
1.94207	1	3	0	-10.025
1.94207	1	4	0	-16.1121
1.94207	1	5	0	-19.9708
1.94207	1	6	0	-26.0212
1.94307	1	1	0	-16.0335
1.94307	1	2	0	-11.2089
1.94307	1	3	0	-22.7309
1.94307	1	4	0	-16.5999
1.94307	1	5	0	-19.9574
1.94307	1	6	0	-26.0188
1.94307	3	1	0	-11.9559
1.94307	3	2	0	11.0296
1.94307	3	3	0	-3.50487
1.94307	3	4	0	-8.63104
1.94407	1	1	0	-16.0126
1.94407	1	2	0	-11.23
1.94407	1	3	0	-9.99579
1.94407	1	4	0	-16.1237
1.94407	1	5	0	-19.9391
1.94407	1	6	0	-26.0337
1.94507	1	1	0	-16.0342
1.94507	1	2	0	-11.2563
1.94507	1	3	0	-22.6533
1.94507	1	4	0	-16.5593
1.94507	1	5	0	-19.9503
1.94507	1	6	0	-26.1287
1.94507	3	1	0	-11.983
1.94507	3	2	0	11.0264
1.94507	3	3	0	-3.56958
1.94507	3	4	0	-8.5614
1.94607	1	1	0	-16.0209
1.94607	1	2	0	-11.2103
1.94607	1	3	0	-9.93093
1.94607	1	4	0	-16.1574
1.94607	1	5	0	-19.9718
1.94607	1	6	0	-26.1605
1.94707	1	1	0	-16.0272
1.94707	1	2	0	-11.2369
1.94707	1	3	0	-9.94896
1.94707	1	4	0	-16.1781
1.94707	1	5	0	-19.9955
1.94707	1	6	0	-26.1886
1.94807	1	1	0	-16.0737
1.94807	1	2	0	-11.1439
1.94807	1	3	0	-9.93325
1.94807	1	4	0	-16.1947
1.94807	1	5	0	-19.9651
1.94807	1	6	0	-26.1504
1.94907	1	1	0	-16.1057
1.94907	1	2	0	-11.1445
1.94907	1	3	0	-22.652
1.94907	1	4	0	-16.6339
1.94907	1	5	0	-19.9685
1.94907	1	6	0	-26.0894
1.94907	3	1	0	-11.944
1.94907	3	2	0	10.8984
1.94907	3	3	0	-3.62266
1.94907	3	4	0	-8.58662
1.95007	1	1	0	-16.0944
1.95007	1	2	0	-11.1325
1.95007	1	3	0	-22.6165
1.95007	1	4	0	-16.5956
1.95007	1	5	0	-19.9554
1.95007	1	6	0	-26.0741
1.95007	3	1	0	-11.9556
1.95007	3	2	0	10.8783
1.95007	3	3	0	-3.58321
1.95007	3	4	0	-8.56003
1.95107	1	1	0	-16.1106
1.95107	1	2	0	-11.1258
1.95107	1	3	0	-22.6145
1.95107	1	4	0	-16.6123
1.95107	1	5	0	-19.9872
1.95107	1	6	0	-26.0569
1.95107	3	1	0	-11.9514
1.95107	3	2	0	10.8958
1.95107	3	3	0	-3.572
1.95107	3	4	0	-8.50916
1.95207	1	1	0	-16.1202
1.95207	1	2	0	-11.1296
1.95207	1	3	0	-9.91861
1.95207	1	4	0	-16.1345
1.95207	1	5	0	-19.9736
1.95207	1	6	0	-25.9993
1.95307	1	1	0	-16.1279
1.95307	1	2	0	-11.1138
1.95307	1	3	0	-9.88997
1.95307	1	4	0	-16.123
1.95307	1	5	0	-19.9779
1.95307	1	6	0	-26.0124
1.95407	1	1	0	-16.1721
1.95407	1	2	0	-11.129
1.95407	1	3	0	-9.86005
1.95407	1	4	0	-16.1559
1.95407	1	5	0	-19.9687
1.95407	1	6	0	-25.9983
1.95507	1	1	0	-16.1784
1.95507	1	2	0	-11.2011
1.95507	1	3	0	-22.6233
1.95507	1	4	0	-16.6106
1.95507	1	5	0	-19.9602
1.95507	1	6	0	-26.0285
1.95507	3	1	0	-11.9756
1.95507	3	2	0	10.9024
1.95507	3	3	0	-3.56799
1.95507	3	4	0	-8.42558
1.95607	1	1	0	-16.167
1.95607	1	2	0	-11.2476
1.95607	1	3	0	-9.84761
1.95607	1	4	0	-16.1633
1.95607	1	5	0	-19.9717
1.95607	1	6	0	-25.9875
1.95707	1	1	0	-16.2377
1.95707	1	2	0	-11.2359
1.95707	1	3	0	-22.6025
1.95707	1	4	0	-16.636
1.95707	1	5	0	-19.9603
1.95707	1	6	0	-26.0478
1.95707	3	1	0	-11.9321
1.95707	3	2	0	10.9148
1.95707	3	3	0	-3.52653
1.95707	3	4	0	-8.46925
1.95807	1	1	0	-16.2509
1.95807	1	2	0	-11.203
1.95807	1	3	0	-9.81949
1.95807	1	4	0	-16.1699
1.95807	1	5	0	-19.9909
1.95807	1	6	0	-26.0717
1.95907	1	1	0	-16.2716
1.95907	1	2	0	-11.1856
1.95907	1	3	0	-9.78374
1.95907	1	4	0	-16.1821
1.95907	1	5	0	-20.0032
1.95907	1	6	0	-26.1468
1.96007	1	1	0	-16.2643
1.96007	1	2	0	-11.1857
1.96007	1	3	0	-22.5644
1.96007	1	4	0	-16.6535
1.96007	1	5	0	-19.9982
1.96007	1	6	0	-26.0984
1.96007	3	1	0	-11.95
1.96007	3	2	0	10.9547
1.96007	3	3	0	-3.53748
1.96007	3	4	0	-8.47241
1.96107	1	1	0	-16.2548
1.96107	1	2	0	-11.2039
1.96107	1	3	0	-22.5721
1.96107	1	4	0	-16.6575
1.96107	1	5	0	-20.0053
1.96107	1	6	0	-26.0686
1.96107	3	1	0	-11.9252
1.96107	3	2	0	10.9704
1.96107	3	3	0	-3.58983
1.96107	3	4	0	-8.46598
1.96207	1	1	0	-16.2473
1.96207	1	2	0	-11.1833
1.96207	1	3	0	-22.5782
1.96207	1	4	0	-16.6984
1.96207	1	5	0	-19.9768
1.96207	1	6	0	-26.0621
1.96207	3	1	0	-11.9069
1.96207	3	2	0	10.929
1.96207	3	3	0	-3.59645
1.96207	3	4	0	-8.47786
1.96307	1	1	0	-16.2596
1.96307	1	2	0	-11.1741
1.96307	1	3	0	-22.5743
1.96307	1	4	0	-16.697
1.96307	1	5	0	-19.9899
1.96307	1	6	0	-26.1001
1.96307	3	1	0	-11.9228
1.96307	3	2	0	10.9652
1.96307	3	3	0	-3.58668
1.96307	3	4	0	-8.42305
1.96407	1	1	0	-16.2472
1.96407	1	2	0	-11.1891
1.96407	1	3	0	-22.5991
1.96407	1	4	0	-16.6979
1.96407	1	5	0	-20.0471
1.96407	1	6	0	-26.0915
1.96407	3	1	0	-11.9637
1.96407	3	2	0	10.9387
1.96407	3	3	0	-3.63529
1.96407	3	4	0	-8.38149
1.96507	1	1	0	-16.2533
1.96507	1	2	0	-11.2455
1.96507	1	3	0	-22.6265
1.96507	1	4	0	-16.7292
1.96507	1	5	0	-19.9992
1.96507	1	6	0	-26.096
1.96507	3	1	0	-11.9337
1.96507	3	2	0	10.9031
1.96507	3	3	0	-3.67803
1.96507	3	4	0	-8.34175
1.96607	1	1	0	-16.2195
1.96607	1	2	0	-11.2813
1.96607	1	3	0	-22.6402
1.96607	1	4	0	-16.6829
1.96607	1	5	0	-20.0639
1.96607	1	6	0	-26.1649
1.96607	3	1	0	-11.9684
1.96607	3	2	0	10.906
1.96607	3	3	0	-3.67895
1.96607	3	4	0	-8.27023
1.96707	1	1	0	-16.2099
1.96707	1	2	0	-11.2694
1.96707	1	3	0	-22.6304
1.96707	1	4	0	-16.638
1.96707	1	5	0	-20.0207
1.96707	1	6	0	-26.1371
1.96707	3	1	0	-11.9906
1.96707	3	2	0	10.8796
1.96707	3	3	0	-3.63777
1.96707	3	4	0	-8.23179
1.96807	1	1	0	-16.2497
1.96807	1	2	0	-11.2761
1.96807	1	3	0	-9.85429
1.96807	1	4	0	-16.1787
1.96807	1	5	0	-19.9837
1.96807	1	6	0	-26.1133
1.96907	1	1	0	-16.2367
1.96907	1	2	0	-11.2815
1.96907	1	3	0	-22.7188
1.96907	1	4	0	-16.654
1.96907	1	5	0	-20.0258
1.96907	1	6	0	-26.12
1.96907	3	1	0	-12.0439
1.96907	3	2	0	10.8803
1.96907	3	3	0	-3.59194
1.96907	3	4	0	-8.19163
1.97007	1	1	0	-16.2408
1.97007	1	2	0	-11.2885
1.97007	1	3	0	-22.7092
1.97007	1	4	0	-16.6703
1.97007	1	5	0	-20.0901
1.97007	1	6	0	-26.1381
1.97007	3	1	0	-12.0778
1.97007	3	2	0	10.8859
1.97007	3	3	0	-3.6066
1.97007	3	4	0	-8.16742
1.97107	1	1	0	-16.2365
1.97107	1	2	0	-11.2175
1.97107	1	3	0	-9.90314
1.97107	1	4	0	-16.1957
1.97107	1	5	0	-20.1288
1.97107	1	6	0	-26.1238
1.97207	1	1	0	-16.2644
1.97207	1	2	0	-11.1707
1.97207	1	3	0	-9.93368
1.97207	1	4	0	-16.2059
1.97207	1	5	0	-20.1257
1.97207	1	6	0	-26.1397
1.97307	1	1	0	-16.2467
1.97307	1	2	0	-11.1545
1.97307	1	3	0	-22.7439
1.97307	1	4	0	-16.6188
1.97307	1	5	0	-20.1315
1.97307	1	6	0	-26.1766
1.97307	3	1	0	-12.0551
1.97307	3	2	0	10.8902
1.97307	3	3	0	-3.64935
1.97307	3	4	0	-8.0641
1.97407	1	1	0	-16.2306
1.97407	1	2	0	-11.1478
1.97407	1	3	0	-9.94289
1.97407	1	4	0	-16.1626
1.97407	1	5	0	-20.1261
1.97407	1	6	0	-26.1184
1.97507	1	1	0	-16.2118
1.97507	1	2	0	-11.1375
1.97507	1	3	0	-22.7183
1.97507	1	4	0	-16.5894
1.97507	1	5	0	-20.135
1.97507	1	6	0	-26.1714
1.97507	3	1	0	-12.038
1.97507	3	2	0	10.8841
1.97507	3	3	0	-3.59229
1.97507	3	4	0	-7.99281
1.97607	1	1	0	-16.1984
1.97607	1	2	0	-11.1349
1.97607	1	3	0	-9.91028
1.97607	1	4	0	-16.0856
1.97607	1	5	0	-20.1419
1.97607	1	6	0	-26.1405
1.97707	1	1	0	-16.2109
1.97707	1	2	0	-11.0966
1.97707	1	3	0	-9.93463
1.97707	1	4	0	-16.0843
1.97707	1	5	0	-20.1875
1.97707	1	6	0	-26.1305
1.97807	1	1	0	-16.226
1.97807	1	2	0	-11.1305
1.97807	1	3	0	-9.95653
1.97807	1	4	0	-16.0939
1.97807	1	5	0	-20.2192
1.97807	1	6	0	-26.1044
1.97907	1	1	0	-16.2118
1.97907	1	2	0	-11.1689
1.97907	1	3	0	-22.7324
1.97907	1	4	0	-16.55
1.97907	1	5	0	-20.2803
1.97907	1	6	0	-26.1404
1.97907	3	1	0	-12.0283
1.97907	3	2	0	10.8627
1.97907	3	3	0	-3.67455
1.97907	3	4	0	-8.00713
1.98007	1	1	0	-16.207
1.98007	1	2	0	-11.1497
1.98007	1	3	0	-22.7366
1.98007	1	4	0	-16.5059
1.98007	1	5	0	-20.2631
1.98007	1	6	0	-26.184
1.98007	3	1	0	-12.0219
1.98007	3	2	0	10.8303
1.98007	3	3	0	-3.65737
1.98007	3	4	0	-8.00667
1.98107	1	1	0	-16.1986
1.98107	1	2	0	-11.1398
1.98107	1	3	0	-22.7365
1.98107	1	4	0	-16.5318
1.98107	1	5	0	-20.291
1.98107	1	6	0	-26.2267
1.98107	3	1	0	-12.019
1.98107	3	2	0	10.8606
1.98107	3	3	0	-3.66173
1.98107	3	4	0	-7.97156
1.98207	1	1	0	-16.2065
1.98207	1	2	0	-11.107
1.98207	1	3	0	-9.89889
1.98207	1	4	0	-16.1038
1.98207	1	5	0	-20.3426
1.98207	1	6	0	-26.2472
1.98307	1	1	0	-16.1696
1.98307	1	2	0	-11.0791
1.98307	1	3	0	-9.89274
1.98307	1	4	0	-16.1075
1.98307	1	5	0	-20.3834
1.98307	1	6	0	-26.2626
1.98407	1	1	0	-16.1658
1.98407	1	2	0	-11.104
1.98407	1	3	0	-9.92209
1.98407	1	4	0	-16.1207
1.98407	1	5	0	-20.441
1.98407	1	6	0	-26.2114
1.98507	1	1	0	-16.1446
1.98507	1	2	0	-11.1381
1.98507	1	3	0	-22.7332
1.98507	1	4	0	-16.5067
1.98507	1	5	0	-20.4745
1.98507	1	6	0	-26.2451
1.98507	3	1	0	-12.0712
1.98507	3	2	0	10.8617
1.98507	3	3	0	-3.62216
1.98507	3	4	0	-7.98109
1.98607	1	1	0	-16.119
1.98607	1	2	0	-11.0524
1.98607	1	3	0	-9.92244
1.98607	1	4	0	-16.0874
1.98607	1	5	0	-20.5234
1.98607	1	6	0	-26.1933
1.98707	1	1	0	-16.1582
1.98707	1	2	0	-10.9911
1.98707	1	3	0	-22.7555
1.98707	1	4	0	-16.5714
1.98707	1	5	0	-20.5285
1.98707	1	6	0	-26.2362
1.98707	3	1	0	-12.0966
1.98707	3	2	0	10.8767
1.98707	3	3	0	-3.6272
1.98707	3	4	0	-7.8651
1.98807	1	1	0	-16.1574
1.98807	1	2	0	-10.9571
1.98807	1	3	0	-9.91129
1.98807	1	4	0	-16.0781
1.98807	1	5	0	-20.5765
1.98807	1	6	0	-26.2053
1.98907	1	1	0	-16.1589
1.98907	1	2	0	-10.9195
1.98907	1	3	0	-9.94297
1.98907	1	4	0	-16.0983
1.98907	1	5	0	-20.5848
1.98907	1	6	0	-26.2476
1.99007	1	1	0	-16.1604
1.99007	1	2	0	-10.9563
1.99007	1	3	0	-22.7082
1.99007	1	4	0	-16.6088
1.99007	1	5	0	-20.6629
1.99007	1	6	0	-26.267
1.99007	3	1	0	-12.1074
1.99007	3	2	0	10.8937
1.99007	3	3	0	-3.56545
1.99007	3	4	0	-7.89225
1.99107	1	1	0	-16.18
1.99107	1	2	0	-11.0067
1.99107	1	3	0	-22.7099
1.99107	1	4	0	-16.6126
1.99107	1	5	0	-20.7129
1.99107	1	6	0	-26.2988
1.99107	3	1	0	-12.1598
1.99107	3	2	0	10.881
1.99107	3	3	0	-3.55714
1.99107	3	4	0	-7.89046
1.99207	1	1	0	-16.1507
1.99207	1	2	0	-10.9719
1.99207	1	3	0	-9.94839
1.99207	1	4	0	-16.1293
1.99207	1	5	0	-20.7152
1.99207	1	6	0	-26.2982
1.99307	1	1	0	-16.1865
1.99307	1	2	0	-10.9338
1.99307	1	3	0	-22.7351
1.99307	1	4	0	-16.6165
1.99307	1	5	0	-20.7197
1.99307	1	6	0	-26.3023
1.99307	3	1	0	-12.0673
1.99307	3	2	0	10.8447
1.99307	3	3	0	-3.60431
1.99307	3	4	0	-7.89433
1.99407	3	1	0	-12.0155
1.99407	3	2	0	10.8486
1.99407	3	3	0	-3.59946
1.99407	3	4	0	-7.87062
1.99507	1	1	0	-16.1572
1.99507	1	2	0	-11.0142
1.99507	1	3	0	-22.7384
1.99507	1	4	0	-16.6221
1.99507	1	5	0	-20.7541
1.99507	1	6	0	-26.3165
1.99507	3	1	0	-12.0741
1.99507	3	2	0	10.7841
1.99507	3	3	0	-3.60416
1.99507	3	4	0	-7.88657
1.99707	1	1	0	-16.1792
1.99707	1	2	0	-11.0771
1.99707	1	3	0	-22.7005
1.99707	1	4	0	-16.6603
1.99707	1	5	0	-20.7876
1.99707	1	6	0	-26.3779
1.99707	3	1	0	-11.9705
1.99707	3	2	0	10.7538
1.99707	3	3	0	-3.54613
1.99707	3	4	0	-7.87131
1.99807	1	1	0	-16.1822
1.99807	1	2	0	-11.064
1.99807	1	3	0	-9.99353
1.99807	1	4	0	-16.1923
1.99807	1	5	0	-20.8009
1.99807	1	6	0	-26.3759
1.99907	1	1	0	-16.1865
1.99907	1	2	0	-10.983
1.99907	1	3	0	-22.7037
1.99907	1	4	0	-16.6613
1.99907	1	5	0	-20.8253
1.99907	1	6	0	-26.4294
1.99907	3	1	0	-11.9724
1.99907	3	2	0	10.7589
1.99907	3	3	0	-3.5393
1.99907	3	4	0	-7.90631
2.00007	1	1	0	-16.2146
2.00007	1	2	0	-10.9991
2.00007	1	3	0	-22.7629
2.00007	1	4	0	-16.4895
2.00007	1	5	0	-20.1983
2.00007	1	6	0	-26.6161
2.00007	3	1	0	-11.9703
2.00007	3	2	0	10.7646
2.00007	3	3	0	-3.57921
2.00007	3	4	0	-7.17541
2.00107	1	1	0	-16.1926
2.00107	1	2	0	-11.0073
2.00107	1	3	0	-22.8234
2.00107	1	4	0	-16.4648
2.00107	1	5	0	-20.2019
2.00107	1	6	0	-26.5453
2.00107	3	1	0	-12.0034
2.00107	3	2	0	10.7617
2.00107	3	3	0	-3.51394
2.00107	3	4	0	-7.13645
2.00307	1	1	0	-16.1376
2.00307	1	2	0	-10.9617
2.00307	1	3	0	-10.0446
2.00307	1	4	0	-16.0851
2.00307	1	5	0	-20.3184
2.00307	1	6	0	-26.592
2.00407	1	1	0	-16.2077
2.00407	1	2	0	-11.0073
2.00407	1	3	0	-10.063
2.00407	1	4	0	-16.0962
2.00407	1	5	0	-20.3331
2.00407	1	6	0	-26.5988
2.00507	1	1	0	-16.2449
2.00507	1	2	0	-11.0178
2.00507	1	3	0	-22.8449
2.00507	1	4	0	-16.5236
2.00507	1	5	0	-20.3539
2.00507	1	6	0	-26.6151
2.00507	3	1	0	-12.0631
2.00507	3	2	0	10.7056
2.00507	3	3	0	-3.52505
2.00507	3	4	0	-7.07296
2.00607	1	1	0	-16.2172
2.00607	1	2	0	-10.9897
2.00607	1	3	0	-10.0371
2.00607	1	4	0	-16.1666
2.00607	1	5	0	-20.3692
2.00607	1	6	0	-26.6051
2.00707	1	1	0	-16.2281
2.00707	1	2	0	-10.9711
2.00707	1	3	0	-10.0612
2.00707	1	4	0	-16.1199
2.00707	1	5	0	-20.4589
2.00707	1	6	0	-26.5698
2.00807	1	1	0	-16.2197
2.00807	1	2	0	-10.9697
2.00807	1	3	0	-10.0403
2.00807	1	4	0	-16.1614
2.00807	1	5	0	-20.4397
2.00807	1	6	0	-26.5504
2.00907	1	1	0	-16.2353
2.00907	1	2	0	-10.929
2.00907	1	3	0	-10.0643
2.00907	1	4	0	-16.1994
2.00907	1	5	0	-20.4775
2.00907	1	6	0	-26.5163
2.01007	1	1	0	-16.1822
2.01007	1	2	0	-10.8884
2.01007	1	3	0	-22.8447
2.01007	1	4	0	-16.5766
2.01007	1	5	0	-20.4807
2.01007	1	6	0	-26.3969
2.01007	3	1	0	-12.0237
2.01007	3	2	0	10.6925
2.01007	3	3	0	-3.46656
2.01007	3	4	0	-7.03189
2.01107	3	1	0	-11.9735
2.01107	3	2	0	10.664
2.01107	3	3	0	-3.48606
2.01107	3	4	0	-6.99466
2.01207	1	1	0	-16.1453
2.01207	1	2	0	-10.8881
2.01207	1	3	0	-22.8422
2.01207	1	4	0	-16.5612
2.01207	1	5	0	-20.4934
2.01207	1	6	0	-26.3726
2.01207	3	1	0	-12.0395
2.01207	3	2	0	10.6702
2.01207	3	3	0	-3.47076
2.01207	3	4	0	-6.94862
2.01307	1	1	0	-16.1162
2.01307	1	2	0	-10.8823
2.01307	1	3	0	-22.8616
2.01307	1	4	0	-16.5759
2.01307	1	5	0	-20.5013
2.01307	1	6	0	-26.3007
2.01307	3	1	0	-11.9803
2.01307	3	2	0	10.7088
2.01307	3	3	0	-3.43212
2.01307	3	4	0	-6.92221
2.01407	1	1	0	-16.0642
2.01407	1	2	0	-10.9063
2.01407	1	3	0	-22.8386
2.01407	1	4	0	-16.6021
2.01407	1	5	0	-20.5018
2.01407	1	6	0	-26.3197
2.01407	3	1	0	-12.0159
2.01407	3	2	0	10.7106
2.01407	3	3	0	-3.39871
2.01407	3	4	0	-6.84903
2.01507	1	1	0	-16.0086
2.01507	1	2	0	-10.9075
2.01507	1	3	0	-22.84
2.01507	1	4	0	-16.634
2.01507	1	5	0	-20.5642
2.01507	1	6	0	-26.3591
2.01507	3	1	0	-12.0048
2.01507	3	2	0	10.7187
2.01507	3	3	0	-3.39082
2.01507	3	4	0	-6.84431
2.01607	3	1	0	-11.9578
2.01607	3	2	0	10.7444
2.01607	3	3	0	-3.37393
2.01607	3	4	0	-6.85439
2.01707	3	1	0	-11.9128
2.01707	3	2	0	10.7922
2.01707	3	3	0	-3.34557
2.01707	3	4	0	-6.82027
2.01807	1	1	0	-16.0596
2.01807	1	2	0	-10.8325
2.01807	1	3	0	-9.96264
2.01807	1	4	0	-16.1726
2.01807	1	5	0	-20.6304
2.01807	1	6	0	-26.2987
2.01907	1	1	0	-16.0571
2.01907	1	2	0	-10.8366
2.01907	1	3	0	-22.8061
2.01907	1	4	0	-16.5526
2.01907	1	5	0	-20.6624
2.01907	1	6	0	-26.3094
2.01907	3	1	0	-11.9847
2.01907	3	2	0	10.7474
2.01907	3	3	0	-3.41238
2.01907	3	4	0	-6.73303
2.02007	1	1	0	-16.0522
2.02007	1	2	0	-10.8533
2.02007	1	3	0	-22.8148
2.02007	1	4	0	-16.585
2.02007	1	5	0	-20.6794
2.02007	1	6	0	-26.3158
2.02007	3	1	0	-11.9836
2.02007	3	2	0	10.7635
2.02007	3	3	0	-3.42665
2.02007	3	4	0	-6.69426
2.02107	1	1	0	-16.0806
2.02107	1	2	0	-10.8662
2.02107	1	3	0	-9.92704
2.02107	1	4	0	-16.1535
2.02107	1	5	0	-20.7414
2.02107	1	6	0	-26.2916
2.02207	3	1	0	-11.8089
2.02207	3	2	0	10.7627
2.02207	3	3	0	-3.4024
2.02207	3	4	0	-6.58843
2.02407	1	1	0	-16.071
2.02407	1	2	0	-10.9849
2.02407	1	3	0	-9.94284
2.02407	1	4	0	-16.1959
2.02407	1	5	0	-20.8895
2.02407	1	6	0	-26.2606
2.02507	1	1	0	-16.0815
2.02507	1	2	0	-11.0498
2.02507	1	3	0	-22.8255
2.02507	1	4	0	-16.5825
2.02507	1	5	0	-20.9486
2.02507	1	6	0	-26.2919
2.02507	3	1	0	-11.9194
2.02507	3	2	0	10.7558
2.02507	3	3	0	-3.43929
2.02507	3	4	0	-6.4919
2.02607	1	1	0	-16.1039
2.02607	1	2	0	-11.0278
2.02607	1	3	0	-22.8866
2.02607	1	4	0	-16.5911
2.02607	1	5	0	-21.001
2.02607	1	6	0	-26.2872
2.02607	3	1	0	-11.9352
2.02607	3	2	0	10.7472
2.02607	3	3	0	-3.4864
2.02607	3	4	0	-6.43119
2.02707	1	1	0	-16.0845
2.02707	1	2	0	-11.0436
2.02707	1	3	0	-9.97007
2.02707	1	4	0	-16.212
2.02707	1	5	0	-21.0168
2.02707	1	6	0	-26.2899
2.02807	1	1	0	-16.0607
2.02807	1	2	0	-11.0104
2.02807	1	3	0	-22.9315
2.02807	1	4	0	-16.6366
2.02807	1	5	0	-21.066
2.02807	1	6	0	-26.3289
2.02807	3	1	0	-11.9089
2.02807	3	2	0	10.7418
2.02807	3	3	0	-3.44234
2.02807	3	4	0	-6.49512
2.02907	1	1	0	-16.0332
2.02907	1	2	0	-11.0244
2.02907	1	3	0	-9.97286
2.02907	1	4	0	-16.2414
2.02907	1	5	0	-21.061
2.02907	1	6	0	-26.35
2.03007	1	1	0	-16.0022
2.03007	1	2	0	-11.0184
2.03007	1	3	0	-22.8978
2.03007	1	4	0	-16.6284
2.03007	1	5	0	-21.0956
2.03007	1	6	0	-26.3301
2.03007	3	1	0	-11.9623
2.03007	3	2	0	10.8043
2.03007	3	3	0	-3.36586
2.03007	3	4	0	-6.41177
2.03107	3	1	0	-11.9268
2.03107	3	2	0	10.8155
2.03107	3	3	0	-3.37622
2.03107	3	4	0	-6.42453
2.03207	1	1	0	-16.0173
2.03207	1	2	0	-10.9914
2.03207	1	3	0	-22.9235
2.03207	1	4	0	-16.6427
2.03207	1	5	0	-21.1745
2.03207	1	6	0	-26.2101
2.03207	3	1	0	-11.9288
2.03207	3	2	0	10.842
2.03207	3	3	0	-3.32418
2.03207	3	4	0	-6.43517
2.03307	1	1	0	-15.997
2.03307	1	2	0	-10.9432
2.03307	1	3	0	-22.8871
2.03307	1	4	0	-16.6142
2.03307	1	5	0	-21.2242
2.03307	1	6	0	-26.2666
2.03307	3	1	0	-11.938
2.03307	3	2	0	10.811
2.03307	3	3	0	-3.34584
2.03307	3	4	0	-6.40594
2.03407	1	1	0	-16.0266
2.03407	1	2	0	-10.9519
2.03407	1	3	0	-22.8991
2.03407	1	4	0	-16.6604
2.03407	1	5	0	-21.23
2.03407	1	6	0	-26.2934
2.03407	3	1	0	-11.9519
2.03407	3	2	0	10.8048
2.03407	3	3	0	-3.34367
2.03407	3	4	0	-6.43659
2.03507	1	1	0	-16.0085
2.03507	1	2	0	-10.8858
2.03507	1	3	0	-22.9429
2.03507	1	4	0	-16.6884
2.03507	1	5	0	-21.2325
2.03507	1	6	0	-26.2903
2.03507	3	1	0	-11.9083
2.03507	3	2	0	10.8353
2.03507	3	3	0	-3.4147
2.03507	3	4	0	-6.4348
2.03607	1	1	0	-15.973
2.03607	1	2	0	-10.8839
2.03607	1	3	0	-22.9482
2.03607	1	4	0	-16.6955
2.03607	1	5	0	-21.3138
2.03607	1	6	0	-26.3591
2.03607	3	1	0	-11.8594
2.03607	3	2	0	10.7751
2.03607	3	3	0	-3.35981
2.03607	3	4	0	-6.40489
2.03707	1	1	0	-15.9448
2.03707	1	2	0	-10.9419
2.03707	1	3	0	-10.1047
2.03707	1	4	0	-16.2713
2.03707	1	5	0	-21.3758
2.03707	1	6	0	-26.3141
2.03807	1	1	0	-15.9344
2.03807	1	2	0	-10.9387
2.03807	1	3	0	-22.9869
2.03807	1	4	0	-16.6863
2.03807	1	5	0	-21.4216
2.03807	1	6	0	-26.2768
2.03807	3	1	0	-11.7703
2.03807	3	2	0	10.7809
2.03807	3	3	0	-3.41013
2.03807	3	4	0	-6.39044
2.03907	1	1	0	-15.9506
2.03907	1	2	0	-10.9674
2.03907	1	3	0	-22.967
2.03907	1	4	0	-16.6382
2.03907	1	5	0	-21.4615
2.03907	1	6	0	-26.2307
2.03907	3	1	0	-11.7588
2.03907	3	2	0	10.7847
2.03907	3	3	0	-3.35248
2.03907	3	4	0	-6.42951
2.04007	1	1	0	-15.9408
2.04007	1	2	0	-11.0198
2.04007	1	3	0	-22.9083
2.04007	1	4	0	-16.5883
2.04007	1	5	0	-21.5268
2.04007	1	6	0	-26.2378
2.04007	3	1	0	-11.7144
2.04007	3	2	0	10.7609
2.04007	3	3	0	-3.35991
2.04007	3	4	0	-6.44075
2.04107	1	1	0	-15.9251
2.04107	1	2	0	-10.9928
2.04107	1	3	0	-10.1081
2.04107	1	4	0	-16.1748
2.04107	1	5	0	-21.5004
2.04107	1	6	0	-26.2394
2.04207	1	1	0	-15.9387
2.04207	1	2	0	-11.0098
2.04207	1	3	0	-22.8786
2.04207	1	4	0	-16.6093
2.04207	1	5	0	-21.5095
2.04207	1	6	0	-26.2571
2.04207	3	1	0	-11.7327
2.04207	3	2	0	10.7966
2.04207	3	3	0	-3.37832
2.04207	3	4	0	-6.47139
2.04307	1	1	0	-15.9499
2.04307	1	2	0	-11.0098
2.04307	1	3	0	-10.033
2.04307	1	4	0	-16.1888
2.04307	1	5	0	-21.552
2.04307	1	6	0	-26.2299
2.04407	1	1	0	-15.9412
2.04407	1	2	0	-11.0921
2.04407	1	3	0	-22.8356
2.04407	1	4	0	-16.6541
2.04407	1	5	0	-21.6575
2.04407	1	6	0	-26.2216
2.04407	3	1	0	-11.7597
2.04407	3	2	0	10.8269
2.04407	3	3	0	-3.39122
2.04407	3	4	0	-6.46173
2.04507	1	1	0	-15.9967
2.04507	1	2	0	-11.0687
2.04507	1	3	0	-22.829
2.04507	1	4	0	-16.6548
2.04507	1	5	0	-21.6649
2.04507	1	6	0	-26.2357
2.04507	3	1	0	-11.7611
2.04507	3	2	0	10.8112
2.04507	3	3	0	-3.40604
2.04507	3	4	0	-6.46668
2.04607	3	1	0	-11.7303
2.04607	3	2	0	10.7973
2.04607	3	3	0	-3.38967
2.04607	3	4	0	-6.46981
2.04707	1	1	0	-16.0197
2.04707	1	2	0	-11.1341
2.04707	1	3	0	-10.0705
2.04707	1	4	0	-16.2159
2.04707	1	5	0	-21.6807
2.04707	1	6	0	-26.1447
2.04807	1	1	0	-16.0559
2.04807	1	2	0	-11.1262
2.04807	1	3	0	-10.0572
2.04807	1	4	0	-16.2628
2.04807	1	5	0	-21.6744
2.04807	1	6	0	-26.1188
2.04907	1	1	0	-16.0593
2.04907	1	2	0	-11.0425
2.04907	1	3	0	-22.9931
2.04907	1	4	0	-16.6689
2.04907	1	5	0	-21.7108
2.04907	1	6	0	-26.1857
2.04907	3	1	0	-11.7695
2.04907	3	2	0	10.8311
2.04907	3	3	0	-3.37889
2.04907	3	4	0	-6.4996
2.05007	1	1	0	-16.0492
2.05007	1	2	0	-11.0536
2.05007	1	3	0	-22.9604
2.05007	1	4	0	-16.6565
2.05007	1	5	0	-21.7024
2.05007	1	6	0	-26.2671
2.05007	3	1	0	-11.734
2.05007	3	2	0	10.8359
2.05007	3	3	0	-3.36367
2.05007	3	4	0	-6.46235
2.05107	1	1	0	-16.0346
2.05107	1	2	0	-10.9995
2.05107	1	3	0	-22.9751
2.05107	1	4	0	-16.6274
2.05107	1	5	0	-21.6944
2.05107	1	6	0	-26.326
2.05107	3	1	0	-11.7211
2.05107	3	2	0	10.8153
2.05107	3	3	0	-3.31665
2.05107	3	4	0	-6.46539
2.05307	1	1	0	-16.0045
2.05307	1	2	0	-11.0156
2.05307	1	3	0	-10.1463
2.05307	1	4	0	-16.1968
2.05307	1	5	0	-21.6599
2.05307	1	6	0	-26.2921
2.05407	1	1	0	-16.0181
2.05407	1	2	0	-11.0194
2.05407	1	3	0	-10.1963
2.05407	1	4	0	-16.2265
2.05407	1	5	0	-21.6995
2.05407	1	6	0	-26.242
2.05507	1	1	0	-16.0241
2.05507	1	2	0	-10.962
2.05507	1	3	0	-23.086
2.05507	1	4	0	-16.707
2.05507	1	5	0	-21.7289
2.05507	1	6	0	-26.1918
2.05507	3	1	0	-11.6758
2.05507	3	2	0	10.8466
2.05507	3	3	0	-3.29622
2.05507	3	4	0	-6.49946
2.05607	1	1	0	-16.0426
2.05607	1	2	0	-10.99
2.05607	1	3	0	-23.078
2.05607	1	4	0	-16.6962
2.05607	1	5	0	-21.7523
2.05607	1	6	0	-26.1599
2.05607	3	1	0	-11.6478
2.05607	3	2	0	10.88
2.05607	3	3	0	-3.31872
2.05607	3	4	0	-6.47844
2.05707	1	1	0	-16.0333
2.05707	1	2	0	-10.9694
2.05707	1	3	0	-10.2407
2.05707	1	4	0	-16.2603
2.05707	1	5	0	-21.772
2.05707	1	6	0	-26.1666
2.05807	1	1	0	-16.0389
2.05807	1	2	0	-10.9721
2.05807	1	3	0	-23.1522
2.05807	1	4	0	-16.6846
2.05807	1	5	0	-21.8216
2.05807	1	6	0	-26.1779
2.05807	3	1	0	-11.586
2.05807	3	2	0	10.8615
2.05807	3	3	0	-3.35711
2.05807	3	4	0	-6.49764
2.05907	3	1	0	-11.5343
2.05907	3	2	0	10.8811
2.05907	3	3	0	-3.32259
2.05907	3	4	0	-6.48941
2.06007	1	1	0	-16.0331
2.06007	1	2	0	-11.0822
2.06007	1	3	0	-23.1672
2.06007	1	4	0	-16.7519
2.06007	1	5	0	-21.811
2.06007	1	6	0	-26.2162
2.06007	3	1	0	-11.5808
2.06007	3	2	0	10.8742
2.06007	3	3	0	-3.31481
2.06007	3	4	0	-6.48621
2.06107	1	1	0	-16.0632
2.06107	1	2	0	-11.0417
2.06107	1	3	0	-10.307
2.06107	1	4	0	-16.2935
2.06107	1	5	0	-21.8298
2.06107	1	6	0	-26.1953
2.06207	1	1	0	-16.0559
2.06207	1	2	0	-10.9621
2.06207	1	3	0	-23.1163
2.06207	1	4	0	-16.7418
2.06207	1	5	0	-21.7894
2.06207	1	6	0	-26.1499
2.06207	3	1	0	-11.6143
2.06207	3	2	0	10.8651
2.06207	3	3	0	-3.30054
2.06207	3	4	0	-6.49792
2.06307	3	1	0	-11.5356
2.06307	3	2	0	10.8384
2.06307	3	3	0	-3.30836
2.06307	3	4	0	-6.55629
2.06407	1	1	0	-16.0781
2.06407	1	2	0	-10.9677
2.06407	1	3	0	-23.1001
2.06407	1	4	0	-16.769
2.06407	1	5	0	-21.8337
2.06407	1	6	0	-26.1378
2.06407	3	1	0	-11.5651
2.06407	3	2	0	10.8436
2.06407	3	3	0	-3.31624
2.06407	3	4	0	-6.57411
2.06507	1	1	0	-16.1001
2.06507	1	2	0	-10.9673
2.06507	1	3	0	-23.1046
2.06507	1	4	0	-16.7645
2.06507	1	5	0	-21.8077
2.06507	1	6	0	-26.1581
2.06507	3	1	0	-11.5639
2.06507	3	2	0	10.8508
2.06507	3	3	0	-3.33868
2.06507	3	4	0	-6.53334
2.06607	1	1	0	-16.0831
2.06607	1	2	0	-10.9841
2.06607	1	3	0	-10.293
2.06607	1	4	0	-16.2756
2.06607	1	5	0	-21.8121
2.06607	1	6	0	-26.179
2.06807	1	1	0	-16.0861
2.06807	1	2	0	-10.9546
2.06807	1	3	0	-23.1165
2.06807	1	4	0	-16.7564
2.06807	1	5	0	-21.7679
2.06807	1	6	0	-26.1766
2.06807	3	1	0	-11.5427
2.06807	3	2	0	10.8762
2.06807	3	3	0	-3.34717
2.06807	3	4	0	-6.51205
2.06907	1	1	0	-16.0757
2.06907	1	2	0	-10.9748
2.06907	1	3	0	-23.1056
2.06907	1	4	0	-16.7581
2.06907	1	5	0	-21.7736
2.06907	1	6	0	-26.1983
2.06907	3	1	0	-11.5416
2.06907	3	2	0	10.8393
2.06907	3	3	0	-3.34663
2.06907	3	4	0	-6.51856
2.07007	1	1	0	-16.0645
2.07007	1	2	0	-10.9615
2.07007	1	3	0	-23.0934
2.07007	1	4	0	-16.7147
2.07007	1	5	0	-21.7878
2.07007	1	6	0	-26.2227
2.07007	3	1	0	-11.4887
2.07007	3	2	0	10.859
2.07007	3	3	0	-3.35035
2.07007	3	4	0	-6.55367
2.07107	3	1	0	-11.4488
2.07107	3	2	0	10.8059
2.07107	3	3	0	-3.35273
2.07107	3	4	0	-6.54895
2.07207	1	1	0	-15.9994
2.07207	1	2	0	-10.9996
2.07207	1	3	0	-10.3413
2.07207	1	4	0	-16.1893
2.07207	1	5	0	-21.727
2.07207	1	6	0	-26.2293
2.07307	1	1	0	-16.0225
2.07307	1	2	0	-10.9963
2.07307	1	3	0	-10.3072
2.07307	1	4	0	-16.1968
2.07307	1	5	0	-21.6933
2.07307	1	6	0	-26.204
2.07407	3	1	0	-11.4098
2.07407	3	2	0	10.7396
2.07407	3	3	0	-3.35829
2.07407	3	4	0	-6.63535
2.07507	1	1	0	-16.0894
2.07507	1	2	0	-10.9374
2.07507	1	3	0	-23.0997
2.07507	1	4	0	-16.7139
2.07507	1	5	0	-21.7179
2.07507	1	6	0	-26.2217
2.07507	3	1	0	-11.4784
2.07507	3	2	0	10.7082
2.07507	3	3	0	-3.42267
2.07507	3	4	0	-6.62834
2.07607	1	1	0	-16.0919
2.07607	1	2	0	-10.9575
2.07607	1	3	0	-23.0981
2.07607	1	4	0	-16.6965
2.07607	1	5	0	-21.7108
2.07607	1	6	0	-26.1854
2.07607	3	1	0	-11.4548
2.07607	3	2	0	10.7211
2.07607	3	3	0	-3.47436
2.07607	3	4	0	-6.65731
2.07707	1	1	0	-16.0976
2.07707	1	2	0	-10.9351
2.07707	1	3	0	-23.0811
2.07707	1	4	0	-16.6685
2.07707	1	5	0	-21.657
2.07707	1	6	0	-26.1769
2.07707	3	1	0	-11.4812
2.07707	3	2	0	10.7494
2.07707	3	3	0	-3.51537
2.07707	3	4	0	-6.67755
2.07807	1	1	0	-16.083
2.07807	1	2	0	-10.9173
2.07807	1	3	0	-23.1198
2.07807	1	4	0	-16.6579
2.07807	1	5	0	-21.6222
2.07807	1	6	0	-26.1989
2.07807	3	1	0	-11.5014
2.07807	3	2	0	10.7408
2.07807	3	3	0	-3.5406
2.07807	3	4	0	-6.64374
2.07907	1	1	0	-16.0695
2.07907	1	2	0	-10.9626
2.07907	1	3	0	-23.0979
2.07907	1	4	0	-16.6733
2.07907	1	5	0	-21.6432
2.07907	1	6	0	-26.1865
2.07907	3	1	0	-11.4439
2.07907	3	2	0	10.7381
2.07907	3	3	0	-3.59487
2.07907	3	4	0	-6.65539
2.08007	1	1	0	-16.0703
2.08007	1	2	0	-10.9665
2.08007	1	3	0	-23.1108
2.08007	1	4	0	-16.6941
2.08007	1	5	0	-21.6276
2.08007	1	6	0	-26.1255
2.08007	3	1	0	-11.4271
2.08007	3	2	0	10.7307
2.08007	3	3	0	-3.55746
2.08007	3	4	0	-6.66524
2.08107	1	1	0	-16.0981
2.08107	1	2	0	-10.9271
2.08107	1	3	0	-23.1035
2.08107	1	4	0	-16.6729
2.08107	1	5	0	-21.5617
2.08107	1	6	0	-26.0957
2.08107	3	1	0	-11.4407
2.08107	3	2	0	10.721
2.08107	3	3	0	-3.49992
2.08107	3	4	0	-6.68295
2.08207	1	1	0	-16.0915
2.08207	1	2	0	-10.8851
2.08207	1	3	0	-10.3729
2.08207	1	4	0	-16.2362
2.08207	1	5	0	-21.4967
2.08207	1	6	0	-26.126
2.08307	1	1	0	-16.1279
2.08307	1	2	0	-10.9084
2.08307	1	3	0	-23.1115
2.08307	1	4	0	-16.6674
2.08307	1	5	0	-21.4484
2.08307	1	6	0	-26.1526
2.08307	3	1	0	-11.4683
2.08307	3	2	0	10.7507
2.08307	3	3	0	-3.47279
2.08307	3	4	0	-6.65032
2.08407	1	1	0	-16.1331
2.08407	1	2	0	-10.918
2.08407	1	3	0	-23.0564
2.08407	1	4	0	-16.682
2.08407	1	5	0	-21.4037
2.08407	1	6	0	-26.1675
2.08407	3	1	0	-11.4832
2.08407	3	2	0	10.7155
2.08407	3	3	0	-3.46436
2.08407	3	4	0	-6.64048
2.08507	1	1	0	-16.1486
2.08507	1	2	0	-10.8385
2.08507	1	3	0	-23.0537
2.08507	1	4	0	-16.6656
2.08507	1	5	0	-21.439
2.08507	1	6	0	-26.2179
2.08507	3	1	0	-11.4427
2.08507	3	2	0	10.6996
2.08507	3	3	0	-3.53272
2.08507	3	4	0	-6.62659
2.08607	1	1	0	-16.1115
2.08607	1	2	0	-10.832
2.08607	1	3	0	-23.0736
2.08607	1	4	0	-16.681
2.08607	1	5	0	-21.4112
2.08607	1	6	0	-26.1585
2.08607	3	1	0	-11.4371
2.08607	3	2	0	10.7107
2.08607	3	3	0	-3.51008
2.08607	3	4	0	-6.69781
2.08707	1	1	0	-16.1008
2.08707	1	2	0	-10.8384
2.08707	1	3	0	-10.3511
2.08707	1	4	0	-16.1724
2.08707	1	5	0	-21.3852
2.08707	1	6	0	-26.1248
2.08807	1	1	0	-16.0738
2.08807	1	2	0	-10.8602
2.08807	1	3	0	-10.3633
2.08807	1	4	0	-16.1809
2.08807	1	5	0	-21.4111
2.08807	1	6	0	-26.1181
2.08907	1	1	0	-16.0453
2.08907	1	2	0	-10.8311
2.08907	1	3	0	-23.0231
2.08907	1	4	0	-16.6446
2.08907	1	5	0	-21.401
2.08907	1	6	0	-26.1025
2.08907	3	1	0	-11.5067
2.08907	3	2	0	10.7373
2.08907	3	3	0	-3.56806
2.08907	3	4	0	-6.72256
2.09007	1	1	0	-16.0561
2.09007	1	2	0	-10.854
2.09007	1	3	0	-23.0753
2.09007	1	4	0	-16.7368
2.09007	1	5	0	-21.4696
2.09007	1	6	0	-26.1291
2.09007	3	1	0	-11.466
2.09007	3	2	0	10.7451
2.09007	3	3	0	-3.58332
2.09007	3	4	0	-6.72627
2.09107	1	1	0	-16.0416
2.09107	1	2	0	-10.8067
2.09107	1	3	0	-23.0662
2.09107	1	4	0	-16.7602
2.09107	1	5	0	-21.4677
2.09107	1	6	0	-26.1785
2.09107	3	1	0	-11.4392
2.09107	3	2	0	10.7519
2.09107	3	3	0	-3.59087
2.09107	3	4	0	-6.73194
2.09207	1	1	0	-15.9781
2.09207	1	2	0	-10.8174
2.09207	1	3	0	-23.082
2.09207	1	4	0	-16.7339
2.09207	1	5	0	-21.4849
2.09207	1	6	0	-26.1927
2.09207	3	1	0	-11.4884
2.09207	3	2	0	10.7908
2.09207	3	3	0	-3.60178
2.09207	3	4	0	-6.80876
2.09307	1	1	0	-15.9503
2.09307	1	2	0	-10.8467
2.09307	1	3	0	-10.3626
2.09307	1	4	0	-16.2573
2.09307	1	5	0	-21.4153
2.09307	1	6	0	-26.1912
2.09407	1	1	0	-15.9425
2.09407	1	2	0	-10.8705
2.09407	1	3	0	-23.026
2.09407	1	4	0	-16.7829
2.09407	1	5	0	-21.3963
2.09407	1	6	0	-26.2243
2.09407	3	1	0	-11.528
2.09407	3	2	0	10.8083
2.09407	3	3	0	-3.59879
2.09407	3	4	0	-6.82816
2.09507	1	1	0	-15.985
2.09507	1	2	0	-10.8443
2.09507	1	3	0	-23.0306
2.09507	1	4	0	-16.7903
2.09507	1	5	0	-21.3006
2.09507	1	6	0	-26.1881
2.09507	3	1	0	-11.6025
2.09507	3	2	0	10.7912
2.09507	3	3	0	-3.58269
2.09507	3	4	0	-6.81662
2.09607	1	1	0	-15.9701
2.09607	1	2	0	-10.8152
2.09607	1	3	0	-23.0399
2.09607	1	4	0	-16.7578
2.09607	1	5	0	-21.2339
2.09607	1	6	0	-26.1992
2.09607	3	1	0	-11.5928
2.09607	3	2	0	10.7901
2.09607	3	3	0	-3.62501
2.09607	3	4	0	-6.85875
2.09707	1	1	0	-15.9593
2.09707	1	2	0	-10.8738
2.09707	1	3	0	-23.0121
2.09707	1	4	0	-16.7481
2.09707	1	5	0	-21.2309
2.09707	1	6	0	-26.1709
2.09707	3	1	0	-11.611
2.09707	3	2	0	10.7788
2.09707	3	3	0	-3.64802
2.09707	3	4	0	-6.90045
2.09807	1	1	0	-15.9761
2.09807	1	2	0	-10.8568
2.09807	1	3	0	-23.0099
2.09807	1	4	0	-16.7159
2.09807	1	5	0	-21.177
2.09807	1	6	0	-26.1645
2.09807	3	1	0	-11.6009
2.09807	3	2	0	10.799
2.09807	3	3	0	-3.64
2.09807	3	4	0	-6.90803
2.09907	1	1	0	-15.9666
2.09907	1	2	0	-10.8768
2.09907	1	3	0	-10.3593
2.09907	1	4	0	-16.2833
2.09907	1	5	0	-21.0827
2.09907	1	6	0	-26.1751
2.10007	1	1	0	-15.9339
2.10007	1	2	0	-10.9027
2.10007	1	3	0	-22.9488
2.10007	1	4	0	-16.8188
2.10007	1	5	0	-21.0829
2.10007	1	6	0	-26.1698
2.10007	3	1	0	-11.5728
2.10007	3	2	0	10.8102
2.10007	3	3	0	-3.62126
2.10007	3	4	0	-6.92703
2.10107	1	1	0	-15.9307
2.10107	1	2	0	-10.9063
2.10107	1	3	0	-22.9451
2.10107	1	4	0	-16.8249
2.10107	1	5	0	-21.0159
2.10107	1	6	0	-26.1686
2.10107	3	1	0	-11.5798
2.10107	3	2	0	10.841
2.10107	3	3	0	-3.62937
2.10107	3	4	0	-6.966
2.10207	1	1	0	-15.8975
2.10207	1	2	0	-10.8852
2.10207	1	3	0	-23.0038
2.10207	1	4	0	-16.8123
2.10207	1	5	0	-20.921
2.10207	1	6	0	-26.2477
2.10207	3	1	0	-11.5444
2.10207	3	2	0	10.8635
2.10207	3	3	0	-3.65553
2.10207	3	4	0	-6.9878
2.10307	1	1	0	-15.8688
2.10307	1	2	0	-10.8933
2.10307	1	3	0	-23.0195
2.10307	1	4	0	-16.8271
2.10307	1	5	0	-20.9218
2.10307	1	6	0	-26.189
2.10307	3	1	0	-11.5329
2.10307	3	2	0	10.8542
2.10307	3	3	0	-3.63747
2.10307	3	4	0	-7.02887
2.10407	1	1	0	-15.9045
2.10407	1	2	0	-10.856
2.10407	1	3	0	-22.9921
2.10407	1	4	0	-16.823
2.10407	1	5	0	-20.8537
2.10407	1	6	0	-26.1836
2.10407	3	1	0	-11.5132
2.10407	3	2	0	10.8281
2.10407	3	3	0	-3.64033
2.10407	3	4	0	-7.0374
2.10507	1	1	0	-15.8934
2.10507	1	2	0	-10.8412
2.10507	1	3	0	-22.9841
2.10507	1	4	0	-16.8792
2.10507	1	5	0	-20.822
2.10507	1	6	0	-26.091
2.10507	3	1	0	-11.5095
2.10507	3	2	0	10.8202
2.10507	3	3	0	-3.64337
2.10507	3	4	0	-7.0198
2.10607	1	1	0	-15.9053
2.10607	1	2	0	-10.8002
2.10607	1	3	0	-10.242
2.10607	1	4	0	-16.3873
2.10607	1	5	0	-20.7756
2.10607	1	6	0	-26.0903
2.10707	1	1	0	-15.9914
2.10707	1	2	0	-10.8007
2.10707	1	3	0	-22.9631
2.10707	1	4	0	-16.8869
2.10707	1	5	0	-20.7385
2.10707	1	6	0	-26.0964
2.10707	3	1	0	-11.5295
2.10707	3	2	0	10.8034
2.10707	3	3	0	-3.65057
2.10707	3	4	0	-7.07545
2.10807	1	1	0	-16.0004
2.10807	1	2	0	-10.7791
2.10807	1	3	0	-22.9426
2.10807	1	4	0	-16.9101
2.10807	1	5	0	-20.7735
2.10807	1	6	0	-26.1444
2.10807	3	1	0	-11.5223
2.10807	3	2	0	10.8233
2.10807	3	3	0	-3.67163
2.10807	3	4	0	-7.05882
2.10907	1	1	0	-16.0641
2.10907	1	2	0	-10.7621
2.10907	1	3	0	-22.9833
2.10907	1	4	0	-16.9263
2.10907	1	5	0	-20.7406
2.10907	1	6	0	-26.0834
2.10907	3	1	0	-11.5228
2.10907	3	2	0	10.7989
2.10907	3	3	0	-3.7082
2.10907	3	4	0	-7.1285
2.11007	1	1	0	-16.0661
2.11007	1	2	0	-10.7941
2.11007	1	3	0	-22.9724
2.11007	1	4	0	-16.9377
2.11007	1	5	0	-20.724
2.11007	1	6	0	-26.0715
2.11007	3	1	0	-11.5394
2.11007	3	2	0	10.8024
2.11007	3	3	0	-3.67666
2.11007	3	4	0	-7.10723
2.11107	1	1	0	-16.0956
2.11107	1	2	0	-10.818
2.11107	1	3	0	-22.9698
2.11107	1	4	0	-16.9093
2.11107	1	5	0	-20.6307
2.11107	1	6	0	-26.1158
2.11107	3	1	0	-11.5519
2.11107	3	2	0	10.7892
2.11107	3	3	0	-3.7042
2.11107	3	4	0	-7.12666
2.11207	1	1	0	-16.0896
2.11207	1	2	0	-10.8443
2.11207	1	3	0	-22.9849
2.11207	1	4	0	-16.9448
2.11207	1	5	0	-20.59
2.11207	1	6	0	-26.075
2.11207	3	1	0	-11.5673
2.11207	3	2	0	10.7687
2.11207	3	3	0	-3.66925
2.11207	3	4	0	-7.14023
2.11307	3	1	0	-11.49
2.11307	3	2	0	10.7651
2.11307	3	3	0	-3.64897
2.11307	3	4	0	-7.12884
2.11407	1	1	0	-16.1051
2.11407	1	2	0	-10.8822
2.11407	1	3	0	-22.9895
2.11407	1	4	0	-16.9536
2.11407	1	5	0	-20.5973
2.11407	1	6	0	-26.1593
2.11407	3	1	0	-11.5694
2.11407	3	2	0	10.775
2.11407	3	3	0	-3.62579
2.11407	3	4	0	-7.17616
2.11507	1	1	0	-16.0909
2.11507	1	2	0	-10.9193
2.11507	1	3	0	-22.9352
2.11507	1	4	0	-16.9251
2.11507	1	5	0	-20.4593
2.11507	1	6	0	-26.1623
2.11507	3	1	0	-11.5068
2.11507	3	2	0	10.7853
2.11507	3	3	0	-3.62321
2.11507	3	4	0	-7.18802
2.11607	1	1	0	-16.1076
2.11607	1	2	0	-10.8382
2.11607	1	3	0	-10.2169
2.11607	1	4	0	-16.4075
2.11607	1	5	0	-20.4053
2.11607	1	6	0	-26.1405
2.11707	1	1	0	-16.1023
2.11707	1	2	0	-10.8609
2.11707	1	3	0	-22.9293
2.11707	1	4	0	-16.9203
2.11707	1	5	0	-20.4198
2.11707	1	6	0	-26.1229
2.11707	3	1	0	-11.4881
2.11707	3	2	0	10.7828
2.11707	3	3	0	-3.64205
2.11707	3	4	0	-7.23701
2.11807	1	1	0	-16.0635
2.11807	1	2	0	-10.8387
2.11807	1	3	0	-22.9334
2.11807	1	4	0	-16.912
2.11807	1	5	0	-20.3443
2.11807	1	6	0	-26.1407
2.11807	3	1	0	-11.5008
2.11807	3	2	0	10.7772
2.11807	3	3	0	-3.64186
2.11807	3	4	0	-7.27316
2.11907	1	1	0	-16.0931
2.11907	1	2	0	-10.8592
2.11907	1	3	0	-22.9177
2.11907	1	4	0	-16.8917
2.11907	1	5	0	-20.3235
2.11907	1	6	0	-26.1617
2.11907	3	1	0	-11.4897
2.11907	3	2	0	10.7373
2.11907	3	3	0	-3.64708
2.11907	3	4	0	-7.28967
2.12007	1	1	0	-16.1019
2.12007	1	2	0	-10.8616
2.12007	1	3	0	-22.8758
2.12007	1	4	0	-16.9378
2.12007	1	5	0	-20.312
2.12007	1	6	0	-26.1491
2.12007	3	1	0	-11.4749
2.12007	3	2	0	10.7637
2.12007	3	3	0	-3.66884
2.12007	3	4	0	-7.27096
2.12107	1	1	0	-16.0739
2.12107	1	2	0	-10.8588
2.12107	1	3	0	-22.8664
2.12107	1	4	0	-16.9534
2.12107	1	5	0	-20.2803
2.12107	1	6	0	-26.119
2.12107	3	1	0	-11.5089
2.12107	3	2	0	10.749
2.12107	3	3	0	-3.60644
2.12107	3	4	0	-7.33216
2.12207	1	1	0	-16.0827
2.12207	1	2	0	-10.8436
2.12207	1	3	0	-22.8418
2.12207	1	4	0	-16.9582
2.12207	1	5	0	-20.2361
2.12207	1	6	0	-26.154
2.12207	3	1	0	-11.5222
2.12207	3	2	0	10.7257
2.12207	3	3	0	-3.62834
2.12207	3	4	0	-7.33053
2.12307	1	1	0	-16.0841
2.12307	1	2	0	-10.8419
2.12307	1	3	0	-10.2174
2.12307	1	4	0	-16.4529
2.12307	1	5	0	-20.1953
2.12307	1	6	0	-26.1515
2.12407	1	1	0	-16.1089
2.12407	1	2	0	-10.8144
2.12407	1	3	0	-10.2009
2.12407	1	4	0	-16.4927
2.12407	1	5	0	-20.151
2.12407	1	6	0	-26.1439
2.12507	1	1	0	-16.1105
2.12507	1	2	0	-10.8058
2.12507	1	3	0	-22.8662
2.12507	1	4	0	-17.0336
2.12507	1	5	0	-20.0641
2.12507	1	6	0	-26.1631
2.12507	3	1	0	-11.544
2.12507	3	2	0	10.6099
2.12507	3	3	0	-3.71281
2.12507	3	4	0	-7.36699
2.12607	3	1	0	-11.4816
2.12607	3	2	0	10.6178
2.12607	3	3	0	-3.70943
2.12607	3	4	0	-7.43924
2.12707	1	1	0	-16.1282
2.12707	1	2	0	-10.8401
2.12707	1	3	0	-22.8633
2.12707	1	4	0	-17.0164
2.12707	1	5	0	-20.0821
2.12707	1	6	0	-26.1725
2.12707	3	1	0	-11.5491
2.12707	3	2	0	10.6115
2.12707	3	3	0	-3.7209
2.12707	3	4	0	-7.47122
2.12807	1	1	0	-16.0699
2.12807	1	2	0	-10.7802
2.12807	1	3	0	-10.1693
2.12807	1	4	0	-16.4857
2.12807	1	5	0	-20.0218
2.12807	1	6	0	-26.1865
2.12907	1	1	0	-16.0939
2.12907	1	2	0	-10.7457
2.12907	1	3	0	-10.1634
2.12907	1	4	0	-16.543
2.12907	1	5	0	-20.0028
2.12907	1	6	0	-26.1385
2.13007	1	1	0	-16.1043
2.13007	1	2	0	-10.7236
2.13007	1	3	0	-22.7821
2.13007	1	4	0	-17.124
2.13007	1	5	0	-19.9753
2.13007	1	6	0	-26.1532
2.13007	3	1	0	-11.5858
2.13007	3	2	0	10.5418
2.13007	3	3	0	-3.84045
2.13007	3	4	0	-7.60016
2.13107	1	1	0	-16.1052
2.13107	1	2	0	-10.7068
2.13107	1	3	0	-22.7219
2.13107	1	4	0	-17.1383
2.13107	1	5	0	-19.9375
2.13107	1	6	0	-26.1721
2.13107	3	1	0	-11.5584
2.13107	3	2	0	10.5798
2.13107	3	3	0	-3.82936
2.13107	3	4	0	-7.613
2.13207	1	1	0	-16.0613
2.13207	1	2	0	-10.7229
2.13207	1	3	0	-10.0719
2.13207	1	4	0	-16.5893
2.13207	1	5	0	-19.9159
2.13207	1	6	0	-26.2013
2.13307	1	1	0	-16.0668
2.13307	1	2	0	-10.7254
2.13307	1	3	0	-22.6712
2.13307	1	4	0	-17.1274
2.13307	1	5	0	-19.9237
2.13307	1	6	0	-26.1944
2.13307	3	1	0	-11.5485
2.13307	3	2	0	10.6127
2.13307	3	3	0	-3.80641
2.13307	3	4	0	-7.51338
2.13407	1	1	0	-16.0266
2.13407	1	2	0	-10.7488
2.13407	1	3	0	-10.0426
2.13407	1	4	0	-16.6063
2.13407	1	5	0	-19.8701
2.13407	1	6	0	-26.1704
2.13507	1	1	0	-16.0573
2.13507	1	2	0	-10.8042
2.13507	1	3	0	-22.6376
2.13507	1	4	0	-17.1598
2.13507	1	5	0	-19.8705
2.13507	1	6	0	-26.1376
2.13507	3	1	0	-11.5153
2.13507	3	2	0	10.6724
2.13507	3	3	0	-3.80926
2.13507	3	4	0	-7.64095
2.13607	1	1	0	-16.0405
2.13607	1	2	0	-10.8729
2.13607	1	3	0	-9.95209
2.13607	1	4	0	-16.6531
2.13607	1	5	0	-19.7871
2.13607	1	6	0	-26.1212
2.13707	1	1	0	-16.0128
2.13707	1	2	0	-10.9202
2.13707	1	3	0	-22.6058
2.13707	1	4	0	-17.1803
2.13707	1	5	0	-19.7712
2.13707	1	6	0	-26.0996
2.13707	3	1	0	-11.4432
2.13707	3	2	0	10.6706
2.13707	3	3	0	-3.79847
2.13707	3	4	0	-7.62453
2.13807	1	1	0	-16.0096
2.13807	1	2	0	-10.93
2.13807	1	3	0	-9.99076
2.13807	1	4	0	-16.6694
2.13807	1	5	0	-19.7819
2.13807	1	6	0	-26.1198
2.13907	1	1	0	-15.9642
2.13907	1	2	0	-10.9046
2.13907	1	3	0	-22.5999
2.13907	1	4	0	-17.2107
2.13907	1	5	0	-19.7661
2.13907	1	6	0	-26.1759
2.13907	3	1	0	-11.4681
2.13907	3	2	0	10.6615
2.13907	3	3	0	-3.85832
2.13907	3	4	0	-7.62429
2.14007	1	1	0	-15.9713
2.14007	1	2	0	-10.8984
2.14007	1	3	0	-22.5352
2.14007	1	4	0	-17.1492
2.14007	1	5	0	-19.7324
2.14007	1	6	0	-26.1785
2.14007	3	1	0	-11.4833
2.14007	3	2	0	10.638
2.14007	3	3	0	-3.83794
2.14007	3	4	0	-7.60704
2.14107	1	1	0	-15.9379
2.14107	1	2	0	-10.8929
2.14107	1	3	0	-9.89431
2.14107	1	4	0	-16.6314
2.14107	1	5	0	-19.7744
2.14107	1	6	0	-26.1742
2.14207	1	1	0	-15.9243
2.14207	1	2	0	-10.8264
2.14207	1	3	0	-9.8577
2.14207	1	4	0	-16.6248
2.14207	1	5	0	-19.7082
2.14207	1	6	0	-26.1869
2.14307	1	1	0	-15.8968
2.14307	1	2	0	-10.821
2.14307	1	3	0	-22.446
2.14307	1	4	0	-17.1626
2.14307	1	5	0	-19.6962
2.14307	1	6	0	-26.2392
2.14307	3	1	0	-11.5187
2.14307	3	2	0	10.7036
2.14307	3	3	0	-3.82661
2.14307	3	4	0	-7.71797
2.14407	1	1	0	-15.9066
2.14407	1	2	0	-10.8473
2.14407	1	3	0	-9.89013
2.14407	1	4	0	-16.6326
2.14407	1	5	0	-19.6831
2.14407	1	6	0	-26.2123
2.14507	1	1	0	-15.9077
2.14507	1	2	0	-10.8939
2.14507	1	3	0	-22.5651
2.14507	1	4	0	-17.1462
2.14507	1	5	0	-19.6447
2.14507	1	6	0	-26.2656
2.14507	3	1	0	-11.5027
2.14507	3	2	0	10.6496
2.14507	3	3	0	-3.76708
2.14507	3	4	0	-7.70339
2.14607	1	1	0	-15.9015
2.14607	1	2	0	-10.915
2.14607	1	3	0	-9.86263
2.14607	1	4	0	-16.5746
2.14607	1	5	0	-19.6168
2.14607	1	6	0	-26.2399
2.14707	1	1	0	-15.9397
2.14707	1	2	0	-10.9472
2.14707	1	3	0	-9.81127
2.14707	1	4	0	-16.5465
2.14707	1	5	0	-19.565
2.14707	1	6	0	-26.2213
2.14807	1	1	0	-15.9343
2.14807	1	2	0	-10.8928
2.14807	1	3	0	-9.7945
2.14807	1	4	0	-16.5345
2.14807	1	5	0	-19.4829
2.14807	1	6	0	-26.2787
2.14907	1	1	0	-15.9004
2.14907	1	2	0	-10.9013
2.14907	1	3	0	-22.4897
2.14907	1	4	0	-17.0877
2.14907	1	5	0	-19.4777
2.14907	1	6	0	-26.2838
2.14907	3	1	0	-11.4742
2.14907	3	2	0	10.6252
2.14907	3	3	0	-3.8503
2.14907	3	4	0	-7.74409
2.15007	1	1	0	-15.8829
2.15007	1	2	0	-10.9781
2.15007	1	3	0	-22.4998
2.15007	1	4	0	-17.0923
2.15007	1	5	0	-19.4822
2.15007	1	6	0	-26.2892
2.15007	3	1	0	-11.5105
2.15007	3	2	0	10.6356
2.15007	3	3	0	-3.82367
2.15007	3	4	0	-7.79518
2.15107	1	1	0	-15.9396
2.15107	1	2	0	-10.9654
2.15107	1	3	0	-22.5156
2.15107	1	4	0	-17.0832
2.15107	1	5	0	-19.4536
2.15107	1	6	0	-26.2997
2.15107	3	1	0	-11.4928
2.15107	3	2	0	10.586
2.15107	3	3	0	-3.79659
2.15107	3	4	0	-7.77782
2.15207	1	1	0	-15.9026
2.15207	1	2	0	-10.9563
2.15207	1	3	0	-9.76333
2.15207	1	4	0	-16.5381
2.15207	1	5	0	-19.4136
2.15207	1	6	0	-26.3458
2.15307	1	1	0	-15.8902
2.15307	1	2	0	-11.0175
2.15307	1	3	0	-9.76273
2.15307	1	4	0	-16.5551
2.15307	1	5	0	-19.4277
2.15307	1	6	0	-26.3606
2.15407	1	1	0	-15.8624
2.15407	1	2	0	-11.0104
2.15407	1	3	0	-9.73457
2.15407	1	4	0	-16.5744
2.15407	1	5	0	-19.4078
2.15407	1	6	0	-26.3429
2.15507	1	1	0	-15.8495
2.15507	1	2	0	-10.9575
2.15507	1	3	0	-22.4318
2.15507	1	4	0	-17.095
2.15507	1	5	0	-19.3683
2.15507	1	6	0	-26.4091
2.15507	3	1	0	-11.5077
2.15507	3	2	0	10.5927
2.15507	3	3	0	-3.79049
2.15507	3	4	0	-7.85414
2.15607	1	1	0	-15.8205
2.15607	1	2	0	-10.9273
2.15607	1	3	0	-9.72525
2.15607	1	4	0	-16.5524
2.15607	1	5	0	-19.3752
2.15607	1	6	0	-26.4014
2.15707	1	1	0	-15.8047
2.15707	1	2	0	-10.944
2.15707	1	3	0	-22.4488
2.15707	1	4	0	-17.0657
2.15707	1	5	0	-19.353
2.15707	1	6	0	-26.3911
2.15707	3	1	0	-11.5311
2.15707	3	2	0	10.6066
2.15707	3	3	0	-3.78238
2.15707	3	4	0	-7.88682
2.15807	1	1	0	-15.8038
2.15807	1	2	0	-10.9334
2.15807	1	3	0	-22.425
2.15807	1	4	0	-17.0563
2.15807	1	5	0	-19.3514
2.15807	1	6	0	-26.4545
2.15807	3	1	0	-11.5513
2.15807	3	2	0	10.6246
2.15807	3	3	0	-3.80908
2.15807	3	4	0	-7.94427
2.15907	1	1	0	-15.7745
2.15907	1	2	0	-10.8812
2.15907	1	3	0	-9.621
2.15907	1	4	0	-16.5432
2.15907	1	5	0	-19.3578
2.15907	1	6	0	-26.4712
2.16007	1	1	0	-15.7749
2.16007	1	2	0	-10.9031
2.16007	1	3	0	-22.3605
2.16007	1	4	0	-17.056
2.16007	1	5	0	-19.3585
2.16007	1	6	0	-26.4892
2.16007	3	1	0	-11.5107
2.16007	3	2	0	10.6297
2.16007	3	3	0	-3.78255
2.16007	3	4	0	-8.02255
2.16107	1	1	0	-15.7489
2.16107	1	2	0	-10.9362
2.16107	1	3	0	-22.329
2.16107	1	4	0	-17.0563
2.16107	1	5	0	-19.3341
2.16107	1	6	0	-26.5042
2.16107	3	1	0	-11.4654
2.16107	3	2	0	10.6392
2.16107	3	3	0	-3.76323
2.16107	3	4	0	-8.00399
2.16207	1	1	0	-15.7575
2.16207	1	2	0	-10.9471
2.16207	1	3	0	-9.5737
2.16207	1	4	0	-16.5208
2.16207	1	5	0	-19.3634
2.16207	1	6	0	-26.4888
2.16307	1	1	0	-15.7385
2.16307	1	2	0	-10.9947
2.16307	1	3	0	-22.2783
2.16307	1	4	0	-17.098
2.16307	1	5	0	-19.3625
2.16307	1	6	0	-26.4845
2.16307	3	1	0	-11.424
2.16307	3	2	0	10.6472
2.16307	3	3	0	-3.76854
2.16307	3	4	0	-8.05187
2.16407	1	1	0	-15.7207
2.16407	1	2	0	-11.0198
2.16407	1	3	0	-22.2857
2.16407	1	4	0	-17.0887
2.16407	1	5	0	-19.3606
2.16407	1	6	0	-26.4176
2.16407	3	1	0	-11.4118
2.16407	3	2	0	10.656
2.16407	3	3	0	-3.83874
2.16407	3	4	0	-8.09995
2.16507	1	1	0	-15.7249
2.16507	1	2	0	-11.015
2.16507	1	3	0	-22.2922
2.16507	1	4	0	-17.0795
2.16507	1	5	0	-19.4584
2.16507	1	6	0	-26.3763
2.16507	3	1	0	-11.3964
2.16507	3	2	0	10.617
2.16507	3	3	0	-3.84684
2.16507	3	4	0	-8.08141
2.16607	1	1	0	-15.7589
2.16607	1	2	0	-10.9632
2.16607	1	3	0	-9.51844
2.16607	1	4	0	-16.5205
2.16607	1	5	0	-19.4937
2.16607	1	6	0	-26.3537
2.16707	1	1	0	-15.7598
2.16707	1	2	0	-10.9661
2.16707	1	3	0	-9.48282
2.16707	1	4	0	-16.5056
2.16707	1	5	0	-19.5389
2.16707	1	6	0	-26.3278
2.16807	1	1	0	-15.7627
2.16807	1	2	0	-10.9868
2.16807	1	3	0	-22.2767
2.16807	1	4	0	-17.0874
2.16807	1	5	0	-19.5489
2.16807	1	6	0	-26.3779
2.16807	3	1	0	-11.3111
2.16807	3	2	0	10.6372
2.16807	3	3	0	-3.8421
2.16807	3	4	0	-8.03345
2.16907	1	1	0	-15.7791
2.16907	1	2	0	-10.9859
2.16907	1	3	0	-22.2855
2.16907	1	4	0	-17.1428
2.16907	1	5	0	-19.5546
2.16907	1	6	0	-26.3684
2.16907	3	1	0	-11.3537
2.16907	3	2	0	10.6521
2.16907	3	3	0	-3.82368
2.16907	3	4	0	-8.03153
2.17007	1	1	0	-15.7768
2.17007	1	2	0	-10.9757
2.17007	1	3	0	-22.2363
2.17007	1	4	0	-17.166
2.17007	1	5	0	-19.5188
2.17007	1	6	0	-26.4228
2.17007	3	1	0	-11.3807
2.17007	3	2	0	10.6479
2.17007	3	3	0	-3.82017
2.17007	3	4	0	-8.03891
2.17107	1	1	0	-15.8009
2.17107	1	2	0	-10.9643
2.17107	1	3	0	-9.46984
2.17107	1	4	0	-16.632
2.17107	1	5	0	-19.5127
2.17107	1	6	0	-26.4033
2.17207	1	1	0	-15.7827
2.17207	1	2	0	-10.963
2.17207	1	3	0	-9.45575
2.17207	1	4	0	-16.6806
2.17207	1	5	0	-19.4921
2.17207	1	6	0	-26.4222
2.17307	1	1	0	-15.7828
2.17307	1	2	0	-10.9316
2.17307	1	3	0	-9.48617
2.17307	1	4	0	-16.6828
2.17307	1	5	0	-19.4937
2.17307	1	6	0	-26.3867
2.17407	1	1	0	-15.7925
2.17407	1	2	0	-10.9272
2.17407	1	3	0	-22.2341
2.17407	1	4	0	-17.2461
2.17407	1	5	0	-19.5048
2.17407	1	6	0	-26.4227
2.17407	3	1	0	-11.3433
2.17407	3	2	0	10.6902
2.17407	3	3	0	-3.94242
2.17407	3	4	0	-8.11109
2.17507	1	1	0	-15.7974
2.17507	1	2	0	-10.9561
2.17507	1	3	0	-22.195
2.17507	1	4	0	-17.222
2.17507	1	5	0	-19.4864
2.17507	1	6	0	-26.4523
2.17507	3	1	0	-11.3609
2.17507	3	2	0	10.6921
2.17507	3	3	0	-3.9557
2.17507	3	4	0	-8.10909
2.17607	1	1	0	-15.8011
2.17607	1	2	0	-10.9946
2.17607	1	3	0	-22.2027
2.17607	1	4	0	-17.2138
2.17607	1	5	0	-19.4692
2.17607	1	6	0	-26.4608
2.17607	3	1	0	-11.3526
2.17607	3	2	0	10.6929
2.17607	3	3	0	-3.95698
2.17607	3	4	0	-8.10769
2.17707	1	1	0	-15.8091
2.17707	1	2	0	-11.0578
2.17707	1	3	0	-22.1952
2.17707	1	4	0	-17.2123
2.17707	1	5	0	-19.4437
2.17707	1	6	0	-26.4567
2.17707	3	1	0	-11.3496
2.17707	3	2	0	10.6679
2.17707	3	3	0	-3.96941
2.17707	3	4	0	-8.11414
2.17807	1	1	0	-15.8029
2.17807	1	2	0	-11.015
2.17807	1	3	0	-9.42592
2.17807	1	4	0	-16.61
2.17807	1	5	0	-19.4807
2.17807	1	6	0	-26.4958
2.17907	1	1	0	-15.7714
2.17907	1	2	0	-11.0668
2.17907	1	3	0	-9.42773
2.17907	1	4	0	-16.6163
2.17907	1	5	0	-19.5194
2.17907	1	6	0	-26.499
2.18007	1	1	0	-15.7686
2.18007	1	2	0	-11.072
2.18007	1	3	0	-22.0839
2.18007	1	4	0	-17.183
2.18007	1	5	0	-19.5947
2.18007	1	6	0	-26.5258
2.18007	3	1	0	-11.3548
2.18007	3	2	0	10.6091
2.18007	3	3	0	-3.98613
2.18007	3	4	0	-8.22898
2.18107	1	1	0	-15.7503
2.18107	1	2	0	-11.0778
2.18107	1	3	0	-9.4303
2.18107	1	4	0	-16.5958
2.18107	1	5	0	-19.6079
2.18107	1	6	0	-26.522
2.18207	1	1	0	-15.7505
2.18207	1	2	0	-11.0521
2.18207	1	3	0	-22.08
2.18207	1	4	0	-17.1431
2.18207	1	5	0	-19.6328
2.18207	1	6	0	-26.5509
2.18207	3	1	0	-11.3957
2.18207	3	2	0	10.5718
2.18207	3	3	0	-3.94587
2.18207	3	4	0	-8.27113
2.18307	1	1	0	-15.7704
2.18307	1	2	0	-11.0616
2.18307	1	3	0	-22.0603
2.18307	1	4	0	-17.1054
2.18307	1	5	0	-19.6613
2.18307	1	6	0	-26.5662
2.18307	3	1	0	-11.3312
2.18307	3	2	0	10.5919
2.18307	3	3	0	-3.94728
2.18307	3	4	0	-8.27459
2.18407	1	1	0	-15.7683
2.18407	1	2	0	-11.0969
2.18407	1	3	0	-9.35233
2.18407	1	4	0	-16.5128
2.18407	1	5	0	-19.5965
2.18407	1	6	0	-26.5958
2.18507	1	1	0	-15.7548
2.18507	1	2	0	-11.0652
2.18507	1	3	0	-21.9888
2.18507	1	4	0	-17.0448
2.18507	1	5	0	-19.5728
2.18507	1	6	0	-26.649
2.18507	3	1	0	-11.3291
2.18507	3	2	0	10.5899
2.18507	3	3	0	-3.96288
2.18507	3	4	0	-8.32771
2.18607	1	1	0	-15.7398
2.18607	1	2	0	-11.0584
2.18607	1	3	0	-9.32362
2.18607	1	4	0	-16.4782
2.18607	1	5	0	-19.6134
2.18607	1	6	0	-26.6287
2.18707	1	1	0	-15.7412
2.18707	1	2	0	-10.9935
2.18707	1	3	0	-9.30719
2.18707	1	4	0	-16.5086
2.18707	1	5	0	-19.6785
2.18707	1	6	0	-26.578
2.18807	1	1	0	-15.7658
2.18807	1	2	0	-10.977
2.18807	1	3	0	-21.9797
2.18807	1	4	0	-17.0872
2.18807	1	5	0	-19.737
2.18807	1	6	0	-26.5687
2.18807	3	1	0	-11.3787
2.18807	3	2	0	10.5998
2.18807	3	3	0	-3.93338
2.18807	3	4	0	-8.41573
2.18907	1	1	0	-15.7353
2.18907	1	2	0	-10.9868
2.18907	1	3	0	-21.9458
2.18907	1	4	0	-17.0736
2.18907	1	5	0	-19.7835
2.18907	1	6	0	-26.5921
2.18907	3	1	0	-11.4001
2.18907	3	2	0	10.6252
2.18907	3	3	0	-3.91443
2.18907	3	4	0	-8.43049
2.19007	1	1	0	-15.7318
2.19007	1	2	0	-10.9376
2.19007	1	3	0	-21.9473
2.19007	1	4	0	-17.0761
2.19007	1	5	0	-19.8172
2.19007	1	6	0	-26.5968
2.19007	3	1	0	-11.4013
2.19007	3	2	0	10.6333
2.19007	3	3	0	-3.9407
2.19007	3	4	0	-8.41056
2.19107	1	1	0	-15.7286
2.19107	1	2	0	-10.9271
2.19107	1	3	0	-21.9021
2.19107	1	4	0	-17.0376
2.19107	1	5	0	-19.8775
2.19107	1	6	0	-26.5807
2.19107	3	1	0	-11.382
2.19107	3	2	0	10.6361
2.19107	3	3	0	-3.96468
2.19107	3	4	0	-8.48264
2.19207	1	1	0	-15.7166
2.19207	1	2	0	-10.8796
2.19207	1	3	0	-9.17027
2.19207	1	4	0	-16.4464
2.19207	1	5	0	-19.9468
2.19207	1	6	0	-26.5883
2.19307	1	1	0	-15.7144
2.19307	1	2	0	-10.8744
2.19307	1	3	0	-9.17245
2.19307	1	4	0	-16.4512
2.19307	1	5	0	-19.9617
2.19307	1	6	0	-26.5885
2.19407	1	1	0	-15.709
2.19407	1	2	0	-10.8427
2.19407	1	3	0	-21.8727
2.19407	1	4	0	-17.1109
2.19407	1	5	0	-20.0358
2.19407	1	6	0	-26.6097
2.19407	3	1	0	-11.3256
2.19407	3	2	0	10.6573
2.19407	3	3	0	-3.97379
2.19407	3	4	0	-8.55287
2.19507	1	1	0	-15.6968
2.19507	1	2	0	-10.8628
2.19507	1	3	0	-21.8195
2.19507	1	4	0	-17.1392
2.19507	1	5	0	-20.1287
2.19507	1	6	0	-26.6245
2.19507	3	1	0	-11.2985
2.19507	3	2	0	10.6609
2.19507	3	3	0	-3.99022
2.19507	3	4	0	-8.61951
2.19607	1	1	0	-15.692
2.19607	1	2	0	-10.8534
2.19607	1	3	0	-9.122
2.19607	1	4	0	-16.4993
2.19607	1	5	0	-20.1253
2.19607	1	6	0	-26.5761
2.19707	1	1	0	-15.6846
2.19707	1	2	0	-10.953
2.19707	1	3	0	-21.8246
2.19707	1	4	0	-17.1276
2.19707	1	5	0	-20.1903
2.19707	1	6	0	-26.5539
2.19707	3	1	0	-11.3268
2.19707	3	2	0	10.6794
2.19707	3	3	0	-3.98589
2.19707	3	4	0	-8.53648
2.19807	1	1	0	-15.6714
2.19807	1	2	0	-10.9914
2.19807	1	3	0	-9.13809
2.19807	1	4	0	-16.5072
2.19807	1	5	0	-20.2085
2.19807	1	6	0	-26.5447
2.19907	1	1	0	-15.6765
2.19907	1	2	0	-11.0331
2.19907	1	3	0	-9.13801
2.19907	1	4	0	-16.5181
2.19907	1	5	0	-20.2277
2.19907	1	6	0	-26.5102
2.20007	1	1	0	-15.6514
2.20007	1	2	0	-11.039
2.20007	1	3	0	-21.8132
2.20007	1	4	0	-17.0838
2.20007	1	5	0	-20.2818
2.20007	1	6	0	-26.5392
2.20007	3	1	0	-11.3539
2.20007	3	2	0	10.6745
2.20007	3	3	0	-3.94084
2.20007	3	4	0	-8.66076
2.20107	1	1	0	-15.6865
2.20107	1	2	0	-11.0082
2.20107	1	3	0	-9.15616
2.20107	1	4	0	-16.4931
2.20107	1	5	0	-20.3027
2.20107	1	6	0	-26.4941
2.20207	1	1	0	-15.6404
2.20207	1	2	0	-11.0227
2.20207	1	3	0	-21.8164
2.20207	1	4	0	-17.0991
2.20207	1	5	0	-20.3539
2.20207	1	6	0	-26.4953
2.20207	3	1	0	-11.3538
2.20207	3	2	0	10.6982
2.20207	3	3	0	-3.88552
2.20207	3	4	0	-8.72984
2.20307	1	1	0	-15.6696
2.20307	1	2	0	-11.0028
2.20307	1	3	0	-21.8325
2.20307	1	4	0	-17.0811
2.20307	1	5	0	-20.3976
2.20307	1	6	0	-26.4335
2.20307	3	1	0	-11.4014
2.20307	3	2	0	10.6888
2.20307	3	3	0	-3.89131
2.20307	3	4	0	-8.72471
2.20407	1	1	0	-15.6472
2.20407	1	2	0	-10.9843
2.20407	1	3	0	-9.18909
2.20407	1	4	0	-16.4407
2.20407	1	5	0	-20.4209
2.20407	1	6	0	-26.3699
2.20507	1	1	0	-15.6879
2.20507	1	2	0	-10.9712
2.20507	1	3	0	-21.8482
2.20507	1	4	0	-17.0507
2.20507	1	5	0	-20.4174
2.20507	1	6	0	-26.3831
2.20507	3	1	0	-11.3516
2.20507	3	2	0	10.6976
2.20507	3	3	0	-3.85481
2.20507	3	4	0	-8.81189
2.20607	1	1	0	-15.6831
2.20607	1	2	0	-10.9918
2.20607	1	3	0	-21.8284
2.20607	1	4	0	-17.011
2.20607	1	5	0	-20.4097
2.20607	1	6	0	-26.3975
2.20607	3	1	0	-11.3232
2.20607	3	2	0	10.7049
2.20607	3	3	0	-3.89133
2.20607	3	4	0	-8.82705
2.20707	1	1	0	-15.6021
2.20707	1	2	0	-11.0129
2.20707	1	3	0	-9.2044
2.20707	1	4	0	-16.3767
2.20707	1	5	0	-20.4428
2.20707	1	6	0	-26.4232
2.20807	1	1	0	-15.5788
2.20807	1	2	0	-10.9857
2.20807	1	3	0	-9.26853
2.20807	1	4	0	-16.3891
2.20807	1	5	0	-20.4916
2.20807	1	6	0	-26.4257
2.20907	1	1	0	-15.618
2.20907	1	2	0	-10.9805
2.20907	1	3	0	-21.8561
2.20907	1	4	0	-17.0191
2.20907	1	5	0	-20.5106
2.20907	1	6	0	-26.4452
2.20907	3	1	0	-11.2563
2.20907	3	2	0	10.7177
2.20907	3	3	0	-3.80965
2.20907	3	4	0	-8.8568
2.21007	1	1	0	-15.607
2.21007	1	2	0	-10.9597
2.21007	1	3	0	-21.8352
2.21007	1	4	0	-16.9901
2.21007	1	5	0	-20.5422
2.21007	1	6	0	-26.3907
2.21007	3	1	0	-11.2933
2.21007	3	2	0	10.7349
2.21007	3	3	0	-3.80451
2.21007	3	4	0	-8.87616
2.21107	1	1	0	-15.601
2.21107	1	2	0	-10.9316
2.21107	1	3	0	-21.818
2.21107	1	4	0	-16.9795
2.21107	1	5	0	-20.5957
2.21107	1	6	0	-26.3475
2.21107	3	1	0	-11.3108
2.21107	3	2	0	10.7483
2.21107	3	3	0	-3.83363
2.21107	3	4	0	-8.9396
2.21207	1	1	0	-15.6274
2.21207	1	2	0	-10.8954
2.21207	1	3	0	-9.18605
2.21207	1	4	0	-16.3411
2.21207	1	5	0	-20.6701
2.21207	1	6	0	-26.315
2.21307	1	1	0	-15.6328
2.21307	1	2	0	-10.8973
2.21307	1	3	0	-9.20415
2.21307	1	4	0	-16.3546
2.21307	1	5	0	-20.6814
2.21307	1	6	0	-26.3377
2.21407	1	1	0	-15.6395
2.21407	1	2	0	-10.8555
2.21407	1	3	0	-9.19125
2.21407	1	4	0	-16.3376
2.21407	1	5	0	-20.7061
2.21407	1	6	0	-26.3476
2.21507	1	1	0	-15.6314
2.21507	1	2	0	-10.8683
2.21507	1	3	0	-21.811
2.21507	1	4	0	-17.0134
2.21507	1	5	0	-20.7808
2.21507	1	6	0	-26.3993
2.21507	3	1	0	-11.3059
2.21507	3	2	0	10.7687
2.21507	3	3	0	-3.96
2.21507	3	4	0	-9.02966
2.21607	1	1	0	-15.6142
2.21607	1	2	0	-10.8138
2.21607	1	3	0	-9.18169
2.21607	1	4	0	-16.376
2.21607	1	5	0	-20.7621
2.21607	1	6	0	-26.4019
2.21707	1	1	0	-15.6206
2.21707	1	2	0	-10.8927
2.21707	1	3	0	-21.7522
2.21707	1	4	0	-16.9673
2.21707	1	5	0	-20.7534
2.21707	1	6	0	-26.4418
2.21707	3	1	0	-11.3615
2.21707	3	2	0	10.7804
2.21707	3	3	0	-3.99109
2.21707	3	4	0	-9.05437
2.21807	1	1	0	-15.6413
2.21807	1	2	0	-10.945
2.21807	1	3	0	-21.6969
2.21807	1	4	0	-16.9586
2.21807	1	5	0	-20.7545
2.21807	1	6	0	-26.3985
2.21807	3	1	0	-11.3539
2.21807	3	2	0	10.739
2.21807	3	3	0	-3.99258
2.21807	3	4	0	-9.03858
2.21907	1	1	0	-15.6485
2.21907	1	2	0	-11.0113
2.21907	1	3	0	-9.08493
2.21907	1	4	0	-16.2945
2.21907	1	5	0	-20.7591
2.21907	1	6	0	-26.3917
2.22007	1	1	0	-15.647
2.22007	1	2	0	-11.0284
2.22007	1	3	0	-21.6349
2.22007	1	4	0	-16.9119
2.22007	1	5	0	-20.7896
2.22007	1	6	0	-26.447
2.22007	3	1	0	-11.3387
2.22007	3	2	0	10.7692
2.22007	3	3	0	-3.98637
2.22007	3	4	0	-9.11605
2.22107	1	1	0	-15.6326
2.22107	1	2	0	-10.9648
2.22107	1	3	0	-9.06175
2.22107	1	4	0	-16.2585
2.22107	1	5	0	-20.7605
2.22107	1	6	0	-26.4604
2.22207	1	1	0	-15.6621
2.22207	1	2	0	-10.9311
2.22207	1	3	0	-9.05055
2.22207	1	4	0	-16.2075
2.22207	1	5	0	-20.8098
2.22207	1	6	0	-26.4122
2.22307	1	1	0	-15.6686
2.22307	1	2	0	-10.9869
2.22307	1	3	0	-21.5151
2.22307	1	4	0	-16.8444
2.22307	1	5	0	-20.8879
2.22307	1	6	0	-26.3989
2.22307	3	1	0	-11.4293
2.22307	3	2	0	10.7862
2.22307	3	3	0	-3.95569
2.22307	3	4	0	-9.19496
2.22407	1	1	0	-15.6821
2.22407	1	2	0	-10.9773
2.22407	1	3	0	-21.5016
2.22407	1	4	0	-16.8163
2.22407	1	5	0	-20.962
2.22407	1	6	0	-26.4056
2.22407	3	1	0	-11.4693
2.22407	3	2	0	10.7676
2.22407	3	3	0	-4.02507
2.22407	3	4	0	-9.29396
2.22507	1	1	0	-15.6627
2.22507	1	2	0	-10.9907
2.22507	1	3	0	-21.4563
2.22507	1	4	0	-16.7873
2.22507	1	5	0	-20.9944
2.22507	1	6	0	-26.3655
2.22507	3	1	0	-11.4509
2.22507	3	2	0	10.762
2.22507	3	3	0	-4.05541
2.22507	3	4	0	-9.22627
2.22607	1	1	0	-15.6361
2.22607	1	2	0	-11.0084
2.22607	1	3	0	-8.99662
2.22607	1	4	0	-16.1467
2.22607	1	5	0	-21.0025
2.22607	1	6	0	-26.321
2.22707	1	1	0	-15.6607
2.22707	1	2	0	-11.0012
2.22707	1	3	0	-8.97823
2.22707	1	4	0	-16.0863
2.22707	1	5	0	-20.9816
2.22707	1	6	0	-26.3445
2.22807	1	1	0	-15.6706
2.22807	1	2	0	-10.9836
2.22807	1	3	0	-9.01132
2.22807	1	4	0	-16.1119
2.22807	1	5	0	-20.9833
2.22807	1	6	0	-26.345
2.22907	1	1	0	-15.7017
2.22907	1	2	0	-11.0581
2.22907	1	3	0	-21.4795
2.22907	1	4	0	-16.794
2.22907	1	5	0	-21.0037
2.22907	1	6	0	-26.3696
2.22907	3	1	0	-11.4648
2.22907	3	2	0	10.7338
2.22907	3	3	0	-4.10369
2.22907	3	4	0	-9.34708
2.23007	1	1	0	-15.7411
2.23007	1	2	0	-11.024
2.23007	1	3	0	-21.4961
2.23007	1	4	0	-16.783
2.23007	1	5	0	-21.0255
2.23007	1	6	0	-26.3802
2.23007	3	1	0	-11.4982
2.23007	3	2	0	10.733
2.23007	3	3	0	-4.06433
2.23007	3	4	0	-9.35465
2.23107	1	1	0	-15.7661
2.23107	1	2	0	-11.0623
2.23107	1	3	0	-21.4893
2.23107	1	4	0	-16.7858
2.23107	1	5	0	-21.027
2.23107	1	6	0	-26.4081
2.23107	3	1	0	-11.4965
2.23107	3	2	0	10.7278
2.23107	3	3	0	-4.0582
2.23107	3	4	0	-9.39534
2.23207	1	1	0	-15.7784
2.23207	1	2	0	-11.0485
2.23207	1	3	0	-9.05012
2.23207	1	4	0	-16.1656
2.23207	1	5	0	-21.0919
2.23207	1	6	0	-26.3946
2.23307	1	1	0	-15.7939
2.23307	1	2	0	-11.0546
2.23307	1	3	0	-9.05102
2.23307	1	4	0	-16.1636
2.23307	1	5	0	-21.0691
2.23307	1	6	0	-26.3613
2.23407	1	1	0	-15.7807
2.23407	1	2	0	-11.0832
2.23407	1	3	0	-9.07648
2.23407	1	4	0	-16.2285
2.23407	1	5	0	-21.1087
2.23407	1	6	0	-26.3714
2.23507	1	1	0	-15.8081
2.23507	1	2	0	-11.0705
2.23507	1	3	0	-21.5574
2.23507	1	4	0	-16.917
2.23507	1	5	0	-21.1881
2.23507	1	6	0	-26.3631
2.23507	3	1	0	-11.4731
2.23507	3	2	0	10.7825
2.23507	3	3	0	-4.06824
2.23507	3	4	0	-9.37842
2.23607	1	1	0	-15.8012
2.23607	1	2	0	-11.0987
2.23607	1	3	0	-21.5825
2.23607	1	4	0	-16.9151
2.23607	1	5	0	-21.1986
2.23607	1	6	0	-26.3447
2.23607	3	1	0	-11.4931
2.23607	3	2	0	10.7927
2.23607	3	3	0	-4.04306
2.23607	3	4	0	-9.32362
2.23707	1	1	0	-15.7917
2.23707	1	2	0	-11.1595
2.23707	1	3	0	-21.572
2.23707	1	4	0	-16.9151
2.23707	1	5	0	-21.2162
2.23707	1	6	0	-26.2915
2.23707	3	1	0	-11.4711
2.23707	3	2	0	10.7896
2.23707	3	3	0	-4.03456
2.23707	3	4	0	-9.3142
2.23807	1	1	0	-15.82
2.23807	1	2	0	-11.1997
2.23807	1	3	0	-9.07853
2.23807	1	4	0	-16.2691
2.23807	1	5	0	-21.1836
2.23807	1	6	0	-26.2826
2.23907	1	1	0	-15.812
2.23907	1	2	0	-11.2011
2.23907	1	3	0	-9.08541
2.23907	1	4	0	-16.2719
2.23907	1	5	0	-21.2008
2.23907	1	6	0	-26.3241
2.24007	1	1	0	-15.7723
2.24007	1	2	0	-11.2275
2.24007	1	3	0	-21.5614
2.24007	1	4	0	-16.8905
2.24007	1	5	0	-21.2089
2.24007	1	6	0	-26.2938
2.24007	3	1	0	-11.4672
2.24007	3	2	0	10.8071
2.24007	3	3	0	-3.94305
2.24007	3	4	0	-9.26338
2.24107	1	1	0	-15.7632
2.24107	1	2	0	-11.2301
2.24107	1	3	0	-21.5835
2.24107	1	4	0	-16.8495
2.24107	1	5	0	-21.1982
2.24107	1	6	0	-26.3393
2.24107	3	1	0	-11.5023
2.24107	3	2	0	10.7949
2.24107	3	3	0	-3.98091
2.24107	3	4	0	-9.23253
2.24207	1	1	0	-15.7877
2.24207	1	2	0	-11.2823
2.24207	1	3	0	-21.5935
2.24207	1	4	0	-16.813
2.24207	1	5	0	-21.1746
2.24207	1	6	0	-26.3495
2.24207	3	1	0	-11.4813
2.24207	3	2	0	10.813
2.24207	3	3	0	-4.00624
2.24207	3	4	0	-9.2119
2.24307	1	1	0	-15.8045
2.24307	1	2	0	-11.304
2.24307	1	3	0	-21.6249
2.24307	1	4	0	-16.7878
2.24307	1	5	0	-21.1399
2.24307	1	6	0	-26.3783
2.24307	3	1	0	-11.4535
2.24307	3	2	0	10.8046
2.24307	3	3	0	-3.9716
2.24307	3	4	0	-9.18335
2.24407	1	1	0	-15.7808
2.24407	1	2	0	-11.2581
2.24407	1	3	0	-9.04155
2.24407	1	4	0	-16.1444
2.24407	1	5	0	-21.0928
2.24407	1	6	0	-26.3845
2.24507	1	1	0	-15.7952
2.24507	1	2	0	-11.3006
2.24507	1	3	0	-21.5994
2.24507	1	4	0	-16.845
2.24507	1	5	0	-21.1386
2.24507	1	6	0	-26.4367
2.24507	3	1	0	-11.4683
2.24507	3	2	0	10.796
2.24507	3	3	0	-3.9826
2.24507	3	4	0	-9.18401
2.24607	1	1	0	-15.8273
2.24607	1	2	0	-11.2922
2.24607	1	3	0	-9.00905
2.24607	1	4	0	-16.1962
2.24607	1	5	0	-21.1489
2.24607	1	6	0	-26.3612
2.24707	1	1	0	-15.8211
2.24707	1	2	0	-11.3662
2.24707	1	3	0	-8.98657
2.24707	1	4	0	-16.1791
2.24707	1	5	0	-21.1785
2.24707	1	6	0	-26.3765
2.24807	1	1	0	-15.8008
2.24807	1	2	0	-11.4175
2.24807	1	3	0	-21.5497
2.24807	1	4	0	-16.7837
2.24807	1	5	0	-21.1931
2.24807	1	6	0	-26.3745
2.24807	3	1	0	-11.4917
2.24807	3	2	0	10.7625
2.24807	3	3	0	-4.02927
2.24807	3	4	0	-9.25022
2.24907	1	1	0	-15.7997
2.24907	1	2	0	-11.4279
2.24907	1	3	0	-21.5281
2.24907	1	4	0	-16.8124
2.24907	1	5	0	-21.1854
2.24907	1	6	0	-26.3078
2.24907	3	1	0	-11.4855
2.24907	3	2	0	10.7636
2.24907	3	3	0	-4.01211
2.24907	3	4	0	-9.25744
2.25007	1	1	0	-15.7862
2.25007	1	2	0	-11.4306
2.25007	1	3	0	-21.5249
2.25007	1	4	0	-16.7997
2.25007	1	5	0	-21.1838
2.25007	1	6	0	-26.2856
2.25007	3	1	0	-11.4958
2.25007	3	2	0	10.7823
2.25007	3	3	0	-4.01271
2.25007	3	4	0	-9.24285
2.25107	1	1	0	-15.7874
2.25107	1	2	0	-11.4043
2.25107	1	3	0	-8.93171
2.25107	1	4	0	-16.1536
2.25107	1	5	0	-21.1587
2.25107	1	6	0	-26.2842
2.25207	1	1	0	-15.8029
2.25207	1	2	0	-11.4196
2.25207	1	3	0	-8.95727
2.25207	1	4	0	-16.1828
2.25207	1	5	0	-21.131
2.25207	1	6	0	-26.2613
2.25307	1	1	0	-15.7795
2.25307	1	2	0	-11.4628
2.25307	1	3	0	-8.94585
2.25307	1	4	0	-16.2005
2.25307	1	5	0	-21.1499
2.25307	1	6	0	-26.1823
2.25407	1	1	0	-15.766
2.25407	1	2	0	-11.4399
2.25407	1	3	0	-21.5476
2.25407	1	4	0	-16.8581
2.25407	1	5	0	-21.1248
2.25407	1	6	0	-26.1626
2.25407	3	1	0	-11.4255
2.25407	3	2	0	10.7944
2.25407	3	3	0	-3.96603
2.25407	3	4	0	-9.22682
2.25507	1	1	0	-15.7565
2.25507	1	2	0	-11.4385
2.25507	1	3	0	-21.5233
2.25507	1	4	0	-16.8789
2.25507	1	5	0	-21.1325
2.25507	1	6	0	-26.152
2.25507	3	1	0	-11.4127
2.25507	3	2	0	10.8262
2.25507	3	3	0	-3.97873
2.25507	3	4	0	-9.27114
2.25607	1	1	0	-15.7589
2.25607	1	2	0	-11.4616
2.25607	1	3	0	-8.87078
2.25607	1	4	0	-16.2391
2.25607	1	5	0	-21.1183
2.25607	1	6	0	-26.0858
2.25707	1	1	0	-15.783
2.25707	1	2	0	-11.3955
2.25707	1	3	0	-21.4518
2.25707	1	4	0	-16.8622
2.25707	1	5	0	-21.0984
2.25707	1	6	0	-26.0876
2.25707	3	1	0	-11.4163
2.25707	3	2	0	10.8384
2.25707	3	3	0	-3.94384
2.25707	3	4	0	-9.25104
2.25807	1	1	0	-15.7988
2.25807	1	2	0	-11.3809
2.25807	1	3	0	-8.87157
2.25807	1	4	0	-16.2543
2.25807	1	5	0	-21.059
2.25807	1	6	0	-26.0932
2.25907	1	1	0	-15.7525
2.25907	1	2	0	-11.4359
2.25907	1	3	0	-21.4179
2.25907	1	4	0	-16.8748
2.25907	1	5	0	-21.0415
2.25907	1	6	0	-26.1166
2.25907	3	1	0	-11.424
2.25907	3	2	0	10.81
2.25907	3	3	0	-3.97429
2.25907	3	4	0	-9.22488
2.26007	1	1	0	-15.7222
2.26007	1	2	0	-11.4243
2.26007	1	3	0	-21.4206
2.26007	1	4	0	-16.8692
2.26007	1	5	0	-21.0461
2.26007	1	6	0	-26.0969
2.26007	3	1	0	-11.4091
2.26007	3	2	0	10.8009
2.26007	3	3	0	-3.97313
2.26007	3	4	0	-9.19201
2.26107	1	1	0	-15.7218
2.26107	1	2	0	-11.4258
2.26107	1	3	0	-8.89796
2.26107	1	4	0	-16.2325
2.26107	1	5	0	-21.0363
2.26107	1	6	0	-26.0396
2.26207	1	1	0	-15.7379
2.26207	1	2	0	-11.4143
2.26207	1	3	0	-8.89799
2.26207	1	4	0	-16.2053
2.26207	1	5	0	-20.981
2.26207	1	6	0	-26.0583
2.26307	1	1	0	-15.7157
2.26307	1	2	0	-11.3987
2.26307	1	3	0	-21.3873
2.26307	1	4	0	-16.8831
2.26307	1	5	0	-20.9903
2.26307	1	6	0	-26.0082
2.26307	3	1	0	-11.3297
2.26307	3	2	0	10.8221
2.26307	3	3	0	-4.02929
2.26307	3	4	0	-9.21647
2.26407	1	1	0	-15.6925
2.26407	1	2	0	-11.3697
2.26407	1	3	0	-8.91697
2.26407	1	4	0	-16.2666
2.26407	1	5	0	-20.9564
2.26407	1	6	0	-25.9656
2.26507	1	1	0	-15.6799
2.26507	1	2	0	-11.3834
2.26507	1	3	0	-21.4333
2.26507	1	4	0	-16.913
2.26507	1	5	0	-20.9325
2.26507	1	6	0	-26.076
2.26507	3	1	0	-11.3183
2.26507	3	2	0	10.8609
2.26507	3	3	0	-3.9995
2.26507	3	4	0	-9.28718
2.26607	1	1	0	-15.6568
2.26607	1	2	0	-11.3993
2.26607	1	3	0	-8.88831
2.26607	1	4	0	-16.2782
2.26607	1	5	0	-20.9283
2.26607	1	6	0	-26.0282
2.26707	1	1	0	-15.6497
2.26707	1	2	0	-11.3647
2.26707	1	3	0	-8.88432
2.26707	1	4	0	-16.3307
2.26707	1	5	0	-20.9477
2.26707	1	6	0	-26.0605
2.26807	1	1	0	-15.6069
2.26807	1	2	0	-11.3289
2.26807	1	3	0	-8.88744
2.26807	1	4	0	-16.3347
2.26807	1	5	0	-20.8598
2.26807	1	6	0	-26.1056
2.26907	1	1	0	-15.6125
2.26907	1	2	0	-11.3566
2.26907	1	3	0	-21.4578
2.26907	1	4	0	-17.0024
2.26907	1	5	0	-20.8761
2.26907	1	6	0	-26.099
2.26907	3	1	0	-11.329
2.26907	3	2	0	10.7667
2.26907	3	3	0	-3.97576
2.26907	3	4	0	-9.31831
2.27007	1	1	0	-15.6436
2.27007	1	2	0	-11.3589
2.27007	1	3	0	-21.4274
2.27007	1	4	0	-17.0258
2.27007	1	5	0	-20.8061
2.27007	1	6	0	-26.0979
2.27007	3	1	0	-11.3376
2.27007	3	2	0	10.7756
2.27007	3	3	0	-3.95685
2.27007	3	4	0	-9.32586
2.27107	1	1	0	-15.6083
2.27107	1	2	0	-11.3887
2.27107	1	3	0	-21.4104
2.27107	1	4	0	-17.0572
2.27107	1	5	0	-20.7718
2.27107	1	6	0	-26.0887
2.27107	3	1	0	-11.3146
2.27107	3	2	0	10.7781
2.27107	3	3	0	-3.95485
2.27107	3	4	0	-9.30162
2.27207	1	1	0	-15.6423
2.27207	1	2	0	-11.3691
2.27207	1	3	0	-8.83238
2.27207	1	4	0	-16.4533
2.27207	1	5	0	-20.7603
2.27207	1	6	0	-26.0742
2.27307	1	1	0	-15.6233
2.27307	1	2	0	-11.3661
2.27307	1	3	0	-8.86869
2.27307	1	4	0	-16.4023
2.27307	1	5	0	-20.7915
2.27307	1	6	0	-26.1062
2.27407	1	1	0	-15.6325
2.27407	1	2	0	-11.3498
2.27407	1	3	0	-8.88807
2.27407	1	4	0	-16.4107
2.27407	1	5	0	-20.8214
2.27407	1	6	0	-26.1561
2.27507	1	1	0	-15.6272
2.27507	1	2	0	-11.2834
2.27507	1	3	0	-21.4584
2.27507	1	4	0	-17.0119
2.27507	1	5	0	-20.8292
2.27507	1	6	0	-26.2224
2.27507	3	1	0	-11.3615
2.27507	3	2	0	10.7744
2.27507	3	3	0	-3.96571
2.27507	3	4	0	-9.2951
2.27607	1	1	0	-15.6175
2.27607	1	2	0	-11.2643
2.27607	1	3	0	-8.88427
2.27607	1	4	0	-16.4117
2.27607	1	5	0	-20.7724
2.27607	1	6	0	-26.2222
2.27707	1	1	0	-15.6227
2.27707	1	2	0	-11.2677
2.27707	1	3	0	-21.4394
2.27707	1	4	0	-17.0035
2.27707	1	5	0	-20.7398
2.27707	1	6	0	-26.272
2.27707	3	1	0	-11.3508
2.27707	3	2	0	10.8347
2.27707	3	3	0	-3.95665
2.27707	3	4	0	-9.37276
2.27807	1	1	0	-15.6118
2.27807	1	2	0	-11.2884
2.27807	1	3	0	-21.4016
2.27807	1	4	0	-17.0146
2.27807	1	5	0	-20.7662
2.27807	1	6	0	-26.2544
2.27807	3	1	0	-11.3626
2.27807	3	2	0	10.8477
2.27807	3	3	0	-3.98598
2.27807	3	4	0	-9.36795
2.27907	1	1	0	-15.595
2.27907	1	2	0	-11.2789
2.27907	1	3	0	-8.85855
2.27907	1	4	0	-16.4439
2.27907	1	5	0	-20.7997
2.27907	1	6	0	-26.1677
2.28007	1	1	0	-15.5756
2.28007	1	2	0	-11.2419
2.28007	1	3	0	-21.4072
2.28007	1	4	0	-17.0942
2.28007	1	5	0	-20.8032
2.28007	1	6	0	-26.1505
2.28007	3	1	0	-11.3532
2.28007	3	2	0	10.8441
2.28007	3	3	0	-3.95379
2.28007	3	4	0	-9.33695
2.28107	1	1	0	-15.5434
2.28107	1	2	0	-11.2545
2.28107	1	3	0	-21.4045
2.28107	1	4	0	-17.0507
2.28107	1	5	0	-20.7942
2.28107	1	6	0	-26.1656
2.28107	3	1	0	-11.3682
2.28107	3	2	0	10.8438
2.28107	3	3	0	-3.91509
2.28107	3	4	0	-9.31697
2.28207	3	1	0	-11.3442
2.28207	3	2	0	10.8589
2.28207	3	3	0	-3.87083
2.28207	3	4	0	-9.30304
2.28307	1	1	0	-15.5418
2.28307	1	2	0	-11.2704
2.28307	1	3	0	-21.4484
2.28307	1	4	0	-17.1655
2.28307	1	5	0	-20.7524
2.28307	1	6	0	-26.1295
2.28307	3	1	0	-11.4195
2.28307	3	2	0	10.8352
2.28307	3	3	0	-3.84173
2.28307	3	4	0	-9.33372
2.28407	1	1	0	-15.512
2.28407	1	2	0	-11.3183
2.28407	1	3	0	-21.4645
2.28407	1	4	0	-17.1568
2.28407	1	5	0	-20.8046
2.28407	1	6	0	-26.1347
2.28407	3	1	0	-11.403
2.28407	3	2	0	10.8963
2.28407	3	3	0	-3.86568
2.28407	3	4	0	-9.29703
2.28507	1	1	0	-15.4952
2.28507	1	2	0	-11.3645
2.28507	1	3	0	-21.4439
2.28507	1	4	0	-17.1439
2.28507	1	5	0	-20.8035
2.28507	1	6	0	-26.1994
2.28507	3	1	0	-11.4086
2.28507	3	2	0	10.8664
2.28507	3	3	0	-3.83637
2.28507	3	4	0	-9.32015
2.28607	1	1	0	-15.4886
2.28607	1	2	0	-11.328
2.28607	1	3	0	-21.4744
2.28607	1	4	0	-17.1552
2.28607	1	5	0	-20.8151
2.28607	1	6	0	-26.2064
2.28607	3	1	0	-11.4592
2.28607	3	2	0	10.8751
2.28607	3	3	0	-3.81162
2.28607	3	4	0	-9.29512
2.28907	1	1	0	-15.4126
2.28907	1	2	0	-11.3147
2.28907	1	3	0	-21.5106
2.28907	1	4	0	-17.2207
2.28907	1	5	0	-20.6854
2.28907	1	6	0	-26.3301
2.28907	3	1	0	-11.4774
2.28907	3	2	0	10.9216
2.28907	3	3	0	-3.80216
2.28907	3	4	0	-9.31855
2.29007	1	1	0	-15.4049
2.29007	1	2	0	-11.2919
2.29007	1	3	0	-21.5227
2.29007	1	4	0	-17.1916
2.29007	1	5	0	-20.6941
2.29007	1	6	0	-26.3088
2.29007	3	1	0	-11.4837
2.29007	3	2	0	10.9272
2.29007	3	3	0	-3.82358
2.29007	3	4	0	-9.29852
2.29107	1	1	0	-15.3862
2.29107	1	2	0	-11.3251
2.29107	1	3	0	-8.88801
2.29107	1	4	0	-16.5635
2.29107	1	5	0	-20.6719
2.29107	1	6	0	-26.3071
2.29207	1	1	0	-15.3522
2.29207	1	2	0	-11.3296
2.29207	1	3	0	-8.89644
2.29207	1	4	0	-16.5479
2.29207	1	5	0	-20.6379
2.29207	1	6	0	-26.2782
2.29407	1	1	0	-15.3075
2.29407	1	2	0	-11.3748
2.29407	1	3	0	-8.89262
2.29407	1	4	0	-16.5195
2.29407	1	5	0	-20.6626
2.29407	1	6	0	-26.1841
2.29507	1	1	0	-15.3037
2.29507	1	2	0	-11.4062
2.29507	1	3	0	-21.4649
2.29507	1	4	0	-17.1184
2.29507	1	5	0	-20.6814
2.29507	1	6	0	-26.1931
2.29507	3	1	0	-11.5436
2.29507	3	2	0	10.9674
2.29507	3	3	0	-3.81716
2.29507	3	4	0	-9.2513
2.29607	1	1	0	-15.3248
2.29607	1	2	0	-11.4483
2.29607	1	3	0	-21.5078
2.29607	1	4	0	-17.1511
2.29607	1	5	0	-20.6816
2.29607	1	6	0	-26.1961
2.29607	3	1	0	-11.5058
2.29607	3	2	0	10.9529
2.29607	3	3	0	-3.81698
2.29607	3	4	0	-9.27148
2.29707	1	1	0	-15.3189
2.29707	1	2	0	-11.448
2.29707	1	3	0	-21.4917
2.29707	1	4	0	-17.1237
2.29707	1	5	0	-20.7195
2.29707	1	6	0	-26.1863
2.29707	3	1	0	-11.5058
2.29707	3	2	0	10.9789
2.29707	3	3	0	-3.80546
2.29707	3	4	0	-9.33621
2.29807	1	1	0	-15.2901
2.29807	1	2	0	-11.4055
2.29807	1	3	0	-8.93535
2.29807	1	4	0	-16.5192
2.29807	1	5	0	-20.7366
2.29807	1	6	0	-26.2146
2.29907	1	1	0	-15.3129
2.29907	1	2	0	-11.4507
2.29907	1	3	0	-8.9538
2.29907	1	4	0	-16.4979
2.29907	1	5	0	-20.7609
2.29907	1	6	0	-26.2108
2.30007	1	1	0	-15.3015
2.30007	1	2	0	-11.3813
2.30007	1	3	0	-21.6155
2.30007	1	4	0	-17.0708
2.30007	1	5	0	-20.8157
2.30007	1	6	0	-26.2245
2.30007	3	1	0	-11.5275
2.30007	3	2	0	11.0337
2.30007	3	3	0	-3.78029
2.30007	3	4	0	-9.22921
2.30107	1	1	0	-15.3223
2.30107	1	2	0	-11.3627
2.30107	1	3	0	-21.6198
2.30107	1	4	0	-17.045
2.30107	1	5	0	-20.8418
2.30107	1	6	0	-26.1665
2.30107	3	1	0	-11.5642
2.30107	3	2	0	11.0536
2.30107	3	3	0	-3.81848
2.30107	3	4	0	-9.23203
2.30207	1	1	0	-15.3402
2.30207	1	2	0	-11.3236
2.30207	1	3	0	-21.5983
2.30207	1	4	0	-17.0705
2.30207	1	5	0	-20.8851
2.30207	1	6	0	-26.1912
2.30207	3	1	0	-11.5377
2.30207	3	2	0	11.0016
2.30207	3	3	0	-3.81054
2.30207	3	4	0	-9.25128
2.30307	1	1	0	-15.352
2.30307	1	2	0	-11.365
2.30307	1	3	0	-21.5707
2.30307	1	4	0	-17.0863
2.30307	1	5	0	-20.9118
2.30307	1	6	0	-26.2309
2.30307	3	1	0	-11.5649
2.30307	3	2	0	11.0497
2.30307	3	3	0	-3.84588
2.30307	3	4	0	-9.20292
2.30407	1	1	0	-15.3291
2.30407	1	2	0	-11.3154
2.30407	1	3	0	-8.97932
2.30407	1	4	0	-16.4912
2.30407	1	5	0	-20.9024
2.30407	1	6	0	-26.2143
2.30507	1	1	0	-15.3146
2.30507	1	2	0	-11.275
2.30507	1	3	0	-21.5611
2.30507	1	4	0	-17.0752
2.30507	1	5	0	-20.9095
2.30507	1	6	0	-26.2282
2.30507	3	1	0	-11.5749
2.30507	3	2	0	11.0765
2.30507	3	3	0	-3.87623
2.30507	3	4	0	-9.12556
2.30607	1	1	0	-15.2614
2.30607	1	2	0	-11.226
2.30607	1	3	0	-9.00573
2.30607	1	4	0	-16.4771
2.30607	1	5	0	-20.9259
2.30607	1	6	0	-26.195
2.30707	1	1	0	-15.2344
2.30707	1	2	0	-11.2572
2.30707	1	3	0	-21.6121
2.30707	1	4	0	-17.0614
2.30707	1	5	0	-20.9528
2.30707	1	6	0	-26.267
2.30707	3	1	0	-11.6279
2.30707	3	2	0	11.1327
2.30707	3	3	0	-3.83166
2.30707	3	4	0	-9.04313
2.30807	1	1	0	-15.2123
2.30807	1	2	0	-11.2232
2.30807	1	3	0	-21.6337
2.30807	1	4	0	-17.0639
2.30807	1	5	0	-20.9388
2.30807	1	6	0	-26.3405
2.30807	3	1	0	-11.6167
2.30807	3	2	0	11.1025
2.30807	3	3	0	-3.82107
2.30807	3	4	0	-9.05364
2.30907	1	1	0	-15.225
2.30907	1	2	0	-11.203
2.30907	1	3	0	-21.6611
2.30907	1	4	0	-17.1022
2.30907	1	5	0	-20.8903
2.30907	1	6	0	-26.3505
2.30907	3	1	0	-11.6083
2.30907	3	2	0	11.1585
2.30907	3	3	0	-3.76799
2.30907	3	4	0	-9.05397
2.31007	1	1	0	-15.254
2.31007	1	2	0	-11.2742
2.31007	1	3	0	-21.6749
2.31007	1	4	0	-17.0949
2.31007	1	5	0	-20.8338
2.31007	1	6	0	-26.324
2.31007	3	1	0	-11.6432
2.31007	3	2	0	11.1922
2.31007	3	3	0	-3.74603
2.31007	3	4	0	-9.03615
2.31107	1	1	0	-15.2083
2.31107	1	2	0	-11.2831
2.31107	1	3	0	-9.03756
2.31107	1	4	0	-16.5531
2.31107	1	5	0	-20.834
2.31107	1	6	0	-26.3225
2.31207	1	1	0	-15.2022
2.31207	1	2	0	-11.3119
2.31207	1	3	0	-9.05175
2.31207	1	4	0	-16.5679
2.31207	1	5	0	-20.8028
2.31207	1	6	0	-26.3701
2.31307	1	1	0	-15.243
2.31307	1	2	0	-11.2743
2.31307	1	3	0	-21.6642
2.31307	1	4	0	-17.1716
2.31307	1	5	0	-20.7889
2.31307	1	6	0	-26.3765
2.31307	3	1	0	-11.6844
2.31307	3	2	0	11.1775
2.31307	3	3	0	-3.80393
2.31307	3	4	0	-8.98886
2.31407	1	1	0	-15.2636
2.31407	1	2	0	-11.2783
2.31407	1	3	0	-9.08203
2.31407	1	4	0	-16.5688
2.31407	1	5	0	-20.8131
2.31407	1	6	0	-26.3444
2.31507	1	1	0	-15.2235
2.31507	1	2	0	-11.2394
2.31507	1	3	0	-21.6733
2.31507	1	4	0	-17.1349
2.31507	1	5	0	-20.8011
2.31507	1	6	0	-26.3881
2.31507	3	1	0	-11.6472
2.31507	3	2	0	11.145
2.31507	3	3	0	-3.72818
2.31507	3	4	0	-8.97049
2.31607	1	1	0	-15.2558
2.31607	1	2	0	-11.2612
2.31607	1	3	0	-9.11282
2.31607	1	4	0	-16.5544
2.31607	1	5	0	-20.7847
2.31607	1	6	0	-26.4452
2.31707	1	1	0	-15.2569
2.31707	1	2	0	-11.2589
2.31707	1	3	0	-9.14887
2.31707	1	4	0	-16.5221
2.31707	1	5	0	-20.8083
2.31707	1	6	0	-26.4783
2.31807	1	1	0	-15.2717
2.31807	1	2	0	-11.2214
2.31807	1	3	0	-9.18444
2.31807	1	4	0	-16.5056
2.31807	1	5	0	-20.8532
2.31807	1	6	0	-26.4704
2.31907	1	1	0	-15.2673
2.31907	1	2	0	-11.1698
2.31907	1	3	0	-9.16808
2.31907	1	4	0	-16.4979
2.31907	1	5	0	-20.9098
2.31907	1	6	0	-26.5614
2.32007	1	1	0	-15.2329
2.32007	1	2	0	-11.1498
2.32007	1	3	0	-21.6913
2.32007	1	4	0	-17.0692
2.32007	1	5	0	-20.8934
2.32007	1	6	0	-26.5529
2.32007	3	1	0	-11.6936
2.32007	3	2	0	11.2672
2.32007	3	3	0	-3.55203
2.32007	3	4	0	-9.00786
2.32107	1	1	0	-15.1935
2.32107	1	2	0	-11.1105
2.32107	1	3	0	-21.6632
2.32107	1	4	0	-17.1174
2.32107	1	5	0	-20.8882
2.32107	1	6	0	-26.5424
2.32107	3	1	0	-11.6941
2.32107	3	2	0	11.2935
2.32107	3	3	0	-3.56917
2.32107	3	4	0	-9.03919
2.32207	1	1	0	-15.2021
2.32207	1	2	0	-11.119
2.32207	1	3	0	-9.21224
2.32207	1	4	0	-16.5731
2.32207	1	5	0	-20.8795
2.32207	1	6	0	-26.4665
2.32307	1	1	0	-15.1526
2.32307	1	2	0	-11.1252
2.32307	1	3	0	-9.25326
2.32307	1	4	0	-16.5915
2.32307	1	5	0	-20.8986
2.32307	1	6	0	-26.5388
2.32407	1	1	0	-15.1784
2.32407	1	2	0	-11.1082
2.32407	1	3	0	-9.24898
2.32407	1	4	0	-16.6113
2.32407	1	5	0	-20.9158
2.32407	1	6	0	-26.5521
2.32507	1	1	0	-15.1527
2.32507	1	2	0	-11.107
2.32507	1	3	0	-21.7369
2.32507	1	4	0	-17.1685
2.32507	1	5	0	-20.8738
2.32507	1	6	0	-26.5761
2.32507	3	1	0	-11.7305
2.32507	3	2	0	11.266
2.32507	3	3	0	-3.55837
2.32507	3	4	0	-9.03414
2.32607	1	1	0	-15.1283
2.32607	1	2	0	-11.1271
2.32607	1	3	0	-21.7573
2.32607	1	4	0	-17.126
2.32607	1	5	0	-20.8678
2.32607	1	6	0	-26.5828
2.32607	3	1	0	-11.6913
2.32607	3	2	0	11.2518
2.32607	3	3	0	-3.53879
2.32607	3	4	0	-8.99523
2.32707	1	1	0	-15.1272
2.32707	1	2	0	-11.1214
2.32707	1	3	0	-9.26458
2.32707	1	4	0	-16.5715
2.32707	1	5	0	-20.8667
2.32707	1	6	0	-26.5722
2.32807	1	1	0	-15.0961
2.32807	1	2	0	-11.1
2.32807	1	3	0	-21.7341
2.32807	1	4	0	-17.1092
2.32807	1	5	0	-20.907
2.32807	1	6	0	-26.6104
2.32807	3	1	0	-11.6703
2.32807	3	2	0	11.2978
2.32807	3	3	0	-3.51887
2.32807	3	4	0	-8.92874
2.32907	1	1	0	-15.0771
2.32907	1	2	0	-11.0957
2.32907	1	3	0	-9.28734
2.32907	1	4	0	-16.5649
2.32907	1	5	0	-20.9006
2.32907	1	6	0	-26.5772
2.33007	1	1	0	-15.0678
2.33007	1	2	0	-11.0341
2.33007	1	3	0	-21.7557
2.33007	1	4	0	-17.0697
2.33007	1	5	0	-20.8762
2.33007	1	6	0	-26.5523
2.33007	3	1	0	-11.5733
2.33007	3	2	0	11.271
2.33007	3	3	0	-3.48329
2.33007	3	4	0	-8.94986
2.33107	1	1	0	-15.0586
2.33107	1	2	0	-11.0249
2.33107	1	3	0	-21.7836
2.33107	1	4	0	-17.0639
2.33107	1	5	0	-20.9146
2.33107	1	6	0	-26.4821
2.33107	3	1	0	-11.5503
2.33107	3	2	0	11.2649
2.33107	3	3	0	-3.5049
2.33107	3	4	0	-8.88735
2.33207	1	1	0	-15.0547
2.33207	1	2	0	-11.1183
2.33207	1	3	0	-21.8119
2.33207	1	4	0	-17.0314
2.33207	1	5	0	-20.912
2.33207	1	6	0	-26.4578
2.33207	3	1	0	-11.5137
2.33207	3	2	0	11.2309
2.33207	3	3	0	-3.49471
2.33207	3	4	0	-8.8752
2.33307	1	1	0	-15.0847
2.33307	1	2	0	-11.1419
2.33307	1	3	0	-21.8437
2.33307	1	4	0	-17.079
2.33307	1	5	0	-20.9268
2.33307	1	6	0	-26.4461
2.33307	3	1	0	-11.5249
2.33307	3	2	0	11.2467
2.33307	3	3	0	-3.50347
2.33307	3	4	0	-8.91104
2.33407	1	1	0	-15.0947
2.33407	1	2	0	-11.0991
2.33407	1	3	0	-21.8497
2.33407	1	4	0	-17.0589
2.33407	1	5	0	-20.9833
2.33407	1	6	0	-26.416
2.33407	3	1	0	-11.5245
2.33407	3	2	0	11.2867
2.33407	3	3	0	-3.48265
2.33407	3	4	0	-8.84561
2.33507	1	1	0	-15.0862
2.33507	1	2	0	-11.0945
2.33507	1	3	0	-21.8589
2.33507	1	4	0	-17.0177
2.33507	1	5	0	-20.988
2.33507	1	6	0	-26.4114
2.33507	3	1	0	-11.5076
2.33507	3	2	0	11.2883
2.33507	3	3	0	-3.51167
2.33507	3	4	0	-8.79893
2.33607	1	1	0	-15.0937
2.33607	1	2	0	-11.1579
2.33607	1	3	0	-9.39765
2.33607	1	4	0	-16.4829
2.33607	1	5	0	-20.9834
2.33607	1	6	0	-26.4606
2.33707	1	1	0	-15.1011
2.33707	1	2	0	-11.1448
2.33707	1	3	0	-21.9399
2.33707	1	4	0	-17.0323
2.33707	1	5	0	-21.0538
2.33707	1	6	0	-26.4908
2.33707	3	1	0	-11.4438
2.33707	3	2	0	11.3359
2.33707	3	3	0	-3.45261
2.33707	3	4	0	-8.7822
2.33807	1	1	0	-15.1099
2.33807	1	2	0	-11.1983
2.33807	1	3	0	-21.9981
2.33807	1	4	0	-17.0422
2.33807	1	5	0	-21.0415
2.33807	1	6	0	-26.4704
2.33807	3	1	0	-11.4206
2.33807	3	2	0	11.3526
2.33807	3	3	0	-3.42374
2.33807	3	4	0	-8.75026
2.33907	1	1	0	-15.1346
2.33907	1	2	0	-11.1855
2.33907	1	3	0	-21.9944
2.33907	1	4	0	-17.0234
2.33907	1	5	0	-21.058
2.33907	1	6	0	-26.463
2.33907	3	1	0	-11.4006
2.33907	3	2	0	11.3919
2.33907	3	3	0	-3.4162
2.33907	3	4	0	-8.70546
2.34007	1	1	0	-15.1395
2.34007	1	2	0	-11.2363
2.34007	1	3	0	-21.9728
2.34007	1	4	0	-17.0407
2.34007	1	5	0	-21.0793
2.34007	1	6	0	-26.52
2.34007	3	1	0	-11.3773
2.34007	3	2	0	11.4014
2.34007	3	3	0	-3.45505
2.34007	3	4	0	-8.69456
2.34107	1	1	0	-15.1534
2.34107	1	2	0	-11.1724
2.34107	1	3	0	-9.45254
2.34107	1	4	0	-16.4807
2.34107	1	5	0	-21.0639
2.34107	1	6	0	-26.5327
2.34207	1	1	0	-15.0766
2.34207	1	2	0	-11.1425
2.34207	1	3	0	-9.47836
2.34207	1	4	0	-16.4466
2.34207	1	5	0	-21.0786
2.34207	1	6	0	-26.575
2.34307	1	1	0	-15.0465
2.34307	1	2	0	-11.1709
2.34307	1	3	0	-21.9907
2.34307	1	4	0	-16.9601
2.34307	1	5	0	-21.1387
2.34307	1	6	0	-26.6221
2.34307	3	1	0	-11.3517
2.34307	3	2	0	11.4211
2.34307	3	3	0	-3.50784
2.34307	3	4	0	-8.66852
2.34407	1	1	0	-15.0482
2.34407	1	2	0	-11.1604
2.34407	1	3	0	-9.47737
2.34407	1	4	0	-16.4056
2.34407	1	5	0	-21.2064
2.34407	1	6	0	-26.5893
2.34507	1	1	0	-15.0382
2.34507	1	2	0	-11.1776
2.34507	1	3	0	-21.975
2.34507	1	4	0	-16.9177
2.34507	1	5	0	-21.2068
2.34507	1	6	0	-26.602
2.34507	3	1	0	-11.3032
2.34507	3	2	0	11.486
2.34507	3	3	0	-3.48074
2.34507	3	4	0	-8.65416
2.34607	1	1	0	-15.0243
2.34607	1	2	0	-11.1415
2.34607	1	3	0	-9.45568
2.34607	1	4	0	-16.3868
2.34607	1	5	0	-21.2631
2.34607	1	6	0	-26.6316
2.34707	1	1	0	-15.0093
2.34707	1	2	0	-11.1541
2.34707	1	3	0	-9.48923
2.34707	1	4	0	-16.3855
2.34707	1	5	0	-21.2931
2.34707	1	6	0	-26.6359
2.34807	1	1	0	-15.0707
2.34807	1	2	0	-11.1253
2.34807	1	3	0	-9.52587
2.34807	1	4	0	-16.3783
2.34807	1	5	0	-21.2808
2.34807	1	6	0	-26.6269
2.34907	1	1	0	-15.0932
2.34907	1	2	0	-11.1166
2.34907	1	3	0	-22.097
2.34907	1	4	0	-16.9233
2.34907	1	5	0	-21.2711
2.34907	1	6	0	-26.6545
2.34907	3	1	0	-11.2351
2.34907	3	2	0	11.4314
2.34907	3	3	0	-3.3793
2.34907	3	4	0	-8.53144
2.35007	1	1	0	-15.129
2.35007	1	2	0	-11.1948
2.35007	1	3	0	-22.1146
2.35007	1	4	0	-16.9372
2.35007	1	5	0	-21.3257
2.35007	1	6	0	-26.6
2.35007	3	1	0	-11.2436
2.35007	3	2	0	11.4042
2.35007	3	3	0	-3.35606
2.35007	3	4	0	-8.46546
2.35107	1	1	0	-15.0958
2.35107	1	2	0	-11.1438
2.35107	1	3	0	-22.1283
2.35107	1	4	0	-16.9608
2.35107	1	5	0	-21.3812
2.35107	1	6	0	-26.6236
2.35107	3	1	0	-11.2205
2.35107	3	2	0	11.4293
2.35107	3	3	0	-3.37558
2.35107	3	4	0	-8.43424
2.35207	1	1	0	-15.1144
2.35207	1	2	0	-11.0981
2.35207	1	3	0	-9.71284
2.35207	1	4	0	-16.4072
2.35207	1	5	0	-21.4325
2.35207	1	6	0	-26.5881
2.35307	1	1	0	-15.1342
2.35307	1	2	0	-11.032
2.35307	1	3	0	-9.70779
2.35307	1	4	0	-16.4167
2.35307	1	5	0	-21.4572
2.35307	1	6	0	-26.5629
2.35407	1	1	0	-15.115
2.35407	1	2	0	-11.0219
2.35407	1	3	0	-9.71049
2.35407	1	4	0	-16.3779
2.35407	1	5	0	-21.4453
2.35407	1	6	0	-26.5476
2.35507	1	1	0	-15.0777
2.35507	1	2	0	-11.0525
2.35507	1	3	0	-22.2311
2.35507	1	4	0	-16.8846
2.35507	1	5	0	-21.5096
2.35507	1	6	0	-26.5554
2.35507	3	1	0	-11.1342
2.35507	3	2	0	11.3591
2.35507	3	3	0	-3.30476
2.35507	3	4	0	-8.33974
2.35607	1	1	0	-15.1043
2.35607	1	2	0	-11.0676
2.35607	1	3	0	-9.77498
2.35607	1	4	0	-16.3413
2.35607	1	5	0	-21.5471
2.35607	1	6	0	-26.5998
2.35707	1	1	0	-15.1263
2.35707	1	2	0	-11.1209
2.35707	1	3	0	-22.2528
2.35707	1	4	0	-16.8697
2.35707	1	5	0	-21.606
2.35707	1	6	0	-26.6725
2.35707	3	1	0	-11.1385
2.35707	3	2	0	11.3655
2.35707	3	3	0	-3.27753
2.35707	3	4	0	-8.24502
2.35807	1	1	0	-15.1335
2.35807	1	2	0	-11.1521
2.35807	1	3	0	-9.75507
2.35807	1	4	0	-16.3407
2.35807	1	5	0	-21.5916
2.35807	1	6	0	-26.6645
2.35907	1	1	0	-15.1149
2.35907	1	2	0	-11.1308
2.35907	1	3	0	-9.79966
2.35907	1	4	0	-16.3024
2.35907	1	5	0	-21.5917
2.35907	1	6	0	-26.7123
2.36007	1	1	0	-15.1121
2.36007	1	2	0	-11.1584
2.36007	1	3	0	-22.2919
2.36007	1	4	0	-16.8463
2.36007	1	5	0	-21.6318
2.36007	1	6	0	-26.7172
2.36007	3	1	0	-11.061
2.36007	3	2	0	11.3319
2.36007	3	3	0	-3.32264
2.36007	3	4	0	-8.17838
2.36107	1	1	0	-15.1118
2.36107	1	2	0	-11.1894
2.36107	1	3	0	-22.3086
2.36107	1	4	0	-16.8017
2.36107	1	5	0	-21.6873
2.36107	1	6	0	-26.7408
2.36107	3	1	0	-11.0761
2.36107	3	2	0	11.3398
2.36107	3	3	0	-3.33535
2.36107	3	4	0	-8.14503
2.36207	1	1	0	-15.1087
2.36207	1	2	0	-11.1657
2.36207	1	3	0	-22.2671
2.36207	1	4	0	-16.7949
2.36207	1	5	0	-21.63
2.36207	1	6	0	-26.7239
2.36207	3	1	0	-11.1407
2.36207	3	2	0	11.3522
2.36207	3	3	0	-3.35902
2.36207	3	4	0	-8.08227
2.36307	1	1	0	-15.1083
2.36307	1	2	0	-11.1874
2.36307	1	3	0	-22.2834
2.36307	1	4	0	-16.759
2.36307	1	5	0	-21.6061
2.36307	1	6	0	-26.7033
2.36307	3	1	0	-11.1451
2.36307	3	2	0	11.3526
2.36307	3	3	0	-3.34872
2.36307	3	4	0	-8.06676
2.36407	1	1	0	-15.105
2.36407	1	2	0	-11.2109
2.36407	1	3	0	-9.85919
2.36407	1	4	0	-16.2599
2.36407	1	5	0	-21.6228
2.36407	1	6	0	-26.6874
2.36507	1	1	0	-15.1111
2.36507	1	2	0	-11.2478
2.36507	1	3	0	-22.2699
2.36507	1	4	0	-16.7644
2.36507	1	5	0	-21.5921
2.36507	1	6	0	-26.7045
2.36507	3	1	0	-11.1448
2.36507	3	2	0	11.4388
2.36507	3	3	0	-3.37424
2.36507	3	4	0	-8.10699
2.36607	1	1	0	-15.1264
2.36607	1	2	0	-11.2638
2.36607	1	3	0	-22.2873
2.36607	1	4	0	-16.738
2.36607	1	5	0	-21.6136
2.36607	1	6	0	-26.7
2.36607	3	1	0	-11.1879
2.36607	3	2	0	11.4424
2.36607	3	3	0	-3.42975
2.36607	3	4	0	-8.11683
2.36707	1	1	0	-15.1447
2.36707	1	2	0	-11.2533
2.36707	1	3	0	-22.2952
2.36707	1	4	0	-16.7525
2.36707	1	5	0	-21.6067
2.36707	1	6	0	-26.7515
2.36707	3	1	0	-11.2222
2.36707	3	2	0	11.4572
2.36707	3	3	0	-3.45669
2.36707	3	4	0	-8.0932
2.36807	1	1	0	-15.124
2.36807	1	2	0	-11.2753
2.36807	1	3	0	-9.89362
2.36807	1	4	0	-16.1988
2.36807	1	5	0	-21.6046
2.36807	1	6	0	-26.6616
2.36907	1	1	0	-15.147
2.36907	1	2	0	-11.2402
2.36907	1	3	0	-22.2394
2.36907	1	4	0	-16.757
2.36907	1	5	0	-21.6682
2.36907	1	6	0	-26.6927
2.36907	3	1	0	-11.3115
2.36907	3	2	0	11.4715
2.36907	3	3	0	-3.46106
2.36907	3	4	0	-8.02573
2.37007	1	1	0	-15.1713
2.37007	1	2	0	-11.2806
2.37007	1	3	0	-22.2118
2.37007	1	4	0	-16.7561
2.37007	1	5	0	-21.6836
2.37007	1	6	0	-26.694
2.37007	3	1	0	-11.2944
2.37007	3	2	0	11.4947
2.37007	3	3	0	-3.44946
2.37007	3	4	0	-8.00244
2.37107	1	1	0	-15.1487
2.37107	1	2	0	-11.259
2.37107	1	3	0	-9.89699
2.37107	1	4	0	-16.177
2.37107	1	5	0	-21.7283
2.37107	1	6	0	-26.6733
2.37207	1	1	0	-15.163
2.37207	1	2	0	-11.2668
2.37207	1	3	0	-9.94915
2.37207	1	4	0	-16.1732
2.37207	1	5	0	-21.6735
2.37207	1	6	0	-26.63
2.37307	1	1	0	-15.1503
2.37307	1	2	0	-11.1821
2.37307	1	3	0	-22.2346
2.37307	1	4	0	-16.6757
2.37307	1	5	0	-21.7113
2.37307	1	6	0	-26.6136
2.37307	3	1	0	-11.2607
2.37307	3	2	0	11.5563
2.37307	3	3	0	-3.50252
2.37307	3	4	0	-7.88935
2.37407	1	1	0	-15.1471
2.37407	1	2	0	-11.1727
2.37407	1	3	0	-9.91277
2.37407	1	4	0	-16.1624
2.37407	1	5	0	-21.7077
2.37407	1	6	0	-26.6134
2.37507	1	1	0	-15.1678
2.37507	1	2	0	-11.1734
2.37507	1	3	0	-22.2565
2.37507	1	4	0	-16.6501
2.37507	1	5	0	-21.6808
2.37507	1	6	0	-26.6289
2.37507	3	1	0	-11.2488
2.37507	3	2	0	11.5061
2.37507	3	3	0	-3.51384
2.37507	3	4	0	-7.91412
2.37607	1	1	0	-15.1688
2.37607	1	2	0	-11.1105
2.37607	1	3	0	-9.90658
2.37607	1	4	0	-16.2084
2.37607	1	5	0	-21.6757
2.37607	1	6	0	-26.6343
2.37707	1	1	0	-15.1608
2.37707	1	2	0	-11.1058
2.37707	1	3	0	-9.87198
2.37707	1	4	0	-16.2521
2.37707	1	5	0	-21.6565
2.37707	1	6	0	-26.628
2.37807	1	1	0	-15.1411
2.37807	1	2	0	-11.117
2.37807	1	3	0	-9.8594
2.37807	1	4	0	-16.2783
2.37807	1	5	0	-21.6815
2.37807	1	6	0	-26.6064
2.37907	1	1	0	-15.082
2.37907	1	2	0	-11.1081
2.37907	1	3	0	-9.93371
2.37907	1	4	0	-16.2852
2.37907	1	5	0	-21.7084
2.37907	1	6	0	-26.5875
2.38007	1	1	0	-15.0714
2.38007	1	2	0	-11.0955
2.38007	1	3	0	-22.2394
2.38007	1	4	0	-16.7908
2.38007	1	5	0	-21.71
2.38007	1	6	0	-26.6304
2.38007	3	1	0	-11.2447
2.38007	3	2	0	11.4438
2.38007	3	3	0	-3.44593
2.38007	3	4	0	-7.77343
2.38107	1	1	0	-15.0628
2.38107	1	2	0	-11.1024
2.38107	1	3	0	-22.2559
2.38107	1	4	0	-16.7853
2.38107	1	5	0	-21.6692
2.38107	1	6	0	-26.6454
2.38107	3	1	0	-11.2465
2.38107	3	2	0	11.4506
2.38107	3	3	0	-3.48721
2.38107	3	4	0	-7.67864
2.38207	1	1	0	-15.0632
2.38207	1	2	0	-11.0747
2.38207	1	3	0	-22.2604
2.38207	1	4	0	-16.76
2.38207	1	5	0	-21.7136
2.38207	1	6	0	-26.6108
2.38207	3	1	0	-11.2549
2.38207	3	2	0	11.4653
2.38207	3	3	0	-3.51148
2.38207	3	4	0	-7.66838
2.38307	1	1	0	-15.0705
2.38307	1	2	0	-11.0492
2.38307	1	3	0	-9.96466
2.38307	1	4	0	-16.2956
2.38307	1	5	0	-21.6751
2.38307	1	6	0	-26.6419
2.38407	1	1	0	-15.0639
2.38407	1	2	0	-11.0505
2.38407	1	3	0	-9.98386
2.38407	1	4	0	-16.2865
2.38407	1	5	0	-21.6446
2.38407	1	6	0	-26.6644
2.38507	1	1	0	-15.058
2.38507	1	2	0	-11.0669
2.38507	1	3	0	-22.2537
2.38507	1	4	0	-16.7581
2.38507	1	5	0	-21.6484
2.38507	1	6	0	-26.7144
2.38507	3	1	0	-11.2367
2.38507	3	2	0	11.3745
2.38507	3	3	0	-3.52923
2.38507	3	4	0	-7.54425
2.38607	1	1	0	-15.0199
2.38607	1	2	0	-11.1004
2.38607	1	3	0	-9.96654
2.38607	1	4	0	-16.2376
2.38607	1	5	0	-21.6798
2.38607	1	6	0	-26.6875
2.38707	1	1	0	-15.0508
2.38707	1	2	0	-11.0871
2.38707	1	3	0	-22.2741
2.38707	1	4	0	-16.7242
2.38707	1	5	0	-21.7428
2.38707	1	6	0	-26.6529
2.38707	3	1	0	-11.2179
2.38707	3	2	0	11.42
2.38707	3	3	0	-3.53823
2.38707	3	4	0	-7.55553
2.38807	1	1	0	-15.0872
2.38807	1	2	0	-11.0681
2.38807	1	3	0	-22.2411
2.38807	1	4	0	-16.7457
2.38807	1	5	0	-21.7329
2.38807	1	6	0	-26.6377
2.38807	3	1	0	-11.1816
2.38807	3	2	0	11.4141
2.38807	3	3	0	-3.5473
2.38807	3	4	0	-7.50858
2.38907	1	1	0	-15.0998
2.38907	1	2	0	-11.0945
2.38907	1	3	0	-22.2689
2.38907	1	4	0	-16.8043
2.38907	1	5	0	-21.7117
2.38907	1	6	0	-26.6569
2.38907	3	1	0	-11.1125
2.38907	3	2	0	11.4025
2.38907	3	3	0	-3.56725
2.38907	3	4	0	-7.46666
2.39007	1	1	0	-15.0722
2.39007	1	2	0	-11.0919
2.39007	1	3	0	-22.2386
2.39007	1	4	0	-16.8046
2.39007	1	5	0	-21.7163
2.39007	1	6	0	-26.6668
2.39007	3	1	0	-11.1106
2.39007	3	2	0	11.4181
2.39007	3	3	0	-3.59167
2.39007	3	4	0	-7.42656
2.39107	1	1	0	-15.0763
2.39107	1	2	0	-11.1394
2.39107	1	3	0	-9.97822
2.39107	1	4	0	-16.2999
2.39107	1	5	0	-21.6808
2.39107	1	6	0	-26.674
2.39207	1	1	0	-15.098
2.39207	1	2	0	-11.1161
2.39207	1	3	0	-10.0107
2.39207	1	4	0	-16.307
2.39207	1	5	0	-21.7012
2.39207	1	6	0	-26.6939
2.39307	1	1	0	-15.1373
2.39307	1	2	0	-11.0904
2.39307	1	3	0	-22.2258
2.39307	1	4	0	-16.7846
2.39307	1	5	0	-21.6859
2.39307	1	6	0	-26.7375
2.39307	3	1	0	-11.1072
2.39307	3	2	0	11.3452
2.39307	3	3	0	-3.49747
2.39307	3	4	0	-7.38709
2.39407	1	1	0	-15.1586
2.39407	1	2	0	-11.0378
2.39407	1	3	0	-22.2072
2.39407	1	4	0	-16.7497
2.39407	1	5	0	-21.6609
2.39407	1	6	0	-26.7665
2.39407	3	1	0	-11.0531
2.39407	3	2	0	11.3703
2.39407	3	3	0	-3.48496
2.39407	3	4	0	-7.41334
2.39507	1	1	0	-15.1711
2.39507	1	2	0	-11.0347
2.39507	1	3	0	-22.2254
2.39507	1	4	0	-16.7196
2.39507	1	5	0	-21.6285
2.39507	1	6	0	-26.7853
2.39507	3	1	0	-11.056
2.39507	3	2	0	11.3755
2.39507	3	3	0	-3.52984
2.39507	3	4	0	-7.39038
2.39607	1	1	0	-15.2143
2.39607	1	2	0	-11.0545
2.39607	1	3	0	-9.97575
2.39607	1	4	0	-16.1969
2.39607	1	5	0	-21.5212
2.39607	1	6	0	-26.7243
2.39707	1	1	0	-15.2475
2.39707	1	2	0	-11.0187
2.39707	1	3	0	-9.95862
2.39707	1	4	0	-16.2084
2.39707	1	5	0	-21.5621
2.39707	1	6	0	-26.7771
2.39807	1	1	0	-15.2568
2.39807	1	2	0	-11.0296
2.39807	1	3	0	-9.99402
2.39807	1	4	0	-16.23
2.39807	1	5	0	-21.5548
2.39807	1	6	0	-26.8161
2.39907	1	1	0	-15.2822
2.39907	1	2	0	-11.0234
2.39907	1	3	0	-22.2235
2.39907	1	4	0	-16.7417
2.39907	1	5	0	-21.5661
2.39907	1	6	0	-26.8132
2.39907	3	1	0	-11.1353
2.39907	3	2	0	11.3375
2.39907	3	3	0	-3.49253
2.39907	3	4	0	-7.27633
2.40007	1	1	0	-15.2803
2.40007	1	2	0	-11.121
2.40007	1	3	0	-22.2252
2.40007	1	4	0	-16.7332
2.40007	1	5	0	-21.568
2.40007	1	6	0	-26.7952
2.40007	3	1	0	-11.1502
2.40007	3	2	0	11.325
2.40007	3	3	0	-3.51663
2.40007	3	4	0	-7.29441
2.40107	1	1	0	-15.3235
2.40107	1	2	0	-11.1382
2.40107	1	3	0	-22.1955
2.40107	1	4	0	-16.7184
2.40107	1	5	0	-21.5478
2.40107	1	6	0	-26.7716
2.40107	3	1	0	-11.1277
2.40107	3	2	0	11.3391
2.40107	3	3	0	-3.47954
2.40107	3	4	0	-7.21711
2.40207	1	1	0	-15.3224
2.40207	1	2	0	-11.1153
2.40207	1	3	0	-9.88316
2.40207	1	4	0	-16.2447
2.40207	1	5	0	-21.5077
2.40207	1	6	0	-26.7025
2.40307	1	1	0	-15.3239
2.40307	1	2	0	-11.1468
2.40307	1	3	0	-9.83743
2.40307	1	4	0	-16.2313
2.40307	1	5	0	-21.4623
2.40307	1	6	0	-26.6576
2.40407	1	1	0	-15.3031
2.40407	1	2	0	-11.1417
2.40407	1	3	0	-9.83434
2.40407	1	4	0	-16.255
2.40407	1	5	0	-21.4576
2.40407	1	6	0	-26.7193
2.40507	1	1	0	-15.316
2.40507	1	2	0	-11.0856
2.40507	1	3	0	-22.2401
2.40507	1	4	0	-16.7478
2.40507	1	5	0	-21.4266
2.40507	1	6	0	-26.7307
2.40507	3	1	0	-11.1075
2.40507	3	2	0	11.2896
2.40507	3	3	0	-3.45977
2.40507	3	4	0	-7.26191
2.40607	1	1	0	-15.3389
2.40607	1	2	0	-11.0718
2.40607	1	3	0	-22.2227
2.40607	1	4	0	-16.7026
2.40607	1	5	0	-21.3931
2.40607	1	6	0	-26.6954
2.40607	3	1	0	-11.141
2.40607	3	2	0	11.2881
2.40607	3	3	0	-3.44496
2.40607	3	4	0	-7.23354
2.40707	1	1	0	-15.3732
2.40707	1	2	0	-11.0231
2.40707	1	3	0	-22.1992
2.40707	1	4	0	-16.7063
2.40707	1	5	0	-21.374
2.40707	1	6	0	-26.6827
2.40707	3	1	0	-11.0823
2.40707	3	2	0	11.2867
2.40707	3	3	0	-3.44394
2.40707	3	4	0	-7.25332
2.40807	1	1	0	-15.3684
2.40807	1	2	0	-11.0318
2.40807	1	3	0	-9.76678
2.40807	1	4	0	-16.2124
2.40807	1	5	0	-21.3051
2.40807	1	6	0	-26.6331
2.40907	1	1	0	-15.4119
2.40907	1	2	0	-11.0501
2.40907	1	3	0	-9.76245
2.40907	1	4	0	-16.1994
2.40907	1	5	0	-21.2206
2.40907	1	6	0	-26.6137
2.41007	1	1	0	-15.4225
2.41007	1	2	0	-11.1145
2.41007	1	3	0	-22.1241
2.41007	1	4	0	-16.6842
2.41007	1	5	0	-21.1514
2.41007	1	6	0	-26.6866
2.41007	3	1	0	-11.0652
2.41007	3	2	0	11.2283
2.41007	3	3	0	-3.46343
2.41007	3	4	0	-7.14158
2.41107	1	1	0	-15.4187
2.41107	1	2	0	-11.1145
2.41107	1	3	0	-9.73946
2.41107	1	4	0	-16.1547
2.41107	1	5	0	-21.149
2.41107	1	6	0	-26.6899
2.41207	1	1	0	-15.4222
2.41207	1	2	0	-11.0489
2.41207	1	3	0	-22.0923
2.41207	1	4	0	-16.6718
2.41207	1	5	0	-21.1183
2.41207	1	6	0	-26.6935
2.41207	3	1	0	-11.075
2.41207	3	2	0	11.2506
2.41207	3	3	0	-3.399
2.41207	3	4	0	-7.06893
2.41307	1	1	0	-15.4144
2.41307	1	2	0	-10.9875
2.41307	1	3	0	-22.1181
2.41307	1	4	0	-16.6583
2.41307	1	5	0	-21.0222
2.41307	1	6	0	-26.6549
2.41307	3	1	0	-11.0253
2.41307	3	2	0	11.2464
2.41307	3	3	0	-3.40257
2.41307	3	4	0	-7.07814
2.41407	1	1	0	-15.4188
2.41407	1	2	0	-10.9758
2.41407	1	3	0	-22.066
2.41407	1	4	0	-16.617
2.41407	1	5	0	-20.9309
2.41407	1	6	0	-26.6116
2.41407	3	1	0	-10.9855
2.41407	3	2	0	11.2512
2.41407	3	3	0	-3.34828
2.41407	3	4	0	-7.04055
2.41507	1	1	0	-15.4403
2.41507	1	2	0	-10.8986
2.41507	1	3	0	-22.0078
2.41507	1	4	0	-16.6192
2.41507	1	5	0	-20.9569
2.41507	1	6	0	-26.5443
2.41507	3	1	0	-11.0332
2.41507	3	2	0	11.2689
2.41507	3	3	0	-3.43101
2.41507	3	4	0	-6.97069
2.41607	1	1	0	-15.4534
2.41607	1	2	0	-10.9002
2.41607	1	3	0	-9.69879
2.41607	1	4	0	-16.1237
2.41607	1	5	0	-20.9148
2.41607	1	6	0	-26.5478
2.41707	1	1	0	-15.4213
2.41707	1	2	0	-10.8794
2.41707	1	3	0	-9.68076
2.41707	1	4	0	-16.1478
2.41707	1	5	0	-20.8831
2.41707	1	6	0	-26.5417
2.41807	1	1	0	-15.4479
2.41807	1	2	0	-10.8923
2.41807	1	3	0	-22.0696
2.41807	1	4	0	-16.6718
2.41807	1	5	0	-20.8496
2.41807	1	6	0	-26.5197
2.41807	3	1	0	-11.0025
2.41807	3	2	0	11.2704
2.41807	3	3	0	-3.43848
2.41807	3	4	0	-6.9641
2.41907	1	1	0	-15.4149
2.41907	1	2	0	-10.8992
2.41907	1	3	0	-22.0855
2.41907	1	4	0	-16.6554
2.41907	1	5	0	-20.82
2.41907	1	6	0	-26.489
2.41907	3	1	0	-10.9515
2.41907	3	2	0	11.2918
2.41907	3	3	0	-3.48899
2.41907	3	4	0	-6.96089
2.42007	1	1	0	-15.4134
2.42007	1	2	0	-10.9533
2.42007	1	3	0	-22.0688
2.42007	1	4	0	-16.6689
2.42007	1	5	0	-20.7066
2.42007	1	6	0	-26.4827
2.42007	3	1	0	-10.9233
2.42007	3	2	0	11.2976
2.42007	3	3	0	-3.4459
2.42007	3	4	0	-6.94388
2.42107	1	1	0	-15.4529
2.42107	1	2	0	-10.9411
2.42107	1	3	0	-22.077
2.42107	1	4	0	-16.6339
2.42107	1	5	0	-20.6401
2.42107	1	6	0	-26.4826
2.42107	3	1	0	-10.958
2.42107	3	2	0	11.3083
2.42107	3	3	0	-3.45568
2.42107	3	4	0	-6.93063
2.42207	1	1	0	-15.4076
2.42207	1	2	0	-10.9143
2.42207	1	3	0	-9.6724
2.42207	1	4	0	-16.144
2.42207	1	5	0	-20.6302
2.42207	1	6	0	-26.4381
2.42307	1	1	0	-15.3777
2.42307	1	2	0	-10.9123
2.42307	1	3	0	-9.73248
2.42307	1	4	0	-16.1344
2.42307	1	5	0	-20.591
2.42307	1	6	0	-26.4479
2.42407	1	1	0	-15.3734
2.42407	1	2	0	-10.8747
2.42407	1	3	0	-22.0708
2.42407	1	4	0	-16.6738
2.42407	1	5	0	-20.6351
2.42407	1	6	0	-26.453
2.42407	3	1	0	-10.9285
2.42407	3	2	0	11.3391
2.42407	3	3	0	-3.31423
2.42407	3	4	0	-6.9231
2.42507	1	1	0	-15.3929
2.42507	1	2	0	-10.887
2.42507	1	3	0	-22.0984
2.42507	1	4	0	-16.6866
2.42507	1	5	0	-20.5615
2.42507	1	6	0	-26.519
2.42507	3	1	0	-10.8994
2.42507	3	2	0	11.3321
2.42507	3	3	0	-3.30834
2.42507	3	4	0	-6.87235
2.42607	1	1	0	-15.3786
2.42607	1	2	0	-10.9075
2.42607	1	3	0	-9.73039
2.42607	1	4	0	-16.1921
2.42607	1	5	0	-20.5268
2.42607	1	6	0	-26.4643
2.42707	1	1	0	-15.4021
2.42707	1	2	0	-10.9611
2.42707	1	3	0	-22.0864
2.42707	1	4	0	-16.7143
2.42707	1	5	0	-20.5447
2.42707	1	6	0	-26.4564
2.42707	3	1	0	-10.9509
2.42707	3	2	0	11.3577
2.42707	3	3	0	-3.32076
2.42707	3	4	0	-6.82692
2.42807	1	1	0	-15.3924
2.42807	1	2	0	-10.993
2.42807	1	3	0	-9.66743
2.42807	1	4	0	-16.1914
2.42807	1	5	0	-20.5579
2.42807	1	6	0	-26.4449
2.42907	1	1	0	-15.3964
2.42907	1	2	0	-11.0294
2.42907	1	3	0	-9.64403
2.42907	1	4	0	-16.1581
2.42907	1	5	0	-20.5323
2.42907	1	6	0	-26.4648
2.43007	1	1	0	-15.3945
2.43007	1	2	0	-11.0468
2.43007	1	3	0	-22.0949
2.43007	1	4	0	-16.6653
2.43007	1	5	0	-20.5071
2.43007	1	6	0	-26.4363
2.43007	3	1	0	-10.9681
2.43007	3	2	0	11.3458
2.43007	3	3	0	-3.32244
2.43007	3	4	0	-6.79294
2.43107	1	1	0	-15.3965
2.43107	1	2	0	-11.0721
2.43107	1	3	0	-9.61735
2.43107	1	4	0	-16.0937
2.43107	1	5	0	-20.492
2.43107	1	6	0	-26.4055
2.43207	1	1	0	-15.3575
2.43207	1	2	0	-11.0817
2.43207	1	3	0	-9.58323
2.43207	1	4	0	-16.1214
2.43207	1	5	0	-20.449
2.43207	1	6	0	-26.4357
2.43307	1	1	0	-15.3774
2.43307	1	2	0	-11.0979
2.43307	1	3	0	-22.0626
2.43307	1	4	0	-16.671
2.43307	1	5	0	-20.4701
2.43307	1	6	0	-26.5042
2.43307	3	1	0	-10.9368
2.43307	3	2	0	11.3078
2.43307	3	3	0	-3.31389
2.43307	3	4	0	-6.79358
2.43407	1	1	0	-15.3643
2.43407	1	2	0	-11.13
2.43407	1	3	0	-9.62118
2.43407	1	4	0	-16.1465
2.43407	1	5	0	-20.4552
2.43407	1	6	0	-26.4625
2.43507	1	1	0	-15.3575
2.43507	1	2	0	-11.0754
2.43507	1	3	0	-22.0789
2.43507	1	4	0	-16.6496
2.43507	1	5	0	-20.4457
2.43507	1	6	0	-26.5094
2.43507	3	1	0	-10.9492
2.43507	3	2	0	11.2801
2.43507	3	3	0	-3.29545
2.43507	3	4	0	-6.75601
2.43607	1	1	0	-15.3538
2.43607	1	2	0	-11.0974
2.43607	1	3	0	-22.0623
2.43607	1	4	0	-16.6206
2.43607	1	5	0	-20.46
2.43607	1	6	0	-26.4864
2.43607	3	1	0	-10.9909
2.43607	3	2	0	11.2905
2.43607	3	3	0	-3.31474
2.43607	3	4	0	-6.74969
2.43707	1	1	0	-15.3263
2.43707	1	2	0	-11.0494
2.43707	1	3	0	-9.62365
2.43707	1	4	0	-16.1284
2.43707	1	5	0	-20.456
2.43707	1	6	0	-26.4775
2.43807	1	1	0	-15.3326
2.43807	1	2	0	-11.0352
2.43807	1	3	0	-9.63295
2.43807	1	4	0	-16.1005
2.43807	1	5	0	-20.4608
2.43807	1	6	0	-26.4795
2.43907	1	1	0	-15.3157
2.43907	1	2	0	-10.9935
2.43907	1	3	0	-22.0406
2.43907	1	4	0	-16.6166
2.43907	1	5	0	-20.5447
2.43907	1	6	0	-26.4829
2.43907	3	1	0	-10.9689
2.43907	3	2	0	11.224
2.43907	3	3	0	-3.3081
2.43907	3	4	0	-6.70284
2.44007	1	1	0	-15.3389
2.44007	1	2	0	-10.9918
2.44007	1	3	0	-22.0174
2.44007	1	4	0	-16.597
2.44007	1	5	0	-20.5117
2.44007	1	6	0	-26.4843
2.44007	3	1	0	-11.03
2.44007	3	2	0	11.2235
2.44007	3	3	0	-3.33942
2.44007	3	4	0	-6.68514
2.44107	1	1	0	-15.3195
2.44107	1	2	0	-11.0009
2.44107	1	3	0	-22.0693
2.44107	1	4	0	-16.5868
2.44107	1	5	0	-20.4921
2.44107	1	6	0	-26.4933
2.44107	3	1	0	-10.9906
2.44107	3	2	0	11.2553
2.44107	3	3	0	-3.3691
2.44107	3	4	0	-6.66605
2.44207	1	1	0	-15.2983
2.44207	1	2	0	-10.9831
2.44207	1	3	0	-22.0627
2.44207	1	4	0	-16.5958
2.44207	1	5	0	-20.4834
2.44207	1	6	0	-26.4292
2.44207	3	1	0	-10.9761
2.44207	3	2	0	11.2806
2.44207	3	3	0	-3.39503
2.44207	3	4	0	-6.65176
2.44307	1	1	0	-15.2804
2.44307	1	2	0	-10.9799
2.44307	1	3	0	-22.0089
2.44307	1	4	0	-16.6084
2.44307	1	5	0	-20.5033
2.44307	1	6	0	-26.4249
2.44307	3	1	0	-10.9617
2.44307	3	2	0	11.3037
2.44307	3	3	0	-3.3852
2.44307	3	4	0	-6.69946
2.44407	1	1	0	-15.2525
2.44407	1	2	0	-10.9839
2.44407	1	3	0	-9.53973
2.44407	1	4	0	-16.1341
2.44407	1	5	0	-20.4464
2.44407	1	6	0	-26.4431
2.44507	1	1	0	-15.2657
2.44507	1	2	0	-10.9557
2.44507	1	3	0	-21.9455
2.44507	1	4	0	-16.6043
2.44507	1	5	0	-20.4156
2.44507	1	6	0	-26.4673
2.44507	3	1	0	-10.9241
2.44507	3	2	0	11.2633
2.44507	3	3	0	-3.3956
2.44507	3	4	0	-6.63221
2.44607	1	1	0	-15.317
2.44607	1	2	0	-10.9419
2.44607	1	3	0	-21.909
2.44607	1	4	0	-16.6138
2.44607	1	5	0	-20.3881
2.44607	1	6	0	-26.4734
2.44607	3	1	0	-10.9272
2.44607	3	2	0	11.2638
2.44607	3	3	0	-3.42837
2.44607	3	4	0	-6.6549
2.44707	1	1	0	-15.3044
2.44707	1	2	0	-10.8703
2.44707	1	3	0	-21.8853
2.44707	1	4	0	-16.5996
2.44707	1	5	0	-20.4035
2.44707	1	6	0	-26.4837
2.44707	3	1	0	-10.9005
2.44707	3	2	0	11.2583
2.44707	3	3	0	-3.45863
2.44707	3	4	0	-6.67878
2.44807	1	1	0	-15.3326
2.44807	1	2	0	-10.8315
2.44807	1	3	0	-9.47225
2.44807	1	4	0	-16.0895
2.44807	1	5	0	-20.3794
2.44807	1	6	0	-26.495
2.44907	1	1	0	-15.3806
2.44907	1	2	0	-10.7858
2.44907	1	3	0	-21.7972
2.44907	1	4	0	-16.607
2.44907	1	5	0	-20.3289
2.44907	1	6	0	-26.4607
2.44907	3	1	0	-10.9491
2.44907	3	2	0	11.2468
2.44907	3	3	0	-3.49567
2.44907	3	4	0	-6.66107
2.45007	1	1	0	-15.3773
2.45007	1	2	0	-10.7507
2.45007	1	3	0	-21.8135
2.45007	1	4	0	-16.6157
2.45007	1	5	0	-20.286
2.45007	1	6	0	-26.4592
2.45007	3	1	0	-10.9061
2.45007	3	2	0	11.2662
2.45007	3	3	0	-3.48029
2.45007	3	4	0	-6.62649
2.45107	1	1	0	-15.3894
2.45107	1	2	0	-10.7878
2.45107	1	3	0	-21.7696
2.45107	1	4	0	-16.6545
2.45107	1	5	0	-20.2729
2.45107	1	6	0	-26.4862
2.45107	3	1	0	-10.874
2.45107	3	2	0	11.2604
2.45107	3	3	0	-3.4322
2.45107	3	4	0	-6.63175
2.45207	1	1	0	-15.4038
2.45207	1	2	0	-10.7831
2.45207	1	3	0	-9.40002
2.45207	1	4	0	-16.1553
2.45207	1	5	0	-20.2511
2.45207	1	6	0	-26.4795
2.45307	1	1	0	-15.391
2.45307	1	2	0	-10.7619
2.45307	1	3	0	-21.7955
2.45307	1	4	0	-16.6672
2.45307	1	5	0	-20.2626
2.45307	1	6	0	-26.5015
2.45307	3	1	0	-10.8483
2.45307	3	2	0	11.2512
2.45307	3	3	0	-3.42602
2.45307	3	4	0	-6.6551
2.45407	1	1	0	-15.4138
2.45407	1	2	0	-10.778
2.45407	1	3	0	-9.38996
2.45407	1	4	0	-16.2065
2.45407	1	5	0	-20.224
2.45407	1	6	0	-26.4629
2.45507	1	1	0	-15.438
2.45507	1	2	0	-10.7881
2.45507	1	3	0	-21.7745
2.45507	1	4	0	-16.722
2.45507	1	5	0	-20.2563
2.45507	1	6	0	-26.4571
2.45507	3	1	0	-10.8132
2.45507	3	2	0	11.2791
2.45507	3	3	0	-3.42025
2.45507	3	4	0	-6.69303
2.45607	1	1	0	-15.4335
2.45607	1	2	0	-10.798
2.45607	1	3	0	-9.32821
2.45607	1	4	0	-16.2556
2.45607	1	5	0	-20.2332
2.45607	1	6	0	-26.378
2.45707	1	1	0	-15.4505
2.45707	1	2	0	-10.793
2.45707	1	3	0	-21.7476
2.45707	1	4	0	-16.752
2.45707	1	5	0	-20.2722
2.45707	1	6	0	-26.3551
2.45707	3	1	0	-10.6671
2.45707	3	2	0	11.2605
2.45707	3	3	0	-3.38584
2.45707	3	4	0	-6.79347
2.45807	1	1	0	-15.5043
2.45807	1	2	0	-10.7537
2.45807	1	3	0	-9.29792
2.45807	1	4	0	-16.2616
2.45807	1	5	0	-20.3273
2.45807	1	6	0	-26.3325
2.45907	1	1	0	-15.5253
2.45907	1	2	0	-10.7786
2.45907	1	3	0	-21.7423
2.45907	1	4	0	-16.7781
2.45907	1	5	0	-20.3564
2.45907	1	6	0	-26.3158
2.45907	3	1	0	-10.7028
2.45907	3	2	0	11.23
2.45907	3	3	0	-3.41998
2.45907	3	4	0	-6.77672
2.46007	1	1	0	-15.5357
2.46007	1	2	0	-10.7399
2.46007	1	3	0	-21.7441
2.46007	1	4	0	-16.8217
2.46007	1	5	0	-20.327
2.46007	1	6	0	-26.2729
2.46007	3	1	0	-10.7336
2.46007	3	2	0	11.2149
2.46007	3	3	0	-3.35203
2.46007	3	4	0	-6.73257
2.46107	1	1	0	-15.5748
2.46107	1	2	0	-10.6854
2.46107	1	3	0	-21.7078
2.46107	1	4	0	-16.7878
2.46107	1	5	0	-20.3871
2.46107	1	6	0	-26.2771
2.46107	3	1	0	-10.7503
2.46107	3	2	0	11.2138
2.46107	3	3	0	-3.37605
2.46107	3	4	0	-6.72323
2.46207	1	1	0	-15.5645
2.46207	1	2	0	-10.6546
2.46207	1	3	0	-9.18248
2.46207	1	4	0	-16.2488
2.46207	1	5	0	-20.4178
2.46207	1	6	0	-26.2676
2.46307	1	1	0	-15.5752
2.46307	1	2	0	-10.5946
2.46307	1	3	0	-9.14332
2.46307	1	4	0	-16.2188
2.46307	1	5	0	-20.4172
2.46307	1	6	0	-26.2569
2.46407	1	1	0	-15.5536
2.46407	1	2	0	-10.546
2.46407	1	3	0	-9.14601
2.46407	1	4	0	-16.2424
2.46407	1	5	0	-20.3956
2.46407	1	6	0	-26.26
2.46507	1	1	0	-15.6002
2.46507	1	2	0	-10.5451
2.46507	1	3	0	-21.6111
2.46507	1	4	0	-16.7501
2.46507	1	5	0	-20.357
2.46507	1	6	0	-26.272
2.46507	3	1	0	-10.7051
2.46507	3	2	0	11.1999
2.46507	3	3	0	-3.36216
2.46507	3	4	0	-6.69913
2.46607	1	1	0	-15.5894
2.46607	1	2	0	-10.5039
2.46607	1	3	0	-9.11351
2.46607	1	4	0	-16.2575
2.46607	1	5	0	-20.3588
2.46607	1	6	0	-26.2665
2.46707	1	1	0	-15.6514
2.46707	1	2	0	-10.4697
2.46707	1	3	0	-21.6016
2.46707	1	4	0	-16.7153
2.46707	1	5	0	-20.293
2.46707	1	6	0	-26.2273
2.46707	3	1	0	-10.7167
2.46707	3	2	0	11.1644
2.46707	3	3	0	-3.36429
2.46707	3	4	0	-6.69261
2.46807	1	1	0	-15.6664
2.46807	1	2	0	-10.4713
2.46807	1	3	0	-9.10312
2.46807	1	4	0	-16.2235
2.46807	1	5	0	-20.2957
2.46807	1	6	0	-26.253
2.46907	1	1	0	-15.6196
2.46907	1	2	0	-10.5184
2.46907	1	3	0	-9.06533
2.46907	1	4	0	-16.2305
2.46907	1	5	0	-20.2915
2.46907	1	6	0	-26.3214
2.47007	1	1	0	-15.6129
2.47007	1	2	0	-10.4597
2.47007	1	3	0	-21.578
2.47007	1	4	0	-16.7444
2.47007	1	5	0	-20.2536
2.47007	1	6	0	-26.3059
2.47007	3	1	0	-10.7271
2.47007	3	2	0	11.209
2.47007	3	3	0	-3.30263
2.47007	3	4	0	-6.71736
2.47107	1	1	0	-15.6263
2.47107	1	2	0	-10.4301
2.47107	1	3	0	-21.584
2.47107	1	4	0	-16.724
2.47107	1	5	0	-20.2492
2.47107	1	6	0	-26.3221
2.47107	3	1	0	-10.7575
2.47107	3	2	0	11.2687
2.47107	3	3	0	-3.27943
2.47107	3	4	0	-6.82104
2.47207	1	1	0	-15.6268
2.47207	1	2	0	-10.412
2.47207	1	3	0	-9.09824
2.47207	1	4	0	-16.2141
2.47207	1	5	0	-20.2447
2.47207	1	6	0	-26.2844
2.47307	1	1	0	-15.6447
2.47307	1	2	0	-10.42
2.47307	1	3	0	-21.5582
2.47307	1	4	0	-16.7213
2.47307	1	5	0	-20.2317
2.47307	1	6	0	-26.2768
2.47307	3	1	0	-10.7579
2.47307	3	2	0	11.2652
2.47307	3	3	0	-3.29733
2.47307	3	4	0	-6.87023
2.47407	1	1	0	-15.6634
2.47407	1	2	0	-10.4222
2.47407	1	3	0	-9.10905
2.47407	1	4	0	-16.2414
2.47407	1	5	0	-20.2688
2.47407	1	6	0	-26.2893
2.47507	1	1	0	-15.663
2.47507	1	2	0	-10.3889
2.47507	1	3	0	-21.5535
2.47507	1	4	0	-16.7921
2.47507	1	5	0	-20.2344
2.47507	1	6	0	-26.2687
2.47507	3	1	0	-10.7593
2.47507	3	2	0	11.28
2.47507	3	3	0	-3.36205
2.47507	3	4	0	-6.88458
2.47607	1	1	0	-15.6865
2.47607	1	2	0	-10.3596
2.47607	1	3	0	-9.12778
2.47607	1	4	0	-16.2697
2.47607	1	5	0	-20.2284
2.47607	1	6	0	-26.2414
2.47707	1	1	0	-15.6648
2.47707	1	2	0	-10.3995
2.47707	1	3	0	-21.5648
2.47707	1	4	0	-16.8058
2.47707	1	5	0	-20.2063
2.47707	1	6	0	-26.2897
2.47707	3	1	0	-10.6935
2.47707	3	2	0	11.281
2.47707	3	3	0	-3.40192
2.47707	3	4	0	-6.94358
2.47807	1	1	0	-15.6365
2.47807	1	2	0	-10.3983
2.47807	1	3	0	-9.05638
2.47807	1	4	0	-16.2954
2.47807	1	5	0	-20.1916
2.47807	1	6	0	-26.257
2.47907	1	1	0	-15.647
2.47907	1	2	0	-10.4255
2.47907	1	3	0	-21.5563
2.47907	1	4	0	-16.8219
2.47907	1	5	0	-20.1817
2.47907	1	6	0	-26.2982
2.47907	3	1	0	-10.7755
2.47907	3	2	0	11.3231
2.47907	3	3	0	-3.4258
2.47907	3	4	0	-6.96543
2.48007	1	1	0	-15.6628
2.48007	1	2	0	-10.3652
2.48007	1	3	0	-21.5195
2.48007	1	4	0	-16.8143
2.48007	1	5	0	-20.154
2.48007	1	6	0	-26.3279
2.48007	3	1	0	-10.7995
2.48007	3	2	0	11.3078
2.48007	3	3	0	-3.43562
2.48007	3	4	0	-7.01435
2.48107	1	1	0	-15.6711
2.48107	1	2	0	-10.3973
2.48107	1	3	0	-21.5332
2.48107	1	4	0	-16.8044
2.48107	1	5	0	-20.1189
2.48107	1	6	0	-26.2489
2.48107	3	1	0	-10.8499
2.48107	3	2	0	11.35
2.48107	3	3	0	-3.46971
2.48107	3	4	0	-7.05319
2.48207	1	1	0	-15.6576
2.48207	1	2	0	-10.4015
2.48207	1	3	0	-9.02017
2.48207	1	4	0	-16.2947
2.48207	1	5	0	-20.1138
2.48207	1	6	0	-26.206
2.48307	1	1	0	-15.6534
2.48307	1	2	0	-10.4074
2.48307	1	3	0	-21.5737
2.48307	1	4	0	-16.8321
2.48307	1	5	0	-20.0901
2.48307	1	6	0	-26.1861
2.48307	3	1	0	-10.8428
2.48307	3	2	0	11.3531
2.48307	3	3	0	-3.42466
2.48307	3	4	0	-7.05798
2.48407	1	1	0	-15.6694
2.48407	1	2	0	-10.3862
2.48407	1	3	0	-9.01546
2.48407	1	4	0	-16.3308
2.48407	1	5	0	-20.1103
2.48407	1	6	0	-26.1004
2.48507	1	1	0	-15.6563
2.48507	1	2	0	-10.3496
2.48507	1	3	0	-21.5291
2.48507	1	4	0	-16.8498
2.48507	1	5	0	-20.15
2.48507	1	6	0	-26.0904
2.48507	3	1	0	-10.8776
2.48507	3	2	0	11.3797
2.48507	3	3	0	-3.41687
2.48507	3	4	0	-7.12024
2.48607	1	1	0	-15.6827
2.48607	1	2	0	-10.3332
2.48607	1	3	0	-21.4699
2.48607	1	4	0	-16.8091
2.48607	1	5	0	-20.1388
2.48607	1	6	0	-26.0976
2.48607	3	1	0	-10.8476
2.48607	3	2	0	11.3974
2.48607	3	3	0	-3.38236
2.48607	3	4	0	-7.15536
2.48707	1	1	0	-15.6887
2.48707	1	2	0	-10.3023
2.48707	1	3	0	-8.94283
2.48707	1	4	0	-16.274
2.48707	1	5	0	-20.1278
2.48707	1	6	0	-26.1217
2.48807	1	1	0	-15.6719
2.48807	1	2	0	-10.2693
2.48807	1	3	0	-8.92148
2.48807	1	4	0	-16.2322
2.48807	1	5	0	-20.169
2.48807	1	6	0	-26.2033
2.48907	1	1	0	-15.7107
2.48907	1	2	0	-10.2558
2.48907	1	3	0	-21.4319
2.48907	1	4	0	-16.712
2.48907	1	5	0	-20.1502
2.48907	1	6	0	-26.2299
2.48907	3	1	0	-10.8429
2.48907	3	2	0	11.3859
2.48907	3	3	0	-3.41914
2.48907	3	4	0	-7.21946
2.49007	1	1	0	-15.7034
2.49007	1	2	0	-10.2429
2.49007	1	3	0	-21.4363
2.49007	1	4	0	-16.6796
2.49007	1	5	0	-20.1961
2.49007	1	6	0	-26.276
2.49007	3	1	0	-10.8783
2.49007	3	2	0	11.4063
2.49007	3	3	0	-3.3911
2.49007	3	4	0	-7.25019
2.49107	1	1	0	-15.7083
2.49107	1	2	0	-10.2927
2.49107	1	3	0	-21.4654
2.49107	1	4	0	-16.6638
2.49107	1	5	0	-20.2684
2.49107	1	6	0	-26.3109
2.49107	3	1	0	-10.9323
2.49107	3	2	0	11.422
2.49107	3	3	0	-3.36881
2.49107	3	4	0	-7.24676
2.49207	1	1	0	-15.6548
2.49207	1	2	0	-10.2874
2.49207	1	3	0	-21.449
2.49207	1	4	0	-16.6669
2.49207	1	5	0	-20.2553
2.49207	1	6	0	-26.3496
2.49207	3	1	0	-10.9441
2.49207	3	2	0	11.4125
2.49207	3	3	0	-3.35749
2.49207	3	4	0	-7.25389
2.49307	1	1	0	-15.6561
2.49307	1	2	0	-10.2725
2.49307	1	3	0	-8.9013
2.49307	1	4	0	-16.126
2.49307	1	5	0	-20.2688
2.49307	1	6	0	-26.3616
2.49407	1	1	0	-15.671
2.49407	1	2	0	-10.2404
2.49407	1	3	0	-21.4552
2.49407	1	4	0	-16.6078
2.49407	1	5	0	-20.2514
2.49407	1	6	0	-26.3607
2.49407	3	1	0	-10.9509
2.49407	3	2	0	11.4816
2.49407	3	3	0	-3.37891
2.49407	3	4	0	-7.30754
2.49507	1	1	0	-15.6429
2.49507	1	2	0	-10.2686
2.49507	1	3	0	-21.402
2.49507	1	4	0	-16.6278
2.49507	1	5	0	-20.252
2.49507	1	6	0	-26.4155
2.49507	3	1	0	-10.9277
2.49507	3	2	0	11.5058
2.49507	3	3	0	-3.38416
2.49507	3	4	0	-7.31371
2.49607	1	1	0	-15.6071
2.49607	1	2	0	-10.2752
2.49607	1	3	0	-8.8196
2.49607	1	4	0	-16.1569
2.49607	1	5	0	-20.284
2.49607	1	6	0	-26.3756
2.49707	1	1	0	-15.6434
2.49707	1	2	0	-10.2916
2.49707	1	3	0	-21.3015
2.49707	1	4	0	-16.6519
2.49707	1	5	0	-20.2968
2.49707	1	6	0	-26.4552
2.49707	3	1	0	-10.9028
2.49707	3	2	0	11.5652
2.49707	3	3	0	-3.41007
2.49707	3	4	0	-7.34901
2.49807	1	1	0	-15.623
2.49807	1	2	0	-10.2142
2.49807	1	3	0	-8.74322
2.49807	1	4	0	-16.1449
2.49807	1	5	0	-20.3036
2.49807	1	6	0	-26.431
2.49907	1	1	0	-15.6028
2.49907	1	2	0	-10.2557
2.49907	1	3	0	-8.76375
2.49907	1	4	0	-16.1686
2.49907	1	5	0	-20.3235
2.49907	1	6	0	-26.4471
2.50007	1	1	0	-15.6231
2.50007	1	2	0	-10.2619
2.50007	1	3	0	-21.2817
2.50007	1	4	0	-16.696
2.50007	1	5	0	-20.3464
2.50007	1	6	0	-26.553
2.50007	3	1	0	-10.8705
2.50007	3	2	0	11.4978
2.50007	3	3	0	-3.32367
2.50007	3	4	0	-7.33539
2.50107	1	1	0	-15.624
2.50107	1	2	0	-10.2113
2.50107	1	3	0	-8.71957
2.50107	1	4	0	-16.2485
2.50107	1	5	0	-20.3408
2.50107	1	6	0	-26.5675
2.50207	1	1	0	-15.6468
2.50207	1	2	0	-10.2148
2.50207	1	3	0	-21.2356
2.50207	1	4	0	-16.7596
2.50207	1	5	0	-20.2982
2.50207	1	6	0	-26.5453
2.50207	3	1	0	-10.9376
2.50207	3	2	0	11.491
2.50207	3	3	0	-3.26892
2.50207	3	4	0	-7.38263
2.50307	1	1	0	-15.638
2.50307	1	2	0	-10.2166
2.50307	1	3	0	-21.2389
2.50307	1	4	0	-16.7749
2.50307	1	5	0	-20.2741
2.50307	1	6	0	-26.5688
2.50307	3	1	0	-10.939
2.50307	3	2	0	11.489
2.50307	3	3	0	-3.25028
2.50307	3	4	0	-7.38133
2.50407	1	1	0	-15.6259
2.50407	1	2	0	-10.2461
2.50407	1	3	0	-21.1717
2.50407	1	4	0	-16.7859
2.50407	1	5	0	-20.322
2.50407	1	6	0	-26.5521
2.50407	3	1	0	-10.9979
2.50407	3	2	0	11.4563
2.50407	3	3	0	-3.24369
2.50407	3	4	0	-7.38095
2.50507	1	1	0	-15.6063
2.50507	1	2	0	-10.2526
2.50507	1	3	0	-21.1289
2.50507	1	4	0	-16.8071
2.50507	1	5	0	-20.3286
2.50507	1	6	0	-26.5158
2.50507	3	1	0	-10.9608
2.50507	3	2	0	11.4573
2.50507	3	3	0	-3.2015
2.50507	3	4	0	-7.38475
2.50607	1	1	0	-15.5892
2.50607	1	2	0	-10.2442
2.50607	1	3	0	-8.60796
2.50607	1	4	0	-16.3134
2.50607	1	5	0	-20.3417
2.50607	1	6	0	-26.5017
2.50707	1	1	0	-15.5551
2.50707	1	2	0	-10.2094
2.50707	1	3	0	-8.59317
2.50707	1	4	0	-16.3004
2.50707	1	5	0	-20.3467
2.50707	1	6	0	-26.5016
2.50807	1	1	0	-15.5697
2.50807	1	2	0	-10.247
2.50807	1	3	0	-8.59304
2.50807	1	4	0	-16.2931
2.50807	1	5	0	-20.3573
2.50807	1	6	0	-26.4944
2.50907	1	1	0	-15.6213
2.50907	1	2	0	-10.2317
2.50907	1	3	0	-21.1271
2.50907	1	4	0	-16.8321
2.50907	1	5	0	-20.3974
2.50907	1	6	0	-26.4242
2.50907	3	1	0	-10.8512
2.50907	3	2	0	11.4457
2.50907	3	3	0	-3.21004
2.50907	3	4	0	-7.48026
2.51007	1	1	0	-15.5672
2.51007	1	2	0	-10.2499
2.51007	1	3	0	-21.0513
2.51007	1	4	0	-16.8724
2.51007	1	5	0	-20.3672
2.51007	1	6	0	-26.4258
2.51007	3	1	0	-10.8418
2.51007	3	2	0	11.4584
2.51007	3	3	0	-3.19337
2.51007	3	4	0	-7.4778
2.51107	1	1	0	-15.6018
2.51107	1	2	0	-10.2326
2.51107	1	3	0	-21.0388
2.51107	1	4	0	-16.8648
2.51107	1	5	0	-20.3864
2.51107	1	6	0	-26.4388
2.51107	3	1	0	-10.8449
2.51107	3	2	0	11.4849
2.51107	3	3	0	-3.21424
2.51107	3	4	0	-7.50481
2.51207	1	1	0	-15.5604
2.51207	1	2	0	-10.2809
2.51207	1	3	0	-8.46338
2.51207	1	4	0	-16.35
2.51207	1	5	0	-20.419
2.51207	1	6	0	-26.4473
2.51307	1	1	0	-15.556
2.51307	1	2	0	-10.2467
2.51307	1	3	0	-8.47188
2.51307	1	4	0	-16.3266
2.51307	1	5	0	-20.3887
2.51307	1	6	0	-26.4614
2.51407	1	1	0	-15.5479
2.51407	1	2	0	-10.2368
2.51407	1	3	0	-20.9548
2.51407	1	4	0	-16.7803
2.51407	1	5	0	-20.4761
2.51407	1	6	0	-26.5182
2.51407	3	1	0	-10.8824
2.51407	3	2	0	11.4888
2.51407	3	3	0	-3.26281
2.51407	3	4	0	-7.56221
2.51507	1	1	0	-15.5678
2.51507	1	2	0	-10.2435
2.51507	1	3	0	-20.9662
2.51507	1	4	0	-16.7623
2.51507	1	5	0	-20.4673
2.51507	1	6	0	-26.4611
2.51507	3	1	0	-10.8891
2.51507	3	2	0	11.4703
2.51507	3	3	0	-3.24807
2.51507	3	4	0	-7.59485
2.51607	1	1	0	-15.5525
2.51607	1	2	0	-10.2289
2.51607	1	3	0	-20.8801
2.51607	1	4	0	-16.7451
2.51607	1	5	0	-20.4596
2.51607	1	6	0	-26.483
2.51607	3	1	0	-10.9269
2.51607	3	2	0	11.48
2.51607	3	3	0	-3.26171
2.51607	3	4	0	-7.66393
2.51707	1	1	0	-15.5249
2.51707	1	2	0	-10.238
2.51707	1	3	0	-20.8674
2.51707	1	4	0	-16.7366
2.51707	1	5	0	-20.4127
2.51707	1	6	0	-26.5073
2.51707	3	1	0	-10.9191
2.51707	3	2	0	11.4953
2.51707	3	3	0	-3.22537
2.51707	3	4	0	-7.61856
2.51807	1	1	0	-15.556
2.51807	1	2	0	-10.2422
2.51807	1	3	0	-8.42524
2.51807	1	4	0	-16.2322
2.51807	1	5	0	-20.4087
2.51807	1	6	0	-26.5046
2.51907	1	1	0	-15.4973
2.51907	1	2	0	-10.1761
2.51907	1	3	0	-8.39104
2.51907	1	4	0	-16.2381
2.51907	1	5	0	-20.4121
2.51907	1	6	0	-26.534
2.52007	1	1	0	-15.4886
2.52007	1	2	0	-10.2273
2.52007	1	3	0	-20.8547
2.52007	1	4	0	-16.7801
2.52007	1	5	0	-20.4104
2.52007	1	6	0	-26.4765
2.52007	3	1	0	-10.9771
2.52007	3	2	0	11.5143
2.52007	3	3	0	-3.2876
2.52007	3	4	0	-7.6566
2.52107	1	1	0	-15.4699
2.52107	1	2	0	-10.2385
2.52107	1	3	0	-20.8603
2.52107	1	4	0	-16.7688
2.52107	1	5	0	-20.4036
2.52107	1	6	0	-26.4998
2.52107	3	1	0	-10.92
2.52107	3	2	0	11.4766
2.52107	3	3	0	-3.28299
2.52107	3	4	0	-7.66572
2.52207	1	1	0	-15.5007
2.52207	1	2	0	-10.2293
2.52207	1	3	0	-20.8405
2.52207	1	4	0	-16.7795
2.52207	1	5	0	-20.3806
2.52207	1	6	0	-26.5142
2.52207	3	1	0	-10.9081
2.52207	3	2	0	11.4667
2.52207	3	3	0	-3.23044
2.52207	3	4	0	-7.65966
2.52307	1	1	0	-15.52
2.52307	1	2	0	-10.2351
2.52307	1	3	0	-8.40132
2.52307	1	4	0	-16.2821
2.52307	1	5	0	-20.3565
2.52307	1	6	0	-26.5133
2.52407	1	1	0	-15.5277
2.52407	1	2	0	-10.2122
2.52407	1	3	0	-8.43686
2.52407	1	4	0	-16.3125
2.52407	1	5	0	-20.3017
2.52407	1	6	0	-26.5249
2.52507	1	1	0	-15.5218
2.52507	1	2	0	-10.2392
2.52507	1	3	0	-20.9561
2.52507	1	4	0	-16.8114
2.52507	1	5	0	-20.3789
2.52507	1	6	0	-26.5365
2.52507	3	1	0	-10.8595
2.52507	3	2	0	11.5039
2.52507	3	3	0	-3.25799
2.52507	3	4	0	-7.70979
2.52607	1	1	0	-15.5107
2.52607	1	2	0	-10.2726
2.52607	1	3	0	-20.9653
2.52607	1	4	0	-16.8168
2.52607	1	5	0	-20.3884
2.52607	1	6	0	-26.5722
2.52607	3	1	0	-10.895
2.52607	3	2	0	11.4738
2.52607	3	3	0	-3.23606
2.52607	3	4	0	-7.74654
2.52707	1	1	0	-15.4868
2.52707	1	2	0	-10.1969
2.52707	1	3	0	-20.966
2.52707	1	4	0	-16.8369
2.52707	1	5	0	-20.3965
2.52707	1	6	0	-26.6033
2.52707	3	1	0	-10.9004
2.52707	3	2	0	11.4661
2.52707	3	3	0	-3.23318
2.52707	3	4	0	-7.68911
2.52807	1	1	0	-15.4711
2.52807	1	2	0	-10.1923
2.52807	1	3	0	-20.9599
2.52807	1	4	0	-16.8235
2.52807	1	5	0	-20.3488
2.52807	1	6	0	-26.677
2.52807	3	1	0	-10.8981
2.52807	3	2	0	11.4779
2.52807	3	3	0	-3.25341
2.52807	3	4	0	-7.67237
2.52907	1	1	0	-15.4134
2.52907	1	2	0	-10.2509
2.52907	1	3	0	-20.9881
2.52907	1	4	0	-16.8259
2.52907	1	5	0	-20.3626
2.52907	1	6	0	-26.6836
2.52907	3	1	0	-10.8656
2.52907	3	2	0	11.489
2.52907	3	3	0	-3.27575
2.52907	3	4	0	-7.672
2.53007	1	1	0	-15.4086
2.53007	1	2	0	-10.1394
2.53007	1	3	0	-20.9791
2.53007	1	4	0	-16.8089
2.53007	1	5	0	-20.38
2.53007	1	6	0	-26.6646
2.53007	3	1	0	-10.8377
2.53007	3	2	0	11.462
2.53007	3	3	0	-3.28927
2.53007	3	4	0	-7.74674
2.53107	1	1	0	-15.4105
2.53107	1	2	0	-10.1592
2.53107	1	3	0	-20.9495
2.53107	1	4	0	-16.8381
2.53107	1	5	0	-20.4175
2.53107	1	6	0	-26.6992
2.53107	3	1	0	-10.8471
2.53107	3	2	0	11.4153
2.53107	3	3	0	-3.26541
2.53107	3	4	0	-7.72766
2.53207	1	1	0	-15.3772
2.53207	1	2	0	-10.1943
2.53207	1	3	0	-8.45935
2.53207	1	4	0	-16.3432
2.53207	1	5	0	-20.4052
2.53207	1	6	0	-26.6733
2.53307	1	1	0	-15.3385
2.53307	1	2	0	-10.2533
2.53307	1	3	0	-20.9549
2.53307	1	4	0	-16.8738
2.53307	1	5	0	-20.4308
2.53307	1	6	0	-26.6661
2.53307	3	1	0	-10.8381
2.53307	3	2	0	11.4257
2.53307	3	3	0	-3.28624
2.53307	3	4	0	-7.66661
2.53407	1	1	0	-15.3539
2.53407	1	2	0	-10.2302
2.53407	1	3	0	-20.9653
2.53407	1	4	0	-16.8742
2.53407	1	5	0	-20.4325
2.53407	1	6	0	-26.658
2.53407	3	1	0	-10.9111
2.53407	3	2	0	11.4163
2.53407	3	3	0	-3.30986
2.53407	3	4	0	-7.66237
2.53507	1	1	0	-15.3505
2.53507	1	2	0	-10.1539
2.53507	1	3	0	-20.9023
2.53507	1	4	0	-16.8696
2.53507	1	5	0	-20.455
2.53507	1	6	0	-26.6919
2.53507	3	1	0	-10.9609
2.53507	3	2	0	11.4291
2.53507	3	3	0	-3.28237
2.53507	3	4	0	-7.73678
2.53607	1	1	0	-15.3537
2.53607	1	2	0	-10.1325
2.53607	1	3	0	-20.9414
2.53607	1	4	0	-16.8296
2.53607	1	5	0	-20.5141
2.53607	1	6	0	-26.6564
2.53607	3	1	0	-10.9532
2.53607	3	2	0	11.4115
2.53607	3	3	0	-3.279
2.53607	3	4	0	-7.74123
2.53707	1	1	0	-15.3366
2.53707	1	2	0	-10.1377
2.53707	1	3	0	-21.0027
2.53707	1	4	0	-16.8399
2.53707	1	5	0	-20.4777
2.53707	1	6	0	-26.6726
2.53707	3	1	0	-11.0102
2.53707	3	2	0	11.435
2.53707	3	3	0	-3.31578
2.53707	3	4	0	-7.71687
2.53807	1	1	0	-15.3155
2.53807	1	2	0	-10.1112
2.53807	1	3	0	-8.50575
2.53807	1	4	0	-16.3398
2.53807	1	5	0	-20.4467
2.53807	1	6	0	-26.6786
2.53907	1	1	0	-15.2806
2.53907	1	2	0	-10.1454
2.53907	1	3	0	-21.0073
2.53907	1	4	0	-16.8762
2.53907	1	5	0	-20.4575
2.53907	1	6	0	-26.6737
2.53907	3	1	0	-10.9866
2.53907	3	2	0	11.4338
2.53907	3	3	0	-3.355
2.53907	3	4	0	-7.787
2.54007	1	1	0	-15.2541
2.54007	1	2	0	-10.0689
2.54007	1	3	0	-21.0343
2.54007	1	4	0	-16.8688
2.54007	1	5	0	-20.5004
2.54007	1	6	0	-26.6235
2.54007	3	1	0	-10.9963
2.54007	3	2	0	11.4417
2.54007	3	3	0	-3.3693
2.54007	3	4	0	-7.73391
2.54107	1	1	0	-15.2159
2.54107	1	2	0	-10.0411
2.54107	1	3	0	-8.45996
2.54107	1	4	0	-16.3892
2.54107	1	5	0	-20.5531
2.54107	1	6	0	-26.6684
2.54207	1	1	0	-15.2197
2.54207	1	2	0	-10.0698
2.54207	1	3	0	-21.067
2.54207	1	4	0	-16.9135
2.54207	1	5	0	-20.4787
2.54207	1	6	0	-26.6771
2.54207	3	1	0	-10.9902
2.54207	3	2	0	11.4867
2.54207	3	3	0	-3.41714
2.54207	3	4	0	-7.77627
2.54307	1	1	0	-15.2458
2.54307	1	2	0	-10.0831
2.54307	1	3	0	-8.45913
2.54307	1	4	0	-16.3806
2.54307	1	5	0	-20.4586
2.54307	1	6	0	-26.6734
2.54407	1	1	0	-15.2101
2.54407	1	2	0	-10.0963
2.54407	1	3	0	-8.47361
2.54407	1	4	0	-16.3763
2.54407	1	5	0	-20.4815
2.54407	1	6	0	-26.7156
2.54507	1	1	0	-15.2334
2.54507	1	2	0	-10.0413
2.54507	1	3	0	-21.0764
2.54507	1	4	0	-16.9364
2.54507	1	5	0	-20.4508
2.54507	1	6	0	-26.7127
2.54507	3	1	0	-11.013
2.54507	3	2	0	11.5096
2.54507	3	3	0	-3.59019
2.54507	3	4	0	-7.81252
2.54607	1	1	0	-15.2236
2.54607	1	2	0	-10.0593
2.54607	1	3	0	-8.51553
2.54607	1	4	0	-16.4313
2.54607	1	5	0	-20.4857
2.54607	1	6	0	-26.6911
2.54707	1	1	0	-15.1915
2.54707	1	2	0	-10.0868
2.54707	1	3	0	-8.50428
2.54707	1	4	0	-16.463
2.54707	1	5	0	-20.5351
2.54707	1	6	0	-26.6479
2.54807	1	1	0	-15.1381
2.54807	1	2	0	-10.0514
2.54807	1	3	0	-21.1143
2.54807	1	4	0	-17.0142
2.54807	1	5	0	-20.5079
2.54807	1	6	0	-26.6675
2.54807	3	1	0	-10.9942
2.54807	3	2	0	11.4584
2.54807	3	3	0	-3.6001
2.54807	3	4	0	-7.84422
2.54907	1	1	0	-15.1392
2.54907	1	2	0	-10.0784
2.54907	1	3	0	-8.49149
2.54907	1	4	0	-16.4638
2.54907	1	5	0	-20.4791
2.54907	1	6	0	-26.6706
2.55007	1	1	0	-15.1431
2.55007	1	2	0	-9.99831
2.55007	1	3	0	-21.086
2.55007	1	4	0	-16.9863
2.55007	1	5	0	-20.4991
2.55007	1	6	0	-26.7086
2.55007	3	1	0	-11.03
2.55007	3	2	0	11.4722
2.55007	3	3	0	-3.53768
2.55007	3	4	0	-7.83683
2.55107	1	1	0	-15.185
2.55107	1	2	0	-10.008
2.55107	1	3	0	-21.1103
2.55107	1	4	0	-16.9595
2.55107	1	5	0	-20.4984
2.55107	1	6	0	-26.6832
2.55107	3	1	0	-10.9791
2.55107	3	2	0	11.4663
2.55107	3	3	0	-3.5732
2.55107	3	4	0	-7.81556
2.55207	1	1	0	-15.2098
2.55207	1	2	0	-10.0563
2.55207	1	3	0	-8.48248
2.55207	1	4	0	-16.414
2.55207	1	5	0	-20.4749
2.55207	1	6	0	-26.7175
2.55307	1	1	0	-15.186
2.55307	1	2	0	-10.0943
2.55307	1	3	0	-8.51405
2.55307	1	4	0	-16.3998
2.55307	1	5	0	-20.4798
2.55307	1	6	0	-26.7254
2.55407	1	1	0	-15.2101
2.55407	1	2	0	-10.0525
2.55407	1	3	0	-21.0798
2.55407	1	4	0	-16.9719
2.55407	1	5	0	-20.5027
2.55407	1	6	0	-26.7998
2.55407	3	1	0	-11.077
2.55407	3	2	0	11.5143
2.55407	3	3	0	-3.54945
2.55407	3	4	0	-7.77433
2.55507	1	1	0	-15.2355
2.55507	1	2	0	-10.0583
2.55507	1	3	0	-21.1075
2.55507	1	4	0	-16.9286
2.55507	1	5	0	-20.4679
2.55507	1	6	0	-26.8334
2.55507	3	1	0	-11.0638
2.55507	3	2	0	11.5035
2.55507	3	3	0	-3.54989
2.55507	3	4	0	-7.77612
2.55607	1	1	0	-15.2799
2.55607	1	2	0	-10.0423
2.55607	1	3	0	-21.1618
2.55607	1	4	0	-16.9042
2.55607	1	5	0	-20.4405
2.55607	1	6	0	-26.8775
2.55607	3	1	0	-11.075
2.55607	3	2	0	11.5143
2.55607	3	3	0	-3.55142
2.55607	3	4	0	-7.78975
2.55707	1	1	0	-15.3124
2.55707	1	2	0	-10.0404
2.55707	1	3	0	-21.2137
2.55707	1	4	0	-16.9098
2.55707	1	5	0	-20.4392
2.55707	1	6	0	-26.8615
2.55707	3	1	0	-11.1058
2.55707	3	2	0	11.4909
2.55707	3	3	0	-3.50098
2.55707	3	4	0	-7.76986
2.55807	1	1	0	-15.2865
2.55807	1	2	0	-10.0975
2.55807	1	3	0	-8.62931
2.55807	1	4	0	-16.357
2.55807	1	5	0	-20.402
2.55807	1	6	0	-26.8612
2.55907	1	1	0	-15.2574
2.55907	1	2	0	-10.0883
2.55907	1	3	0	-8.65626
2.55907	1	4	0	-16.3873
2.55907	1	5	0	-20.3532
2.55907	1	6	0	-26.9033
2.56007	1	1	0	-15.239
2.56007	1	2	0	-10.0876
2.56007	1	3	0	-21.2437
2.56007	1	4	0	-16.9773
2.56007	1	5	0	-20.369
2.56007	1	6	0	-26.9024
2.56007	3	1	0	-11.0633
2.56007	3	2	0	11.5403
2.56007	3	3	0	-3.47441
2.56007	3	4	0	-7.76167
2.56107	1	1	0	-15.2137
2.56107	1	2	0	-10.034
2.56107	1	3	0	-21.2516
2.56107	1	4	0	-16.9752
2.56107	1	5	0	-20.3722
2.56107	1	6	0	-26.8487
2.56107	3	1	0	-11.0437
2.56107	3	2	0	11.5443
2.56107	3	3	0	-3.50079
2.56107	3	4	0	-7.76485
2.56207	1	1	0	-15.2325
2.56207	1	2	0	-10.0563
2.56207	1	3	0	-21.234
2.56207	1	4	0	-16.9824
2.56207	1	5	0	-20.3536
2.56207	1	6	0	-26.8711
2.56207	3	1	0	-11.0261
2.56207	3	2	0	11.5513
2.56207	3	3	0	-3.54395
2.56207	3	4	0	-7.73557
2.56307	1	1	0	-15.1682
2.56307	1	2	0	-10.0401
2.56307	1	3	0	-8.69635
2.56307	1	4	0	-16.4061
2.56307	1	5	0	-20.2867
2.56307	1	6	0	-26.864
2.56407	1	1	0	-15.1764
2.56407	1	2	0	-10.0082
2.56407	1	3	0	-8.7112
2.56407	1	4	0	-16.3993
2.56407	1	5	0	-20.2134
2.56407	1	6	0	-26.9106
2.56507	1	1	0	-15.1474
2.56507	1	2	0	-9.97128
2.56507	1	3	0	-21.3421
2.56507	1	4	0	-16.9522
2.56507	1	5	0	-20.2197
2.56507	1	6	0	-26.9377
2.56507	3	1	0	-11.0953
2.56507	3	2	0	11.6168
2.56507	3	3	0	-3.45503
2.56507	3	4	0	-7.84573
2.56607	1	1	0	-15.2078
2.56607	1	2	0	-9.99055
2.56607	1	3	0	-21.3339
2.56607	1	4	0	-16.9569
2.56607	1	5	0	-20.1981
2.56607	1	6	0	-26.9735
2.56607	3	1	0	-11.0785
2.56607	3	2	0	11.6153
2.56607	3	3	0	-3.41018
2.56607	3	4	0	-7.90089
2.56707	1	1	0	-15.2113
2.56707	1	2	0	-9.97779
2.56707	1	3	0	-8.75756
2.56707	1	4	0	-16.4117
2.56707	1	5	0	-20.1995
2.56707	1	6	0	-27.0091
2.56807	1	1	0	-15.2116
2.56807	1	2	0	-9.99402
2.56807	1	3	0	-21.35
2.56807	1	4	0	-16.979
2.56807	1	5	0	-20.2013
2.56807	1	6	0	-26.9942
2.56807	3	1	0	-11.0784
2.56807	3	2	0	11.5999
2.56807	3	3	0	-3.47146
2.56807	3	4	0	-7.89701
2.56907	1	1	0	-15.2265
2.56907	1	2	0	-10.0394
2.56907	1	3	0	-21.3489
2.56907	1	4	0	-16.9922
2.56907	1	5	0	-20.2363
2.56907	1	6	0	-27.006
2.56907	3	1	0	-11.099
2.56907	3	2	0	11.6078
2.56907	3	3	0	-3.4887
2.56907	3	4	0	-7.89439
2.57007	1	1	0	-15.2325
2.57007	1	2	0	-10.0852
2.57007	1	3	0	-21.3818
2.57007	1	4	0	-16.9755
2.57007	1	5	0	-20.1949
2.57007	1	6	0	-26.9919
2.57007	3	1	0	-11.1454
2.57007	3	2	0	11.611
2.57007	3	3	0	-3.51521
2.57007	3	4	0	-7.89352
2.57107	1	1	0	-15.235
2.57107	1	2	0	-10.0434
2.57107	1	3	0	-21.3599
2.57107	1	4	0	-16.9174
2.57107	1	5	0	-20.1528
2.57107	1	6	0	-26.9753
2.57107	3	1	0	-11.1972
2.57107	3	2	0	11.6011
2.57107	3	3	0	-3.49719
2.57107	3	4	0	-7.89634
2.57207	1	1	0	-15.2263
2.57207	1	2	0	-10.0243
2.57207	1	3	0	-8.75113
2.57207	1	4	0	-16.3538
2.57207	1	5	0	-20.1376
2.57207	1	6	0	-26.9376
2.57307	1	1	0	-15.1883
2.57307	1	2	0	-9.96386
2.57307	1	3	0	-8.76497
2.57307	1	4	0	-16.3794
2.57307	1	5	0	-20.0841
2.57307	1	6	0	-26.9518
2.57407	1	1	0	-15.1685
2.57407	1	2	0	-9.97183
2.57407	1	3	0	-21.3572
2.57407	1	4	0	-16.9802
2.57407	1	5	0	-20.071
2.57407	1	6	0	-26.9376
2.57407	3	1	0	-11.1888
2.57407	3	2	0	11.6356
2.57407	3	3	0	-3.5245
2.57407	3	4	0	-7.95487
2.57507	1	1	0	-15.1342
2.57507	1	2	0	-9.89762
2.57507	1	3	0	-21.3692
2.57507	1	4	0	-17.0189
2.57507	1	5	0	-20.0711
2.57507	1	6	0	-26.9028
2.57507	3	1	0	-11.1429
2.57507	3	2	0	11.6553
2.57507	3	3	0	-3.4992
2.57507	3	4	0	-8.01181
2.57607	1	1	0	-15.1368
2.57607	1	2	0	-9.90882
2.57607	1	3	0	-8.74084
2.57607	1	4	0	-16.4436
2.57607	1	5	0	-20.0566
2.57607	1	6	0	-26.8846
2.57707	1	1	0	-15.0985
2.57707	1	2	0	-9.8826
2.57707	1	3	0	-21.4177
2.57707	1	4	0	-17.0005
2.57707	1	5	0	-19.9883
2.57707	1	6	0	-26.9058
2.57707	3	1	0	-11.0884
2.57707	3	2	0	11.6846
2.57707	3	3	0	-3.46565
2.57707	3	4	0	-8.13539
2.57807	1	1	0	-15.1029
2.57807	1	2	0	-9.8927
2.57807	1	3	0	-21.414
2.57807	1	4	0	-16.9873
2.57807	1	5	0	-19.9962
2.57807	1	6	0	-26.8701
2.57807	3	1	0	-11.0537
2.57807	3	2	0	11.6566
2.57807	3	3	0	-3.45674
2.57807	3	4	0	-8.0845
2.57907	1	1	0	-15.0961
2.57907	1	2	0	-9.85928
2.57907	1	3	0	-8.75887
2.57907	1	4	0	-16.3968
2.57907	1	5	0	-19.9812
2.57907	1	6	0	-26.8954
2.58007	1	1	0	-15.1138
2.58007	1	2	0	-9.89371
2.58007	1	3	0	-21.4555
2.58007	1	4	0	-16.9788
2.58007	1	5	0	-19.9895
2.58007	1	6	0	-26.8068
2.58007	3	1	0	-11.0263
2.58007	3	2	0	11.6434
2.58007	3	3	0	-3.50422
2.58007	3	4	0	-8.05421
2.58107	1	1	0	-15.1183
2.58107	1	2	0	-9.83388
2.58107	1	3	0	-21.4514
2.58107	1	4	0	-17.0242
2.58107	1	5	0	-20.0132
2.58107	1	6	0	-26.8487
2.58107	3	1	0	-11.0166
2.58107	3	2	0	11.6267
2.58107	3	3	0	-3.54297
2.58107	3	4	0	-8.08128
2.58207	1	1	0	-15.0988
2.58207	1	2	0	-9.84226
2.58207	1	3	0	-21.4701
2.58207	1	4	0	-17.0484
2.58207	1	5	0	-20.0138
2.58207	1	6	0	-26.8507
2.58207	3	1	0	-11.0664
2.58207	3	2	0	11.6157
2.58207	3	3	0	-3.53816
2.58207	3	4	0	-8.11517
2.58307	1	1	0	-15.0875
2.58307	1	2	0	-9.82209
2.58307	1	3	0	-8.84568
2.58307	1	4	0	-16.4697
2.58307	1	5	0	-20.0049
2.58307	1	6	0	-26.7846
2.58407	1	1	0	-15.077
2.58407	1	2	0	-9.79101
2.58407	1	3	0	-8.87143
2.58407	1	4	0	-16.488
2.58407	1	5	0	-20.0411
2.58407	1	6	0	-26.7872
2.58507	1	1	0	-15.0514
2.58507	1	2	0	-9.77199
2.58507	1	3	0	-21.5322
2.58507	1	4	0	-17.1085
2.58507	1	5	0	-19.9878
2.58507	1	6	0	-26.8314
2.58507	3	1	0	-11.1478
2.58507	3	2	0	11.5912
2.58507	3	3	0	-3.56139
2.58507	3	4	0	-8.15485
2.58607	1	1	0	-15.0421
2.58607	1	2	0	-9.7769
2.58607	1	3	0	-21.5085
2.58607	1	4	0	-17.0668
2.58607	1	5	0	-20.0281
2.58607	1	6	0	-26.8398
2.58607	3	1	0	-11.1277
2.58607	3	2	0	11.6051
2.58607	3	3	0	-3.63059
2.58607	3	4	0	-8.16168
2.58707	1	1	0	-15.0418
2.58707	1	2	0	-9.82364
2.58707	1	3	0	-8.86623
2.58707	1	4	0	-16.4926
2.58707	1	5	0	-19.9855
2.58707	1	6	0	-26.8829
2.58807	1	1	0	-15.0865
2.58807	1	2	0	-9.83665
2.58807	1	3	0	-21.5058
2.58807	1	4	0	-17.0711
2.58807	1	5	0	-20.0015
2.58807	1	6	0	-26.8599
2.58807	3	1	0	-11.1134
2.58807	3	2	0	11.6205
2.58807	3	3	0	-3.68333
2.58807	3	4	0	-8.14656
2.58907	1	1	0	-15.0765
2.58907	1	2	0	-9.84733
2.58907	1	3	0	-8.91842
2.58907	1	4	0	-16.4533
2.58907	1	5	0	-19.9603
2.58907	1	6	0	-26.8522
2.59007	1	1	0	-15.0979
2.59007	1	2	0	-9.84051
2.59007	1	3	0	-21.5956
2.59007	1	4	0	-17.0757
2.59007	1	5	0	-19.9391
2.59007	1	6	0	-26.8801
2.59007	3	1	0	-11.1283
2.59007	3	2	0	11.6586
2.59007	3	3	0	-3.64207
2.59007	3	4	0	-8.1948
2.59107	1	1	0	-15.0797
2.59107	1	2	0	-9.82685
2.59107	1	3	0	-8.9817
2.59107	1	4	0	-16.4744
2.59107	1	5	0	-19.8902
2.59107	1	6	0	-26.8363
2.59207	1	1	0	-15.0673
2.59207	1	2	0	-9.8682
2.59207	1	3	0	-21.6826
2.59207	1	4	0	-17.0813
2.59207	1	5	0	-19.8268
2.59207	1	6	0	-26.8382
2.59207	3	1	0	-11.0821
2.59207	3	2	0	11.7221
2.59207	3	3	0	-3.59037
2.59207	3	4	0	-8.29798
2.59307	1	1	0	-15.0654
2.59307	1	2	0	-9.8329
2.59307	1	3	0	-8.99199
2.59307	1	4	0	-16.4797
2.59307	1	5	0	-19.815
2.59307	1	6	0	-26.8119
2.59407	1	1	0	-15.0986
2.59407	1	2	0	-9.87198
2.59407	1	3	0	-21.7132
2.59407	1	4	0	-17.0869
2.59407	1	5	0	-19.85
2.59407	1	6	0	-26.8739
2.59407	3	1	0	-11.0265
2.59407	3	2	0	11.7926
2.59407	3	3	0	-3.62845
2.59407	3	4	0	-8.35675
2.59507	1	1	0	-15.1092
2.59507	1	2	0	-9.89115
2.59507	1	3	0	-21.7207
2.59507	1	4	0	-17.1563
2.59507	1	5	0	-19.8898
2.59507	1	6	0	-26.8321
2.59507	3	1	0	-10.9857
2.59507	3	2	0	11.7946
2.59507	3	3	0	-3.60986
2.59507	3	4	0	-8.42796
2.59607	1	1	0	-15.1144
2.59607	1	2	0	-9.87872
2.59607	1	3	0	-21.7102
2.59607	1	4	0	-17.1607
2.59607	1	5	0	-19.9094
2.59607	1	6	0	-26.8706
2.59607	3	1	0	-10.9707
2.59607	3	2	0	11.8269
2.59607	3	3	0	-3.6046
2.59607	3	4	0	-8.45306
2.59707	1	1	0	-15.1125
2.59707	1	2	0	-9.88269
2.59707	1	3	0	-9.08634
2.59707	1	4	0	-16.5455
2.59707	1	5	0	-19.8331
2.59707	1	6	0	-26.9121
2.59807	1	1	0	-15.1407
2.59807	1	2	0	-9.90355
2.59807	1	3	0	-9.09644
2.59807	1	4	0	-16.5531
2.59807	1	5	0	-19.7917
2.59807	1	6	0	-26.8846
2.59907	1	1	0	-15.1258
2.59907	1	2	0	-9.92426
2.59907	1	3	0	-21.7071
2.59907	1	4	0	-17.1407
2.59907	1	5	0	-19.7713
2.59907	1	6	0	-26.8761
2.59907	3	1	0	-11.0257
2.59907	3	2	0	11.7768
2.59907	3	3	0	-3.52975
2.59907	3	4	0	-8.60987
2.60007	1	1	0	-15.0915
2.60007	1	2	0	-9.94786
2.60007	1	3	0	-21.75
2.60007	1	4	0	-17.1436
2.60007	1	5	0	-19.8067
2.60007	1	6	0	-26.9079
2.60007	3	1	0	-11.0836
2.60007	3	2	0	11.7604
2.60007	3	3	0	-3.52009
2.60007	3	4	0	-8.58201
2.60107	1	1	0	-15.0836
2.60107	1	2	0	-9.89693
2.60107	1	3	0	-9.13874
2.60107	1	4	0	-16.4968
2.60107	1	5	0	-19.8176
2.60107	1	6	0	-26.8438
2.60207	1	1	0	-15.0819
2.60207	1	2	0	-9.93812
2.60207	1	3	0	-21.785
2.60207	1	4	0	-17.1262
2.60207	1	5	0	-19.7592
2.60207	1	6	0	-26.8433
2.60207	3	1	0	-11.1694
2.60207	3	2	0	11.7124
2.60207	3	3	0	-3.47198
2.60207	3	4	0	-8.68161
2.60307	1	1	0	-15.1175
2.60307	1	2	0	-9.86933
2.60307	1	3	0	-21.8544
2.60307	1	4	0	-17.0667
2.60307	1	5	0	-19.7534
2.60307	1	6	0	-26.8615
2.60307	3	1	0	-11.1638
2.60307	3	2	0	11.7421
2.60307	3	3	0	-3.43332
2.60307	3	4	0	-8.74894
2.60407	1	1	0	-15.1017
2.60407	1	2	0	-9.86434
2.60407	1	3	0	-9.21046
2.60407	1	4	0	-16.4416
2.60407	1	5	0	-19.7541
2.60407	1	6	0	-26.8149
2.60507	1	1	0	-15.1086
2.60507	1	2	0	-9.90413
2.60507	1	3	0	-21.8349
2.60507	1	4	0	-17.053
2.60507	1	5	0	-19.7725
2.60507	1	6	0	-26.8186
2.60507	3	1	0	-11.1427
2.60507	3	2	0	11.7044
2.60507	3	3	0	-3.38383
2.60507	3	4	0	-8.76719
2.60607	1	1	0	-15.0925
2.60607	1	2	0	-9.96636
2.60607	1	3	0	-21.8646
2.60607	1	4	0	-17.0665
2.60607	1	5	0	-19.7851
2.60607	1	6	0	-26.8429
2.60607	3	1	0	-11.1183
2.60607	3	2	0	11.7182
2.60607	3	3	0	-3.35445
2.60607	3	4	0	-8.75862
2.60707	1	1	0	-15.0953
2.60707	1	2	0	-9.93427
2.60707	1	3	0	-21.9
2.60707	1	4	0	-17.0592
2.60707	1	5	0	-19.7722
2.60707	1	6	0	-26.8294
2.60707	3	1	0	-11.1188
2.60707	3	2	0	11.7479
2.60707	3	3	0	-3.36476
2.60707	3	4	0	-8.79876
2.60807	1	1	0	-15.1654
2.60807	1	2	0	-9.9094
2.60807	1	3	0	-21.9046
2.60807	1	4	0	-17.0841
2.60807	1	5	0	-19.7971
2.60807	1	6	0	-26.8427
2.60807	3	1	0	-11.1251
2.60807	3	2	0	11.7699
2.60807	3	3	0	-3.40028
2.60807	3	4	0	-8.81005
2.60907	1	1	0	-15.1351
2.60907	1	2	0	-9.90894
2.60907	1	3	0	-9.33111
2.60907	1	4	0	-16.4313
2.60907	1	5	0	-19.7686
2.60907	1	6	0	-26.798
2.61007	1	1	0	-15.1354
2.61007	1	2	0	-9.98698
2.61007	1	3	0	-22.0134
2.61007	1	4	0	-17.063
2.61007	1	5	0	-19.7257
2.61007	1	6	0	-26.72
2.61007	3	1	0	-11.1058
2.61007	3	2	0	11.7424
2.61007	3	3	0	-3.47351
2.61007	3	4	0	-8.85769
2.61107	1	1	0	-15.1285
2.61107	1	2	0	-10.0111
2.61107	1	3	0	-22.0118
2.61107	1	4	0	-17.0548
2.61107	1	5	0	-19.713
2.61107	1	6	0	-26.6977
2.61107	3	1	0	-11.1311
2.61107	3	2	0	11.737
2.61107	3	3	0	-3.4701
2.61107	3	4	0	-8.8685
2.61207	1	1	0	-15.1423
2.61207	1	2	0	-10.0599
2.61207	1	3	0	-9.39864
2.61207	1	4	0	-16.3678
2.61207	1	5	0	-19.6674
2.61207	1	6	0	-26.609
2.61307	1	1	0	-15.1488
2.61307	1	2	0	-10.0774
2.61307	1	3	0	-9.41073
2.61307	1	4	0	-16.3566
2.61307	1	5	0	-19.6919
2.61307	1	6	0	-26.5902
2.61407	1	1	0	-15.1267
2.61407	1	2	0	-10.0895
2.61407	1	3	0	-22.0258
2.61407	1	4	0	-17.021
2.61407	1	5	0	-19.772
2.61407	1	6	0	-26.6266
2.61407	3	1	0	-11.1342
2.61407	3	2	0	11.7527
2.61407	3	3	0	-3.50895
2.61407	3	4	0	-8.86491
2.61507	1	1	0	-15.1156
2.61507	1	2	0	-10.059
2.61507	1	3	0	-21.9951
2.61507	1	4	0	-17.038
2.61507	1	5	0	-19.782
2.61507	1	6	0	-26.6259
2.61507	3	1	0	-11.1498
2.61507	3	2	0	11.7985
2.61507	3	3	0	-3.52016
2.61507	3	4	0	-8.89754
2.61607	1	1	0	-15.1209
2.61607	1	2	0	-10.037
2.61607	1	3	0	-22.0186
2.61607	1	4	0	-17.0376
2.61607	1	5	0	-19.8381
2.61607	1	6	0	-26.5926
2.61607	3	1	0	-11.191
2.61607	3	2	0	11.7928
2.61607	3	3	0	-3.48453
2.61607	3	4	0	-8.80851
2.61707	1	1	0	-15.1208
2.61707	1	2	0	-10.0487
2.61707	1	3	0	-22.0426
2.61707	1	4	0	-17.0296
2.61707	1	5	0	-19.8655
2.61707	1	6	0	-26.6429
2.61707	3	1	0	-11.2461
2.61707	3	2	0	11.7993
2.61707	3	3	0	-3.49541
2.61707	3	4	0	-8.8181
2.61807	1	1	0	-15.0701
2.61807	1	2	0	-10.0532
2.61807	1	3	0	-9.4966
2.61807	1	4	0	-16.3844
2.61807	1	5	0	-19.8936
2.61807	1	6	0	-26.6091
2.61907	1	1	0	-15.0744
2.61907	1	2	0	-10.0906
2.61907	1	3	0	-9.47752
2.61907	1	4	0	-16.3715
2.61907	1	5	0	-19.957
2.61907	1	6	0	-26.6386
2.62007	1	1	0	-15.0312
2.62007	1	2	0	-10.1376
2.62007	1	3	0	-22.0465
2.62007	1	4	0	-17.0117
2.62007	1	5	0	-19.9436
2.62007	1	6	0	-26.6512
2.62007	3	1	0	-11.2264
2.62007	3	2	0	11.8386
2.62007	3	3	0	-3.4178
2.62007	3	4	0	-8.81418
2.62107	1	1	0	-15.0214
2.62107	1	2	0	-10.1353
2.62107	1	3	0	-22.1006
2.62107	1	4	0	-17.0299
2.62107	1	5	0	-19.9956
2.62107	1	6	0	-26.7091
2.62107	3	1	0	-11.2198
2.62107	3	2	0	11.8374
2.62107	3	3	0	-3.39866
2.62107	3	4	0	-8.81857
2.62207	1	1	0	-14.9897
2.62207	1	2	0	-10.1212
2.62207	1	3	0	-22.1367
2.62207	1	4	0	-17.006
2.62207	1	5	0	-19.9875
2.62207	1	6	0	-26.7384
2.62207	3	1	0	-11.1917
2.62207	3	2	0	11.8399
2.62207	3	3	0	-3.3622
2.62207	3	4	0	-8.78968
2.62307	1	1	0	-14.9867
2.62307	1	2	0	-10.0911
2.62307	1	3	0	-22.1265
2.62307	1	4	0	-17.0168
2.62307	1	5	0	-20.0464
2.62307	1	6	0	-26.7655
2.62307	3	1	0	-11.1615
2.62307	3	2	0	11.8404
2.62307	3	3	0	-3.35702
2.62307	3	4	0	-8.75877
2.62407	1	1	0	-14.9905
2.62407	1	2	0	-10.114
2.62407	1	3	0	-9.57787
2.62407	1	4	0	-16.3718
2.62407	1	5	0	-20.0834
2.62407	1	6	0	-26.7132
2.62507	1	1	0	-14.9701
2.62507	1	2	0	-10.0963
2.62507	1	3	0	-22.1848
2.62507	1	4	0	-16.9962
2.62507	1	5	0	-20.124
2.62507	1	6	0	-26.7115
2.62507	3	1	0	-11.1749
2.62507	3	2	0	11.8567
2.62507	3	3	0	-3.3205
2.62507	3	4	0	-8.82565
2.62607	1	1	0	-14.94
2.62607	1	2	0	-10.0996
2.62607	1	3	0	-22.1639
2.62607	1	4	0	-16.991
2.62607	1	5	0	-20.1357
2.62607	1	6	0	-26.7158
2.62607	3	1	0	-11.1835
2.62607	3	2	0	11.859
2.62607	3	3	0	-3.34491
2.62607	3	4	0	-8.85822
2.62707	1	1	0	-14.9234
2.62707	1	2	0	-10.0729
2.62707	1	3	0	-22.1781
2.62707	1	4	0	-16.972
2.62707	1	5	0	-20.1319
2.62707	1	6	0	-26.6689
2.62707	3	1	0	-11.1784
2.62707	3	2	0	11.8457
2.62707	3	3	0	-3.32914
2.62707	3	4	0	-8.85381
2.62807	1	1	0	-14.9325
2.62807	1	2	0	-10.0176
2.62807	1	3	0	-22.224
2.62807	1	4	0	-16.9524
2.62807	1	5	0	-20.1134
2.62807	1	6	0	-26.7132
2.62807	3	1	0	-11.2217
2.62807	3	2	0	11.8305
2.62807	3	3	0	-3.32061
2.62807	3	4	0	-8.79548
2.62907	1	1	0	-14.9136
2.62907	1	2	0	-9.98642
2.62907	1	3	0	-22.2617
2.62907	1	4	0	-16.9365
2.62907	1	5	0	-20.073
2.62907	1	6	0	-26.693
2.62907	3	1	0	-11.2143
2.62907	3	2	0	11.7906
2.62907	3	3	0	-3.32211
2.62907	3	4	0	-8.82759
2.63007	1	1	0	-14.947
2.63007	1	2	0	-9.99207
2.63007	1	3	0	-22.2516
2.63007	1	4	0	-16.9429
2.63007	1	5	0	-20.0961
2.63007	1	6	0	-26.6724
2.63007	3	1	0	-11.2182
2.63007	3	2	0	11.8034
2.63007	3	3	0	-3.34364
2.63007	3	4	0	-8.78455
2.63107	1	1	0	-14.9391
2.63107	1	2	0	-9.95413
2.63107	1	3	0	-9.66748
2.63107	1	4	0	-16.2573
2.63107	1	5	0	-20.0708
2.63107	1	6	0	-26.5981
2.63207	1	1	0	-14.9291
2.63207	1	2	0	-9.9687
2.63207	1	3	0	-22.2553
2.63207	1	4	0	-16.9146
2.63207	1	5	0	-20.0272
2.63207	1	6	0	-26.5909
2.63207	3	1	0	-11.2329
2.63207	3	2	0	11.807
2.63207	3	3	0	-3.33403
2.63207	3	4	0	-8.8217
2.63307	1	1	0	-14.9752
2.63307	1	2	0	-9.97043
2.63307	1	3	0	-9.66745
2.63307	1	4	0	-16.299
2.63307	1	5	0	-20.0301
2.63307	1	6	0	-26.5377
2.63407	1	1	0	-14.9634
2.63407	1	2	0	-10.0226
2.63407	1	3	0	-22.2895
2.63407	1	4	0	-17.0154
2.63407	1	5	0	-20.0072
2.63407	1	6	0	-26.5481
2.63407	3	1	0	-11.1998
2.63407	3	2	0	11.8212
2.63407	3	3	0	-3.3502
2.63407	3	4	0	-8.76285
2.63507	1	1	0	-14.9701
2.63507	1	2	0	-10.0068
2.63507	1	3	0	-22.2593
2.63507	1	4	0	-17.026
2.63507	1	5	0	-20.0197
2.63507	1	6	0	-26.5965
2.63507	3	1	0	-11.2261
2.63507	3	2	0	11.8376
2.63507	3	3	0	-3.34101
2.63507	3	4	0	-8.74582
2.63607	1	1	0	-14.9051
2.63607	1	2	0	-10.0159
2.63607	1	3	0	-22.317
2.63607	1	4	0	-17.0068
2.63607	1	5	0	-20.0311
2.63607	1	6	0	-26.5966
2.63607	3	1	0	-11.2464
2.63607	3	2	0	11.8334
2.63607	3	3	0	-3.31261
2.63607	3	4	0	-8.75308
2.63707	1	1	0	-14.9248
2.63707	1	2	0	-10.002
2.63707	1	3	0	-9.76094
2.63707	1	4	0	-16.3066
2.63707	1	5	0	-20.0294
2.63707	1	6	0	-26.5933
2.63807	1	1	0	-14.8753
2.63807	1	2	0	-10.0968
2.63807	1	3	0	-9.76087
2.63807	1	4	0	-16.3447
2.63807	1	5	0	-19.9832
2.63807	1	6	0	-26.5784
2.63907	1	1	0	-14.893
2.63907	1	2	0	-10.0644
2.63907	1	3	0	-9.73165
2.63907	1	4	0	-16.3544
2.63907	1	5	0	-20.008
2.63907	1	6	0	-26.6433
2.64007	1	1	0	-14.8625
2.64007	1	2	0	-10.081
2.64007	1	3	0	-22.3491
2.64007	1	4	0	-17.0169
2.64007	1	5	0	-19.9714
2.64007	1	6	0	-26.7159
2.64007	3	1	0	-11.3183
2.64007	3	2	0	11.8599
2.64007	3	3	0	-3.31427
2.64007	3	4	0	-8.7204
2.64107	1	1	0	-14.8903
2.64107	1	2	0	-10.0638
2.64107	1	3	0	-22.35
2.64107	1	4	0	-16.955
2.64107	1	5	0	-19.9971
2.64107	1	6	0	-26.7036
2.64107	3	1	0	-11.3326
2.64107	3	2	0	11.877
2.64107	3	3	0	-3.28489
2.64107	3	4	0	-8.76639
2.64207	1	1	0	-14.9162
2.64207	1	2	0	-10.0196
2.64207	1	3	0	-22.3446
2.64207	1	4	0	-16.9463
2.64207	1	5	0	-20.0312
2.64207	1	6	0	-26.6829
2.64207	3	1	0	-11.3401
2.64207	3	2	0	11.8778
2.64207	3	3	0	-3.28467
2.64207	3	4	0	-8.82269
2.64307	1	1	0	-14.9375
2.64307	1	2	0	-10.0103
2.64307	1	3	0	-9.79195
2.64307	1	4	0	-16.2719
2.64307	1	5	0	-20.0217
2.64307	1	6	0	-26.6909
2.64407	1	1	0	-14.9738
2.64407	1	2	0	-10.0123
2.64407	1	3	0	-9.79182
2.64407	1	4	0	-16.2634
2.64407	1	5	0	-20.0208
2.64407	1	6	0	-26.6598
2.64507	1	1	0	-15.0012
2.64507	1	2	0	-9.99817
2.64507	1	3	0	-22.3863
2.64507	1	4	0	-16.9166
2.64507	1	5	0	-20.0803
2.64507	1	6	0	-26.7513
2.64507	3	1	0	-11.3393
2.64507	3	2	0	11.936
2.64507	3	3	0	-3.22134
2.64507	3	4	0	-8.89223
2.64607	1	1	0	-15.0022
2.64607	1	2	0	-9.90913
2.64607	1	3	0	-22.3703
2.64607	1	4	0	-16.914
2.64607	1	5	0	-20.0878
2.64607	1	6	0	-26.717
2.64607	3	1	0	-11.3303
2.64607	3	2	0	11.9223
2.64607	3	3	0	-3.24052
2.64607	3	4	0	-8.90149
2.64707	1	1	0	-15.0135
2.64707	1	2	0	-9.90577
2.64707	1	3	0	-9.73781
2.64707	1	4	0	-16.2119
2.64707	1	5	0	-20.0929
2.64707	1	6	0	-26.7409
2.64807	1	1	0	-15.0378
2.64807	1	2	0	-9.87898
2.64807	1	3	0	-22.3559
2.64807	1	4	0	-16.8633
2.64807	1	5	0	-20.1359
2.64807	1	6	0	-26.7199
2.64807	3	1	0	-11.3679
2.64807	3	2	0	11.9187
2.64807	3	3	0	-3.2268
2.64807	3	4	0	-8.91824
2.64907	1	1	0	-15.0377
2.64907	1	2	0	-9.8151
2.64907	1	3	0	-9.77409
2.64907	1	4	0	-16.1906
2.64907	1	5	0	-20.1723
2.64907	1	6	0	-26.674
2.65007	1	1	0	-15.0584
2.65007	1	2	0	-9.84542
2.65007	1	3	0	-22.3885
2.65007	1	4	0	-16.851
2.65007	1	5	0	-20.1766
2.65007	1	6	0	-26.6893
2.65007	3	1	0	-11.3625
2.65007	3	2	0	11.9327
2.65007	3	3	0	-3.21771
2.65007	3	4	0	-8.92125
2.65107	1	1	0	-15.0833
2.65107	1	2	0	-9.87908
2.65107	1	3	0	-22.4046
2.65107	1	4	0	-16.8665
2.65107	1	5	0	-20.137
2.65107	1	6	0	-26.6966
2.65107	3	1	0	-11.3686
2.65107	3	2	0	11.8977
2.65107	3	3	0	-3.18402
2.65107	3	4	0	-8.9075
2.65207	1	1	0	-15.0738
2.65207	1	2	0	-9.89966
2.65207	1	3	0	-9.80189
2.65207	1	4	0	-16.2
2.65207	1	5	0	-20.1612
2.65207	1	6	0	-26.7103
2.65307	1	1	0	-15.0199
2.65307	1	2	0	-9.88002
2.65307	1	3	0	-9.81824
2.65307	1	4	0	-16.189
2.65307	1	5	0	-20.1816
2.65307	1	6	0	-26.6695
2.65407	1	1	0	-15.0765
2.65407	1	2	0	-9.92337
2.65407	1	3	0	-22.4157
2.65407	1	4	0	-16.809
2.65407	1	5	0	-20.2346
2.65407	1	6	0	-26.675
2.65407	3	1	0	-11.4327
2.65407	3	2	0	11.8407
2.65407	3	3	0	-3.223
2.65407	3	4	0	-8.90059
2.65507	1	1	0	-15.0975
2.65507	1	2	0	-9.93316
2.65507	1	3	0	-22.4303
2.65507	1	4	0	-16.8239
2.65507	1	5	0	-20.2872
2.65507	1	6	0	-26.5871
2.65507	3	1	0	-11.4247
2.65507	3	2	0	11.8687
2.65507	3	3	0	-3.24401
2.65507	3	4	0	-8.91785
2.65607	1	1	0	-15.0954
2.65607	1	2	0	-9.93613
2.65607	1	3	0	-9.80299
2.65607	1	4	0	-16.146
2.65607	1	5	0	-20.3774
2.65607	1	6	0	-26.4983
2.65707	1	1	0	-15.085
2.65707	1	2	0	-9.96092
2.65707	1	3	0	-22.499
2.65707	1	4	0	-16.8654
2.65707	1	5	0	-20.4218
2.65707	1	6	0	-26.5498
2.65707	3	1	0	-11.3948
2.65707	3	2	0	11.8837
2.65707	3	3	0	-3.25791
2.65707	3	4	0	-8.8649
2.65807	1	1	0	-15.0764
2.65807	1	2	0	-9.95535
2.65807	1	3	0	-22.4823
2.65807	1	4	0	-16.8515
2.65807	1	5	0	-20.4097
2.65807	1	6	0	-26.5627
2.65807	3	1	0	-11.3638
2.65807	3	2	0	11.8821
2.65807	3	3	0	-3.27499
2.65807	3	4	0	-8.8305
2.65907	1	1	0	-15.0321
2.65907	1	2	0	-9.96416
2.65907	1	3	0	-22.5277
2.65907	1	4	0	-16.8974
2.65907	1	5	0	-20.4013
2.65907	1	6	0	-26.5579
2.65907	3	1	0	-11.3909
2.65907	3	2	0	11.9038
2.65907	3	3	0	-3.27631
2.65907	3	4	0	-8.82405
2.66007	1	1	0	-15.0311
2.66007	1	2	0	-9.95727
2.66007	1	3	0	-22.5462
2.66007	1	4	0	-16.8577
2.66007	1	5	0	-20.4081
2.66007	1	6	0	-26.5501
2.66007	3	1	0	-11.3954
2.66007	3	2	0	11.9106
2.66007	3	3	0	-3.26922
2.66007	3	4	0	-8.8289
2.66107	1	1	0	-15.0429
2.66107	1	2	0	-9.92113
2.66107	1	3	0	-22.5036
2.66107	1	4	0	-16.8745
2.66107	1	5	0	-20.4282
2.66107	1	6	0	-26.5355
2.66107	3	1	0	-11.3909
2.66107	3	2	0	11.9134
2.66107	3	3	0	-3.30694
2.66107	3	4	0	-8.80503
2.66207	1	1	0	-15.0726
2.66207	1	2	0	-9.89534
2.66207	1	3	0	-9.8434
2.66207	1	4	0	-16.1637
2.66207	1	5	0	-20.5164
2.66207	1	6	0	-26.5711
2.66307	1	1	0	-15.1002
2.66307	1	2	0	-9.93921
2.66307	1	3	0	-22.485
2.66307	1	4	0	-16.8957
2.66307	1	5	0	-20.551
2.66307	1	6	0	-26.6065
2.66307	3	1	0	-11.3038
2.66307	3	2	0	11.8554
2.66307	3	3	0	-3.34921
2.66307	3	4	0	-8.82721
2.66407	1	1	0	-15.1688
2.66407	1	2	0	-9.94887
2.66407	1	3	0	-9.83684
2.66407	1	4	0	-16.1708
2.66407	1	5	0	-20.5698
2.66407	1	6	0	-26.6186
2.66507	1	1	0	-15.1482
2.66507	1	2	0	-9.96552
2.66507	1	3	0	-22.38
2.66507	1	4	0	-16.902
2.66507	1	5	0	-20.5914
2.66507	1	6	0	-26.695
2.66507	3	1	0	-11.3165
2.66507	3	2	0	11.923
2.66507	3	3	0	-3.40046
2.66507	3	4	0	-8.84438
2.66607	1	1	0	-15.1534
2.66607	1	2	0	-9.98245
2.66607	1	3	0	-22.3761
2.66607	1	4	0	-16.8734
2.66607	1	5	0	-20.6114
2.66607	1	6	0	-26.7465
2.66607	3	1	0	-11.3006
2.66607	3	2	0	11.9636
2.66607	3	3	0	-3.4566
2.66607	3	4	0	-8.88646
2.66707	1	1	0	-15.1703
2.66707	1	2	0	-9.97446
2.66707	1	3	0	-9.75937
2.66707	1	4	0	-16.1594
2.66707	1	5	0	-20.6618
2.66707	1	6	0	-26.7119
2.66807	1	1	0	-15.1555
2.66807	1	2	0	-10.0294
2.66807	1	3	0	-9.75542
2.66807	1	4	0	-16.1096
2.66807	1	5	0	-20.7235
2.66807	1	6	0	-26.6416
2.66907	1	1	0	-15.1819
2.66907	1	2	0	-10.0255
2.66907	1	3	0	-22.3644
2.66907	1	4	0	-16.8129
2.66907	1	5	0	-20.7696
2.66907	1	6	0	-26.6678
2.66907	3	1	0	-11.3406
2.66907	3	2	0	11.9937
2.66907	3	3	0	-3.50764
2.66907	3	4	0	-8.93151
2.67007	1	1	0	-15.1735
2.67007	1	2	0	-10.0292
2.67007	1	3	0	-22.3893
2.67007	1	4	0	-16.8144
2.67007	1	5	0	-20.7938
2.67007	1	6	0	-26.6487
2.67007	3	1	0	-11.3277
2.67007	3	2	0	12.0289
2.67007	3	3	0	-3.49333
2.67007	3	4	0	-8.86561
2.67107	1	1	0	-15.1528
2.67107	1	2	0	-9.98702
2.67107	1	3	0	-9.77003
2.67107	1	4	0	-16.0984
2.67107	1	5	0	-20.8426
2.67107	1	6	0	-26.5742
2.67207	1	1	0	-15.1877
2.67207	1	2	0	-9.99658
2.67207	1	3	0	-22.4184
2.67207	1	4	0	-16.7814
2.67207	1	5	0	-20.9014
2.67207	1	6	0	-26.6088
2.67207	3	1	0	-11.3339
2.67207	3	2	0	12.0628
2.67207	3	3	0	-3.47038
2.67207	3	4	0	-8.84174
2.67307	1	1	0	-15.1288
2.67307	1	2	0	-10.024
2.67307	1	3	0	-9.77449
2.67307	1	4	0	-16.0854
2.67307	1	5	0	-20.957
2.67307	1	6	0	-26.6131
2.67407	1	1	0	-15.1221
2.67407	1	2	0	-9.93759
2.67407	1	3	0	-9.77319
2.67407	1	4	0	-16.1077
2.67407	1	5	0	-20.99
2.67407	1	6	0	-26.6587
2.67507	1	1	0	-15.1069
2.67507	1	2	0	-9.91675
2.67507	1	3	0	-22.4746
2.67507	1	4	0	-16.8294
2.67507	1	5	0	-20.9841
2.67507	1	6	0	-26.6811
2.67507	3	1	0	-11.2707
2.67507	3	2	0	12.0825
2.67507	3	3	0	-3.44332
2.67507	3	4	0	-8.82801
2.67607	1	1	0	-15.0681
2.67607	1	2	0	-9.92909
2.67607	1	3	0	-22.4538
2.67607	1	4	0	-16.8664
2.67607	1	5	0	-21.0385
2.67607	1	6	0	-26.6456
2.67607	3	1	0	-11.2326
2.67607	3	2	0	12.0523
2.67607	3	3	0	-3.45702
2.67607	3	4	0	-8.78441
2.67707	1	1	0	-15.0934
2.67707	1	2	0	-9.93213
2.67707	1	3	0	-22.4636
2.67707	1	4	0	-16.854
2.67707	1	5	0	-21.035
2.67707	1	6	0	-26.69
2.67707	3	1	0	-11.2259
2.67707	3	2	0	12.0843
2.67707	3	3	0	-3.54472
2.67707	3	4	0	-8.76989
2.67807	1	1	0	-15.0668
2.67807	1	2	0	-9.96432
2.67807	1	3	0	-22.5246
2.67807	1	4	0	-16.8767
2.67807	1	5	0	-21.0888
2.67807	1	6	0	-26.6491
2.67807	3	1	0	-11.2508
2.67807	3	2	0	12.1076
2.67807	3	3	0	-3.53378
2.67807	3	4	0	-8.74362
2.67907	1	1	0	-15.0351
2.67907	1	2	0	-9.99735
2.67907	1	3	0	-9.82331
2.67907	1	4	0	-16.153
2.67907	1	5	0	-21.1428
2.67907	1	6	0	-26.6592
2.68007	1	1	0	-15.0362
2.68007	1	2	0	-10.0603
2.68007	1	3	0	-22.6177
2.68007	1	4	0	-16.8517
2.68007	1	5	0	-21.1859
2.68007	1	6	0	-26.6807
2.68007	3	1	0	-11.2217
2.68007	3	2	0	12.0637
2.68007	3	3	0	-3.51408
2.68007	3	4	0	-8.73725
2.68107	1	1	0	-15.0572
2.68107	1	2	0	-10.052
2.68107	1	3	0	-22.5992
2.68107	1	4	0	-16.8541
2.68107	1	5	0	-21.247
2.68107	1	6	0	-26.6572
2.68107	3	1	0	-11.1556
2.68107	3	2	0	12.078
2.68107	3	3	0	-3.49383
2.68107	3	4	0	-8.67256
2.68207	1	1	0	-15.0742
2.68207	1	2	0	-10.0759
2.68207	1	3	0	-22.5499
2.68207	1	4	0	-16.8536
2.68207	1	5	0	-21.3144
2.68207	1	6	0	-26.6297
2.68207	3	1	0	-11.1246
2.68207	3	2	0	12.0859
2.68207	3	3	0	-3.47144
2.68207	3	4	0	-8.65944
2.68307	1	1	0	-15.0701
2.68307	1	2	0	-10.1037
2.68307	1	3	0	-22.5472
2.68307	1	4	0	-16.8222
2.68307	1	5	0	-21.4492
2.68307	1	6	0	-26.6365
2.68307	3	1	0	-11.1061
2.68307	3	2	0	12.0927
2.68307	3	3	0	-3.48083
2.68307	3	4	0	-8.65986
2.68407	1	1	0	-15.0795
2.68407	1	2	0	-10.0829
2.68407	1	3	0	-22.5153
2.68407	1	4	0	-16.8574
2.68407	1	5	0	-21.4539
2.68407	1	6	0	-26.6092
2.68407	3	1	0	-11.1217
2.68407	3	2	0	12.1009
2.68407	3	3	0	-3.47466
2.68407	3	4	0	-8.6651
2.68507	1	1	0	-15.1047
2.68507	1	2	0	-10.0233
2.68507	1	3	0	-22.5368
2.68507	1	4	0	-16.8158
2.68507	1	5	0	-21.4536
2.68507	1	6	0	-26.6224
2.68507	3	1	0	-11.1571
2.68507	3	2	0	12.1046
2.68507	3	3	0	-3.50574
2.68507	3	4	0	-8.61971
2.68607	1	1	0	-15.0735
2.68607	1	2	0	-10.023
2.68607	1	3	0	-22.5267
2.68607	1	4	0	-16.8024
2.68607	1	5	0	-21.4631
2.68607	1	6	0	-26.6039
2.68607	3	1	0	-11.1387
2.68607	3	2	0	12.0922
2.68607	3	3	0	-3.55462
2.68607	3	4	0	-8.55356
2.68707	1	1	0	-15.0673
2.68707	1	2	0	-10.0307
2.68707	1	3	0	-22.5174
2.68707	1	4	0	-16.8053
2.68707	1	5	0	-21.4736
2.68707	1	6	0	-26.6065
2.68707	3	1	0	-11.1117
2.68707	3	2	0	12.0786
2.68707	3	3	0	-3.56313
2.68707	3	4	0	-8.55384
2.68807	1	1	0	-15.0615
2.68807	1	2	0	-10.0369
2.68807	1	3	0	-9.75057
2.68807	1	4	0	-16.1174
2.68807	1	5	0	-21.5055
2.68807	1	6	0	-26.5531
2.68907	1	1	0	-15.0977
2.68907	1	2	0	-10.065
2.68907	1	3	0	-22.5892
2.68907	1	4	0	-16.8211
2.68907	1	5	0	-21.5615
2.68907	1	6	0	-26.551
2.68907	3	1	0	-11.202
2.68907	3	2	0	12.0617
2.68907	3	3	0	-3.58547
2.68907	3	4	0	-8.48004
2.69007	1	1	0	-15.1325
2.69007	1	2	0	-10.0273
2.69007	1	3	0	-22.6437
2.69007	1	4	0	-16.8311
2.69007	1	5	0	-21.6
2.69007	1	6	0	-26.5678
2.69007	3	1	0	-11.2406
2.69007	3	2	0	12.0701
2.69007	3	3	0	-3.5842
2.69007	3	4	0	-8.47187
2.69107	1	1	0	-15.1263
2.69107	1	2	0	-10.0151
2.69107	1	3	0	-22.6284
2.69107	1	4	0	-16.7982
2.69107	1	5	0	-21.6475
2.69107	1	6	0	-26.5958
2.69107	3	1	0	-11.2546
2.69107	3	2	0	12.0284
2.69107	3	3	0	-3.60509
2.69107	3	4	0	-8.43734
2.69207	1	1	0	-15.1547
2.69207	1	2	0	-10.0312
2.69207	1	3	0	-9.77948
2.69207	1	4	0	-16.0308
2.69207	1	5	0	-21.6854
2.69207	1	6	0	-26.6563
2.69307	1	1	0	-15.1651
2.69307	1	2	0	-10.0338
2.69307	1	3	0	-22.5953
2.69307	1	4	0	-16.7556
2.69307	1	5	0	-21.702
2.69307	1	6	0	-26.6474
2.69307	3	1	0	-11.2537
2.69307	3	2	0	12.0078
2.69307	3	3	0	-3.61806
2.69307	3	4	0	-8.4186
2.69407	1	1	0	-15.1722
2.69407	1	2	0	-10.0378
2.69407	1	3	0	-9.75499
2.69407	1	4	0	-16.0592
2.69407	1	5	0	-21.7172
2.69407	1	6	0	-26.5776
2.69507	1	1	0	-15.14
2.69507	1	2	0	-10.0948
2.69507	1	3	0	-22.6053
2.69507	1	4	0	-16.7125
2.69507	1	5	0	-21.7673
2.69507	1	6	0	-26.6278
2.69507	3	1	0	-11.2701
2.69507	3	2	0	11.9625
2.69507	3	3	0	-3.54543
2.69507	3	4	0	-8.4
2.69607	1	1	0	-15.1638
2.69607	1	2	0	-10.0747
2.69607	1	3	0	-22.5862
2.69607	1	4	0	-16.7012
2.69607	1	5	0	-21.7892
2.69607	1	6	0	-26.6093
2.69607	3	1	0	-11.2784
2.69607	3	2	0	11.9436
2.69607	3	3	0	-3.53335
2.69607	3	4	0	-8.39103
2.69707	1	1	0	-15.1284
2.69707	1	2	0	-10.0262
2.69707	1	3	0	-9.71213
2.69707	1	4	0	-16.0268
2.69707	1	5	0	-21.8354
2.69707	1	6	0	-26.6169
2.69807	1	1	0	-15.1364
2.69807	1	2	0	-10.061
2.69807	1	3	0	-9.68848
2.69807	1	4	0	-16.0098
2.69807	1	5	0	-21.8778
2.69807	1	6	0	-26.6249
