Time(sec)	CellId	BwpId	IMSI	pathLoss(dB)
0	1	0	3	-76.8659
0	1	0	4	-96.9724
0	3	0	0	-97.64
0	3	0	1	-90.9046
0	3	0	2	-86.2912
0	5	0	5	-99.5011
0	5	0	6	-87.5093
0	5	0	7	-80.2718
0	5	0	8	-79.1773
0	5	0	9	-111.715
0.005	1	0	3	-78.0339
0.005	1	0	4	-92.9903
0.005	3	0	0	-103.662
0.005	3	0	1	-93.8966
0.005	3	0	2	-78.2978
0.005	5	0	5	-108.921
0.005	5	0	6	-96.0244
0.005	5	0	7	-69.9344
0.005	5	0	8	-83.7675
0.005	5	0	9	-95.4757
0.01	1	0	3	-77.7089
0.01	1	0	4	-93.1327
0.01	3	0	0	-103.662
0.01	3	0	1	-93.5206
0.01	3	0	2	-78.293
0.01	5	0	5	-108.812
0.01	5	0	6	-96.5043
0.01	5	0	7	-70.0411
0.01	5	0	8	-83.5939
0.01	5	0	9	-95.4757
0.015	1	0	3	-77.6625
0.015	1	0	4	-92.9178
0.015	3	0	0	-103.662
0.015	3	0	1	-93.1204
0.015	3	0	2	-78.0014
0.015	5	0	5	-108.317
0.015	5	0	6	-95.3937
0.015	5	0	7	-70.4465
0.015	5	0	8	-83.7448
0.015	5	0	9	-95.4757
0.02	1	0	3	-78.0209
0.02	1	0	4	-92.5675
0.02	3	0	0	-103.662
0.02	3	0	1	-94.0964
0.02	3	0	2	-77.9915
0.02	5	0	5	-108.481
0.02	5	0	6	-94.4262
0.02	5	0	7	-70.1856
0.02	5	0	8	-83.7391
0.02	5	0	9	-95.4757
0.022	5	0	5	-108.769
0.022	5	0	6	-94.5265
0.022	5	0	7	-69.9026
0.022	5	0	8	-83.7628
0.022	5	0	9	-95.4757
0.025	1	0	3	-77.9395
0.025	1	0	4	-92.2815
0.025	3	0	0	-103.662
0.025	3	0	1	-94.3554
0.025	3	0	2	-77.5668
0.025	5	0	5	-109.212
0.025	5	0	6	-94.2816
0.025	5	0	7	-70.1084
0.025	5	0	8	-83.86
0.025	5	0	9	-95.4757
0.029	3	0	0	-103.662
0.029	3	0	1	-94.0647
0.029	3	0	2	-77.2112
0.03	1	0	3	-78.3903
0.03	1	0	4	-91.9934
0.03	3	0	0	-103.662
0.03	3	0	1	-93.9246
0.03	3	0	2	-77.1179
0.03	5	0	5	-109.005
0.03	5	0	6	-93.9347
0.03	5	0	7	-69.8875
0.03	5	0	8	-83.2097
0.03	5	0	9	-95.4757
0.033	3	0	0	-103.662
0.033	3	0	1	-94.0156
0.033	3	0	2	-76.7919
0.035	1	0	3	-78.9391
0.035	1	0	4	-91.1311
0.035	3	0	0	-103.662
0.035	3	0	1	-94.111
0.035	3	0	2	-76.7721
0.035	5	0	5	-109.322
0.035	5	0	6	-93.8163
0.035	5	0	7	-70.0206
0.035	5	0	8	-82.7417
0.035	5	0	9	-95.4757
0.039	1	0	3	-78.7537
0.039	1	0	4	-91.0094
0.04	1	0	3	-78.7081
0.04	1	0	4	-90.873
0.04	3	0	0	-103.662
0.04	3	0	1	-94.6414
0.04	3	0	2	-76.1364
0.04	5	0	5	-109.7
0.04	5	0	6	-94.5223
0.04	5	0	7	-69.9098
0.04	5	0	8	-82.7935
0.04	5	0	9	-95.4757
0.045	1	0	3	-78.888
0.045	1	0	4	-90.9376
0.045	3	0	0	-103.662
0.045	3	0	1	-95.1679
0.045	3	0	2	-75.4998
0.045	5	0	5	-109.683
0.045	5	0	6	-95.0782
0.045	5	0	7	-70.3846
0.045	5	0	8	-82.6893
0.045	5	0	9	-95.4757
0.05	1	0	3	-78.4948
0.05	1	0	4	-90.0808
0.05	3	0	0	-103.662
0.05	3	0	1	-95.4031
0.05	3	0	2	-75.33
0.05	5	0	5	-108.472
0.05	5	0	6	-95.5664
0.05	5	0	7	-69.9297
0.05	5	0	8	-82.6389
0.05	5	0	9	-95.4757
0.051	5	0	5	-108.288
0.051	5	0	6	-95.5004
0.051	5	0	7	-70.025
0.051	5	0	8	-82.5361
0.051	5	0	9	-95.4757
0.054	1	0	3	-78.3507
0.054	1	0	4	-89.7942
0.055	1	0	3	-78.2635
0.055	1	0	4	-89.7912
0.055	3	0	0	-103.662
0.055	3	0	1	-95.3674
0.055	3	0	2	-75.4023
0.055	5	0	5	-108.006
0.055	5	0	6	-95.3976
0.055	5	0	7	-69.8995
0.055	5	0	8	-82.6026
0.055	5	0	9	-95.4757
0.058	5	0	5	-108.062
0.058	5	0	6	-95.4299
0.058	5	0	7	-69.7607
0.058	5	0	8	-82.5303
0.058	5	0	9	-95.4757
0.06	1	0	3	-78.3405
0.06	1	0	4	-90.342
0.06	3	0	0	-103.662
0.06	3	0	1	-95.3976
0.06	3	0	2	-75.2809
0.06	5	0	5	-108.326
0.06	5	0	6	-95.2581
0.06	5	0	7	-69.6646
0.06	5	0	8	-82.7234
0.06	5	0	9	-95.4757
0.065	1	0	3	-77.8837
0.065	1	0	4	-90.6429
0.065	3	0	0	-103.662
0.065	3	0	1	-95.0158
0.065	3	0	2	-75.8072
0.065	5	0	5	-108.443
0.065	5	0	6	-94.7968
0.065	5	0	7	-69.9608
0.065	5	0	8	-82.2253
0.065	5	0	9	-95.4757
0.07	1	0	3	-78.4617
0.07	1	0	4	-91.0849
0.07	3	0	0	-103.662
0.07	3	0	1	-95.1298
0.07	3	0	2	-75.6955
0.07	5	0	5	-108.221
0.07	5	0	6	-94.366
0.07	5	0	7	-70.2281
0.07	5	0	8	-82.2674
0.07	5	0	9	-95.4757
0.075	1	0	3	-78.3785
0.075	1	0	4	-90.7925
0.075	3	0	0	-103.662
0.075	3	0	1	-96.0538
0.075	3	0	2	-75.7211
0.075	5	0	5	-108.023
0.075	5	0	6	-93.791
0.075	5	0	7	-70.1366
0.075	5	0	8	-81.8996
0.075	5	0	9	-95.4757
0.08	1	0	3	-78.2067
0.08	1	0	4	-90.722
0.08	3	0	0	-103.662
0.08	3	0	1	-96.0153
0.08	3	0	2	-75.7989
0.08	5	0	5	-107.962
0.08	5	0	6	-95.0274
0.08	5	0	7	-70.3562
0.08	5	0	8	-81.8847
0.08	5	0	9	-95.4757
0.085	1	0	3	-77.7756
0.085	1	0	4	-90.8904
0.085	3	0	0	-103.662
0.085	3	0	1	-95.6231
0.085	3	0	2	-75.8296
0.085	5	0	5	-108.341
0.085	5	0	6	-95.2009
0.085	5	0	7	-70.1672
0.085	5	0	8	-82.1394
0.085	5	0	9	-95.4757
0.09	1	0	3	-78.1505
0.09	1	0	4	-90.2779
0.09	3	0	0	-103.662
0.09	3	0	1	-95.292
0.09	3	0	2	-75.9389
0.09	5	0	5	-108.782
0.09	5	0	6	-95.2338
0.09	5	0	7	-69.7865
0.09	5	0	8	-82.2551
0.09	5	0	9	-95.4757
0.095	1	0	3	-78.2785
0.095	1	0	4	-90.6342
0.095	3	0	0	-103.662
0.095	3	0	1	-95.8545
0.095	3	0	2	-75.4455
0.095	5	0	5	-108.644
0.095	5	0	6	-95.37
0.095	5	0	7	-69.8016
0.095	5	0	8	-82.3329
0.095	5	0	9	-95.4757
0.098	3	0	0	-103.662
0.098	3	0	1	-95.3867
0.098	3	0	2	-75.3914
0.1	1	0	3	-77.6611
0.1	1	0	4	-91.4483
0.1	3	0	0	-103.662
0.1	3	0	1	-94.8307
0.1	3	0	2	-75.2137
0.1	5	0	5	-108.767
0.1	5	0	6	-96.2964
0.1	5	0	7	-69.7457
0.1	5	0	8	-82.2882
0.1	5	0	9	-95.4757
0.102	5	0	5	-108.787
0.102	5	0	6	-95.2831
0.102	5	0	7	-69.6758
0.102	5	0	8	-82.3247
0.102	5	0	9	-95.4757
0.105	1	0	3	-78.3425
0.105	1	0	4	-91.567
0.105	3	0	0	-103.662
0.105	3	0	1	-94.6821
0.105	3	0	2	-75.1364
0.105	5	0	5	-108.6
0.105	5	0	6	-95.6133
0.105	5	0	7	-69.5061
0.105	5	0	8	-82.3809
0.105	5	0	9	-95.4757
0.109	3	0	0	-103.662
0.109	3	0	1	-94.0485
0.109	3	0	2	-75.1397
0.11	1	0	3	-78.155
0.11	1	0	4	-91.6862
0.11	3	0	0	-103.662
0.11	3	0	1	-94.1555
0.11	3	0	2	-74.8602
0.11	5	0	5	-108.643
0.11	5	0	6	-95.8578
0.11	5	0	7	-69.64
0.11	5	0	8	-82.5769
0.11	5	0	9	-95.4757
0.113	3	0	0	-103.662
0.113	3	0	1	-94.2899
0.113	3	0	2	-74.9434
0.115	1	0	3	-78.3217
0.115	1	0	4	-91.9649
0.115	3	0	0	-103.662
0.115	3	0	1	-94.5277
0.115	3	0	2	-74.8247
0.115	5	0	5	-107.972
0.115	5	0	6	-95.3607
0.115	5	0	7	-69.9466
0.115	5	0	8	-82.866
0.115	5	0	9	-95.4757
0.119	1	0	3	-78.3739
0.119	1	0	4	-92.4719
0.12	1	0	3	-78.4343
0.12	1	0	4	-92.478
0.12	3	0	0	-103.662
0.12	3	0	1	-93.9913
0.12	3	0	2	-74.9786
0.12	5	0	5	-108.635
0.12	5	0	6	-95.1446
0.12	5	0	7	-70.0337
0.12	5	0	8	-82.9965
0.12	5	0	9	-95.4757
0.125	1	0	3	-78.5675
0.125	1	0	4	-92.6918
0.125	3	0	0	-103.662
0.125	3	0	1	-92.9509
0.125	3	0	2	-74.3573
0.125	5	0	5	-108.48
0.125	5	0	6	-96.1343
0.125	5	0	7	-69.7213
0.125	5	0	8	-82.3202
0.125	5	0	9	-95.4757
0.13	1	0	3	-78.6208
0.13	1	0	4	-93.1933
0.13	3	0	0	-103.662
0.13	3	0	1	-92.9119
0.13	3	0	2	-73.8063
0.13	5	0	5	-106.954
0.13	5	0	6	-96.1196
0.13	5	0	7	-69.6147
0.13	5	0	8	-82.3953
0.13	5	0	9	-95.4757
0.131	5	0	5	-106.929
0.131	5	0	6	-96.1912
0.131	5	0	7	-69.5784
0.131	5	0	8	-82.3199
0.131	5	0	9	-95.4757
0.134	1	0	3	-78.8309
0.134	1	0	4	-93.7791
0.135	1	0	3	-78.8266
0.135	1	0	4	-93.5921
0.135	3	0	0	-103.662
0.135	3	0	1	-92.8098
0.135	3	0	2	-73.1805
0.135	5	0	5	-106.856
0.135	5	0	6	-96.6841
0.135	5	0	7	-69.6889
0.135	5	0	8	-82.1102
0.135	5	0	9	-95.4757
0.138	5	0	5	-106.66
0.138	5	0	6	-96.4006
0.138	5	0	7	-69.6822
0.138	5	0	8	-82.0954
0.138	5	0	9	-95.4757
0.14	1	0	3	-78.5945
0.14	1	0	4	-94.2066
0.14	3	0	0	-103.662
0.14	3	0	1	-92.6937
0.14	3	0	2	-73.5468
0.14	5	0	5	-107.208
0.14	5	0	6	-96.8113
0.14	5	0	7	-69.5156
0.14	5	0	8	-82.0702
0.14	5	0	9	-95.4757
0.145	1	0	3	-78.1199
0.145	1	0	4	-94.2234
0.145	3	0	0	-103.662
0.145	3	0	1	-93.0265
0.145	3	0	2	-73.1098
0.145	5	0	5	-106.189
0.145	5	0	6	-97.5127
0.145	5	0	7	-69.4557
0.145	5	0	8	-81.8222
0.145	5	0	9	-95.4757
0.15	1	0	3	-78.1732
0.15	1	0	4	-94.0952
0.15	3	0	0	-103.662
0.15	3	0	1	-93.2022
0.15	3	0	2	-72.7637
0.15	5	0	5	-105.986
0.15	5	0	6	-97.1731
0.15	5	0	7	-69.3607
0.15	5	0	8	-82.3313
0.15	5	0	9	-95.4757
0.155	1	0	3	-77.9573
0.155	1	0	4	-92.8464
0.155	3	0	0	-103.662
0.155	3	0	1	-93.1274
0.155	3	0	2	-73.0624
0.155	5	0	5	-106.904
0.155	5	0	6	-98.0334
0.155	5	0	7	-69.6957
0.155	5	0	8	-82.0805
0.155	5	0	9	-95.4757
0.16	1	0	3	-78.0651
0.16	1	0	4	-93.2028
0.16	3	0	0	-103.662
0.16	3	0	1	-93.5774
0.16	3	0	2	-73.4328
0.16	5	0	5	-107.47
0.16	5	0	6	-97.9724
0.16	5	0	7	-69.9491
0.16	5	0	8	-82.1969
0.16	5	0	9	-95.4757
0.165	1	0	3	-78.2716
0.165	1	0	4	-93.2841
0.165	3	0	0	-103.662
0.165	3	0	1	-93.6304
0.165	3	0	2	-73.7128
0.165	5	0	5	-107.978
0.165	5	0	6	-97.6144
0.165	5	0	7	-69.9293
0.165	5	0	8	-82.1928
0.165	5	0	9	-95.4757
0.17	1	0	3	-78.6762
0.17	1	0	4	-92.6987
0.17	3	0	0	-103.662
0.17	3	0	1	-93.8408
0.17	3	0	2	-73.6861
0.17	5	0	5	-107.367
0.17	5	0	6	-97.4383
0.17	5	0	7	-70.2668
0.17	5	0	8	-82.4404
0.17	5	0	9	-95.4757
0.175	1	0	3	-79.1082
0.175	1	0	4	-93.2113
0.175	3	0	0	-103.662
0.175	3	0	1	-92.9593
0.175	3	0	2	-73.6013
0.175	5	0	5	-107.2
0.175	5	0	6	-97.2455
0.175	5	0	7	-69.9298
0.175	5	0	8	-82.4283
0.175	5	0	9	-95.4757
0.178	3	0	0	-103.662
0.178	3	0	1	-92.9433
0.178	3	0	2	-73.9556
0.18	1	0	3	-79.0466
0.18	1	0	4	-92.6616
0.18	3	0	0	-103.662
0.18	3	0	1	-92.1929
0.18	3	0	2	-74.2249
0.18	5	0	5	-107.051
0.18	5	0	6	-96.3815
0.18	5	0	7	-70.0252
0.18	5	0	8	-82.6541
0.18	5	0	9	-95.4757
0.182	5	0	5	-107.46
0.182	5	0	6	-96.1378
0.182	5	0	7	-69.9796
0.182	5	0	8	-82.5245
0.182	5	0	9	-95.4757
0.185	1	0	3	-78.8435
0.185	1	0	4	-93.0744
0.185	3	0	0	-103.662
0.185	3	0	1	-92.6201
0.185	3	0	2	-74.0676
0.185	5	0	5	-107.154
0.185	5	0	6	-95.777
0.185	5	0	7	-70.0753
0.185	5	0	8	-82.3826
0.185	5	0	9	-95.4757
0.189	3	0	0	-103.662
0.189	3	0	1	-92.9273
0.189	3	0	2	-73.6893
0.19	1	0	3	-78.6074
0.19	1	0	4	-92.1602
0.19	3	0	0	-103.662
0.19	3	0	1	-92.967
0.19	3	0	2	-73.4705
0.19	5	0	5	-107.037
0.19	5	0	6	-95.7392
0.19	5	0	7	-70.0295
0.19	5	0	8	-82.8075
0.19	5	0	9	-95.4757
0.193	3	0	0	-103.662
0.193	3	0	1	-93.2316
0.193	3	0	2	-73.4192
0.195	1	0	3	-77.9887
0.195	1	0	4	-92.594
0.195	3	0	0	-103.662
0.195	3	0	1	-93.1146
0.195	3	0	2	-73.5242
0.195	5	0	5	-107.845
0.195	5	0	6	-95.2135
0.195	5	0	7	-70.1865
0.195	5	0	8	-82.22
0.195	5	0	9	-95.4757
0.199	1	0	3	-78.3157
0.199	1	0	4	-92.2269
0.2	1	0	3	-78.3599
0.2	1	0	4	-91.8835
0.2	3	0	0	-103.662
0.2	3	0	1	-92.9339
0.2	3	0	2	-73.3312
0.2	5	0	5	-108.02
0.2	5	0	6	-95.5954
0.2	5	0	7	-69.9339
0.2	5	0	8	-82.354
0.2	5	0	9	-95.4757
0.205	1	0	3	-78.6603
0.205	1	0	4	-91.5342
0.205	3	0	0	-103.662
0.205	3	0	1	-93.7039
0.205	3	0	2	-72.944
0.205	5	0	5	-107.543
0.205	5	0	6	-96.233
0.205	5	0	7	-69.4663
0.205	5	0	8	-82.1324
0.205	5	0	9	-95.4757
0.21	1	0	3	-78.492
0.21	1	0	4	-90.7728
0.21	3	0	0	-103.662
0.21	3	0	1	-93.5096
0.21	3	0	2	-72.562
0.21	5	0	5	-106.851
0.21	5	0	6	-96.2135
0.21	5	0	7	-69.2299
0.21	5	0	8	-81.7214
0.21	5	0	9	-95.4757
0.211	5	0	5	-107.248
0.211	5	0	6	-96.198
0.211	5	0	7	-68.9857
0.211	5	0	8	-81.8137
0.211	5	0	9	-95.4757
0.214	1	0	3	-78.4508
0.214	1	0	4	-91.2185
0.215	1	0	3	-78.3071
0.215	1	0	4	-91.1381
0.215	3	0	0	-103.662
0.215	3	0	1	-94.1361
0.215	3	0	2	-72.2997
0.215	5	0	5	-107.689
0.215	5	0	6	-96.0325
0.215	5	0	7	-68.4384
0.215	5	0	8	-82.1872
0.215	5	0	9	-95.4757
0.218	5	0	5	-108.121
0.218	5	0	6	-95.7102
0.218	5	0	7	-68.5055
0.218	5	0	8	-82.2372
0.218	5	0	9	-95.4757
0.22	1	0	3	-77.9224
0.22	1	0	4	-90.7315
0.22	3	0	0	-103.662
0.22	3	0	1	-94.1869
0.22	3	0	2	-72.2281
0.22	5	0	5	-108.386
0.22	5	0	6	-95.9816
0.22	5	0	7	-68.4904
0.22	5	0	8	-82.1959
0.22	5	0	9	-95.4757
0.225	1	0	3	-77.4282
0.225	1	0	4	-91.7283
0.225	3	0	0	-103.662
0.225	3	0	1	-94.3805
0.225	3	0	2	-72.2519
0.225	5	0	5	-107.754
0.225	5	0	6	-96.1208
0.225	5	0	7	-68.9172
0.225	5	0	8	-82.2018
0.225	5	0	9	-95.4757
0.23	1	0	3	-77.8345
0.23	1	0	4	-91.9259
0.23	3	0	0	-103.662
0.23	3	0	1	-93.9459
0.23	3	0	2	-72.151
0.23	5	0	5	-107.723
0.23	5	0	6	-96.9124
0.23	5	0	7	-68.8775
0.23	5	0	8	-82.1224
0.23	5	0	9	-95.4757
0.235	1	0	3	-78.0292
0.235	1	0	4	-91.694
0.235	3	0	0	-103.662
0.235	3	0	1	-93.8211
0.235	3	0	2	-71.5598
0.235	5	0	5	-107.552
0.235	5	0	6	-97.1871
0.235	5	0	7	-68.9727
0.235	5	0	8	-81.793
0.235	5	0	9	-95.4757
0.24	1	0	3	-77.9042
0.24	1	0	4	-91.7889
0.24	3	0	0	-103.662
0.24	3	0	1	-93.9935
0.24	3	0	2	-71.9472
0.24	5	0	5	-106.572
0.24	5	0	6	-97.0446
0.24	5	0	7	-68.8072
0.24	5	0	8	-81.8785
0.24	5	0	9	-95.4757
0.245	1	0	3	-77.8822
0.245	1	0	4	-91.431
0.245	3	0	0	-103.662
0.245	3	0	1	-93.9571
0.245	3	0	2	-72.0546
0.245	5	0	5	-106.86
0.245	5	0	6	-97.5837
0.245	5	0	7	-69.287
0.245	5	0	8	-81.9636
0.245	5	0	9	-95.4757
0.25	1	0	3	-78.2234
0.25	1	0	4	-91.0417
0.25	3	0	0	-103.662
0.25	3	0	1	-93.9019
0.25	3	0	2	-71.6618
0.25	5	0	5	-107.578
0.25	5	0	6	-97.0823
0.25	5	0	7	-68.9923
0.25	5	0	8	-81.7687
0.25	5	0	9	-95.4757
0.255	1	0	3	-78.1914
0.255	1	0	4	-91.299
0.255	3	0	0	-103.662
0.255	3	0	1	-93.8073
0.255	3	0	2	-72.0965
0.255	5	0	5	-107.595
0.255	5	0	6	-96.8435
0.255	5	0	7	-68.8989
0.255	5	0	8	-81.3798
0.255	5	0	9	-95.4757
0.258	3	0	0	-103.662
0.258	3	0	1	-93.8697
0.258	3	0	2	-72.1437
0.26	1	0	3	-77.543
0.26	1	0	4	-91.137
0.26	3	0	0	-103.662
0.26	3	0	1	-94.7066
0.26	3	0	2	-72.1207
0.26	5	0	5	-107.413
0.26	5	0	6	-97.196
0.26	5	0	7	-68.5678
0.26	5	0	8	-81.1433
0.26	5	0	9	-95.4757
0.262	5	0	5	-107.502
0.262	5	0	6	-97.3755
0.262	5	0	7	-68.4316
0.262	5	0	8	-81.1765
0.262	5	0	9	-95.4757
0.265	1	0	3	-77.3461
0.265	1	0	4	-91.682
0.265	3	0	0	-103.662
0.265	3	0	1	-93.9945
0.265	3	0	2	-72.0025
0.265	5	0	5	-107.32
0.265	5	0	6	-96.5204
0.265	5	0	7	-68.5232
0.265	5	0	8	-81.2403
0.265	5	0	9	-95.4757
0.269	3	0	0	-103.662
0.269	3	0	1	-93.8977
0.269	3	0	2	-71.5648
0.27	1	0	3	-77.3016
0.27	1	0	4	-91.3137
0.27	3	0	0	-103.662
0.27	3	0	1	-93.6699
0.27	3	0	2	-71.444
0.27	5	0	5	-106.881
0.27	5	0	6	-96.0171
0.27	5	0	7	-68.1041
0.27	5	0	8	-81.1986
0.27	5	0	9	-95.4757
0.273	3	0	0	-103.662
0.273	3	0	1	-93.0127
0.273	3	0	2	-71.4039
0.275	1	0	3	-77.2332
0.275	1	0	4	-91.4859
0.275	3	0	0	-103.662
0.275	3	0	1	-92.8946
0.275	3	0	2	-71.4841
0.275	5	0	5	-107.539
0.275	5	0	6	-96.5013
0.275	5	0	7	-68.0425
0.275	5	0	8	-81.121
0.275	5	0	9	-95.4757
0.279	1	0	3	-77.3122
0.279	1	0	4	-91.3688
0.28	1	0	3	-77.3617
0.28	1	0	4	-91.6627
0.28	3	0	0	-103.662
0.28	3	0	1	-92.8269
0.28	3	0	2	-71.2745
0.28	5	0	5	-108.829
0.28	5	0	6	-96.5202
0.28	5	0	7	-68.1938
0.28	5	0	8	-81.5374
0.28	5	0	9	-95.4757
0.285	1	0	3	-77.5493
0.285	1	0	4	-91.9656
0.285	3	0	0	-103.662
0.285	3	0	1	-92.1156
0.285	3	0	2	-71.1079
0.285	5	0	5	-108.552
0.285	5	0	6	-96.8319
0.285	5	0	7	-68.21
0.285	5	0	8	-81.2646
0.285	5	0	9	-95.4757
0.29	1	0	3	-77.9448
0.29	1	0	4	-92.7642
0.29	3	0	0	-103.662
0.29	3	0	1	-92.3956
0.29	3	0	2	-71.1184
0.29	5	0	5	-108.043
0.29	5	0	6	-96.9607
0.29	5	0	7	-68.1023
0.29	5	0	8	-81.2966
0.29	5	0	9	-95.4757
0.291	5	0	5	-108.194
0.291	5	0	6	-97.2792
0.291	5	0	7	-68.0122
0.291	5	0	8	-81.1179
0.291	5	0	9	-95.4757
0.294	1	0	3	-78.2222
0.294	1	0	4	-93.3911
0.295	1	0	3	-78.3589
0.295	1	0	4	-93.3593
0.295	3	0	0	-103.662
0.295	3	0	1	-93.2234
0.295	3	0	2	-71.0753
0.295	5	0	5	-108.29
0.295	5	0	6	-96.5801
0.295	5	0	7	-67.693
0.295	5	0	8	-80.9982
0.295	5	0	9	-95.4757
0.298	5	0	5	-108.51
0.298	5	0	6	-96.4147
0.298	5	0	7	-67.5222
0.298	5	0	8	-81.1145
0.298	5	0	9	-95.4757
0.3	1	0	3	-78.635
0.3	1	0	4	-93.5695
0.3	3	0	0	-103.662
0.3	3	0	1	-92.6535
0.3	3	0	2	-71.1365
0.3	5	0	5	-108.748
0.3	5	0	6	-96.6343
0.3	5	0	7	-67.5384
0.3	5	0	8	-81.0305
0.3	5	0	9	-95.4757
0.305	1	0	3	-78.9171
0.305	1	0	4	-92.9315
0.305	3	0	0	-103.662
0.305	3	0	1	-92.4367
0.305	3	0	2	-71.3598
0.305	5	0	5	-109.173
0.305	5	0	6	-96.8796
0.305	5	0	7	-67.3774
0.305	5	0	8	-81.1349
0.305	5	0	9	-95.4757
0.31	1	0	3	-79.0866
0.31	1	0	4	-92.7078
0.31	3	0	0	-103.662
0.31	3	0	1	-92.2459
0.31	3	0	2	-72.0954
0.31	5	0	5	-110.157
0.31	5	0	6	-96.7981
0.31	5	0	7	-67.302
0.31	5	0	8	-81.3334
0.31	5	0	9	-95.4757
0.315	1	0	3	-79.4827
0.315	1	0	4	-92.9361
0.315	3	0	0	-103.662
0.315	3	0	1	-92.0022
0.315	3	0	2	-72.3533
0.315	5	0	5	-109.82
0.315	5	0	6	-96.4477
0.315	5	0	7	-67.8371
0.315	5	0	8	-81.1085
0.315	5	0	9	-95.4757
0.32	1	0	3	-79.5461
0.32	1	0	4	-92.2815
0.32	3	0	0	-103.662
0.32	3	0	1	-92.1723
0.32	3	0	2	-72.7419
0.32	5	0	5	-110.199
0.32	5	0	6	-95.5566
0.32	5	0	7	-67.7505
0.32	5	0	8	-80.8668
0.32	5	0	9	-95.4757
0.325	1	0	3	-79.5275
0.325	1	0	4	-91.9838
0.325	3	0	0	-103.662
0.325	3	0	1	-92.6968
0.325	3	0	2	-72.4352
0.325	5	0	5	-109.543
0.325	5	0	6	-95.4945
0.325	5	0	7	-67.7702
0.325	5	0	8	-81.1347
0.325	5	0	9	-95.4757
0.33	1	0	3	-79.5612
0.33	1	0	4	-91.5298
0.33	3	0	0	-103.662
0.33	3	0	1	-92.6548
0.33	3	0	2	-72.8902
0.33	5	0	5	-109.07
0.33	5	0	6	-95.5178
0.33	5	0	7	-67.7284
0.33	5	0	8	-81.4911
0.33	5	0	9	-95.4757
0.335	1	0	3	-80.2067
0.335	1	0	4	-92.2819
0.335	3	0	0	-103.662
0.335	3	0	1	-92.8617
0.335	3	0	2	-73.0824
0.335	5	0	5	-108.926
0.335	5	0	6	-95.7336
0.335	5	0	7	-67.2295
0.335	5	0	8	-81.2586
0.335	5	0	9	-95.4757
0.338	3	0	0	-103.662
0.338	3	0	1	-92.5753
0.338	3	0	2	-72.9612
0.34	1	0	3	-80.3929
0.34	1	0	4	-92.6879
0.34	3	0	0	-103.662
0.34	3	0	1	-92.658
0.34	3	0	2	-72.8112
0.34	5	0	5	-108.954
0.34	5	0	6	-96.2718
0.34	5	0	7	-67.171
0.34	5	0	8	-81.4359
0.34	5	0	9	-95.4757
0.342	5	0	5	-108.808
0.342	5	0	6	-96.5439
0.342	5	0	7	-66.9946
0.342	5	0	8	-81.4316
0.342	5	0	9	-95.4757
0.345	1	0	3	-79.6188
0.345	1	0	4	-92.2901
0.345	3	0	0	-103.662
0.345	3	0	1	-93.5054
0.345	3	0	2	-72.8357
0.345	5	0	5	-108.695
0.345	5	0	6	-97.1568
0.345	5	0	7	-67.3191
0.345	5	0	8	-81.4192
0.345	5	0	9	-95.4757
0.349	3	0	0	-103.662
0.349	3	0	1	-93.3876
0.349	3	0	2	-73.157
0.35	1	0	3	-79.6393
0.35	1	0	4	-93.2861
0.35	3	0	0	-103.662
0.35	3	0	1	-93.1801
0.35	3	0	2	-73.03
0.35	5	0	5	-109.005
0.35	5	0	6	-96.8857
0.35	5	0	7	-67.2892
0.35	5	0	8	-81.7213
0.35	5	0	9	-95.4757
0.353	3	0	0	-103.662
0.353	3	0	1	-93.1159
0.353	3	0	2	-72.59
0.355	1	0	3	-79.8676
0.355	1	0	4	-93.3921
0.355	3	0	0	-103.662
0.355	3	0	1	-93.1158
0.355	3	0	2	-72.5117
0.355	5	0	5	-108.646
0.355	5	0	6	-97.6262
0.355	5	0	7	-66.9816
0.355	5	0	8	-82.1356
0.355	5	0	9	-95.4757
0.359	1	0	3	-80.343
0.359	1	0	4	-93.4864
0.36	1	0	3	-80.4125
0.36	1	0	4	-93.42
0.36	3	0	0	-103.662
0.36	3	0	1	-92.9452
0.36	3	0	2	-73.0273
0.36	5	0	5	-108.259
0.36	5	0	6	-97.6578
0.36	5	0	7	-67.1205
0.36	5	0	8	-82.0042
0.36	5	0	9	-95.4757
0.365	1	0	3	-80.0657
0.365	1	0	4	-93.5134
0.365	3	0	0	-103.662
0.365	3	0	1	-93.2775
0.365	3	0	2	-72.9918
0.365	5	0	5	-108.695
0.365	5	0	6	-98.094
0.365	5	0	7	-67.6492
0.365	5	0	8	-82.452
0.365	5	0	9	-95.4757
0.37	1	0	3	-80.3745
0.37	1	0	4	-92.92
0.37	3	0	0	-103.662
0.37	3	0	1	-94.2531
0.37	3	0	2	-73.3308
0.37	5	0	5	-108.221
0.37	5	0	6	-98.9658
0.37	5	0	7	-68.0824
0.37	5	0	8	-82.5381
0.37	5	0	9	-95.4757
0.371	5	0	5	-108.308
0.371	5	0	6	-99.1279
0.371	5	0	7	-68.133
0.371	5	0	8	-82.5153
0.371	5	0	9	-95.4757
0.374	1	0	3	-79.9694
0.374	1	0	4	-92.2618
0.375	1	0	3	-80.0834
0.375	1	0	4	-93.0481
0.375	3	0	0	-103.662
0.375	3	0	1	-94.7118
0.375	3	0	2	-73.4919
0.375	5	0	5	-108.52
0.375	5	0	6	-99.5472
0.375	5	0	7	-68.3295
0.375	5	0	8	-82.2165
0.375	5	0	9	-95.4757
0.378	5	0	5	-108.66
0.378	5	0	6	-99.3821
0.378	5	0	7	-68.5942
0.378	5	0	8	-82.5233
0.378	5	0	9	-95.4757
0.38	1	0	3	-79.8594
0.38	1	0	4	-92.6614
0.38	3	0	0	-103.662
0.38	3	0	1	-94.8648
0.38	3	0	2	-73.4303
0.38	5	0	5	-108.639
0.38	5	0	6	-98.9838
0.38	5	0	7	-68.5785
0.38	5	0	8	-82.6103
0.38	5	0	9	-95.4757
0.385	1	0	3	-79.8288
0.385	1	0	4	-93.1088
0.385	3	0	0	-103.662
0.385	3	0	1	-94.3494
0.385	3	0	2	-73.3562
0.385	5	0	5	-109.024
0.385	5	0	6	-98.8487
0.385	5	0	7	-68.6246
0.385	5	0	8	-82.4509
0.385	5	0	9	-95.4757
0.39	1	0	3	-79.9094
0.39	1	0	4	-92.8797
0.39	3	0	0	-103.662
0.39	3	0	1	-95.0864
0.39	3	0	2	-73.3729
0.39	5	0	5	-108.356
0.39	5	0	6	-98.5715
0.39	5	0	7	-68.5653
0.39	5	0	8	-82.1962
0.39	5	0	9	-95.4757
0.395	1	0	3	-80.3008
0.395	1	0	4	-93.0311
0.395	3	0	0	-103.662
0.395	3	0	1	-94.5648
0.395	3	0	2	-73.3354
0.395	5	0	5	-108.039
0.395	5	0	6	-98.2983
0.395	5	0	7	-68.5054
0.395	5	0	8	-82.1069
0.395	5	0	9	-95.4757
0.4	1	0	3	-80.3959
0.4	1	0	4	-92.7547
0.4	3	0	0	-103.662
0.4	3	0	1	-93.9591
0.4	3	0	2	-73.3945
0.4	5	0	5	-107.388
0.4	5	0	6	-97.7612
0.4	5	0	7	-68.2245
0.4	5	0	8	-82.074
0.4	5	0	9	-95.4757
0.405	1	0	3	-80.4797
0.405	1	0	4	-92.764
0.405	3	0	0	-103.662
0.405	3	0	1	-93.5691
0.405	3	0	2	-73.7215
0.405	5	0	5	-106.965
0.405	5	0	6	-97.0277
0.405	5	0	7	-68.1807
0.405	5	0	8	-81.9954
0.405	5	0	9	-95.4757
0.41	1	0	3	-80.9618
0.41	1	0	4	-93.0391
0.41	3	0	0	-103.662
0.41	3	0	1	-94.1705
0.41	3	0	2	-73.686
0.41	5	0	5	-107.035
0.41	5	0	6	-96.6914
0.41	5	0	7	-68.4565
0.41	5	0	8	-82.4819
0.41	5	0	9	-95.4757
0.415	1	0	3	-80.9015
0.415	1	0	4	-92.9867
0.415	3	0	0	-103.662
0.415	3	0	1	-94.4033
0.415	3	0	2	-73.9098
0.415	5	0	5	-106.531
0.415	5	0	6	-96.964
0.415	5	0	7	-68.5772
0.415	5	0	8	-82.5857
0.415	5	0	9	-95.4757
0.418	3	0	0	-103.662
0.418	3	0	1	-94.1093
0.418	3	0	2	-74.2798
0.42	1	0	3	-81.254
0.42	1	0	4	-92.8092
0.42	3	0	0	-103.662
0.42	3	0	1	-94.0108
0.42	3	0	2	-73.8097
0.42	5	0	5	-106.521
0.42	5	0	6	-97.5061
0.42	5	0	7	-68.8529
0.42	5	0	8	-82.1011
0.42	5	0	9	-95.4757
0.422	5	0	5	-106.482
0.422	5	0	6	-97.3934
0.422	5	0	7	-68.7394
0.422	5	0	8	-82.505
0.422	5	0	9	-95.4757
0.425	1	0	3	-81.1202
0.425	1	0	4	-92.605
0.425	3	0	0	-103.662
0.425	3	0	1	-93.9551
0.425	3	0	2	-73.6321
0.425	5	0	5	-106.733
0.425	5	0	6	-97.1865
0.425	5	0	7	-68.4986
0.425	5	0	8	-82.4231
0.425	5	0	9	-95.4757
0.429	3	0	0	-103.662
0.429	3	0	1	-93.5437
0.429	3	0	2	-73.5166
0.43	1	0	3	-81.2446
0.43	1	0	4	-92.6493
0.43	3	0	0	-103.662
0.43	3	0	1	-93.7852
0.43	3	0	2	-73.4573
0.43	5	0	5	-106.018
0.43	5	0	6	-97.4616
0.43	5	0	7	-68.1887
0.43	5	0	8	-82.4752
0.43	5	0	9	-95.4757
0.433	3	0	0	-103.662
0.433	3	0	1	-94.0223
0.433	3	0	2	-73.2321
0.435	1	0	3	-80.5854
0.435	1	0	4	-93.1365
0.435	3	0	0	-103.662
0.435	3	0	1	-94.2852
0.435	3	0	2	-73.1827
0.435	5	0	5	-104.992
0.435	5	0	6	-96.9477
0.435	5	0	7	-68.1228
0.435	5	0	8	-81.8669
0.435	5	0	9	-95.4757
0.439	1	0	3	-80.8789
0.439	1	0	4	-93.0591
0.44	1	0	3	-80.7717
0.44	1	0	4	-93.2389
0.44	3	0	0	-103.662
0.44	3	0	1	-94.3556
0.44	3	0	2	-72.7068
0.44	5	0	5	-105.986
0.44	5	0	6	-97.8389
0.44	5	0	7	-68.2054
0.44	5	0	8	-81.6535
0.44	5	0	9	-95.4757
0.445	1	0	3	-80.7661
0.445	1	0	4	-93.2176
0.445	3	0	0	-103.662
0.445	3	0	1	-94.0545
0.445	3	0	2	-73.0099
0.445	5	0	5	-105.99
0.445	5	0	6	-98.0017
0.445	5	0	7	-68.2414
0.445	5	0	8	-81.6223
0.445	5	0	9	-95.4757
0.45	1	0	3	-80.2131
0.45	1	0	4	-93.2496
0.45	3	0	0	-103.662
0.45	3	0	1	-93.5923
0.45	3	0	2	-73.1499
0.45	5	0	5	-106.26
0.45	5	0	6	-97.7754
0.45	5	0	7	-68.2431
0.45	5	0	8	-81.8904
0.45	5	0	9	-95.4757
0.451	5	0	5	-106.277
0.451	5	0	6	-97.7883
0.451	5	0	7	-68.2268
0.451	5	0	8	-81.7113
0.451	5	0	9	-95.4757
0.454	1	0	3	-80.4485
0.454	1	0	4	-94.1773
0.455	1	0	3	-80.3495
0.455	1	0	4	-94.4827
0.455	3	0	0	-103.662
0.455	3	0	1	-93.4879
0.455	3	0	2	-73.5592
0.455	5	0	5	-106.244
0.455	5	0	6	-98.5582
0.455	5	0	7	-68.4916
0.455	5	0	8	-81.9655
0.455	5	0	9	-95.4757
0.458	5	0	5	-106.237
0.458	5	0	6	-98.5842
0.458	5	0	7	-68.5132
0.458	5	0	8	-82.0768
0.458	5	0	9	-95.4757
0.46	1	0	3	-80.6988
0.46	1	0	4	-95.2725
0.46	3	0	0	-103.662
0.46	3	0	1	-93.6131
0.46	3	0	2	-73.7704
0.46	5	0	5	-106.071
0.46	5	0	6	-97.8806
0.46	5	0	7	-68.6793
0.46	5	0	8	-82.017
0.46	5	0	9	-95.4757
0.465	1	0	3	-80.9902
0.465	1	0	4	-95.8061
0.465	3	0	0	-103.662
0.465	3	0	1	-93.1549
0.465	3	0	2	-73.6735
0.465	5	0	5	-105.838
0.465	5	0	6	-97.7936
0.465	5	0	7	-68.6158
0.465	5	0	8	-81.9742
0.465	5	0	9	-95.4757
0.47	1	0	3	-80.8561
0.47	1	0	4	-95.8208
0.47	3	0	0	-103.662
0.47	3	0	1	-93.3689
0.47	3	0	2	-74.2042
0.47	5	0	5	-105.8
0.47	5	0	6	-97.5818
0.47	5	0	7	-68.5369
0.47	5	0	8	-82.2959
0.47	5	0	9	-95.4757
0.475	1	0	3	-80.9923
0.475	1	0	4	-96.222
0.475	3	0	0	-103.662
0.475	3	0	1	-93.4372
0.475	3	0	2	-74.4581
0.475	5	0	5	-105.735
0.475	5	0	6	-97.9913
0.475	5	0	7	-68.8268
0.475	5	0	8	-82.5306
0.475	5	0	9	-95.4757
0.48	1	0	3	-80.6499
0.48	1	0	4	-96.4798
0.48	3	0	0	-103.662
0.48	3	0	1	-93.4616
0.48	3	0	2	-74.5344
0.48	5	0	5	-105.738
0.48	5	0	6	-97.9968
0.48	5	0	7	-68.6517
0.48	5	0	8	-82.5345
0.48	5	0	9	-95.4757
0.485	1	0	3	-80.6049
0.485	1	0	4	-96.5483
0.485	3	0	0	-103.662
0.485	3	0	1	-92.8144
0.485	3	0	2	-74.8538
0.485	5	0	5	-106.117
0.485	5	0	6	-98.5789
0.485	5	0	7	-68.9947
0.485	5	0	8	-82.6526
0.485	5	0	9	-95.4757
0.49	1	0	3	-80.34
0.49	1	0	4	-96.01
0.49	3	0	0	-103.662
0.49	3	0	1	-91.9395
0.49	3	0	2	-74.9667
0.49	5	0	5	-105.814
0.49	5	0	6	-98.2832
0.49	5	0	7	-68.7916
0.49	5	0	8	-82.735
0.49	5	0	9	-95.4757
0.495	1	0	3	-80.6011
0.495	1	0	4	-95.8903
0.495	3	0	0	-103.662
0.495	3	0	1	-91.8533
0.495	3	0	2	-74.7774
0.495	5	0	5	-104.963
0.495	5	0	6	-98.8845
0.495	5	0	7	-68.8242
0.495	5	0	8	-82.6097
0.495	5	0	9	-95.4757
0.498	3	0	0	-103.662
0.498	3	0	1	-91.9209
0.498	3	0	2	-74.675
0.5	1	0	3	-80.7639
0.5	1	0	4	-95.7678
0.5	3	0	0	-103.662
0.5	3	0	1	-92.2131
0.5	3	0	2	-74.7257
0.5	5	0	5	-104.985
0.5	5	0	6	-98.9935
0.5	5	0	7	-68.7341
0.5	5	0	8	-82.1323
0.5	5	0	9	-95.4757
0.502	5	0	5	-104.553
0.502	5	0	6	-99.3262
0.502	5	0	7	-68.9795
0.502	5	0	8	-82.2638
0.502	5	0	9	-95.4757
0.505	1	0	3	-80.961
0.505	1	0	4	-95.4228
0.505	3	0	0	-103.662
0.505	3	0	1	-92.801
0.505	3	0	2	-74.6622
0.505	5	0	5	-104.305
0.505	5	0	6	-99.4261
0.505	5	0	7	-69.0569
0.505	5	0	8	-82.1022
0.505	5	0	9	-95.4757
0.509	3	0	0	-103.662
0.509	3	0	1	-92.6834
0.509	3	0	2	-74.9365
0.51	1	0	3	-80.7845
0.51	1	0	4	-95.3482
0.51	3	0	0	-103.662
0.51	3	0	1	-92.9474
0.51	3	0	2	-75.0106
0.51	5	0	5	-104.683
0.51	5	0	6	-99.6079
0.51	5	0	7	-69.5438
0.51	5	0	8	-82.3725
0.51	5	0	9	-95.4757
0.513	3	0	0	-103.662
0.513	3	0	1	-92.9163
0.513	3	0	2	-74.9279
0.515	1	0	3	-81.2583
0.515	1	0	4	-95.721
0.515	3	0	0	-103.662
0.515	3	0	1	-93.31
0.515	3	0	2	-74.8115
0.515	5	0	5	-104.587
0.515	5	0	6	-99.0478
0.515	5	0	7	-69.5152
0.515	5	0	8	-82.2752
0.515	5	0	9	-95.4757
0.519	1	0	3	-81.0987
0.519	1	0	4	-95.2686
0.52	1	0	3	-81.1328
0.52	1	0	4	-95.2964
0.52	3	0	0	-103.662
0.52	3	0	1	-93.5505
0.52	3	0	2	-75.37
0.52	5	0	5	-104.466
0.52	5	0	6	-99.6415
0.52	5	0	7	-69.343
0.52	5	0	8	-82.5291
0.52	5	0	9	-95.4757
0.525	1	0	3	-81.3546
0.525	1	0	4	-95.7321
0.525	3	0	0	-103.662
0.525	3	0	1	-93.4133
0.525	3	0	2	-75.0779
0.525	5	0	5	-103.488
0.525	5	0	6	-99.9139
0.525	5	0	7	-69.2661
0.525	5	0	8	-83.035
0.525	5	0	9	-95.4757
0.53	1	0	3	-80.9965
0.53	1	0	4	-95.5995
0.53	3	0	0	-103.662
0.53	3	0	1	-93.9003
0.53	3	0	2	-75.2686
0.53	5	0	5	-103.368
0.53	5	0	6	-99.676
0.53	5	0	7	-69.199
0.53	5	0	8	-83.1819
0.53	5	0	9	-95.4757
0.531	5	0	5	-103.481
0.531	5	0	6	-100.033
0.531	5	0	7	-69.2723
0.531	5	0	8	-83.3678
0.531	5	0	9	-95.4757
0.534	1	0	3	-81.0052
0.534	1	0	4	-96.052
0.535	1	0	3	-81.1919
0.535	1	0	4	-95.9445
0.535	3	0	0	-103.662
0.535	3	0	1	-93.9301
0.535	3	0	2	-74.9336
0.535	5	0	5	-103.618
0.535	5	0	6	-98.6886
0.535	5	0	7	-69.3414
0.535	5	0	8	-83.2277
0.535	5	0	9	-95.4757
0.538	5	0	5	-103.433
0.538	5	0	6	-98.441
0.538	5	0	7	-69.3608
0.538	5	0	8	-83.5853
0.538	5	0	9	-95.4757
0.54	1	0	3	-81.3304
0.54	1	0	4	-95.9373
0.54	3	0	0	-103.662
0.54	3	0	1	-94.2909
0.54	3	0	2	-74.834
0.54	5	0	5	-103.524
0.54	5	0	6	-97.9723
0.54	5	0	7	-69.4801
0.54	5	0	8	-83.7197
0.54	5	0	9	-95.4757
0.545	1	0	3	-80.9607
0.545	1	0	4	-95.4937
0.545	3	0	0	-103.662
0.545	3	0	1	-94.4354
0.545	3	0	2	-74.658
0.545	5	0	5	-104.565
0.545	5	0	6	-97.7428
0.545	5	0	7	-69.3063
0.545	5	0	8	-83.6928
0.545	5	0	9	-95.4757
0.55	1	0	3	-80.7932
0.55	1	0	4	-95.8911
0.55	3	0	0	-103.662
0.55	3	0	1	-93.8804
0.55	3	0	2	-74.3755
0.55	5	0	5	-105.78
0.55	5	0	6	-97.9935
0.55	5	0	7	-69.2771
0.55	5	0	8	-83.5392
0.55	5	0	9	-95.4757
0.555	1	0	3	-80.7189
0.555	1	0	4	-94.5212
0.555	3	0	0	-103.662
0.555	3	0	1	-94.1123
0.555	3	0	2	-74.1997
0.555	5	0	5	-105.532
0.555	5	0	6	-99.1939
0.555	5	0	7	-69.0438
0.555	5	0	8	-83.3889
0.555	5	0	9	-95.4757
0.56	1	0	3	-80.8234
0.56	1	0	4	-94.315
0.56	3	0	0	-103.662
0.56	3	0	1	-93.3142
0.56	3	0	2	-73.8243
0.56	5	0	5	-105.384
0.56	5	0	6	-99.9688
0.56	5	0	7	-68.862
0.56	5	0	8	-83.6878
0.56	5	0	9	-95.4757
0.565	1	0	3	-80.4426
0.565	1	0	4	-94.0555
0.565	3	0	0	-103.662
0.565	3	0	1	-93.3956
0.565	3	0	2	-74.0746
0.565	5	0	5	-105.933
0.565	5	0	6	-99.8135
0.565	5	0	7	-68.463
0.565	5	0	8	-83.6165
0.565	5	0	9	-95.4757
0.57	1	0	3	-80.297
0.57	1	0	4	-94.5229
0.57	3	0	0	-103.662
0.57	3	0	1	-93.2185
0.57	3	0	2	-73.6304
0.57	5	0	5	-106.162
0.57	5	0	6	-99.7416
0.57	5	0	7	-68.6727
0.57	5	0	8	-84.1066
0.57	5	0	9	-95.4757
0.575	1	0	3	-79.9861
0.575	1	0	4	-94.5299
0.575	3	0	0	-103.662
0.575	3	0	1	-93.3112
0.575	3	0	2	-73.2514
0.575	5	0	5	-105.956
0.575	5	0	6	-100.487
0.575	5	0	7	-68.6974
0.575	5	0	8	-83.6639
0.575	5	0	9	-95.4757
0.578	3	0	0	-103.662
0.578	3	0	1	-93.6448
0.578	3	0	2	-73.4338
0.58	1	0	3	-80.2967
0.58	1	0	4	-94.227
0.58	3	0	0	-103.662
0.58	3	0	1	-93.5889
0.58	3	0	2	-73.3197
0.58	5	0	5	-105.572
0.58	5	0	6	-100.746
0.58	5	0	7	-68.4351
0.58	5	0	8	-82.8061
0.58	5	0	9	-95.4757
0.582	5	0	5	-105.479
0.582	5	0	6	-100.897
0.582	5	0	7	-68.3336
0.582	5	0	8	-83.1281
0.582	5	0	9	-95.4757
0.585	1	0	3	-80.4645
0.585	1	0	4	-93.6277
0.585	3	0	0	-103.662
0.585	3	0	1	-93.5258
0.585	3	0	2	-73.2873
0.585	5	0	5	-104.581
0.585	5	0	6	-101.167
0.585	5	0	7	-68.3525
0.585	5	0	8	-83.0463
0.585	5	0	9	-95.4757
0.589	3	0	0	-103.662
0.589	3	0	1	-93.7597
0.589	3	0	2	-73.0532
0.59	1	0	3	-80.6631
0.59	1	0	4	-93.1896
0.59	3	0	0	-103.662
0.59	3	0	1	-93.9869
0.59	3	0	2	-72.8848
0.59	5	0	5	-104.543
0.59	5	0	6	-101.678
0.59	5	0	7	-68.8531
0.59	5	0	8	-82.8534
0.59	5	0	9	-95.4757
0.593	3	0	0	-103.662
0.593	3	0	1	-93.8478
0.593	3	0	2	-73.2088
0.595	1	0	3	-80.9652
0.595	1	0	4	-93.2516
0.595	3	0	0	-103.662
0.595	3	0	1	-94.0963
0.595	3	0	2	-72.9948
0.595	5	0	5	-105.117
0.595	5	0	6	-101.383
0.595	5	0	7	-68.6919
0.595	5	0	8	-82.7019
0.595	5	0	9	-95.4757
0.599	1	0	3	-81.0231
0.599	1	0	4	-92.8176
0.6	1	0	3	-80.917
0.6	1	0	4	-93.1085
0.6	3	0	0	-103.662
0.6	3	0	1	-94.0187
0.6	3	0	2	-73.0075
0.6	5	0	5	-105.233
0.6	5	0	6	-100.715
0.6	5	0	7	-68.958
0.6	5	0	8	-82.4282
0.6	5	0	9	-95.4757
0.605	1	0	3	-80.66
0.605	1	0	4	-94.0137
0.605	3	0	0	-103.662
0.605	3	0	1	-93.9343
0.605	3	0	2	-72.9248
0.605	5	0	5	-104.624
0.605	5	0	6	-100.606
0.605	5	0	7	-69.255
0.605	5	0	8	-82.1295
0.605	5	0	9	-95.4757
0.61	1	0	3	-80.8733
0.61	1	0	4	-93.7505
0.61	3	0	0	-103.662
0.61	3	0	1	-94.8365
0.61	3	0	2	-73.2878
0.61	5	0	5	-105.447
0.61	5	0	6	-100.408
0.61	5	0	7	-69.1438
0.61	5	0	8	-82.2012
0.61	5	0	9	-95.4757
0.611	5	0	5	-105.506
0.611	5	0	6	-100.337
0.611	5	0	7	-69.3378
0.611	5	0	8	-82.2874
0.611	5	0	9	-95.4757
0.614	1	0	3	-80.9071
0.614	1	0	4	-93.9231
0.615	1	0	3	-80.8679
0.615	1	0	4	-93.9406
0.615	3	0	0	-103.662
0.615	3	0	1	-94.3624
0.615	3	0	2	-73.4797
0.615	5	0	5	-105.384
0.615	5	0	6	-100.689
0.615	5	0	7	-68.6492
0.615	5	0	8	-82.2278
0.615	5	0	9	-95.4757
0.618	5	0	5	-106.336
0.618	5	0	6	-100.485
0.618	5	0	7	-68.7066
0.618	5	0	8	-82.2022
0.618	5	0	9	-95.4757
0.62	1	0	3	-80.7769
0.62	1	0	4	-93.7626
0.62	3	0	0	-103.662
0.62	3	0	1	-94.1548
0.62	3	0	2	-73.6026
0.62	5	0	5	-106.603
0.62	5	0	6	-100.15
0.62	5	0	7	-68.8583
0.62	5	0	8	-82.2236
0.62	5	0	9	-95.4757
0.625	1	0	3	-80.302
0.625	1	0	4	-93.2404
0.625	3	0	0	-103.662
0.625	3	0	1	-93.8854
0.625	3	0	2	-73.586
0.625	5	0	5	-106.536
0.625	5	0	6	-100.242
0.625	5	0	7	-69.2613
0.625	5	0	8	-81.8836
0.625	5	0	9	-95.4757
0.63	1	0	3	-80.6765
0.63	1	0	4	-93.4291
0.63	3	0	0	-103.662
0.63	3	0	1	-94.0576
0.63	3	0	2	-73.4677
0.63	5	0	5	-107.022
0.63	5	0	6	-99.1688
0.63	5	0	7	-69.0127
0.63	5	0	8	-81.6944
0.63	5	0	9	-95.4757
0.635	1	0	3	-80.6792
0.635	1	0	4	-93.2385
0.635	3	0	0	-103.662
0.635	3	0	1	-93.9304
0.635	3	0	2	-73.6982
0.635	5	0	5	-107.138
0.635	5	0	6	-98.6201
0.635	5	0	7	-69.4068
0.635	5	0	8	-81.7712
0.635	5	0	9	-95.4757
0.64	1	0	3	-80.7023
0.64	1	0	4	-93.2646
0.64	3	0	0	-103.662
0.64	3	0	1	-94.0076
0.64	3	0	2	-73.9759
0.64	5	0	5	-107.819
0.64	5	0	6	-98.9469
0.64	5	0	7	-69.2562
0.64	5	0	8	-81.2645
0.64	5	0	9	-95.4757
0.645	1	0	3	-80.7832
0.645	1	0	4	-93.7575
0.645	3	0	0	-103.662
0.645	3	0	1	-93.3301
0.645	3	0	2	-74.2399
0.645	5	0	5	-106.851
0.645	5	0	6	-98.221
0.645	5	0	7	-69.0158
0.645	5	0	8	-81.3987
0.645	5	0	9	-95.4757
0.65	1	0	3	-80.3876
0.65	1	0	4	-94.7871
0.65	3	0	0	-103.662
0.65	3	0	1	-94.4774
0.65	3	0	2	-74.3636
0.65	5	0	5	-106.654
0.65	5	0	6	-98.4625
0.65	5	0	7	-69.3045
0.65	5	0	8	-81.232
0.65	5	0	9	-95.4757
0.655	1	0	3	-80.1467
0.655	1	0	4	-94.7709
0.655	3	0	0	-103.662
0.655	3	0	1	-94.9497
0.655	3	0	2	-74.4748
0.655	5	0	5	-105.676
0.655	5	0	6	-98.5464
0.655	5	0	7	-69.7024
0.655	5	0	8	-80.8542
0.655	5	0	9	-95.4757
0.658	3	0	0	-103.662
0.658	3	0	1	-95.1521
0.658	3	0	2	-74.6371
0.66	1	0	3	-80.3373
0.66	1	0	4	-94.6117
0.66	3	0	0	-103.662
0.66	3	0	1	-95.078
0.66	3	0	2	-74.6858
0.66	5	0	5	-105.674
0.66	5	0	6	-98.5627
0.66	5	0	7	-69.6084
0.66	5	0	8	-80.7419
0.66	5	0	9	-95.4757
0.662	5	0	5	-105.161
0.662	5	0	6	-98.9957
0.662	5	0	7	-69.8256
0.662	5	0	8	-80.6751
0.662	5	0	9	-95.4757
0.665	1	0	3	-80.1678
0.665	1	0	4	-95.1454
0.665	3	0	0	-103.662
0.665	3	0	1	-95.3518
0.665	3	0	2	-74.6555
0.665	5	0	5	-105.429
0.665	5	0	6	-98.927
0.665	5	0	7	-69.7141
0.665	5	0	8	-81.0324
0.665	5	0	9	-95.4757
0.669	3	0	0	-103.662
0.669	3	0	1	-96.428
0.669	3	0	2	-74.7034
0.67	1	0	3	-80.4391
0.67	1	0	4	-95.2725
0.67	3	0	0	-103.662
0.67	3	0	1	-96.1088
0.67	3	0	2	-74.6223
0.67	5	0	5	-106.467
0.67	5	0	6	-99.207
0.67	5	0	7	-69.4651
0.67	5	0	8	-81.5404
0.67	5	0	9	-95.4757
0.673	3	0	0	-103.662
0.673	3	0	1	-95.6193
0.673	3	0	2	-74.3975
0.675	1	0	3	-80.3237
0.675	1	0	4	-95.2077
0.675	3	0	0	-103.662
0.675	3	0	1	-95.115
0.675	3	0	2	-74.1577
0.675	5	0	5	-106.78
0.675	5	0	6	-99.6487
0.675	5	0	7	-69.6153
0.675	5	0	8	-82.0984
0.675	5	0	9	-95.4757
0.679	1	0	3	-80.2735
0.679	1	0	4	-95.6523
0.68	1	0	3	-80.3199
0.68	1	0	4	-95.6559
0.68	3	0	0	-103.662
0.68	3	0	1	-94.6371
0.68	3	0	2	-74.1582
0.68	5	0	5	-108.145
0.68	5	0	6	-98.9542
0.68	5	0	7	-70.0161
0.68	5	0	8	-81.7572
0.68	5	0	9	-95.4757
0.685	1	0	3	-80.2133
0.685	1	0	4	-95.8134
0.685	3	0	0	-103.662
0.685	3	0	1	-94.3064
0.685	3	0	2	-74.3722
0.685	5	0	5	-107.449
0.685	5	0	6	-98.7411
0.685	5	0	7	-69.9618
0.685	5	0	8	-81.8551
0.685	5	0	9	-95.4757
0.69	1	0	3	-80.2549
0.69	1	0	4	-95.5832
0.69	3	0	0	-103.662
0.69	3	0	1	-94.4151
0.69	3	0	2	-74.4514
0.69	5	0	5	-107.207
0.69	5	0	6	-99.3377
0.69	5	0	7	-70.097
0.69	5	0	8	-82.2615
0.69	5	0	9	-95.4757
0.691	5	0	5	-107.38
0.691	5	0	6	-98.7613
0.691	5	0	7	-70.2516
0.691	5	0	8	-82.2733
0.691	5	0	9	-95.4757
0.694	1	0	3	-80.1175
0.694	1	0	4	-95.3707
0.695	1	0	3	-80.3281
0.695	1	0	4	-95.0808
0.695	3	0	0	-103.662
0.695	3	0	1	-94.7956
0.695	3	0	2	-74.978
0.695	5	0	5	-106.892
0.695	5	0	6	-98.3963
0.695	5	0	7	-70.4145
0.695	5	0	8	-81.9368
0.695	5	0	9	-95.4757
0.698	5	0	5	-107.118
0.698	5	0	6	-98.3999
0.698	5	0	7	-70.326
0.698	5	0	8	-81.8652
0.698	5	0	9	-95.4757
0.7	1	0	3	-79.4197
0.7	1	0	4	-94.8241
0.7	3	0	0	-103.662
0.7	3	0	1	-94.484
0.7	3	0	2	-75.5333
0.7	5	0	5	-106.548
0.7	5	0	6	-98.4003
0.7	5	0	7	-70.2646
0.7	5	0	8	-81.6249
0.7	5	0	9	-95.4757
0.705	1	0	3	-79.2964
0.705	1	0	4	-95.0837
0.705	3	0	0	-103.662
0.705	3	0	1	-94.526
0.705	3	0	2	-74.8566
0.705	5	0	5	-106.617
0.705	5	0	6	-98.2377
0.705	5	0	7	-70.6333
0.705	5	0	8	-81.4211
0.705	5	0	9	-95.4757
0.71	1	0	3	-79.0217
0.71	1	0	4	-95.2492
0.71	3	0	0	-103.662
0.71	3	0	1	-94.8577
0.71	3	0	2	-74.6957
0.71	5	0	5	-106.208
0.71	5	0	6	-98.6148
0.71	5	0	7	-70.3772
0.71	5	0	8	-81.1558
0.71	5	0	9	-95.4757
0.715	1	0	3	-79.0158
0.715	1	0	4	-95.2524
0.715	3	0	0	-103.662
0.715	3	0	1	-94.2448
0.715	3	0	2	-74.4108
0.715	5	0	5	-104.764
0.715	5	0	6	-98.4809
0.715	5	0	7	-70.0388
0.715	5	0	8	-81.1143
0.715	5	0	9	-95.4757
0.72	1	0	3	-78.5051
0.72	1	0	4	-95.613
0.72	3	0	0	-103.662
0.72	3	0	1	-94.3844
0.72	3	0	2	-74.0944
0.72	5	0	5	-104.791
0.72	5	0	6	-99.1578
0.72	5	0	7	-70.2596
0.72	5	0	8	-81.4597
0.72	5	0	9	-95.4757
0.725	1	0	3	-78.2945
0.725	1	0	4	-96.8752
0.725	3	0	0	-103.662
0.725	3	0	1	-94.6781
0.725	3	0	2	-74.5901
0.725	5	0	5	-104.848
0.725	5	0	6	-99.2068
0.725	5	0	7	-70.2158
0.725	5	0	8	-81.1963
0.725	5	0	9	-95.4757
0.73	1	0	3	-77.8893
0.73	1	0	4	-96.6134
0.73	3	0	0	-103.662
0.73	3	0	1	-94.7464
0.73	3	0	2	-74.4312
0.73	5	0	5	-104.422
0.73	5	0	6	-99.9715
0.73	5	0	7	-69.8397
0.73	5	0	8	-81.3556
0.73	5	0	9	-95.4757
0.735	1	0	3	-77.9465
0.735	1	0	4	-96.8
0.735	3	0	0	-103.662
0.735	3	0	1	-94.3764
0.735	3	0	2	-74.2951
0.735	5	0	5	-104.581
0.735	5	0	6	-99.4773
0.735	5	0	7	-69.9417
0.735	5	0	8	-81.2955
0.735	5	0	9	-95.4757
0.738	3	0	0	-103.662
0.738	3	0	1	-93.6986
0.738	3	0	2	-74.3437
0.74	1	0	3	-78.1589
0.74	1	0	4	-97.3079
0.74	3	0	0	-103.662
0.74	3	0	1	-93.4025
0.74	3	0	2	-74.087
0.74	5	0	5	-104.823
0.74	5	0	6	-99.0146
0.74	5	0	7	-69.8226
0.74	5	0	8	-81.2601
0.74	5	0	9	-95.4757
0.742	5	0	5	-104.801
0.742	5	0	6	-99.1023
0.742	5	0	7	-69.6971
0.742	5	0	8	-81.2284
0.742	5	0	9	-95.4757
0.745	1	0	3	-77.8806
0.745	1	0	4	-97.36
0.745	3	0	0	-103.662
0.745	3	0	1	-93.9323
0.745	3	0	2	-74.2639
0.745	5	0	5	-104.453
0.745	5	0	6	-98.9548
0.745	5	0	7	-69.8666
0.745	5	0	8	-81.4972
0.745	5	0	9	-95.4757
0.749	3	0	0	-103.662
0.749	3	0	1	-93.7851
0.749	3	0	2	-74.262
0.75	1	0	3	-77.9321
0.75	1	0	4	-97.4333
0.75	3	0	0	-103.662
0.75	3	0	1	-94.0293
0.75	3	0	2	-74.1687
0.75	5	0	5	-104.667
0.75	5	0	6	-98.4478
0.75	5	0	7	-70.0797
0.75	5	0	8	-81.8155
0.75	5	0	9	-95.4757
0.753	3	0	0	-103.662
0.753	3	0	1	-93.9733
0.753	3	0	2	-74.1215
0.755	1	0	3	-78.3316
0.755	1	0	4	-97.4357
0.755	3	0	0	-103.662
0.755	3	0	1	-93.9747
0.755	3	0	2	-74.1098
0.755	5	0	5	-103.697
0.755	5	0	6	-98.5415
0.755	5	0	7	-70.3104
0.755	5	0	8	-81.1439
0.755	5	0	9	-95.4757
0.759	1	0	3	-78.2079
0.759	1	0	4	-97.4303
0.76	1	0	3	-78.0886
0.76	1	0	4	-97.4052
0.76	3	0	0	-103.662
0.76	3	0	1	-93.4998
0.76	3	0	2	-74.2896
0.76	5	0	5	-103.746
0.76	5	0	6	-98.902
0.76	5	0	7	-70.0302
0.76	5	0	8	-80.9631
0.76	5	0	9	-95.4757
0.765	1	0	3	-77.2696
0.765	1	0	4	-97.4806
0.765	3	0	0	-103.662
0.765	3	0	1	-94.1788
0.765	3	0	2	-73.9495
0.765	5	0	5	-104.096
0.765	5	0	6	-99.6538
0.765	5	0	7	-70.1734
0.765	5	0	8	-81.2561
0.765	5	0	9	-95.4757
0.77	1	0	3	-77.5549
0.77	1	0	4	-97.8818
0.77	3	0	0	-103.662
0.77	3	0	1	-94.9016
0.77	3	0	2	-74.4212
0.77	5	0	5	-103.817
0.77	5	0	6	-100.083
0.77	5	0	7	-70.1139
0.77	5	0	8	-81.2236
0.77	5	0	9	-95.4757
0.771	5	0	5	-104.057
0.771	5	0	6	-99.7934
0.771	5	0	7	-70.2006
0.771	5	0	8	-81.0354
0.771	5	0	9	-95.4757
0.774	1	0	3	-77.5412
0.774	1	0	4	-97.7856
0.775	1	0	3	-77.609
0.775	1	0	4	-98.0413
0.775	3	0	0	-103.662
0.775	3	0	1	-94.7371
0.775	3	0	2	-74.5694
0.775	5	0	5	-104.247
0.775	5	0	6	-99.9028
0.775	5	0	7	-70.3652
0.775	5	0	8	-81.1213
0.775	5	0	9	-95.4757
0.778	5	0	5	-104.85
0.778	5	0	6	-99.5554
0.778	5	0	7	-70.1756
0.778	5	0	8	-81.5407
0.778	5	0	9	-95.4757
0.78	1	0	3	-77.6833
0.78	1	0	4	-97.5196
0.78	3	0	0	-103.662
0.78	3	0	1	-94.7203
0.78	3	0	2	-74.6353
0.78	5	0	5	-105.448
0.78	5	0	6	-99.1982
0.78	5	0	7	-70.4224
0.78	5	0	8	-81.3564
0.78	5	0	9	-95.4757
0.785	1	0	3	-78.1992
0.785	1	0	4	-96.9315
0.785	3	0	0	-103.662
0.785	3	0	1	-94.5759
0.785	3	0	2	-74.6175
0.785	5	0	5	-106.173
0.785	5	0	6	-99.2539
0.785	5	0	7	-70.3598
0.785	5	0	8	-81.3371
0.785	5	0	9	-95.4757
0.79	1	0	3	-77.8842
0.79	1	0	4	-96.787
0.79	3	0	0	-103.662
0.79	3	0	1	-94.429
0.79	3	0	2	-74.1101
0.79	5	0	5	-106.284
0.79	5	0	6	-99.7815
0.79	5	0	7	-70.0429
0.79	5	0	8	-81.5325
0.79	5	0	9	-95.4757
0.795	1	0	3	-78.4296
0.795	1	0	4	-96.1451
0.795	3	0	0	-103.662
0.795	3	0	1	-94.2771
0.795	3	0	2	-74.0734
0.795	5	0	5	-104.78
0.795	5	0	6	-99.0525
0.795	5	0	7	-69.2927
0.795	5	0	8	-81.0791
0.795	5	0	9	-95.4757
0.8	1	0	3	-78.118
0.8	1	0	4	-96.0633
0.8	3	0	0	-103.662
0.8	3	0	1	-94.5841
0.8	3	0	2	-74.1981
0.8	5	0	5	-105.023
0.8	5	0	6	-98.8039
0.8	5	0	7	-69.0814
0.8	5	0	8	-80.5122
0.8	5	0	9	-95.4757
0.805	1	0	3	-78.0716
0.805	1	0	4	-96.19
0.805	3	0	0	-103.662
0.805	3	0	1	-93.9905
0.805	3	0	2	-73.7309
0.805	5	0	5	-104.855
0.805	5	0	6	-98.4778
0.805	5	0	7	-69.6242
0.805	5	0	8	-80.3606
0.805	5	0	9	-95.4757
0.81	1	0	3	-77.9727
0.81	1	0	4	-95.5376
0.81	3	0	0	-103.662
0.81	3	0	1	-93.4868
0.81	3	0	2	-73.9664
0.81	5	0	5	-104.694
0.81	5	0	6	-99.1272
0.81	5	0	7	-69.6923
0.81	5	0	8	-80.345
0.81	5	0	9	-95.4757
0.815	1	0	3	-77.9944
0.815	1	0	4	-95.6341
0.815	3	0	0	-103.662
0.815	3	0	1	-93.366
0.815	3	0	2	-74.2555
0.815	5	0	5	-105.078
0.815	5	0	6	-99.3898
0.815	5	0	7	-69.7608
0.815	5	0	8	-80.579
0.815	5	0	9	-95.4757
0.818	3	0	0	-103.662
0.818	3	0	1	-94.3129
0.818	3	0	2	-74.0827
0.82	1	0	3	-78.0939
0.82	1	0	4	-94.9294
0.82	3	0	0	-103.662
0.82	3	0	1	-94.4671
0.82	3	0	2	-73.6578
0.82	5	0	5	-106.21
0.82	5	0	6	-99.7316
0.82	5	0	7	-70.0534
0.82	5	0	8	-81.2864
0.82	5	0	9	-95.4757
0.822	5	0	5	-106.143
0.822	5	0	6	-99.5964
0.822	5	0	7	-69.8557
0.822	5	0	8	-81.293
0.822	5	0	9	-95.4757
0.825	1	0	3	-78.7129
0.825	1	0	4	-95.5702
0.825	3	0	0	-103.662
0.825	3	0	1	-94.0476
0.825	3	0	2	-73.7718
0.825	5	0	5	-106.096
0.825	5	0	6	-99.6223
0.825	5	0	7	-69.9479
0.825	5	0	8	-81.4747
0.825	5	0	9	-95.4757
0.829	3	0	0	-103.662
0.829	3	0	1	-94.28
0.829	3	0	2	-73.602
0.83	1	0	3	-78.8346
0.83	1	0	4	-96.1489
0.83	3	0	0	-103.662
0.83	3	0	1	-94.5121
0.83	3	0	2	-73.6184
0.83	5	0	5	-106.299
0.83	5	0	6	-99.6026
0.83	5	0	7	-69.8904
0.83	5	0	8	-81.3362
0.83	5	0	9	-95.4757
0.833	3	0	0	-103.662
0.833	3	0	1	-94.3269
0.833	3	0	2	-73.6932
0.835	1	0	3	-78.878
0.835	1	0	4	-95.7641
0.835	3	0	0	-103.662
0.835	3	0	1	-93.7553
0.835	3	0	2	-73.8542
0.835	5	0	5	-106.517
0.835	5	0	6	-99.9901
0.835	5	0	7	-69.9118
0.835	5	0	8	-81.5551
0.835	5	0	9	-95.4757
0.839	1	0	3	-79.0275
0.839	1	0	4	-95.5655
0.84	1	0	3	-79.1805
0.84	1	0	4	-95.5002
0.84	3	0	0	-103.662
0.84	3	0	1	-93.6037
0.84	3	0	2	-73.8691
0.84	5	0	5	-106.856
0.84	5	0	6	-99.6961
0.84	5	0	7	-70.0774
0.84	5	0	8	-80.9881
0.84	5	0	9	-95.4757
0.845	1	0	3	-79.0191
0.845	1	0	4	-95.3556
0.845	3	0	0	-103.662
0.845	3	0	1	-93.4962
0.845	3	0	2	-74.1792
0.845	5	0	5	-107.244
0.845	5	0	6	-99.7351
0.845	5	0	7	-69.7039
0.845	5	0	8	-80.8537
0.845	5	0	9	-95.4757
0.85	1	0	3	-78.5234
0.85	1	0	4	-95.5077
0.85	3	0	0	-103.662
0.85	3	0	1	-93.489
0.85	3	0	2	-73.6156
0.85	5	0	5	-107.198
0.85	5	0	6	-99.7227
0.85	5	0	7	-69.2779
0.85	5	0	8	-80.6782
0.85	5	0	9	-95.4757
0.851	5	0	5	-106.918
0.851	5	0	6	-99.5738
0.851	5	0	7	-69.228
0.851	5	0	8	-80.497
0.851	5	0	9	-95.4757
0.854	1	0	3	-78.359
0.854	1	0	4	-95.8194
0.855	1	0	3	-78.2813
0.855	1	0	4	-95.7242
0.855	3	0	0	-103.662
0.855	3	0	1	-93.689
0.855	3	0	2	-73.2066
0.855	5	0	5	-105.955
0.855	5	0	6	-99.8023
0.855	5	0	7	-69.2089
0.855	5	0	8	-80.555
0.855	5	0	9	-95.4757
0.858	5	0	5	-106.166
0.858	5	0	6	-99.9755
0.858	5	0	7	-69.3078
0.858	5	0	8	-80.8048
0.858	5	0	9	-95.4757
0.86	1	0	3	-78.2981
0.86	1	0	4	-97.235
0.86	3	0	0	-103.662
0.86	3	0	1	-94.7973
0.86	3	0	2	-73.34
0.86	5	0	5	-105.859
0.86	5	0	6	-99.6919
0.86	5	0	7	-69.4756
0.86	5	0	8	-80.9081
0.86	5	0	9	-95.4757
0.865	1	0	3	-78.7418
0.865	1	0	4	-96.8619
0.865	3	0	0	-103.662
0.865	3	0	1	-95.0584
0.865	3	0	2	-73.5
0.865	5	0	5	-105.703
0.865	5	0	6	-99.4645
0.865	5	0	7	-69.966
0.865	5	0	8	-80.8518
0.865	5	0	9	-95.4757
0.87	1	0	3	-78.7987
0.87	1	0	4	-95.7281
0.87	3	0	0	-103.662
0.87	3	0	1	-95.0212
0.87	3	0	2	-73.4613
0.87	5	0	5	-106.148
0.87	5	0	6	-99.6455
0.87	5	0	7	-70.0411
0.87	5	0	8	-80.5891
0.87	5	0	9	-95.4757
0.875	1	0	3	-78.4827
0.875	1	0	4	-95.6497
0.875	3	0	0	-103.662
0.875	3	0	1	-95.6842
0.875	3	0	2	-73.7745
0.875	5	0	5	-105.586
0.875	5	0	6	-98.7427
0.875	5	0	7	-69.6911
0.875	5	0	8	-80.9021
0.875	5	0	9	-95.4757
0.88	1	0	3	-78.397
0.88	1	0	4	-95.05
0.88	3	0	0	-103.662
0.88	3	0	1	-95.4009
0.88	3	0	2	-73.943
0.88	5	0	5	-104.997
0.88	5	0	6	-97.9395
0.88	5	0	7	-69.3627
0.88	5	0	8	-81.3519
0.88	5	0	9	-95.4757
0.885	1	0	3	-78.3222
0.885	1	0	4	-94.3932
0.885	3	0	0	-103.662
0.885	3	0	1	-95.9705
0.885	3	0	2	-73.8095
0.885	5	0	5	-104.394
0.885	5	0	6	-97.4196
0.885	5	0	7	-69.3214
0.885	5	0	8	-81.0894
0.885	5	0	9	-95.4757
0.89	1	0	3	-78.6475
0.89	1	0	4	-94.6682
0.89	3	0	0	-103.662
0.89	3	0	1	-96.6027
0.89	3	0	2	-74.0142
0.89	5	0	5	-104.114
0.89	5	0	6	-97.2016
0.89	5	0	7	-69.2686
0.89	5	0	8	-81.6487
0.89	5	0	9	-95.4757
0.895	1	0	3	-78.6263
0.895	1	0	4	-94.1076
0.895	3	0	0	-103.662
0.895	3	0	1	-96.7089
0.895	3	0	2	-73.8379
0.895	5	0	5	-104.212
0.895	5	0	6	-97.36
0.895	5	0	7	-69.2083
0.895	5	0	8	-81.6951
0.895	5	0	9	-95.4757
0.898	3	0	0	-103.662
0.898	3	0	1	-96.1764
0.898	3	0	2	-73.9151
0.9	1	0	3	-78.6194
0.9	1	0	4	-94.2413
0.9	3	0	0	-103.662
0.9	3	0	1	-96.3316
0.9	3	0	2	-73.6972
0.9	5	0	5	-104.43
0.9	5	0	6	-97.0851
0.9	5	0	7	-68.8433
0.9	5	0	8	-81.7633
0.9	5	0	9	-95.4757
0.902	5	0	5	-104.253
0.902	5	0	6	-97.2965
0.902	5	0	7	-68.7425
0.902	5	0	8	-81.8957
0.902	5	0	9	-95.4757
0.905	1	0	3	-78.4532
0.905	1	0	4	-94.7769
0.905	3	0	0	-103.662
0.905	3	0	1	-95.1118
0.905	3	0	2	-73.1244
0.905	5	0	5	-104.136
0.905	5	0	6	-97.4417
0.905	5	0	7	-68.8374
0.905	5	0	8	-81.7665
0.905	5	0	9	-95.4757
0.909	3	0	0	-103.662
0.909	3	0	1	-95.4697
0.909	3	0	2	-73.0276
0.91	1	0	3	-78.3821
0.91	1	0	4	-95.1336
0.91	3	0	0	-103.662
0.91	3	0	1	-95.6171
0.91	3	0	2	-72.9462
0.91	5	0	5	-104.561
0.91	5	0	6	-97.4059
0.91	5	0	7	-68.8731
0.91	5	0	8	-81.757
0.91	5	0	9	-95.4757
0.913	3	0	0	-103.662
0.913	3	0	1	-95.5519
0.913	3	0	2	-72.7156
0.915	1	0	3	-77.9429
0.915	1	0	4	-95.508
0.915	3	0	0	-103.662
0.915	3	0	1	-95.7935
0.915	3	0	2	-72.5693
0.915	5	0	5	-104.928
0.915	5	0	6	-97.6222
0.915	5	0	7	-69.275
0.915	5	0	8	-81.8332
0.915	5	0	9	-95.4757
0.919	1	0	3	-77.812
0.919	1	0	4	-95.1076
0.92	1	0	3	-77.6689
0.92	1	0	4	-95.2998
0.92	3	0	0	-103.662
0.92	3	0	1	-96.3822
0.92	3	0	2	-72.6075
0.92	5	0	5	-105.068
0.92	5	0	6	-97.5031
0.92	5	0	7	-69.3129
0.92	5	0	8	-81.4057
0.92	5	0	9	-95.4757
0.925	1	0	3	-77.3765
0.925	1	0	4	-94.7508
0.925	3	0	0	-103.662
0.925	3	0	1	-96.2124
0.925	3	0	2	-72.6704
0.925	5	0	5	-105.164
0.925	5	0	6	-98.2679
0.925	5	0	7	-69.1417
0.925	5	0	8	-81.6205
0.925	5	0	9	-95.4757
0.93	1	0	3	-77.0727
0.93	1	0	4	-94.5902
0.93	3	0	0	-103.662
0.93	3	0	1	-95.2764
0.93	3	0	2	-72.4451
0.93	5	0	5	-104.829
0.93	5	0	6	-98.1744
0.93	5	0	7	-68.8789
0.93	5	0	8	-81.7114
0.93	5	0	9	-95.4757
0.931	5	0	5	-104.711
0.931	5	0	6	-98.2414
0.931	5	0	7	-68.8273
0.931	5	0	8	-81.7003
0.931	5	0	9	-95.4757
0.934	1	0	3	-77.1298
0.934	1	0	4	-94.1838
0.935	1	0	3	-77.2894
0.935	1	0	4	-93.9768
0.935	3	0	0	-103.662
0.935	3	0	1	-95.153
0.935	3	0	2	-72.2514
0.935	5	0	5	-104.69
0.935	5	0	6	-97.4983
0.935	5	0	7	-68.4732
0.935	5	0	8	-81.9212
0.935	5	0	9	-95.4757
0.938	5	0	5	-104.757
0.938	5	0	6	-97.5613
0.938	5	0	7	-68.4381
0.938	5	0	8	-81.9448
0.938	5	0	9	-95.4757
0.94	1	0	3	-77.282
0.94	1	0	4	-94.2869
0.94	3	0	0	-103.662
0.94	3	0	1	-95.1885
0.94	3	0	2	-71.6785
0.94	5	0	5	-104.549
0.94	5	0	6	-97.0653
0.94	5	0	7	-68.3035
0.94	5	0	8	-82.0005
0.94	5	0	9	-95.4757
0.945	1	0	3	-77.0893
0.945	1	0	4	-93.7638
0.945	3	0	0	-103.662
0.945	3	0	1	-95.2472
0.945	3	0	2	-71.8625
0.945	5	0	5	-105.342
0.945	5	0	6	-96.6991
0.945	5	0	7	-68.2344
0.945	5	0	8	-82.2243
0.945	5	0	9	-95.4757
0.95	1	0	3	-76.667
0.95	1	0	4	-93.4937
0.95	3	0	0	-103.662
0.95	3	0	1	-95.3121
0.95	3	0	2	-71.7795
0.95	5	0	5	-106.141
0.95	5	0	6	-97.3762
0.95	5	0	7	-67.9941
0.95	5	0	8	-82.8239
0.95	5	0	9	-95.4757
0.955	1	0	3	-76.8685
0.955	1	0	4	-93.8584
0.955	3	0	0	-103.662
0.955	3	0	1	-95.9972
0.955	3	0	2	-72.2124
0.955	5	0	5	-105.773
0.955	5	0	6	-97.6758
0.955	5	0	7	-68.1857
0.955	5	0	8	-83.0751
0.955	5	0	9	-95.4757
0.96	1	0	3	-76.9808
0.96	1	0	4	-93.6959
0.96	3	0	0	-103.662
0.96	3	0	1	-96.1667
0.96	3	0	2	-72.3833
0.96	5	0	5	-105.414
0.96	5	0	6	-98.0066
0.96	5	0	7	-68.2166
0.96	5	0	8	-83.006
0.96	5	0	9	-95.4757
0.965	1	0	3	-77.2858
0.965	1	0	4	-93.151
0.965	3	0	0	-103.662
0.965	3	0	1	-95.9044
0.965	3	0	2	-72.3885
0.965	5	0	5	-105.049
0.965	5	0	6	-97.8556
0.965	5	0	7	-68.2592
0.965	5	0	8	-83.1077
0.965	5	0	9	-95.4757
0.97	1	0	3	-77.2037
0.97	1	0	4	-93.3527
0.97	3	0	0	-103.662
0.97	3	0	1	-95.3457
0.97	3	0	2	-72.3984
0.97	5	0	5	-105.177
0.97	5	0	6	-98.0746
0.97	5	0	7	-68.0449
0.97	5	0	8	-83.0578
0.97	5	0	9	-95.4757
0.975	1	0	3	-77.6208
0.975	1	0	4	-93.3961
0.975	3	0	0	-103.662
0.975	3	0	1	-95.3333
0.975	3	0	2	-72.7685
0.975	5	0	5	-104.617
0.975	5	0	6	-97.5466
0.975	5	0	7	-68.1406
0.975	5	0	8	-82.808
0.975	5	0	9	-95.4757
0.978	3	0	0	-103.662
0.978	3	0	1	-95.6801
0.978	3	0	2	-72.97
0.98	1	0	3	-77.8081
0.98	1	0	4	-93.9747
0.98	3	0	0	-103.662
0.98	3	0	1	-95.6626
0.98	3	0	2	-73.0051
0.98	5	0	5	-104.821
0.98	5	0	6	-97.1228
0.98	5	0	7	-67.8634
0.98	5	0	8	-82.9046
0.98	5	0	9	-95.4757
0.982	5	0	5	-104.4
0.982	5	0	6	-97.4117
0.982	5	0	7	-67.9668
0.982	5	0	8	-82.8655
0.982	5	0	9	-95.4757
0.985	1	0	3	-77.7156
0.985	1	0	4	-93.3612
0.985	3	0	0	-103.662
0.985	3	0	1	-95.4485
0.985	3	0	2	-73.4435
0.985	5	0	5	-104.62
0.985	5	0	6	-96.9291
0.985	5	0	7	-68.0797
0.985	5	0	8	-82.9326
0.985	5	0	9	-95.4757
0.989	3	0	0	-103.662
0.989	3	0	1	-95.7198
0.989	3	0	2	-73.5657
0.99	1	0	3	-77.9518
0.99	1	0	4	-92.6227
0.99	3	0	0	-103.662
0.99	3	0	1	-95.3955
0.99	3	0	2	-73.7445
0.99	5	0	5	-104.784
0.99	5	0	6	-96.9943
0.99	5	0	7	-67.9945
0.99	5	0	8	-82.6742
0.99	5	0	9	-95.4757
0.993	3	0	0	-103.662
0.993	3	0	1	-95.145
0.993	3	0	2	-73.766
0.995	1	0	3	-77.8281
0.995	1	0	4	-91.78
0.995	3	0	0	-103.662
0.995	3	0	1	-94.9825
0.995	3	0	2	-73.8888
0.995	5	0	5	-104.045
0.995	5	0	6	-97.1708
0.995	5	0	7	-67.851
0.995	5	0	8	-82.5096
0.995	5	0	9	-95.4757
0.999	1	0	3	-77.7265
0.999	1	0	4	-91.7382
1	1	0	3	-77.5564
1	1	0	4	-91.8585
1	3	0	0	-103.662
1	3	0	1	-96.1421
1	3	0	2	-73.5463
1	5	0	5	-104.18
1	5	0	6	-97.6993
1	5	0	7	-68.2642
1	5	0	8	-82.734
1	5	0	9	-95.4757
1.005	1	0	3	-78.3773
1.005	1	0	4	-91.0996
1.005	3	0	0	-103.662
1.005	3	0	1	-96.9334
1.005	3	0	2	-73.2107
1.005	5	0	5	-104.211
1.005	5	0	6	-97.0036
1.005	5	0	7	-68.1668
1.005	5	0	8	-82.5062
1.005	5	0	9	-95.4757
1.01	1	0	3	-78.5062
1.01	1	0	4	-91.3865
1.01	3	0	0	-103.662
1.01	3	0	1	-97.4255
1.01	3	0	2	-73.0126
1.01	5	0	5	-104.218
1.01	5	0	6	-96.8156
1.01	5	0	7	-67.9749
1.01	5	0	8	-82.4895
1.01	5	0	9	-95.4757
1.011	5	0	5	-104.383
1.011	5	0	6	-96.4737
1.011	5	0	7	-68.0191
1.011	5	0	8	-82.3766
1.011	5	0	9	-95.4757
1.014	1	0	3	-78.5914
1.014	1	0	4	-91.7428
1.015	1	0	3	-78.5612
1.015	1	0	4	-91.6938
1.015	3	0	0	-103.662
1.015	3	0	1	-97.3707
1.015	3	0	2	-73.0509
1.015	5	0	5	-102.91
1.015	5	0	6	-96.8838
1.015	5	0	7	-68.445
1.015	5	0	8	-82.012
1.015	5	0	9	-95.4757
1.018	5	0	5	-103.123
1.018	5	0	6	-96.3295
1.018	5	0	7	-68.4963
1.018	5	0	8	-81.85
1.018	5	0	9	-95.4757
1.02	1	0	3	-78.6665
1.02	1	0	4	-92.6199
1.02	3	0	0	-103.662
1.02	3	0	1	-97.9484
1.02	3	0	2	-72.914
1.02	5	0	5	-103.275
1.02	5	0	6	-96.8058
1.02	5	0	7	-68.7114
1.02	5	0	8	-81.639
1.02	5	0	9	-95.4757
1.025	1	0	3	-78.6056
1.025	1	0	4	-92.7112
1.025	3	0	0	-103.662
1.025	3	0	1	-97.826
1.025	3	0	2	-72.7718
1.025	5	0	5	-102.789
1.025	5	0	6	-96.099
1.025	5	0	7	-68.582
1.025	5	0	8	-81.6968
1.025	5	0	9	-95.4757
1.03	1	0	3	-78.0483
1.03	1	0	4	-93.1348
1.03	3	0	0	-103.662
1.03	3	0	1	-96.731
1.03	3	0	2	-72.1505
1.03	5	0	5	-103.433
1.03	5	0	6	-95.7323
1.03	5	0	7	-68.3186
1.03	5	0	8	-81.7283
1.03	5	0	9	-95.4757
1.035	1	0	3	-78.1935
1.035	1	0	4	-93.3223
1.035	3	0	0	-103.662
1.035	3	0	1	-96.1393
1.035	3	0	2	-72.1548
1.035	5	0	5	-103.837
1.035	5	0	6	-96.0874
1.035	5	0	7	-68.2668
1.035	5	0	8	-81.6504
1.035	5	0	9	-95.4757
1.04	1	0	3	-78.0149
1.04	1	0	4	-93.8888
1.04	3	0	0	-103.662
1.04	3	0	1	-95.8477
1.04	3	0	2	-72.264
1.04	5	0	5	-103.554
1.04	5	0	6	-96.8641
1.04	5	0	7	-68.4893
1.04	5	0	8	-81.5662
1.04	5	0	9	-95.4757
1.045	1	0	3	-77.8139
1.045	1	0	4	-92.8503
1.045	3	0	0	-103.662
1.045	3	0	1	-96.5599
1.045	3	0	2	-72.5187
1.045	5	0	5	-103.731
1.045	5	0	6	-96.7006
1.045	5	0	7	-68.4045
1.045	5	0	8	-81.8617
1.045	5	0	9	-95.4757
1.05	1	0	3	-77.7631
1.05	1	0	4	-93.3895
1.05	3	0	0	-103.662
1.05	3	0	1	-96.0862
1.05	3	0	2	-72.3474
1.05	5	0	5	-104.372
1.05	5	0	6	-96.3366
1.05	5	0	7	-68.3222
1.05	5	0	8	-81.9396
1.05	5	0	9	-95.4757
1.055	1	0	3	-77.6452
1.055	1	0	4	-92.6169
1.055	3	0	0	-103.662
1.055	3	0	1	-95.9848
1.055	3	0	2	-72.3332
1.055	5	0	5	-104.278
1.055	5	0	6	-96.3849
1.055	5	0	7	-68.0976
1.055	5	0	8	-81.6052
1.055	5	0	9	-95.4757
1.058	3	0	0	-103.662
1.058	3	0	1	-96.5889
1.058	3	0	2	-72.6187
1.06	1	0	3	-77.3357
1.06	1	0	4	-92.9859
1.06	3	0	0	-103.662
1.06	3	0	1	-96.8263
1.06	3	0	2	-72.7435
1.06	5	0	5	-104.002
1.06	5	0	6	-96.0693
1.06	5	0	7	-67.6947
1.06	5	0	8	-81.932
1.06	5	0	9	-95.4757
1.062	5	0	5	-103.847
1.062	5	0	6	-95.7485
1.062	5	0	7	-67.4128
1.062	5	0	8	-81.7906
1.062	5	0	9	-95.4757
1.065	1	0	3	-78.0083
1.065	1	0	4	-93.8178
1.065	3	0	0	-103.662
1.065	3	0	1	-96.3194
1.065	3	0	2	-73.0674
1.065	5	0	5	-104.392
1.065	5	0	6	-95.9448
1.065	5	0	7	-67.4254
1.065	5	0	8	-82.0702
1.065	5	0	9	-95.4757
1.069	3	0	0	-103.662
1.069	3	0	1	-95.6065
1.069	3	0	2	-73.4967
1.07	1	0	3	-77.8608
1.07	1	0	4	-93.8851
1.07	3	0	0	-103.662
1.07	3	0	1	-95.626
1.07	3	0	2	-73.7273
1.07	5	0	5	-104.391
1.07	5	0	6	-94.8568
1.07	5	0	7	-67.3452
1.07	5	0	8	-82.1573
1.07	5	0	9	-95.4757
1.073	3	0	0	-103.662
1.073	3	0	1	-95.4832
1.073	3	0	2	-73.8274
1.075	1	0	3	-77.3128
1.075	1	0	4	-94.3112
1.075	3	0	0	-103.662
1.075	3	0	1	-95.5774
1.075	3	0	2	-73.9585
1.075	5	0	5	-104.946
1.075	5	0	6	-94.0547
1.075	5	0	7	-66.7247
1.075	5	0	8	-81.8453
1.075	5	0	9	-95.4757
1.079	1	0	3	-77.594
1.079	1	0	4	-93.4847
1.08	1	0	3	-77.6476
1.08	1	0	4	-93.475
1.08	3	0	0	-103.662
1.08	3	0	1	-95.5978
1.08	3	0	2	-73.769
1.08	5	0	5	-104.794
1.08	5	0	6	-94.2516
1.08	5	0	7	-67.2214
1.08	5	0	8	-81.8816
1.08	5	0	9	-95.4757
1.085	1	0	3	-78.0083
1.085	1	0	4	-93.1823
1.085	3	0	0	-103.662
1.085	3	0	1	-96.0427
1.085	3	0	2	-74.1982
1.085	5	0	5	-105.053
1.085	5	0	6	-94.3095
1.085	5	0	7	-68.1101
1.085	5	0	8	-82.2466
1.085	5	0	9	-95.4757
1.09	1	0	3	-78.1169
1.09	1	0	4	-93.7893
1.09	3	0	0	-103.662
1.09	3	0	1	-96.8528
1.09	3	0	2	-74.0741
1.09	5	0	5	-104.575
1.09	5	0	6	-94.0845
1.09	5	0	7	-68.2494
1.09	5	0	8	-81.9805
1.09	5	0	9	-95.4757
1.091	5	0	5	-104.331
1.091	5	0	6	-94.3241
1.091	5	0	7	-68.3163
1.091	5	0	8	-81.8228
1.091	5	0	9	-95.4757
1.094	1	0	3	-78.1115
1.094	1	0	4	-94.3041
1.095	1	0	3	-77.9424
1.095	1	0	4	-94.3648
1.095	3	0	0	-103.662
1.095	3	0	1	-97.0804
1.095	3	0	2	-74.1249
1.095	5	0	5	-104.125
1.095	5	0	6	-94.9832
1.095	5	0	7	-67.8468
1.095	5	0	8	-81.8959
1.095	5	0	9	-95.4757
1.098	5	0	5	-104.047
1.098	5	0	6	-94.4404
1.098	5	0	7	-67.7886
1.098	5	0	8	-81.8923
1.098	5	0	9	-95.4757
1.1	1	0	3	-77.9042
1.1	1	0	4	-94.5519
1.1	3	0	0	-103.662
1.1	3	0	1	-97.664
1.1	3	0	2	-74.2699
1.1	5	0	5	-104.348
1.1	5	0	6	-94.6534
1.1	5	0	7	-67.6006
1.1	5	0	8	-81.7817
1.1	5	0	9	-95.4757
1.105	1	0	3	-78.0249
1.105	1	0	4	-94.4871
1.105	3	0	0	-103.662
1.105	3	0	1	-97.8572
1.105	3	0	2	-74.3769
1.105	5	0	5	-104.355
1.105	5	0	6	-95.4585
1.105	5	0	7	-67.5591
1.105	5	0	8	-81.7414
1.105	5	0	9	-95.4757
1.11	1	0	3	-77.9551
1.11	1	0	4	-94.0025
1.11	3	0	0	-103.662
1.11	3	0	1	-98.2067
1.11	3	0	2	-74.4845
1.11	5	0	5	-105.139
1.11	5	0	6	-95.7083
1.11	5	0	7	-67.3004
1.11	5	0	8	-81.8237
1.11	5	0	9	-95.4757
1.115	1	0	3	-78.1228
1.115	1	0	4	-93.8854
1.115	3	0	0	-103.662
1.115	3	0	1	-97.7253
1.115	3	0	2	-74.0674
1.115	5	0	5	-105.876
1.115	5	0	6	-95.049
1.115	5	0	7	-67.0076
1.115	5	0	8	-82.1028
1.115	5	0	9	-95.4757
1.12	1	0	3	-77.852
1.12	1	0	4	-94.3957
1.12	3	0	0	-103.662
1.12	3	0	1	-97.7307
1.12	3	0	2	-74.0588
1.12	5	0	5	-106.44
1.12	5	0	6	-95.6459
1.12	5	0	7	-66.8657
1.12	5	0	8	-82.252
1.12	5	0	9	-95.4757
1.125	1	0	3	-77.5361
1.125	1	0	4	-94.0254
1.125	3	0	0	-103.662
1.125	3	0	1	-97.7369
1.125	3	0	2	-73.975
1.125	5	0	5	-105.24
1.125	5	0	6	-96.4355
1.125	5	0	7	-66.5572
1.125	5	0	8	-82.1139
1.125	5	0	9	-95.4757
1.13	1	0	3	-78.0433
1.13	1	0	4	-94.4313
1.13	3	0	0	-103.662
1.13	3	0	1	-97.651
1.13	3	0	2	-73.5792
1.13	5	0	5	-106.336
1.13	5	0	6	-96.0947
1.13	5	0	7	-66.9384
1.13	5	0	8	-82.2506
1.13	5	0	9	-95.4757
1.135	1	0	3	-78.3318
1.135	1	0	4	-94.9647
1.135	3	0	0	-103.662
1.135	3	0	1	-97.6968
1.135	3	0	2	-73.7715
1.135	5	0	5	-106.417
1.135	5	0	6	-95.5204
1.135	5	0	7	-67.3054
1.135	5	0	8	-82.3425
1.135	5	0	9	-95.4757
1.138	3	0	0	-103.662
1.138	3	0	1	-97.3132
1.138	3	0	2	-73.7769
1.14	1	0	3	-78.7533
1.14	1	0	4	-95.6948
1.14	3	0	0	-103.662
1.14	3	0	1	-96.9539
1.14	3	0	2	-73.6927
1.14	5	0	5	-106.304
1.14	5	0	6	-95.4396
1.14	5	0	7	-67.4932
1.14	5	0	8	-82.5308
1.14	5	0	9	-95.4757
1.142	5	0	5	-106.299
1.142	5	0	6	-95.0147
1.142	5	0	7	-67.6722
1.142	5	0	8	-82.4056
1.142	5	0	9	-95.4757
1.145	1	0	3	-78.295
1.145	1	0	4	-95.2009
1.145	3	0	0	-103.662
1.145	3	0	1	-97.0756
1.145	3	0	2	-73.6964
1.145	5	0	5	-106.692
1.145	5	0	6	-95.7899
1.145	5	0	7	-67.4989
1.145	5	0	8	-82.2783
1.145	5	0	9	-95.4757
1.149	3	0	0	-103.662
1.149	3	0	1	-96.4318
1.149	3	0	2	-73.8952
1.15	1	0	3	-78.1435
1.15	1	0	4	-95.427
1.15	3	0	0	-103.662
1.15	3	0	1	-96.5663
1.15	3	0	2	-73.7999
1.15	5	0	5	-105.871
1.15	5	0	6	-95.9051
1.15	5	0	7	-67.8304
1.15	5	0	8	-82.3485
1.15	5	0	9	-95.4757
1.153	3	0	0	-103.662
1.153	3	0	1	-96.2417
1.153	3	0	2	-73.837
1.155	1	0	3	-77.9934
1.155	1	0	4	-95.2147
1.155	3	0	0	-103.662
1.155	3	0	1	-96.7135
1.155	3	0	2	-74.0478
1.155	5	0	5	-105.804
1.155	5	0	6	-95.5348
1.155	5	0	7	-67.7556
1.155	5	0	8	-82.0762
1.155	5	0	9	-95.4757
1.159	1	0	3	-77.9917
1.159	1	0	4	-95.4451
1.16	1	0	3	-77.8477
1.16	1	0	4	-95.5885
1.16	3	0	0	-103.662
1.16	3	0	1	-96.8282
1.16	3	0	2	-74.1617
1.16	5	0	5	-105.515
1.16	5	0	6	-96.0858
1.16	5	0	7	-67.5181
1.16	5	0	8	-82.4137
1.16	5	0	9	-95.4757
1.165	1	0	3	-77.5582
1.165	1	0	4	-95.8538
1.165	3	0	0	-103.662
1.165	3	0	1	-96.6862
1.165	3	0	2	-73.9058
1.165	5	0	5	-105.025
1.165	5	0	6	-96.7963
1.165	5	0	7	-67.5559
1.165	5	0	8	-82.5662
1.165	5	0	9	-95.4757
1.17	1	0	3	-77.497
1.17	1	0	4	-96.6954
1.17	3	0	0	-103.662
1.17	3	0	1	-96.0436
1.17	3	0	2	-74.2918
1.17	5	0	5	-104.083
1.17	5	0	6	-96.6057
1.17	5	0	7	-68.003
1.17	5	0	8	-82.9712
1.17	5	0	9	-95.4757
1.171	5	0	5	-104.125
1.171	5	0	6	-96.8731
1.171	5	0	7	-67.9678
1.171	5	0	8	-82.8807
1.171	5	0	9	-95.4757
1.174	1	0	3	-77.4897
1.174	1	0	4	-97.3299
1.175	1	0	3	-77.5283
1.175	1	0	4	-97.528
1.175	3	0	0	-103.662
1.175	3	0	1	-96.0642
1.175	3	0	2	-74.4518
1.175	5	0	5	-103.658
1.175	5	0	6	-96.5226
1.175	5	0	7	-68.2624
1.175	5	0	8	-82.9109
1.175	5	0	9	-95.4757
1.178	5	0	5	-103.534
1.178	5	0	6	-95.8684
1.178	5	0	7	-68.3989
1.178	5	0	8	-82.7212
1.178	5	0	9	-95.4757
1.18	1	0	3	-77.2058
1.18	1	0	4	-97.7104
1.18	3	0	0	-103.662
1.18	3	0	1	-95.9926
1.18	3	0	2	-74.5224
1.18	5	0	5	-103.424
1.18	5	0	6	-96.0691
1.18	5	0	7	-68.5815
1.18	5	0	8	-82.5874
1.18	5	0	9	-95.4757
1.185	1	0	3	-77.6744
1.185	1	0	4	-97.5598
1.185	3	0	0	-103.662
1.185	3	0	1	-95.4843
1.185	3	0	2	-75.0143
1.185	5	0	5	-102.873
1.185	5	0	6	-96.4911
1.185	5	0	7	-68.5841
1.185	5	0	8	-82.8507
1.185	5	0	9	-95.4757
1.19	1	0	3	-77.4271
1.19	1	0	4	-97.3944
1.19	3	0	0	-103.662
1.19	3	0	1	-95.8879
1.19	3	0	2	-74.8088
1.19	5	0	5	-103.084
1.19	5	0	6	-96.8853
1.19	5	0	7	-68.9893
1.19	5	0	8	-82.8226
1.19	5	0	9	-95.4757
1.195	1	0	3	-77.3816
1.195	1	0	4	-96.9793
1.195	3	0	0	-103.662
1.195	3	0	1	-95.854
1.195	3	0	2	-74.7705
1.195	5	0	5	-103.075
1.195	5	0	6	-96.5435
1.195	5	0	7	-68.7742
1.195	5	0	8	-82.7462
1.195	5	0	9	-95.4757
1.2	1	0	3	-78.3054
1.2	1	0	4	-96.5284
1.2	3	0	0	-103.662
1.2	3	0	1	-96.3541
1.2	3	0	2	-74.7631
1.2	5	0	5	-102.528
1.2	5	0	6	-96.8348
1.2	5	0	7	-68.626
1.2	5	0	8	-82.6403
1.2	5	0	9	-95.4757
1.205	1	0	3	-78.4548
1.205	1	0	4	-96.7313
1.205	3	0	0	-103.662
1.205	3	0	1	-96.8277
1.205	3	0	2	-74.2522
1.205	5	0	5	-102.643
1.205	5	0	6	-95.7705
1.205	5	0	7	-68.6823
1.205	5	0	8	-82.6036
1.205	5	0	9	-95.4757
1.21	1	0	3	-78.1612
1.21	1	0	4	-96.5924
1.21	3	0	0	-103.662
1.21	3	0	1	-97.2673
1.21	3	0	2	-74.6484
1.21	5	0	5	-102.655
1.21	5	0	6	-95.3549
1.21	5	0	7	-68.623
1.21	5	0	8	-82.6318
1.21	5	0	9	-95.4757
1.215	1	0	3	-78.5703
1.215	1	0	4	-96.3067
1.215	3	0	0	-103.662
1.215	3	0	1	-97.5996
1.215	3	0	2	-74.0853
1.215	5	0	5	-102.62
1.215	5	0	6	-95.4697
1.215	5	0	7	-68.6996
1.215	5	0	8	-82.441
1.215	5	0	9	-95.4757
1.218	3	0	0	-103.662
1.218	3	0	1	-97.7358
1.218	3	0	2	-74.5854
1.22	1	0	3	-78.6954
1.22	1	0	4	-95.3295
1.22	3	0	0	-103.662
1.22	3	0	1	-97.8874
1.22	3	0	2	-74.6034
1.22	5	0	5	-102.641
1.22	5	0	6	-95.8503
1.22	5	0	7	-68.4896
1.22	5	0	8	-81.9577
1.22	5	0	9	-95.4757
1.222	5	0	5	-101.972
1.222	5	0	6	-96.0668
1.222	5	0	7	-68.2007
1.222	5	0	8	-82.0596
1.222	5	0	9	-95.4757
1.225	1	0	3	-78.57
1.225	1	0	4	-95.6339
1.225	3	0	0	-103.662
1.225	3	0	1	-97.4091
1.225	3	0	2	-75.029
1.225	5	0	5	-101.352
1.225	5	0	6	-95.1851
1.225	5	0	7	-67.9229
1.225	5	0	8	-82.1233
1.225	5	0	9	-95.4757
1.229	3	0	0	-103.662
1.229	3	0	1	-97.5315
1.229	3	0	2	-75.1587
1.23	1	0	3	-78.1501
1.23	1	0	4	-94.9257
1.23	3	0	0	-103.662
1.23	3	0	1	-97.2685
1.23	3	0	2	-75.2032
1.23	5	0	5	-101.578
1.23	5	0	6	-95.8873
1.23	5	0	7	-67.958
1.23	5	0	8	-81.8393
1.23	5	0	9	-95.4757
1.233	3	0	0	-103.662
1.233	3	0	1	-97.3102
1.233	3	0	2	-75.3636
1.235	1	0	3	-78.1497
1.235	1	0	4	-95.3217
1.235	3	0	0	-103.662
1.235	3	0	1	-97.3858
1.235	3	0	2	-75.19
1.235	5	0	5	-102.204
1.235	5	0	6	-95.4477
1.235	5	0	7	-68.185
1.235	5	0	8	-81.9038
1.235	5	0	9	-95.4757
1.239	1	0	3	-78.1196
1.239	1	0	4	-95.0838
1.24	1	0	3	-77.9708
1.24	1	0	4	-95.2406
1.24	3	0	0	-103.662
1.24	3	0	1	-97.3797
1.24	3	0	2	-75.0468
1.24	5	0	5	-102.051
1.24	5	0	6	-95.0718
1.24	5	0	7	-68.4783
1.24	5	0	8	-81.7274
1.24	5	0	9	-95.4757
1.245	1	0	3	-78.0608
1.245	1	0	4	-94.3944
1.245	3	0	0	-103.662
1.245	3	0	1	-97.3726
1.245	3	0	2	-75.1934
1.245	5	0	5	-101.687
1.245	5	0	6	-94.5217
1.245	5	0	7	-68.2184
1.245	5	0	8	-82.0838
1.245	5	0	9	-95.4757
1.25	1	0	3	-78.5814
1.25	1	0	4	-94.1595
1.25	3	0	0	-103.662
1.25	3	0	1	-96.5366
1.25	3	0	2	-75.7052
1.25	5	0	5	-101.845
1.25	5	0	6	-94.8446
1.25	5	0	7	-68.9393
1.25	5	0	8	-81.5904
1.25	5	0	9	-95.4757
1.251	5	0	5	-101.943
1.251	5	0	6	-95.0882
1.251	5	0	7	-68.814
1.251	5	0	8	-81.505
1.251	5	0	9	-95.4757
1.254	1	0	3	-79.0801
1.254	1	0	4	-93.981
1.255	1	0	3	-79.0285
1.255	1	0	4	-94.2351
1.255	3	0	0	-103.662
1.255	3	0	1	-96.2599
1.255	3	0	2	-75.7609
1.255	5	0	5	-101.956
1.255	5	0	6	-94.9078
1.255	5	0	7	-69.0998
1.255	5	0	8	-81.6315
1.255	5	0	9	-95.4757
1.258	5	0	5	-101.858
1.258	5	0	6	-94.7033
1.258	5	0	7	-69.4396
1.258	5	0	8	-81.8848
1.258	5	0	9	-95.4757
1.26	1	0	3	-79.1084
1.26	1	0	4	-94.8566
1.26	3	0	0	-103.662
1.26	3	0	1	-96.9779
1.26	3	0	2	-75.7908
1.26	5	0	5	-102.141
1.26	5	0	6	-94.9313
1.26	5	0	7	-69.2512
1.26	5	0	8	-81.895
1.26	5	0	9	-95.4757
1.265	1	0	3	-78.7777
1.265	1	0	4	-94.6671
1.265	3	0	0	-103.662
1.265	3	0	1	-97.0287
1.265	3	0	2	-76.1993
1.265	5	0	5	-101.369
1.265	5	0	6	-94.7948
1.265	5	0	7	-68.7707
1.265	5	0	8	-82.1297
1.265	5	0	9	-95.4757
1.27	1	0	3	-78.7778
1.27	1	0	4	-94.8268
1.27	3	0	0	-103.662
1.27	3	0	1	-97.598
1.27	3	0	2	-75.9303
1.27	5	0	5	-101.559
1.27	5	0	6	-93.7012
1.27	5	0	7	-68.8384
1.27	5	0	8	-82.4638
1.27	5	0	9	-95.4757
1.275	1	0	3	-78.9694
1.275	1	0	4	-94.1629
1.275	3	0	0	-103.662
1.275	3	0	1	-97.4687
1.275	3	0	2	-75.8562
1.275	5	0	5	-101.953
1.275	5	0	6	-93.9628
1.275	5	0	7	-68.6908
1.275	5	0	8	-82.5237
1.275	5	0	9	-95.4757
1.28	1	0	3	-78.9339
1.28	1	0	4	-92.8862
1.28	3	0	0	-103.662
1.28	3	0	1	-97.7605
1.28	3	0	2	-75.7814
1.28	5	0	5	-102.106
1.28	5	0	6	-93.7855
1.28	5	0	7	-69.0547
1.28	5	0	8	-82.8998
1.28	5	0	9	-95.4757
1.285	1	0	3	-78.6166
1.285	1	0	4	-92.574
1.285	3	0	0	-103.662
1.285	3	0	1	-97.0266
1.285	3	0	2	-75.4129
1.285	5	0	5	-102.253
1.285	5	0	6	-93.5
1.285	5	0	7	-68.5169
1.285	5	0	8	-82.6878
1.285	5	0	9	-95.4757
1.29	1	0	3	-78.3496
1.29	1	0	4	-92.995
1.29	3	0	0	-103.662
1.29	3	0	1	-97.5661
1.29	3	0	2	-75.4901
1.29	5	0	5	-102.207
1.29	5	0	6	-93.7824
1.29	5	0	7	-68.4465
1.29	5	0	8	-82.8386
1.29	5	0	9	-95.4757
1.295	1	0	3	-78.2603
1.295	1	0	4	-93.363
1.295	3	0	0	-103.662
1.295	3	0	1	-96.4505
1.295	3	0	2	-75.3099
1.295	5	0	5	-102.222
1.295	5	0	6	-93.9828
1.295	5	0	7	-68.0058
1.295	5	0	8	-82.8382
1.295	5	0	9	-95.4757
1.298	3	0	0	-103.662
1.298	3	0	1	-95.3596
1.298	3	0	2	-75.4678
1.3	1	0	3	-78.1409
1.3	1	0	4	-92.9641
1.3	3	0	0	-103.662
1.3	3	0	1	-95.4621
1.3	3	0	2	-75.5911
1.3	5	0	5	-101.833
1.3	5	0	6	-94.6597
1.3	5	0	7	-68.2776
1.3	5	0	8	-82.6159
1.3	5	0	9	-95.4757
1.302	5	0	5	-102.021
1.302	5	0	6	-94.7384
1.302	5	0	7	-68.2558
1.302	5	0	8	-82.4693
1.302	5	0	9	-95.4757
1.305	1	0	3	-78.1468
1.305	1	0	4	-92.7677
1.305	3	0	0	-103.662
1.305	3	0	1	-95.6909
1.305	3	0	2	-75.6244
1.305	5	0	5	-101.955
1.305	5	0	6	-94.7012
1.305	5	0	7	-68.694
1.305	5	0	8	-82.473
1.305	5	0	9	-95.4757
1.309	3	0	0	-103.662
1.309	3	0	1	-95.5907
1.309	3	0	2	-75.4048
1.31	1	0	3	-78.3731
1.31	1	0	4	-93.0726
1.31	3	0	0	-103.662
1.31	3	0	1	-95.2993
1.31	3	0	2	-75.317
1.31	5	0	5	-101.886
1.31	5	0	6	-94.8568
1.31	5	0	7	-68.6659
1.31	5	0	8	-82.1036
1.31	5	0	9	-95.4757
1.313	3	0	0	-103.662
1.313	3	0	1	-95.8071
1.313	3	0	2	-75.2618
1.315	1	0	3	-78.5087
1.315	1	0	4	-93.4736
1.315	3	0	0	-103.662
1.315	3	0	1	-95.931
1.315	3	0	2	-75.2185
1.315	5	0	5	-101.202
1.315	5	0	6	-95.5369
1.315	5	0	7	-68.5191
1.315	5	0	8	-82.3141
1.315	5	0	9	-95.4757
1.319	1	0	3	-78.8327
1.319	1	0	4	-93.0142
1.32	1	0	3	-79.0221
1.32	1	0	4	-93.3906
1.32	3	0	0	-103.662
1.32	3	0	1	-96.2856
1.32	3	0	2	-75.3401
1.32	5	0	5	-101.357
1.32	5	0	6	-95.2788
1.32	5	0	7	-68.7816
1.32	5	0	8	-82.615
1.32	5	0	9	-95.4757
1.325	1	0	3	-79.5936
1.325	1	0	4	-92.9211
1.325	3	0	0	-103.662
1.325	3	0	1	-95.3781
1.325	3	0	2	-75.4676
1.325	5	0	5	-100.634
1.325	5	0	6	-96.1497
1.325	5	0	7	-69.004
1.325	5	0	8	-82.4987
1.325	5	0	9	-95.4757
1.33	1	0	3	-79.6671
1.33	1	0	4	-93.9886
1.33	3	0	0	-103.662
1.33	3	0	1	-96.0841
1.33	3	0	2	-75.4059
1.33	5	0	5	-100.487
1.33	5	0	6	-95.9116
1.33	5	0	7	-69.7322
1.33	5	0	8	-82.4542
1.33	5	0	9	-95.4757
1.331	5	0	5	-100.214
1.331	5	0	6	-95.8924
1.331	5	0	7	-69.7333
1.331	5	0	8	-82.589
1.331	5	0	9	-95.4757
1.334	1	0	3	-79.4414
1.334	1	0	4	-93.92
1.335	1	0	3	-79.4181
1.335	1	0	4	-94.0267
1.335	3	0	0	-103.662
1.335	3	0	1	-96.5651
1.335	3	0	2	-75.297
1.335	5	0	5	-99.5308
1.335	5	0	6	-96.06
1.335	5	0	7	-69.8668
1.335	5	0	8	-82.183
1.335	5	0	9	-95.4757
1.338	5	0	5	-99.5599
1.338	5	0	6	-95.3885
1.338	5	0	7	-69.5069
1.338	5	0	8	-82.0373
1.338	5	0	9	-95.4757
1.34	1	0	3	-79.5349
1.34	1	0	4	-94.1831
1.34	3	0	0	-103.662
1.34	3	0	1	-95.8319
1.34	3	0	2	-75.1805
1.34	5	0	5	-99.1204
1.34	5	0	6	-95.2164
1.34	5	0	7	-69.3921
1.34	5	0	8	-81.9566
1.34	5	0	9	-95.4757
1.345	1	0	3	-79.3113
1.345	1	0	4	-94.4111
1.345	3	0	0	-103.662
1.345	3	0	1	-95.4657
1.345	3	0	2	-74.8332
1.345	5	0	5	-99.5152
1.345	5	0	6	-94.7751
1.345	5	0	7	-69.5346
1.345	5	0	8	-82.067
1.345	5	0	9	-95.4757
1.35	1	0	3	-79.3591
1.35	1	0	4	-95.0264
1.35	3	0	0	-103.662
1.35	3	0	1	-95.921
1.35	3	0	2	-75.2416
1.35	5	0	5	-99.3833
1.35	5	0	6	-94.8354
1.35	5	0	7	-69.891
1.35	5	0	8	-81.7855
1.35	5	0	9	-95.4757
1.355	1	0	3	-79.268
1.355	1	0	4	-95.0324
1.355	3	0	0	-103.662
1.355	3	0	1	-94.9818
1.355	3	0	2	-75.1828
1.355	5	0	5	-99.338
1.355	5	0	6	-95.4829
1.355	5	0	7	-70.6139
1.355	5	0	8	-81.7788
1.355	5	0	9	-95.4757
1.36	1	0	3	-78.691
1.36	1	0	4	-94.6055
1.36	3	0	0	-103.662
1.36	3	0	1	-94.3148
1.36	3	0	2	-75.1805
1.36	5	0	5	-99.5388
1.36	5	0	6	-95.0899
1.36	5	0	7	-70.3734
1.36	5	0	8	-82.1487
1.36	5	0	9	-95.4757
1.365	1	0	3	-78.7205
1.365	1	0	4	-94.1741
1.365	3	0	0	-103.662
1.365	3	0	1	-94.1028
1.365	3	0	2	-75.1565
1.365	5	0	5	-99.9352
1.365	5	0	6	-94.9054
1.365	5	0	7	-69.9827
1.365	5	0	8	-82.3215
1.365	5	0	9	-95.4757
1.37	1	0	3	-78.8422
1.37	1	0	4	-94.5956
1.37	3	0	0	-103.662
1.37	3	0	1	-94.4592
1.37	3	0	2	-75.0394
1.37	5	0	5	-100.098
1.37	5	0	6	-95.1649
1.37	5	0	7	-70.4726
1.37	5	0	8	-82.0842
1.37	5	0	9	-95.4757
1.375	1	0	3	-79.1574
1.375	1	0	4	-94.8188
1.375	3	0	0	-103.662
1.375	3	0	1	-95.1398
1.375	3	0	2	-75.4245
1.375	5	0	5	-100.243
1.375	5	0	6	-95.0854
1.375	5	0	7	-70.3552
1.375	5	0	8	-82.2341
1.375	5	0	9	-95.4757
1.378	3	0	0	-103.662
1.378	3	0	1	-95.1328
1.378	3	0	2	-75.5706
1.38	1	0	3	-79.3616
1.38	1	0	4	-94.3845
1.38	3	0	0	-103.662
1.38	3	0	1	-95.3071
1.38	3	0	2	-75.7966
1.38	5	0	5	-99.8093
1.38	5	0	6	-95.3819
1.38	5	0	7	-70.3565
1.38	5	0	8	-81.8492
1.38	5	0	9	-95.4757
1.382	5	0	5	-100.264
1.382	5	0	6	-95.0188
1.382	5	0	7	-70.3491
1.382	5	0	8	-81.7119
1.382	5	0	9	-95.4757
1.385	1	0	3	-79.1362
1.385	1	0	4	-94.4566
1.385	3	0	0	-103.662
1.385	3	0	1	-94.3761
1.385	3	0	2	-75.6906
1.385	5	0	5	-99.8517
1.385	5	0	6	-94.3845
1.385	5	0	7	-70.8436
1.385	5	0	8	-81.8707
1.385	5	0	9	-95.4757
1.389	3	0	0	-103.662
1.389	3	0	1	-93.7835
1.389	3	0	2	-75.7115
1.39	1	0	3	-79.1483
1.39	1	0	4	-93.7022
1.39	3	0	0	-103.662
1.39	3	0	1	-94.0633
1.39	3	0	2	-75.7921
1.39	5	0	5	-100.387
1.39	5	0	6	-94.4768
1.39	5	0	7	-70.6919
1.39	5	0	8	-81.6666
1.39	5	0	9	-95.4757
1.393	3	0	0	-103.662
1.393	3	0	1	-94.2379
1.393	3	0	2	-75.7099
1.395	1	0	3	-78.4909
1.395	1	0	4	-93.9495
1.395	3	0	0	-103.662
1.395	3	0	1	-94.4642
1.395	3	0	2	-75.9197
1.395	5	0	5	-101.044
1.395	5	0	6	-94.9013
1.395	5	0	7	-70.3639
1.395	5	0	8	-81.6193
1.395	5	0	9	-95.4757
1.399	1	0	3	-78.4461
1.399	1	0	4	-93.2643
1.4	1	0	3	-78.5004
1.4	1	0	4	-93.2477
1.4	3	0	0	-103.662
1.4	3	0	1	-94.4433
1.4	3	0	2	-76.3748
1.4	5	0	5	-101.375
1.4	5	0	6	-94.6068
1.4	5	0	7	-70.0424
1.4	5	0	8	-81.6116
1.4	5	0	9	-95.4757
1.405	1	0	3	-78.2939
1.405	1	0	4	-92.8148
1.405	3	0	0	-103.662
1.405	3	0	1	-93.7387
1.405	3	0	2	-76.4909
1.405	5	0	5	-101.216
1.405	5	0	6	-94.6198
1.405	5	0	7	-70.2404
1.405	5	0	8	-80.9997
1.405	5	0	9	-95.4757
1.41	1	0	3	-78.6697
1.41	1	0	4	-92.9565
1.41	3	0	0	-103.662
1.41	3	0	1	-93.1442
1.41	3	0	2	-76.5099
1.41	5	0	5	-101.294
1.41	5	0	6	-94.2998
1.41	5	0	7	-70.5091
1.41	5	0	8	-81.1558
1.41	5	0	9	-95.4757
1.411	5	0	5	-101.425
1.411	5	0	6	-94.4415
1.411	5	0	7	-70.5204
1.411	5	0	8	-81.2454
1.411	5	0	9	-95.4757
1.414	1	0	3	-78.8071
1.414	1	0	4	-93.3292
1.415	1	0	3	-78.7539
1.415	1	0	4	-93.4472
1.415	3	0	0	-103.662
1.415	3	0	1	-93.846
1.415	3	0	2	-76.7729
1.415	5	0	5	-101.556
1.415	5	0	6	-94.6577
1.415	5	0	7	-70.3308
1.415	5	0	8	-81.6441
1.415	5	0	9	-95.4757
1.418	5	0	5	-101.478
1.418	5	0	6	-94.4859
1.418	5	0	7	-70.4244
1.418	5	0	8	-81.517
1.418	5	0	9	-95.4757
1.42	1	0	3	-78.921
1.42	1	0	4	-93.7158
1.42	3	0	0	-103.662
1.42	3	0	1	-93.8341
1.42	3	0	2	-76.5743
1.42	5	0	5	-101.128
1.42	5	0	6	-94.4189
1.42	5	0	7	-70.6003
1.42	5	0	8	-81.1417
1.42	5	0	9	-95.4757
1.425	1	0	3	-79.5236
1.425	1	0	4	-94.1765
1.425	3	0	0	-103.662
1.425	3	0	1	-93.417
1.425	3	0	2	-76.8207
1.425	5	0	5	-100.415
1.425	5	0	6	-94.366
1.425	5	0	7	-70.3398
1.425	5	0	8	-81.1788
1.425	5	0	9	-95.4757
1.43	1	0	3	-79.2865
1.43	1	0	4	-94.5363
1.43	3	0	0	-103.662
1.43	3	0	1	-94.0699
1.43	3	0	2	-77.3072
1.43	5	0	5	-100.656
1.43	5	0	6	-93.6925
1.43	5	0	7	-70.0592
1.43	5	0	8	-81.01
1.43	5	0	9	-95.4757
1.435	1	0	3	-79.225
1.435	1	0	4	-94.293
1.435	3	0	0	-103.662
1.435	3	0	1	-94.2448
1.435	3	0	2	-77.0967
1.435	5	0	5	-100.039
1.435	5	0	6	-93.9993
1.435	5	0	7	-70.0772
1.435	5	0	8	-80.8299
1.435	5	0	9	-95.4757
1.44	1	0	3	-79.3468
1.44	1	0	4	-94.5492
1.44	3	0	0	-103.662
1.44	3	0	1	-93.7232
1.44	3	0	2	-77.1829
1.44	5	0	5	-100.164
1.44	5	0	6	-94.4468
1.44	5	0	7	-70.4321
1.44	5	0	8	-81.1646
1.44	5	0	9	-95.4757
1.445	1	0	3	-79.4276
1.445	1	0	4	-94.0716
1.445	3	0	0	-103.662
1.445	3	0	1	-93.7103
1.445	3	0	2	-77.2114
1.445	5	0	5	-100.497
1.445	5	0	6	-93.7347
1.445	5	0	7	-71.0766
1.445	5	0	8	-81.6113
1.445	5	0	9	-95.4757
1.45	1	0	3	-79.0351
1.45	1	0	4	-93.8587
1.45	3	0	0	-103.662
1.45	3	0	1	-93.8395
1.45	3	0	2	-76.7787
1.45	5	0	5	-99.6862
1.45	5	0	6	-94.104
1.45	5	0	7	-71.1363
1.45	5	0	8	-81.7197
1.45	5	0	9	-95.4757
1.455	1	0	3	-79.0343
1.455	1	0	4	-94.7471
1.455	3	0	0	-103.662
1.455	3	0	1	-93.132
1.455	3	0	2	-76.9832
1.455	5	0	5	-100.079
1.455	5	0	6	-93.9619
1.455	5	0	7	-71.5996
1.455	5	0	8	-81.6112
1.455	5	0	9	-95.4757
1.458	3	0	0	-103.662
1.458	3	0	1	-93.1345
1.458	3	0	2	-76.9045
1.46	1	0	3	-79.1902
1.46	1	0	4	-93.7094
1.46	3	0	0	-103.662
1.46	3	0	1	-93.422
1.46	3	0	2	-77.3814
1.46	5	0	5	-99.1626
1.46	5	0	6	-94.1515
1.46	5	0	7	-71.4654
1.46	5	0	8	-81.2308
1.46	5	0	9	-95.4757
1.462	5	0	5	-99.1898
1.462	5	0	6	-94.0081
1.462	5	0	7	-71.3746
1.462	5	0	8	-81.3442
1.462	5	0	9	-95.4757
1.465	1	0	3	-79.0694
1.465	1	0	4	-94.4502
1.465	3	0	0	-103.662
1.465	3	0	1	-94.4218
1.465	3	0	2	-77.361
1.465	5	0	5	-98.9402
1.465	5	0	6	-93.8066
1.465	5	0	7	-71.5224
1.465	5	0	8	-81.6708
1.465	5	0	9	-95.4757
1.469	3	0	0	-103.662
1.469	3	0	1	-94.4334
1.469	3	0	2	-77.4829
1.47	1	0	3	-79.5826
1.47	1	0	4	-94.8896
1.47	3	0	0	-103.662
1.47	3	0	1	-94.4671
1.47	3	0	2	-77.4369
1.47	5	0	5	-98.2317
1.47	5	0	6	-93.9874
1.47	5	0	7	-71.5499
1.47	5	0	8	-81.3909
1.47	5	0	9	-95.4757
1.473	3	0	0	-103.662
1.473	3	0	1	-94.0816
1.473	3	0	2	-77.4128
1.475	1	0	3	-79.7286
1.475	1	0	4	-95.2368
1.475	3	0	0	-103.662
1.475	3	0	1	-93.9816
1.475	3	0	2	-77.5565
1.475	5	0	5	-99.0951
1.475	5	0	6	-94.2502
1.475	5	0	7	-71.4711
1.475	5	0	8	-81.8661
1.475	5	0	9	-95.4757
1.479	1	0	3	-79.8959
1.479	1	0	4	-95.6075
1.48	1	0	3	-80.1244
1.48	1	0	4	-95.2047
1.48	3	0	0	-103.662
1.48	3	0	1	-94.0761
1.48	3	0	2	-77.8856
1.48	5	0	5	-99.761
1.48	5	0	6	-94.49
1.48	5	0	7	-71.5499
1.48	5	0	8	-81.8137
1.48	5	0	9	-95.4757
1.485	1	0	3	-80.2571
1.485	1	0	4	-94.2743
1.485	3	0	0	-103.662
1.485	3	0	1	-94.8325
1.485	3	0	2	-78.0357
1.485	5	0	5	-99.0427
1.485	5	0	6	-93.9643
1.485	5	0	7	-71.2449
1.485	5	0	8	-81.5989
1.485	5	0	9	-95.4757
1.49	1	0	3	-80.3355
1.49	1	0	4	-93.8258
1.49	3	0	0	-103.662
1.49	3	0	1	-94.6742
1.49	3	0	2	-77.9003
1.49	5	0	5	-99.7032
1.49	5	0	6	-94.3786
1.49	5	0	7	-71.1679
1.49	5	0	8	-81.9574
1.49	5	0	9	-95.4757
1.491	5	0	5	-99.7769
1.491	5	0	6	-94.1784
1.491	5	0	7	-71.0601
1.491	5	0	8	-82.1661
1.491	5	0	9	-95.4757
1.494	1	0	3	-80.6749
1.494	1	0	4	-93.2978
1.495	1	0	3	-80.708
1.495	1	0	4	-93.2619
1.495	3	0	0	-103.662
1.495	3	0	1	-94.3302
1.495	3	0	2	-78.0348
1.495	5	0	5	-100.098
1.495	5	0	6	-93.7251
1.495	5	0	7	-70.9553
1.495	5	0	8	-82.1603
1.495	5	0	9	-95.4757
1.498	5	0	5	-100.204
1.498	5	0	6	-93.7794
1.498	5	0	7	-70.8092
1.498	5	0	8	-82.0509
1.498	5	0	9	-95.4757
1.5	1	0	3	-81.0343
1.5	1	0	4	-93.7041
1.5	3	0	0	-103.662
1.5	3	0	1	-94.9715
1.5	3	0	2	-78.5239
1.5	5	0	5	-99.8364
1.5	5	0	6	-93.2403
1.5	5	0	7	-70.8817
1.5	5	0	8	-82.0181
1.5	5	0	9	-95.4757
1.505	1	0	3	-80.7494
1.505	1	0	4	-93.9889
1.505	3	0	0	-103.662
1.505	3	0	1	-94.98
1.505	3	0	2	-78.2854
1.505	5	0	5	-99.6214
1.505	5	0	6	-93.8406
1.505	5	0	7	-70.7465
1.505	5	0	8	-81.8744
1.505	5	0	9	-95.4757
1.51	1	0	3	-80.7499
1.51	1	0	4	-94.5164
1.51	3	0	0	-103.662
1.51	3	0	1	-94.6705
1.51	3	0	2	-78.677
1.51	5	0	5	-99.6395
1.51	5	0	6	-93.6651
1.51	5	0	7	-70.7206
1.51	5	0	8	-82.4181
1.51	5	0	9	-95.4757
1.515	1	0	3	-80.1939
1.515	1	0	4	-94.188
1.515	3	0	0	-103.662
1.515	3	0	1	-94.1148
1.515	3	0	2	-78.8072
1.515	5	0	5	-99.541
1.515	5	0	6	-92.6801
1.515	5	0	7	-71.1576
1.515	5	0	8	-82.5156
1.515	5	0	9	-95.4757
1.52	1	0	3	-80.083
1.52	1	0	4	-94.285
1.52	3	0	0	-103.662
1.52	3	0	1	-93.9088
1.52	3	0	2	-78.8746
1.52	5	0	5	-99.1998
1.52	5	0	6	-91.9868
1.52	5	0	7	-71.0087
1.52	5	0	8	-82.8258
1.52	5	0	9	-95.4757
1.525	1	0	3	-80.2765
1.525	1	0	4	-94.7831
1.525	3	0	0	-103.662
1.525	3	0	1	-94.3832
1.525	3	0	2	-79.3313
1.525	5	0	5	-98.665
1.525	5	0	6	-92.4005
1.525	5	0	7	-70.8683
1.525	5	0	8	-82.4483
1.525	5	0	9	-95.4757
1.53	1	0	3	-80.1975
1.53	1	0	4	-95.0745
1.53	3	0	0	-103.662
1.53	3	0	1	-94.4271
1.53	3	0	2	-79.4616
1.53	5	0	5	-99.2013
1.53	5	0	6	-92.4909
1.53	5	0	7	-71.1102
1.53	5	0	8	-82.4955
1.53	5	0	9	-95.4757
1.535	1	0	3	-80.5158
1.535	1	0	4	-95.0511
1.535	3	0	0	-103.662
1.535	3	0	1	-95.0207
1.535	3	0	2	-79.8819
1.535	5	0	5	-99.9589
1.535	5	0	6	-92.9655
1.535	5	0	7	-71.0556
1.535	5	0	8	-82.3627
1.535	5	0	9	-95.4757
1.538	3	0	0	-103.662
1.538	3	0	1	-95.2071
1.538	3	0	2	-79.9989
1.54	1	0	3	-80.4281
1.54	1	0	4	-94.872
1.54	3	0	0	-103.662
1.54	3	0	1	-95.4538
1.54	3	0	2	-80.1748
1.54	5	0	5	-100.148
1.54	5	0	6	-92.6904
1.54	5	0	7	-71.0545
1.54	5	0	8	-82.665
1.54	5	0	9	-95.4757
1.542	5	0	5	-100.557
1.542	5	0	6	-92.8052
1.542	5	0	7	-70.7782
1.542	5	0	8	-82.4852
1.542	5	0	9	-95.4757
1.545	1	0	3	-80.3786
1.545	1	0	4	-95.5754
1.545	3	0	0	-103.662
1.545	3	0	1	-95.166
1.545	3	0	2	-80.3396
1.545	5	0	5	-100.812
1.545	5	0	6	-92.8527
1.545	5	0	7	-71.1238
1.545	5	0	8	-82.6963
1.545	5	0	9	-95.4757
1.549	3	0	0	-103.662
1.549	3	0	1	-94.8049
1.549	3	0	2	-80.0722
1.55	1	0	3	-80.2113
1.55	1	0	4	-95.5393
1.55	3	0	0	-103.662
1.55	3	0	1	-94.6488
1.55	3	0	2	-79.8843
1.55	5	0	5	-100.136
1.55	5	0	6	-93.6773
1.55	5	0	7	-71.0381
1.55	5	0	8	-82.8358
1.55	5	0	9	-95.4757
1.553	3	0	0	-103.662
1.553	3	0	1	-94.6597
1.553	3	0	2	-79.4846
1.555	1	0	3	-79.9243
1.555	1	0	4	-95.5943
1.555	3	0	0	-103.662
1.555	3	0	1	-94.4911
1.555	3	0	2	-79.5902
1.555	5	0	5	-99.8964
1.555	5	0	6	-93.3389
1.555	5	0	7	-71.3344
1.555	5	0	8	-82.7193
1.555	5	0	9	-95.4757
1.559	1	0	3	-79.5891
1.559	1	0	4	-95.7549
1.56	1	0	3	-79.5147
1.56	1	0	4	-95.8008
1.56	3	0	0	-103.662
1.56	3	0	1	-94.4836
1.56	3	0	2	-79.3464
1.56	5	0	5	-99.4368
1.56	5	0	6	-93.3874
1.56	5	0	7	-71.2214
1.56	5	0	8	-82.5279
1.56	5	0	9	-95.4757
1.565	1	0	3	-79.6327
1.565	1	0	4	-96.137
1.565	3	0	0	-103.662
1.565	3	0	1	-95.0895
1.565	3	0	2	-79.5822
1.565	5	0	5	-99.2913
1.565	5	0	6	-93.4756
1.565	5	0	7	-71.3968
1.565	5	0	8	-82.7503
1.565	5	0	9	-95.4757
1.57	1	0	3	-79.5638
1.57	1	0	4	-96.2293
1.57	3	0	0	-103.662
1.57	3	0	1	-94.8672
1.57	3	0	2	-79.4393
1.57	5	0	5	-99.3831
1.57	5	0	6	-93.1798
1.57	5	0	7	-71.6745
1.57	5	0	8	-82.9072
1.57	5	0	9	-95.4757
1.571	5	0	5	-99.3465
1.571	5	0	6	-93.6233
1.571	5	0	7	-71.9083
1.571	5	0	8	-82.967
1.571	5	0	9	-95.4757
1.574	1	0	3	-79.3725
1.574	1	0	4	-95.7612
1.575	1	0	3	-79.577
1.575	1	0	4	-95.4747
1.575	3	0	0	-103.662
1.575	3	0	1	-95.0582
1.575	3	0	2	-79.6009
1.575	5	0	5	-99.1685
1.575	5	0	6	-93.2665
1.575	5	0	7	-72.1663
1.575	5	0	8	-83.3106
1.575	5	0	9	-95.4757
1.578	5	0	5	-99.2288
1.578	5	0	6	-92.6886
1.578	5	0	7	-72.3111
1.578	5	0	8	-83.0652
1.578	5	0	9	-95.4757
1.58	1	0	3	-79.544
1.58	1	0	4	-94.3184
1.58	3	0	0	-103.662
1.58	3	0	1	-95.1696
1.58	3	0	2	-79.895
1.58	5	0	5	-99.4881
1.58	5	0	6	-92.4639
1.58	5	0	7	-72.3495
1.58	5	0	8	-83.0848
1.58	5	0	9	-95.4757
1.585	1	0	3	-80.2247
1.585	1	0	4	-94.3326
1.585	3	0	0	-103.662
1.585	3	0	1	-96.0643
1.585	3	0	2	-79.9715
1.585	5	0	5	-99.8784
1.585	5	0	6	-92.6722
1.585	5	0	7	-72.5394
1.585	5	0	8	-82.7506
1.585	5	0	9	-95.4757
1.59	1	0	3	-80.0214
1.59	1	0	4	-94.8453
1.59	3	0	0	-103.662
1.59	3	0	1	-95.5316
1.59	3	0	2	-79.724
1.59	5	0	5	-99.0986
1.59	5	0	6	-92.3917
1.59	5	0	7	-72.5599
1.59	5	0	8	-82.6473
1.59	5	0	9	-95.4757
1.595	1	0	3	-79.8267
1.595	1	0	4	-95.537
1.595	3	0	0	-103.662
1.595	3	0	1	-95.7308
1.595	3	0	2	-79.5584
1.595	5	0	5	-98.2356
1.595	5	0	6	-91.8895
1.595	5	0	7	-72.2849
1.595	5	0	8	-82.8214
1.595	5	0	9	-95.4757
1.6	1	0	3	-79.7402
1.6	1	0	4	-95.5498
1.6	3	0	0	-103.662
1.6	3	0	1	-95.4063
1.6	3	0	2	-79.5073
1.6	5	0	5	-98.4356
1.6	5	0	6	-91.9716
1.6	5	0	7	-71.626
1.6	5	0	8	-82.6024
1.6	5	0	9	-95.4757
1.605	1	0	3	-79.608
1.605	1	0	4	-95.7647
1.605	3	0	0	-103.662
1.605	3	0	1	-95.614
1.605	3	0	2	-79.7997
1.605	5	0	5	-98.2673
1.605	5	0	6	-92.2578
1.605	5	0	7	-71.6353
1.605	5	0	8	-82.2621
1.605	5	0	9	-95.4757
1.61	1	0	3	-79.8815
1.61	1	0	4	-95.7037
1.61	3	0	0	-103.662
1.61	3	0	1	-95.0958
1.61	3	0	2	-79.8803
1.61	5	0	5	-97.5584
1.61	5	0	6	-91.5871
1.61	5	0	7	-71.327
1.61	5	0	8	-82.4262
1.61	5	0	9	-95.4757
1.615	1	0	3	-79.9197
1.615	1	0	4	-96.0824
1.615	3	0	0	-103.662
1.615	3	0	1	-96.0157
1.615	3	0	2	-79.4152
1.615	5	0	5	-97.9997
1.615	5	0	6	-91.0802
1.615	5	0	7	-71.4967
1.615	5	0	8	-82.3266
1.615	5	0	9	-95.4757
1.618	3	0	0	-103.662
1.618	3	0	1	-96.0563
1.618	3	0	2	-79.2305
1.62	1	0	3	-80.1617
1.62	1	0	4	-96.8382
1.62	3	0	0	-103.662
1.62	3	0	1	-95.7371
1.62	3	0	2	-79.0964
1.62	5	0	5	-98.5016
1.62	5	0	6	-90.4844
1.62	5	0	7	-71.199
1.62	5	0	8	-82.2733
1.62	5	0	9	-95.4757
1.622	5	0	5	-98.1072
1.622	5	0	6	-90.4502
1.622	5	0	7	-70.9822
1.622	5	0	8	-82.1027
1.622	5	0	9	-95.4757
1.625	1	0	3	-79.9499
1.625	1	0	4	-96.8552
1.625	3	0	0	-103.662
1.625	3	0	1	-96.4455
1.625	3	0	2	-78.8167
1.625	5	0	5	-97.5653
1.625	5	0	6	-90.3942
1.625	5	0	7	-70.7624
1.625	5	0	8	-82.3425
1.625	5	0	9	-95.4757
1.629	3	0	0	-103.662
1.629	3	0	1	-95.7856
1.629	3	0	2	-78.7892
1.63	1	0	3	-79.7603
1.63	1	0	4	-96.4636
1.63	3	0	0	-103.662
1.63	3	0	1	-95.7886
1.63	3	0	2	-78.8444
1.63	5	0	5	-96.9038
1.63	5	0	6	-90.4055
1.63	5	0	7	-70.8435
1.63	5	0	8	-82.7187
1.63	5	0	9	-95.4757
1.633	3	0	0	-103.662
1.633	3	0	1	-96.2056
1.633	3	0	2	-78.6646
1.635	1	0	3	-80.1942
1.635	1	0	4	-96.1859
1.635	3	0	0	-103.662
1.635	3	0	1	-96.6228
1.635	3	0	2	-78.846
1.635	5	0	5	-96.651
1.635	5	0	6	-89.9829
1.635	5	0	7	-70.9786
1.635	5	0	8	-82.3936
1.635	5	0	9	-95.4757
1.639	1	0	3	-79.9047
1.639	1	0	4	-96.5123
1.64	1	0	3	-80.0333
1.64	1	0	4	-96.641
1.64	3	0	0	-103.662
1.64	3	0	1	-96.6362
1.64	3	0	2	-78.7701
1.64	5	0	5	-96.5633
1.64	5	0	6	-90.5655
1.64	5	0	7	-71.3869
1.64	5	0	8	-82.478
1.64	5	0	9	-95.4757
1.645	1	0	3	-80.098
1.645	1	0	4	-96.4591
1.645	3	0	0	-103.662
1.645	3	0	1	-97.2605
1.645	3	0	2	-79.0469
1.645	5	0	5	-95.9016
1.645	5	0	6	-90.3299
1.645	5	0	7	-70.6885
1.645	5	0	8	-81.927
1.645	5	0	9	-95.4757
1.65	1	0	3	-80.1132
1.65	1	0	4	-96.797
1.65	3	0	0	-103.662
1.65	3	0	1	-96.244
1.65	3	0	2	-78.8137
1.65	5	0	5	-95.7597
1.65	5	0	6	-89.8676
1.65	5	0	7	-70.7319
1.65	5	0	8	-82.0742
1.65	5	0	9	-95.4757
1.651	5	0	5	-95.785
1.651	5	0	6	-89.6454
1.651	5	0	7	-70.8249
1.651	5	0	8	-81.8501
1.651	5	0	9	-95.4757
1.654	1	0	3	-80.2208
1.654	1	0	4	-97.6857
1.655	1	0	3	-80.1244
1.655	1	0	4	-98.0045
1.655	3	0	0	-103.662
1.655	3	0	1	-96.6484
1.655	3	0	2	-78.3784
1.655	5	0	5	-95.5848
1.655	5	0	6	-89.2503
1.655	5	0	7	-70.7527
1.655	5	0	8	-82.0263
1.655	5	0	9	-95.4757
1.658	5	0	5	-96.0034
1.658	5	0	6	-88.9395
1.658	5	0	7	-71.0372
1.658	5	0	8	-82.4322
1.658	5	0	9	-95.4757
1.66	1	0	3	-80.1846
1.66	1	0	4	-97.0971
1.66	3	0	0	-103.662
1.66	3	0	1	-96.809
1.66	3	0	2	-78.1578
1.66	5	0	5	-96.0412
1.66	5	0	6	-89.2528
1.66	5	0	7	-71.0873
1.66	5	0	8	-82.2285
1.66	5	0	9	-95.4757
1.665	1	0	3	-80.5851
1.665	1	0	4	-96.9634
1.665	3	0	0	-103.662
1.665	3	0	1	-97.4399
1.665	3	0	2	-78.3391
1.665	5	0	5	-96.1535
1.665	5	0	6	-89.98
1.665	5	0	7	-70.9703
1.665	5	0	8	-81.9845
1.665	5	0	9	-95.4757
1.67	1	0	3	-80.5458
1.67	1	0	4	-95.8725
1.67	3	0	0	-103.662
1.67	3	0	1	-97.5689
1.67	3	0	2	-78.6849
1.67	5	0	5	-95.5274
1.67	5	0	6	-90.3584
1.67	5	0	7	-70.7913
1.67	5	0	8	-81.6739
1.67	5	0	9	-95.4757
1.675	1	0	3	-81.1788
1.675	1	0	4	-96.1671
1.675	3	0	0	-103.662
1.675	3	0	1	-97.2262
1.675	3	0	2	-79.1061
1.675	5	0	5	-94.5725
1.675	5	0	6	-90.5713
1.675	5	0	7	-71.1676
1.675	5	0	8	-81.2591
1.675	5	0	9	-95.4757
1.68	1	0	3	-81.5174
1.68	1	0	4	-96.5383
1.68	3	0	0	-103.662
1.68	3	0	1	-97.9152
1.68	3	0	2	-78.7342
1.68	5	0	5	-94.7648
1.68	5	0	6	-90.6358
1.68	5	0	7	-71.4658
1.68	5	0	8	-81.4219
1.68	5	0	9	-95.4757
1.685	1	0	3	-81.5469
1.685	1	0	4	-97.4525
1.685	3	0	0	-103.662
1.685	3	0	1	-98.6641
1.685	3	0	2	-79.0824
1.685	5	0	5	-94.8471
1.685	5	0	6	-90.7951
1.685	5	0	7	-71.8506
1.685	5	0	8	-81.7385
1.685	5	0	9	-95.4757
1.69	1	0	3	-81.836
1.69	1	0	4	-97.8206
1.69	3	0	0	-103.662
1.69	3	0	1	-98.9544
1.69	3	0	2	-78.7472
1.69	5	0	5	-94.869
1.69	5	0	6	-90.7046
1.69	5	0	7	-71.9585
1.69	5	0	8	-81.3918
1.69	5	0	9	-95.4757
1.695	1	0	3	-81.6205
1.695	1	0	4	-98.3891
1.695	3	0	0	-103.662
1.695	3	0	1	-98.7773
1.695	3	0	2	-78.1981
1.695	5	0	5	-94.9315
1.695	5	0	6	-91.1994
1.695	5	0	7	-71.5739
1.695	5	0	8	-81.4042
1.695	5	0	9	-95.4757
1.698	3	0	0	-103.662
1.698	3	0	1	-99.1513
1.698	3	0	2	-78.27
1.7	1	0	3	-81.458
1.7	1	0	4	-98.3498
1.7	3	0	0	-103.662
1.7	3	0	1	-99.1942
1.7	3	0	2	-78.2819
1.7	5	0	5	-94.5926
1.7	5	0	6	-91.5276
1.7	5	0	7	-71.6761
1.7	5	0	8	-81.6072
1.7	5	0	9	-95.4757
1.702	5	0	5	-94.3266
1.702	5	0	6	-91.416
1.702	5	0	7	-71.6912
1.702	5	0	8	-81.5112
1.702	5	0	9	-95.4757
1.705	1	0	3	-81.6652
1.705	1	0	4	-99.0568
1.705	3	0	0	-103.662
1.705	3	0	1	-98.7174
1.705	3	0	2	-78.3606
1.705	5	0	5	-95.1036
1.705	5	0	6	-91.3569
1.705	5	0	7	-71.1961
1.705	5	0	8	-81.7176
1.705	5	0	9	-95.4757
1.709	3	0	0	-103.662
1.709	3	0	1	-98.9958
1.709	3	0	2	-78.2085
1.71	1	0	3	-81.7031
1.71	1	0	4	-99.0072
1.71	3	0	0	-103.662
1.71	3	0	1	-98.883
1.71	3	0	2	-78.2419
1.71	5	0	5	-95.4805
1.71	5	0	6	-91.4001
1.71	5	0	7	-71.3026
1.71	5	0	8	-81.4644
1.71	5	0	9	-95.4757
1.713	3	0	0	-103.662
1.713	3	0	1	-98.6596
1.713	3	0	2	-78.3233
1.715	1	0	3	-81.0436
1.715	1	0	4	-99.7551
1.715	3	0	0	-103.662
1.715	3	0	1	-98.7264
1.715	3	0	2	-78.4318
1.715	5	0	5	-95.1799
1.715	5	0	6	-91.3775
1.715	5	0	7	-71.408
1.715	5	0	8	-81.2975
1.715	5	0	9	-95.4757
1.719	1	0	3	-81.2461
1.719	1	0	4	-99.2232
1.72	1	0	3	-81.2423
1.72	1	0	4	-99.0222
1.72	3	0	0	-103.662
1.72	3	0	1	-98.4959
1.72	3	0	2	-78.3694
1.72	5	0	5	-95.1369
1.72	5	0	6	-91.5377
1.72	5	0	7	-71.7884
1.72	5	0	8	-81.3649
1.72	5	0	9	-95.4757
1.725	1	0	3	-81.3105
1.725	1	0	4	-98.3022
1.725	3	0	0	-103.662
1.725	3	0	1	-98.4232
1.725	3	0	2	-78.1164
1.725	5	0	5	-93.9579
1.725	5	0	6	-91.0625
1.725	5	0	7	-71.7515
1.725	5	0	8	-81.4439
1.725	5	0	9	-95.4757
1.73	1	0	3	-80.9604
1.73	1	0	4	-98.1173
1.73	3	0	0	-103.662
1.73	3	0	1	-98.8947
1.73	3	0	2	-77.8347
1.73	5	0	5	-93.5838
1.73	5	0	6	-91.3232
1.73	5	0	7	-71.7626
1.73	5	0	8	-81.4949
1.73	5	0	9	-95.4757
1.731	5	0	5	-93.5907
1.731	5	0	6	-91.1603
1.731	5	0	7	-71.8042
1.731	5	0	8	-81.2838
1.731	5	0	9	-95.4757
1.734	1	0	3	-80.8851
1.734	1	0	4	-99.1012
1.735	1	0	3	-80.9172
1.735	1	0	4	-99.4841
1.735	3	0	0	-103.662
1.735	3	0	1	-98.8473
1.735	3	0	2	-78.0182
1.735	5	0	5	-93.5825
1.735	5	0	6	-91.1714
1.735	5	0	7	-71.6419
1.735	5	0	8	-80.9946
1.735	5	0	9	-95.4757
1.738	5	0	5	-93.4216
1.738	5	0	6	-91.6112
1.738	5	0	7	-71.3174
1.738	5	0	8	-80.5474
1.738	5	0	9	-95.4757
1.74	1	0	3	-81.1116
1.74	1	0	4	-98.8677
1.74	3	0	0	-103.662
1.74	3	0	1	-98.5554
1.74	3	0	2	-78.1637
1.74	5	0	5	-93.0894
1.74	5	0	6	-91.5865
1.74	5	0	7	-71.0485
1.74	5	0	8	-80.8906
1.74	5	0	9	-95.4757
1.745	1	0	3	-81.0706
1.745	1	0	4	-98.81
1.745	3	0	0	-103.662
1.745	3	0	1	-98.0113
1.745	3	0	2	-78.1017
1.745	5	0	5	-93.3686
1.745	5	0	6	-91.6545
1.745	5	0	7	-71.5349
1.745	5	0	8	-81.2697
1.745	5	0	9	-95.4757
1.75	1	0	3	-81.5253
1.75	1	0	4	-98.8606
1.75	3	0	0	-103.662
1.75	3	0	1	-97.9937
1.75	3	0	2	-78.0234
1.75	5	0	5	-94.1983
1.75	5	0	6	-91.1255
1.75	5	0	7	-71.5434
1.75	5	0	8	-81.892
1.75	5	0	9	-95.4757
1.755	1	0	3	-81.7097
1.755	1	0	4	-98.2494
1.755	3	0	0	-103.662
1.755	3	0	1	-97.1498
1.755	3	0	2	-78.1753
1.755	5	0	5	-93.1623
1.755	5	0	6	-90.618
1.755	5	0	7	-71.5737
1.755	5	0	8	-82.0349
1.755	5	0	9	-95.4757
1.76	1	0	3	-82.08
1.76	1	0	4	-98.3304
1.76	3	0	0	-103.662
1.76	3	0	1	-97.0388
1.76	3	0	2	-78.2243
1.76	5	0	5	-93.0668
1.76	5	0	6	-90.1947
1.76	5	0	7	-71.6935
1.76	5	0	8	-81.6992
1.76	5	0	9	-95.4757
1.765	1	0	3	-82.0182
1.765	1	0	4	-98.8087
1.765	3	0	0	-103.662
1.765	3	0	1	-96.7131
1.765	3	0	2	-78.0152
1.765	5	0	5	-92.6794
1.765	5	0	6	-89.9262
1.765	5	0	7	-71.5379
1.765	5	0	8	-81.4455
1.765	5	0	9	-95.4757
1.77	1	0	3	-81.9082
1.77	1	0	4	-99.1103
1.77	3	0	0	-103.662
1.77	3	0	1	-96.0671
1.77	3	0	2	-78.1538
1.77	5	0	5	-92.1567
1.77	5	0	6	-89.945
1.77	5	0	7	-71.5417
1.77	5	0	8	-81.9099
1.77	5	0	9	-95.4757
1.775	1	0	3	-82.0201
1.775	1	0	4	-99.9476
1.775	3	0	0	-103.662
1.775	3	0	1	-96.193
1.775	3	0	2	-78.0389
1.775	5	0	5	-92.142
1.775	5	0	6	-89.8666
1.775	5	0	7	-71.3041
1.775	5	0	8	-81.8725
1.775	5	0	9	-95.4757
1.778	3	0	0	-103.662
1.778	3	0	1	-96.7538
1.778	3	0	2	-77.7142
1.78	1	0	3	-81.8228
1.78	1	0	4	-99.8863
1.78	3	0	0	-103.662
1.78	3	0	1	-97.4684
1.78	3	0	2	-77.8442
1.78	5	0	5	-91.6585
1.78	5	0	6	-90.4674
1.78	5	0	7	-71.8684
1.78	5	0	8	-81.8977
1.78	5	0	9	-95.4757
1.782	5	0	5	-92.184
1.782	5	0	6	-90.3691
1.782	5	0	7	-72.0509
1.782	5	0	8	-82.0643
1.782	5	0	9	-95.4757
1.785	1	0	3	-81.5773
1.785	1	0	4	-99.6367
1.785	3	0	0	-103.662
1.785	3	0	1	-97.2697
1.785	3	0	2	-77.6545
1.785	5	0	5	-92.9384
1.785	5	0	6	-90.2994
1.785	5	0	7	-72.0387
1.785	5	0	8	-82.0454
1.785	5	0	9	-95.4757
1.789	3	0	0	-103.662
1.789	3	0	1	-95.7791
1.789	3	0	2	-77.7232
1.79	1	0	3	-82.1369
1.79	1	0	4	-99.7081
1.79	3	0	0	-103.662
1.79	3	0	1	-95.9077
1.79	3	0	2	-77.6147
1.79	5	0	5	-92.5782
1.79	5	0	6	-90.2148
1.79	5	0	7	-71.9301
1.79	5	0	8	-81.9598
1.79	5	0	9	-95.4757
1.793	3	0	0	-103.662
1.793	3	0	1	-95.5602
1.793	3	0	2	-77.4717
1.795	1	0	3	-82.2107
1.795	1	0	4	-99.5383
1.795	3	0	0	-103.662
1.795	3	0	1	-95.6077
1.795	3	0	2	-77.5819
1.795	5	0	5	-92.6119
1.795	5	0	6	-90.9654
1.795	5	0	7	-72.0353
1.795	5	0	8	-81.5395
1.795	5	0	9	-95.4757
1.799	1	0	3	-82.7228
1.799	1	0	4	-99.8612
1.8	1	0	3	-82.897
1.8	1	0	4	-99.685
1.8	3	0	0	-103.662
1.8	3	0	1	-95.2033
1.8	3	0	2	-76.8261
1.8	5	0	5	-92.4287
1.8	5	0	6	-90.5272
1.8	5	0	7	-71.8572
1.8	5	0	8	-81.6364
1.8	5	0	9	-95.4757
1.805	1	0	3	-82.8178
1.805	1	0	4	-99.2528
1.805	3	0	0	-103.662
1.805	3	0	1	-95.0914
1.805	3	0	2	-76.7396
1.805	5	0	5	-92.9771
1.805	5	0	6	-91.0454
1.805	5	0	7	-71.718
1.805	5	0	8	-81.4685
1.805	5	0	9	-95.4757
1.81	1	0	3	-82.6426
1.81	1	0	4	-99.6611
1.81	3	0	0	-103.662
1.81	3	0	1	-95.0678
1.81	3	0	2	-76.6758
1.81	5	0	5	-92.5427
1.81	5	0	6	-91.5929
1.81	5	0	7	-71.9656
1.81	5	0	8	-80.896
1.81	5	0	9	-95.4757
1.811	5	0	5	-92.5451
1.811	5	0	6	-91.2874
1.811	5	0	7	-72.2477
1.811	5	0	8	-80.9181
1.811	5	0	9	-95.4757
1.814	1	0	3	-82.4379
1.814	1	0	4	-99.4924
1.815	1	0	3	-82.3828
1.815	1	0	4	-99.5791
1.815	3	0	0	-103.662
1.815	3	0	1	-95.5076
1.815	3	0	2	-76.5745
1.815	5	0	5	-92.7269
1.815	5	0	6	-90.9829
1.815	5	0	7	-72.257
1.815	5	0	8	-80.9388
1.815	5	0	9	-95.4757
1.818	5	0	5	-92.7368
1.818	5	0	6	-91.1084
1.818	5	0	7	-71.914
1.818	5	0	8	-80.6718
1.818	5	0	9	-95.4757
1.82	1	0	3	-82.5903
1.82	1	0	4	-99.3852
1.82	3	0	0	-103.662
1.82	3	0	1	-95.7585
1.82	3	0	2	-76.3338
1.82	5	0	5	-93.7875
1.82	5	0	6	-90.6756
1.82	5	0	7	-71.5073
1.82	5	0	8	-80.5629
1.82	5	0	9	-95.4757
1.825	1	0	3	-82.6154
1.825	1	0	4	-99.599
1.825	3	0	0	-103.662
1.825	3	0	1	-96.0118
1.825	3	0	2	-76.2495
1.825	5	0	5	-93.4955
1.825	5	0	6	-89.6527
1.825	5	0	7	-71.8993
1.825	5	0	8	-80.5622
1.825	5	0	9	-95.4757
1.83	1	0	3	-82.726
1.83	1	0	4	-99.1155
1.83	3	0	0	-103.662
1.83	3	0	1	-96.0509
1.83	3	0	2	-76.5027
1.83	5	0	5	-92.8882
1.83	5	0	6	-90.2571
1.83	5	0	7	-71.9025
1.83	5	0	8	-80.4207
1.83	5	0	9	-95.4757
1.835	1	0	3	-82.733
1.835	1	0	4	-98.7554
1.835	3	0	0	-103.662
1.835	3	0	1	-95.839
1.835	3	0	2	-75.8847
1.835	5	0	5	-92.2581
1.835	5	0	6	-90.6877
1.835	5	0	7	-71.9026
1.835	5	0	8	-80.2766
1.835	5	0	9	-95.4757
1.84	1	0	3	-82.627
1.84	1	0	4	-98.7941
1.84	3	0	0	-103.662
1.84	3	0	1	-95.293
1.84	3	0	2	-75.7768
1.84	5	0	5	-92.6128
1.84	5	0	6	-90.6869
1.84	5	0	7	-71.8132
1.84	5	0	8	-80.2307
1.84	5	0	9	-95.4757
1.845	1	0	3	-82.2128
1.845	1	0	4	-98.3643
1.845	3	0	0	-103.662
1.845	3	0	1	-95.4669
1.845	3	0	2	-75.8756
1.845	5	0	5	-92.902
1.845	5	0	6	-91.0017
1.845	5	0	7	-72.1267
1.845	5	0	8	-80.7566
1.845	5	0	9	-95.4757
1.85	1	0	3	-82.2205
1.85	1	0	4	-98.121
1.85	3	0	0	-103.662
1.85	3	0	1	-95.4061
1.85	3	0	2	-75.6151
1.85	5	0	5	-93.5232
1.85	5	0	6	-90.779
1.85	5	0	7	-71.9356
1.85	5	0	8	-80.6572
1.85	5	0	9	-95.4757
1.855	1	0	3	-82.3127
1.855	1	0	4	-97.0709
1.855	3	0	0	-103.662
1.855	3	0	1	-94.8106
1.855	3	0	2	-76.0883
1.855	5	0	5	-93.7121
1.855	5	0	6	-90.9686
1.855	5	0	7	-71.6502
1.855	5	0	8	-81.1922
1.855	5	0	9	-95.4757
1.858	3	0	0	-103.662
1.858	3	0	1	-94.3933
1.858	3	0	2	-76.4401
1.86	1	0	3	-82.0301
1.86	1	0	4	-97.7183
1.86	3	0	0	-103.662
1.86	3	0	1	-94.4259
1.86	3	0	2	-76.6122
1.86	5	0	5	-92.8755
1.86	5	0	6	-91.4111
1.86	5	0	7	-71.6578
1.86	5	0	8	-81.2602
1.86	5	0	9	-95.4757
1.862	5	0	5	-93.0165
1.862	5	0	6	-91.3733
1.862	5	0	7	-71.6797
1.862	5	0	8	-81.1996
1.862	5	0	9	-95.4757
1.865	1	0	3	-82.2235
1.865	1	0	4	-98.2399
1.865	3	0	0	-103.662
1.865	3	0	1	-93.9236
1.865	3	0	2	-76.5767
1.865	5	0	5	-92.5148
1.865	5	0	6	-91.0335
1.865	5	0	7	-71.7176
1.865	5	0	8	-81.14
1.865	5	0	9	-95.4757
1.869	3	0	0	-103.662
1.869	3	0	1	-93.784
1.869	3	0	2	-76.5858
1.87	1	0	3	-82.4266
1.87	1	0	4	-98.2701
1.87	3	0	0	-103.662
1.87	3	0	1	-93.5765
1.87	3	0	2	-76.5842
1.87	5	0	5	-91.8972
1.87	5	0	6	-91.1773
1.87	5	0	7	-71.4379
1.87	5	0	8	-81.6796
1.87	5	0	9	-95.4757
1.873	3	0	0	-103.662
1.873	3	0	1	-93.2154
1.873	3	0	2	-76.7729
1.875	1	0	3	-81.879
1.875	1	0	4	-98.6222
1.875	3	0	0	-103.662
1.875	3	0	1	-93.0394
1.875	3	0	2	-76.8215
1.875	5	0	5	-91.736
1.875	5	0	6	-91.1468
1.875	5	0	7	-70.9548
1.875	5	0	8	-81.4068
1.875	5	0	9	-95.4757
1.879	1	0	3	-82.1111
1.879	1	0	4	-98.6014
1.88	1	0	3	-82.1918
1.88	1	0	4	-98.3627
1.88	3	0	0	-103.662
1.88	3	0	1	-92.4935
1.88	3	0	2	-76.6923
1.88	5	0	5	-91.7958
1.88	5	0	6	-90.9201
1.88	5	0	7	-70.8912
1.88	5	0	8	-81.5943
1.88	5	0	9	-95.4757
1.885	1	0	3	-82.1653
1.885	1	0	4	-98.3138
1.885	3	0	0	-103.662
1.885	3	0	1	-91.9892
1.885	3	0	2	-76.6129
1.885	5	0	5	-91.9923
1.885	5	0	6	-91.5668
1.885	5	0	7	-70.8374
1.885	5	0	8	-81.6979
1.885	5	0	9	-95.4757
1.89	1	0	3	-82.5584
1.89	1	0	4	-98.9153
1.89	3	0	0	-103.662
1.89	3	0	1	-91.7971
1.89	3	0	2	-76.225
1.89	5	0	5	-92.1762
1.89	5	0	6	-91.9955
1.89	5	0	7	-70.7593
1.89	5	0	8	-81.9784
1.89	5	0	9	-95.4757
1.891	5	0	5	-92.3346
1.891	5	0	6	-92.3769
1.891	5	0	7	-70.7495
1.891	5	0	8	-81.8935
1.891	5	0	9	-95.4757
1.894	1	0	3	-82.7588
1.894	1	0	4	-99.2789
1.895	1	0	3	-82.9388
1.895	1	0	4	-99.2796
1.895	3	0	0	-103.662
1.895	3	0	1	-92.0237
1.895	3	0	2	-76.2852
1.895	5	0	5	-92.2163
1.895	5	0	6	-92.7567
1.895	5	0	7	-70.5697
1.895	5	0	8	-81.9964
1.895	5	0	9	-95.4757
1.898	5	0	5	-91.5637
1.898	5	0	6	-92.6192
1.898	5	0	7	-70.2988
1.898	5	0	8	-82.0635
1.898	5	0	9	-95.4757
1.9	1	0	3	-82.5436
1.9	1	0	4	-99.6234
1.9	3	0	0	-103.662
1.9	3	0	1	-92.8775
1.9	3	0	2	-76.3462
1.9	5	0	5	-91.8898
1.9	5	0	6	-92.7381
1.9	5	0	7	-70.1402
1.9	5	0	8	-82.1067
1.9	5	0	9	-95.4757
1.905	1	0	3	-82.6408
1.905	1	0	4	-99.4565
1.905	3	0	0	-103.662
1.905	3	0	1	-93.4208
1.905	3	0	2	-76.7565
1.905	5	0	5	-91.2652
1.905	5	0	6	-92.5745
1.905	5	0	7	-69.732
1.905	5	0	8	-82.3166
1.905	5	0	9	-95.4757
1.91	1	0	3	-82.6659
1.91	1	0	4	-99.3462
1.91	3	0	0	-103.662
1.91	3	0	1	-93.8465
1.91	3	0	2	-76.765
1.91	5	0	5	-91.2959
1.91	5	0	6	-93.0795
1.91	5	0	7	-69.6687
1.91	5	0	8	-82.2326
1.91	5	0	9	-95.4757
1.915	1	0	3	-81.9519
1.915	1	0	4	-99.9941
1.915	3	0	0	-103.662
1.915	3	0	1	-93.7879
1.915	3	0	2	-76.8403
1.915	5	0	5	-91.9655
1.915	5	0	6	-93.5814
1.915	5	0	7	-69.5689
1.915	5	0	8	-82.5385
1.915	5	0	9	-95.4757
1.92	1	0	3	-81.3835
1.92	1	0	4	-100.32
1.92	3	0	0	-103.662
1.92	3	0	1	-93.962
1.92	3	0	2	-76.7004
1.92	5	0	5	-92.0595
1.92	5	0	6	-93.1029
1.92	5	0	7	-68.8887
1.92	5	0	8	-82.4557
1.92	5	0	9	-95.4757
1.925	1	0	3	-80.8224
1.925	1	0	4	-100.372
1.925	3	0	0	-103.662
1.925	3	0	1	-93.9392
1.925	3	0	2	-76.2192
1.925	5	0	5	-92.2134
1.925	5	0	6	-92.9311
1.925	5	0	7	-68.8652
1.925	5	0	8	-82.2514
1.925	5	0	9	-95.4757
1.93	1	0	3	-81.0746
1.93	1	0	4	-99.7242
1.93	3	0	0	-103.662
1.93	3	0	1	-93.6469
1.93	3	0	2	-75.8819
1.93	5	0	5	-92.8418
1.93	5	0	6	-92.4569
1.93	5	0	7	-69.0993
1.93	5	0	8	-82.4659
1.93	5	0	9	-95.4757
1.935	1	0	3	-80.9961
1.935	1	0	4	-99.8255
1.935	3	0	0	-103.662
1.935	3	0	1	-94.2955
1.935	3	0	2	-75.725
1.935	5	0	5	-93.4994
1.935	5	0	6	-92.8748
1.935	5	0	7	-69.164
1.935	5	0	8	-82.2327
1.935	5	0	9	-95.4757
1.938	3	0	0	-103.662
1.938	3	0	1	-95.0859
1.938	3	0	2	-75.9482
1.94	1	0	3	-80.7124
1.94	1	0	4	-99.5634
1.94	3	0	0	-103.662
1.94	3	0	1	-95.2095
1.94	3	0	2	-76.1154
1.94	5	0	5	-93.2568
1.94	5	0	6	-92.9384
1.94	5	0	7	-69.8156
1.94	5	0	8	-81.7171
1.94	5	0	9	-95.4757
1.942	5	0	5	-92.9643
1.942	5	0	6	-93.0683
1.942	5	0	7	-69.7253
1.942	5	0	8	-81.9173
1.942	5	0	9	-95.4757
1.945	1	0	3	-81.1217
1.945	1	0	4	-99.2537
1.945	3	0	0	-103.662
1.945	3	0	1	-96.3381
1.945	3	0	2	-76.3359
1.945	5	0	5	-93.4197
1.945	5	0	6	-92.654
1.945	5	0	7	-69.4339
1.945	5	0	8	-82.2273
1.945	5	0	9	-95.4757
1.949	3	0	0	-103.662
1.949	3	0	1	-96.2763
1.949	3	0	2	-76.6613
1.95	1	0	3	-81.6324
1.95	1	0	4	-99.5419
1.95	3	0	0	-103.662
1.95	3	0	1	-95.9247
1.95	3	0	2	-76.6382
1.95	5	0	5	-93.523
1.95	5	0	6	-91.887
1.95	5	0	7	-69.1178
1.95	5	0	8	-82.0735
1.95	5	0	9	-95.4757
1.953	3	0	0	-103.662
1.953	3	0	1	-95.7804
1.953	3	0	2	-76.6518
1.955	1	0	3	-81.294
1.955	1	0	4	-99.3259
1.955	3	0	0	-103.662
1.955	3	0	1	-96.0709
1.955	3	0	2	-76.7374
1.955	5	0	5	-93.6028
1.955	5	0	6	-92.2504
1.955	5	0	7	-69.318
1.955	5	0	8	-81.3662
1.955	5	0	9	-95.4757
1.959	1	0	3	-81.1453
1.959	1	0	4	-99.1005
1.96	1	0	3	-81.1384
1.96	1	0	4	-98.9398
1.96	3	0	0	-103.662
1.96	3	0	1	-96.0763
1.96	3	0	2	-76.4683
1.96	5	0	5	-93.5559
1.96	5	0	6	-92.3769
1.96	5	0	7	-69.0473
1.96	5	0	8	-81.5495
1.96	5	0	9	-95.4757
1.965	1	0	3	-81.0042
1.965	1	0	4	-99.3213
1.965	3	0	0	-103.662
1.965	3	0	1	-96.5309
1.965	3	0	2	-76.7154
1.965	5	0	5	-93.4806
1.965	5	0	6	-92.9459
1.965	5	0	7	-69.2837
1.965	5	0	8	-82.171
1.965	5	0	9	-95.4757
1.97	1	0	3	-80.9666
1.97	1	0	4	-99.9288
1.97	3	0	0	-103.662
1.97	3	0	1	-96.0807
1.97	3	0	2	-76.4999
1.97	5	0	5	-93.3684
1.97	5	0	6	-93.3421
1.97	5	0	7	-68.8695
1.97	5	0	8	-82.7504
1.97	5	0	9	-95.4757
1.971	5	0	5	-93.7566
1.971	5	0	6	-93.6156
1.971	5	0	7	-69.0312
1.971	5	0	8	-82.6672
1.971	5	0	9	-95.4757
1.974	1	0	3	-81.1557
1.974	1	0	4	-99.8846
1.975	1	0	3	-81.1573
1.975	1	0	4	-99.9347
1.975	3	0	0	-103.662
1.975	3	0	1	-97.3669
1.975	3	0	2	-76.6714
1.975	5	0	5	-93.3261
1.975	5	0	6	-94.0466
1.975	5	0	7	-69.3071
1.975	5	0	8	-82.9022
1.975	5	0	9	-95.4757
1.978	5	0	5	-93.505
1.978	5	0	6	-93.8048
1.978	5	0	7	-69.0718
1.978	5	0	8	-83.0877
1.978	5	0	9	-95.4757
1.98	1	0	3	-81.6465
1.98	1	0	4	-100.489
1.98	3	0	0	-103.662
1.98	3	0	1	-97.3634
1.98	3	0	2	-76.6994
1.98	5	0	5	-93.3634
1.98	5	0	6	-93.968
1.98	5	0	7	-69.2761
1.98	5	0	8	-83.0255
1.98	5	0	9	-95.4757
1.985	1	0	3	-81.8091
1.985	1	0	4	-100.634
1.985	3	0	0	-103.662
1.985	3	0	1	-97.5902
1.985	3	0	2	-76.7551
1.985	5	0	5	-94.1094
1.985	5	0	6	-94.2633
1.985	5	0	7	-68.7493
1.985	5	0	8	-83.6727
1.985	5	0	9	-95.4757
1.99	1	0	3	-81.9167
1.99	1	0	4	-100.969
1.99	3	0	0	-103.662
1.99	3	0	1	-97.5148
1.99	3	0	2	-76.7542
1.99	5	0	5	-94.3986
1.99	5	0	6	-94.6549
1.99	5	0	7	-68.9481
1.99	5	0	8	-83.5796
1.99	5	0	9	-95.4757
1.995	1	0	3	-81.4194
1.995	1	0	4	-101.017
1.995	3	0	0	-103.662
1.995	3	0	1	-97.596
1.995	3	0	2	-76.8416
1.995	5	0	5	-93.977
1.995	5	0	6	-93.3827
1.995	5	0	7	-69.2261
1.995	5	0	8	-83.7119
1.995	5	0	9	-95.4757
2	1	0	3	-81.0615
2	1	0	4	-101.405
2	3	0	0	-103.662
2	3	0	1	-97.114
2	3	0	2	-77.0978
2	5	0	5	-94.2138
2	5	0	6	-92.8938
2	5	0	7	-69.0238
2	5	0	8	-83.3776
2	5	0	9	-95.4757
2.005	1	0	3	-80.9277
2.005	1	0	4	-101.815
2.005	3	0	0	-103.662
2.005	3	0	1	-97.3882
2.005	3	0	2	-76.9674
2.005	5	0	5	-94.7304
2.005	5	0	6	-93.5406
2.005	5	0	7	-68.7043
2.005	5	0	8	-83.1533
2.005	5	0	9	-95.4757
2.008	3	0	0	-103.662
2.008	3	0	1	-97.0195
2.008	3	0	2	-77.0904
2.01	1	0	3	-80.4479
2.01	1	0	4	-101.832
2.01	3	0	0	-103.662
2.01	3	0	1	-97.5868
2.01	3	0	2	-77.2211
2.01	5	0	5	-93.9962
2.01	5	0	6	-92.884
2.01	5	0	7	-69.0242
2.01	5	0	8	-82.9291
2.01	5	0	9	-95.4757
2.014	3	0	0	-103.662
2.014	3	0	1	-97.6629
2.014	3	0	2	-77.048
2.015	1	0	3	-80.7725
2.015	1	0	4	-102.044
2.015	3	0	0	-103.662
2.015	3	0	1	-97.7205
2.015	3	0	2	-77.2167
2.015	5	0	5	-94.2721
2.015	5	0	6	-93.3477
2.015	5	0	7	-68.8749
2.015	5	0	8	-82.6866
2.015	5	0	9	-95.4757
2.018	3	0	0	-103.662
2.018	3	0	1	-97.4576
2.018	3	0	2	-76.8434
2.02	1	0	3	-81.24
2.02	1	0	4	-101.034
2.02	3	0	0	-103.662
2.02	3	0	1	-97.6988
2.02	3	0	2	-76.9723
2.02	5	0	5	-94.9946
2.02	5	0	6	-93.5014
2.02	5	0	7	-68.889
2.02	5	0	8	-82.4105
2.02	5	0	9	-95.4757
2.02007	5	0	5	-94.9029
2.02007	5	0	6	-93.5793
2.02007	5	0	7	-68.9227
2.02007	5	0	8	-82.3966
2.02007	5	0	9	-95.4757
2.021	5	0	5	-94.598
2.021	5	0	6	-93.622
2.021	5	0	7	-69.0307
2.021	5	0	8	-82.3775
2.021	5	0	9	-95.4757
2.02107	5	0	5	-94.7496
2.02107	5	0	6	-93.7052
2.02107	5	0	7	-69.0491
2.02107	5	0	8	-82.3516
2.02107	5	0	9	-95.4757
2.022	5	0	5	-94.9128
2.022	5	0	6	-93.4965
2.022	5	0	7	-68.9946
2.022	5	0	8	-82.5074
2.022	5	0	9	-95.4757
2.02207	5	0	5	-94.9081
2.02207	5	0	6	-93.3997
2.02207	5	0	7	-69.0109
2.02207	5	0	8	-82.4593
2.02207	5	0	9	-95.4757
2.025	1	0	3	-81.3862
2.025	1	0	4	-100.658
2.025	3	0	0	-103.662
2.025	3	0	1	-97.148
2.025	3	0	2	-76.9343
2.025	5	0	5	-94.907
2.025	5	0	6	-93.4947
2.025	5	0	7	-69.0731
2.025	5	0	8	-82.6546
2.025	5	0	9	-95.4757
2.026	3	0	0	-103.662
2.026	3	0	1	-97.3139
2.026	3	0	2	-76.8815
2.026	5	0	5	-94.7203
2.026	5	0	6	-93.3198
2.026	5	0	7	-68.8622
2.026	5	0	8	-82.6225
2.026	5	0	9	-95.4757
2.02607	5	0	5	-94.7756
2.02607	5	0	6	-93.3478
2.02607	5	0	7	-68.8672
2.02607	5	0	8	-82.6052
2.02607	5	0	9	-95.4757
2.029	3	0	0	-103.662
2.029	3	0	1	-96.9672
2.029	3	0	2	-76.6536
2.03	1	0	3	-81.4187
2.03	1	0	4	-101.014
2.03	3	0	0	-103.662
2.03	3	0	1	-96.8258
2.03	3	0	2	-76.7393
2.03	5	0	5	-94.8442
2.03	5	0	6	-92.7226
2.03	5	0	7	-69.1534
2.03	5	0	8	-82.6829
2.03	5	0	9	-95.4757
2.032	3	0	0	-103.662
2.032	3	0	1	-97.0176
2.032	3	0	2	-76.5427
2.032	5	0	5	-94.773
2.032	5	0	6	-92.4944
2.032	5	0	7	-69.0589
2.032	5	0	8	-82.9246
2.032	5	0	9	-95.4757
2.03207	5	0	5	-94.7432
2.03207	5	0	6	-92.5383
2.03207	5	0	7	-68.9701
2.03207	5	0	8	-82.8881
2.03207	5	0	9	-95.4757
2.033	3	0	0	-103.662
2.033	3	0	1	-96.8961
2.033	3	0	2	-76.5181
2.035	1	0	3	-81.266
2.035	1	0	4	-99.9934
2.035	3	0	0	-103.662
2.035	3	0	1	-96.9976
2.035	3	0	2	-76.5241
2.035	5	0	5	-94.6701
2.035	5	0	6	-92.5557
2.035	5	0	7	-68.8224
2.035	5	0	8	-83.011
2.035	5	0	9	-95.4757
2.038	3	0	0	-103.662
2.038	3	0	1	-96.3591
2.038	3	0	2	-76.598
2.038	5	0	5	-94.6475
2.038	5	0	6	-92.2427
2.038	5	0	7	-68.403
2.038	5	0	8	-83.2578
2.038	5	0	9	-95.4757
2.03807	5	0	5	-94.6545
2.03807	5	0	6	-92.2048
2.03807	5	0	7	-68.3548
2.03807	5	0	8	-83.2675
2.03807	5	0	9	-95.4757
2.039	1	0	3	-80.8557
2.039	1	0	4	-100.086
2.04	1	0	3	-80.7572
2.04	1	0	4	-100.244
2.04	3	0	0	-103.662
2.04	3	0	1	-96.9096
2.04	3	0	2	-76.2631
2.04	5	0	5	-94.5161
2.04	5	0	6	-91.9297
2.04	5	0	7	-68.2181
2.04	5	0	8	-83.2106
2.04	5	0	9	-95.4757
2.043	3	0	0	-103.662
2.043	3	0	1	-97.0622
2.043	3	0	2	-76.2721
2.045	1	0	3	-80.7267
2.045	1	0	4	-99.6757
2.045	3	0	0	-103.662
2.045	3	0	1	-97.2951
2.045	3	0	2	-76.4014
2.045	5	0	5	-94.4825
2.045	5	0	6	-90.8461
2.045	5	0	7	-68.7365
2.045	5	0	8	-83.3663
2.045	5	0	9	-95.4757
2.049	3	0	0	-103.662
2.049	3	0	1	-96.9453
2.049	3	0	2	-76.1128
2.049	5	0	5	-94.5288
2.049	5	0	6	-90.8854
2.049	5	0	7	-68.5535
2.049	5	0	8	-82.8584
2.049	5	0	9	-95.4757
2.04907	5	0	5	-94.5248
2.04907	5	0	6	-90.8773
2.04907	5	0	7	-68.5399
2.04907	5	0	8	-82.8648
2.04907	5	0	9	-95.4757
2.05	1	0	3	-80.5758
2.05	1	0	4	-99.3279
2.05	3	0	0	-103.662
2.05	3	0	1	-96.5069
2.05	3	0	2	-76.0631
2.05	5	0	5	-94.3619
2.05	5	0	6	-90.9763
2.05	5	0	7	-68.5501
2.05	5	0	8	-82.8499
2.05	5	0	9	-95.4757
2.051	5	0	5	-94.2559
2.051	5	0	6	-91.1118
2.051	5	0	7	-68.6256
2.051	5	0	8	-82.8349
2.051	5	0	9	-95.4757
2.054	1	0	3	-80.3763
2.054	1	0	4	-99.1772
2.055	1	0	3	-80.5168
2.055	1	0	4	-99.0512
2.055	3	0	0	-103.662
2.055	3	0	1	-96.0637
2.055	3	0	2	-75.8755
2.055	5	0	5	-94.0666
2.055	5	0	6	-91.2612
2.055	5	0	7	-68.8489
2.055	5	0	8	-82.2826
2.055	5	0	9	-95.4757
2.05507	5	0	5	-94.0526
2.05507	5	0	6	-91.2598
2.05507	5	0	7	-68.806
2.05507	5	0	8	-82.2554
2.05507	5	0	9	-95.4757
2.058	5	0	5	-93.7953
2.058	5	0	6	-90.4722
2.058	5	0	7	-68.8574
2.058	5	0	8	-82.2937
2.058	5	0	9	-95.4757
2.06	1	0	3	-80.7082
2.06	1	0	4	-99.0827
2.06	3	0	0	-103.662
2.06	3	0	1	-95.4717
2.06	3	0	2	-75.4137
2.06	5	0	5	-94.0638
2.06	5	0	6	-90.1307
2.06	5	0	7	-68.6987
2.06	5	0	8	-82.1365
2.06	5	0	9	-95.4757
2.061	3	0	0	-103.662
2.061	3	0	1	-95.5614
2.061	3	0	2	-75.5204
2.061	5	0	5	-93.9769
2.061	5	0	6	-90.0679
2.061	5	0	7	-68.5639
2.061	5	0	8	-82.1036
2.061	5	0	9	-95.4757
2.06107	5	0	5	-93.9972
2.06107	5	0	6	-90.071
2.06107	5	0	7	-68.6106
2.06107	5	0	8	-82.0825
2.06107	5	0	9	-95.4757
2.065	1	0	3	-80.4161
2.065	1	0	4	-99.8469
2.065	3	0	0	-103.662
2.065	3	0	1	-95.4395
2.065	3	0	2	-75.4809
2.065	5	0	5	-94.0009
2.065	5	0	6	-90.0656
2.065	5	0	7	-68.6301
2.065	5	0	8	-82.354
2.065	5	0	9	-95.4757
2.067	3	0	0	-103.662
2.067	3	0	1	-94.7291
2.067	3	0	2	-75.6414
2.067	5	0	5	-94.1897
2.067	5	0	6	-90.01
2.067	5	0	7	-68.4497
2.067	5	0	8	-82.267
2.067	5	0	9	-95.4757
2.06707	5	0	5	-94.2006
2.06707	5	0	6	-90.0321
2.06707	5	0	7	-68.4949
2.06707	5	0	8	-82.2925
2.06707	5	0	9	-95.4757
2.07	1	0	3	-80.3503
2.07	1	0	4	-100.156
2.07	3	0	0	-103.662
2.07	3	0	1	-94.7575
2.07	3	0	2	-75.6833
2.07	5	0	5	-94.0141
2.07	5	0	6	-90.3457
2.07	5	0	7	-68.3685
2.07	5	0	8	-82.1688
2.07	5	0	9	-95.4757
2.073	3	0	0	-103.662
2.073	3	0	1	-94.8408
2.073	3	0	2	-75.5412
2.073	5	0	5	-94.2444
2.073	5	0	6	-90.8803
2.073	5	0	7	-68.0013
2.073	5	0	8	-82.2905
2.073	5	0	9	-95.4757
2.07307	5	0	5	-94.2772
2.07307	5	0	6	-90.9096
2.07307	5	0	7	-67.9867
2.07307	5	0	8	-82.2588
2.07307	5	0	9	-95.4757
2.075	1	0	3	-80.7486
2.075	1	0	4	-100.257
2.075	3	0	0	-103.662
2.075	3	0	1	-94.9538
2.075	3	0	2	-75.6718
2.075	5	0	5	-94.5002
2.075	5	0	6	-90.9755
2.075	5	0	7	-68.1357
2.075	5	0	8	-82.1137
2.075	5	0	9	-95.4757
2.079	3	0	0	-103.662
2.079	3	0	1	-94.8172
2.079	3	0	2	-75.2609
2.079	5	0	5	-94.2942
2.079	5	0	6	-91.0049
2.079	5	0	7	-68.1231
2.079	5	0	8	-82.3769
2.079	5	0	9	-95.4757
2.07907	5	0	5	-94.2509
2.07907	5	0	6	-91.0776
2.07907	5	0	7	-68.1161
2.07907	5	0	8	-82.409
2.07907	5	0	9	-95.4757
2.08	1	0	3	-81.0523
2.08	1	0	4	-100.282
2.08	3	0	0	-103.662
2.08	3	0	1	-95.0796
2.08	3	0	2	-75.0509
2.08	5	0	5	-94.3637
2.08	5	0	6	-90.9031
2.08	5	0	7	-67.9538
2.08	5	0	8	-82.4587
2.08	5	0	9	-95.4757
2.085	1	0	3	-81.3441
2.085	1	0	4	-99.9841
2.085	3	0	0	-103.662
2.085	3	0	1	-94.917
2.085	3	0	2	-74.8862
2.085	5	0	5	-93.9027
2.085	5	0	6	-89.4409
2.085	5	0	7	-67.9522
2.085	5	0	8	-82.0914
2.085	5	0	9	-95.4757
2.08507	5	0	5	-94.0538
2.08507	5	0	6	-89.3269
2.08507	5	0	7	-67.9606
2.08507	5	0	8	-82.124
2.08507	5	0	9	-95.4757
2.09	1	0	3	-81.5323
2.09	1	0	4	-100.441
2.09	3	0	0	-103.662
2.09	3	0	1	-94.7461
2.09	3	0	2	-75.395
2.09	5	0	5	-93.9307
2.09	5	0	6	-89.2403
2.09	5	0	7	-68.509
2.09	5	0	8	-81.7304
2.09	5	0	9	-95.4757
2.091	3	0	0	-103.662
2.091	3	0	1	-95.1799
2.091	3	0	2	-75.4346
2.091	5	0	5	-94.041
2.091	5	0	6	-89.4494
2.091	5	0	7	-68.753
2.091	5	0	8	-81.7714
2.091	5	0	9	-95.4757
2.09107	5	0	5	-93.9264
2.09107	5	0	6	-89.4098
2.09107	5	0	7	-68.7394
2.09107	5	0	8	-81.7236
2.09107	5	0	9	-95.4757
2.095	1	0	3	-81.7485
2.095	1	0	4	-99.768
2.095	3	0	0	-103.662
2.095	3	0	1	-95.3922
2.095	3	0	2	-75.8727
2.095	5	0	5	-93.5979
2.095	5	0	6	-89.3816
2.095	5	0	7	-68.9651
2.095	5	0	8	-81.835
2.095	5	0	9	-95.4757
2.097	3	0	0	-103.662
2.097	3	0	1	-95.0766
2.097	3	0	2	-75.773
2.097	5	0	5	-93.4653
2.097	5	0	6	-89.2031
2.097	5	0	7	-68.9657
2.097	5	0	8	-81.9478
2.097	5	0	9	-95.4757
2.09707	5	0	5	-93.4181
2.09707	5	0	6	-89.236
2.09707	5	0	7	-68.9764
2.09707	5	0	8	-81.9537
2.09707	5	0	9	-95.4757
2.098	3	0	0	-103.662
2.098	3	0	1	-95.1101
2.098	3	0	2	-75.8351
2.1	1	0	3	-81.8138
2.1	1	0	4	-99.6647
2.1	3	0	0	-103.662
2.1	3	0	1	-95.5179
2.1	3	0	2	-76.0241
2.1	5	0	5	-93.6524
2.1	5	0	6	-89.6959
2.1	5	0	7	-68.9029
2.1	5	0	8	-81.6106
2.1	5	0	9	-95.4757
2.102	5	0	5	-94.2434
2.102	5	0	6	-89.8863
2.102	5	0	7	-69.0307
2.102	5	0	8	-81.6796
2.102	5	0	9	-95.4757
2.103	3	0	0	-103.662
2.103	3	0	1	-95.5991
2.103	3	0	2	-75.8763
2.103	5	0	5	-93.9432
2.103	5	0	6	-89.9128
2.103	5	0	7	-68.9126
2.103	5	0	8	-81.7567
2.103	5	0	9	-95.4757
2.10307	5	0	5	-93.9056
2.10307	5	0	6	-89.9196
2.10307	5	0	7	-68.9409
2.10307	5	0	8	-81.8206
2.10307	5	0	9	-95.4757
2.105	1	0	3	-81.5428
2.105	1	0	4	-99.3585
2.105	3	0	0	-103.662
2.105	3	0	1	-95.4817
2.105	3	0	2	-76.132
2.105	5	0	5	-93.8175
2.105	5	0	6	-89.7282
2.105	5	0	7	-68.997
2.105	5	0	8	-82.1105
2.105	5	0	9	-95.4757
2.109	3	0	0	-103.662
2.109	3	0	1	-94.9991
2.109	3	0	2	-76.4121
2.109	5	0	5	-94.0765
2.109	5	0	6	-90.1109
2.109	5	0	7	-68.9459
2.109	5	0	8	-82.1756
2.109	5	0	9	-95.4757
2.10907	5	0	5	-93.9862
2.10907	5	0	6	-90.0554
2.10907	5	0	7	-68.9482
2.10907	5	0	8	-82.1698
2.10907	5	0	9	-95.4757
2.11	1	0	3	-81.5364
2.11	1	0	4	-99.1379
2.11	3	0	0	-103.662
2.11	3	0	1	-94.8734
2.11	3	0	2	-76.3236
2.11	5	0	5	-94.087
2.11	5	0	6	-90.172
2.11	5	0	7	-68.9475
2.11	5	0	8	-82.0287
2.11	5	0	9	-95.4757
2.113	3	0	0	-103.662
2.113	3	0	1	-94.6682
2.113	3	0	2	-76.2779
2.115	1	0	3	-80.9568
2.115	1	0	4	-99.6818
2.115	3	0	0	-103.662
2.115	3	0	1	-94.2619
2.115	3	0	2	-76.2395
2.115	5	0	5	-94.7724
2.115	5	0	6	-90.8742
2.115	5	0	7	-68.8503
2.115	5	0	8	-82.0823
2.115	5	0	9	-95.4757
2.116	3	0	0	-103.662
2.116	3	0	1	-94.2742
2.116	3	0	2	-76.3761
2.116	5	0	5	-94.707
2.116	5	0	6	-90.7285
2.116	5	0	7	-68.7617
2.116	5	0	8	-82.055
2.116	5	0	9	-95.4757
2.11607	5	0	5	-94.6971
2.11607	5	0	6	-90.6791
2.11607	5	0	7	-68.7777
2.11607	5	0	8	-82.0362
2.11607	5	0	9	-95.4757
2.119	1	0	3	-81.3361
2.119	1	0	4	-100.113
2.12	1	0	3	-81.4466
2.12	1	0	4	-100.21
2.12	3	0	0	-103.662
2.12	3	0	1	-94.0051
2.12	3	0	2	-76.1729
2.12	5	0	5	-94.4599
2.12	5	0	6	-90.5486
2.12	5	0	7	-69.2775
2.12	5	0	8	-82.2204
2.12	5	0	9	-95.4757
2.121	3	0	0	-103.662
2.121	3	0	1	-93.7266
2.121	3	0	2	-76.1312
2.125	1	0	3	-82.191
2.125	1	0	4	-100.53
2.125	3	0	0	-103.662
2.125	3	0	1	-93.916
2.125	3	0	2	-76.0532
2.125	5	0	5	-93.8749
2.125	5	0	6	-90.9056
2.125	5	0	7	-69.682
2.125	5	0	8	-82.3629
2.125	5	0	9	-95.4757
2.127	3	0	0	-103.662
2.127	3	0	1	-94.2696
2.127	3	0	2	-75.9107
2.127	5	0	5	-94.1161
2.127	5	0	6	-90.802
2.127	5	0	7	-69.9579
2.127	5	0	8	-82.5294
2.127	5	0	9	-95.4757
2.12707	5	0	5	-94.0623
2.12707	5	0	6	-90.784
2.12707	5	0	7	-69.9921
2.12707	5	0	8	-82.4944
2.12707	5	0	9	-95.4757
2.13	1	0	3	-82.4195
2.13	1	0	4	-100.77
2.13	3	0	0	-103.662
2.13	3	0	1	-94.6495
2.13	3	0	2	-75.6116
2.13	5	0	5	-94.0327
2.13	5	0	6	-90.79
2.13	5	0	7	-70.0554
2.13	5	0	8	-82.2188
2.13	5	0	9	-95.4757
2.131	5	0	5	-93.9419
2.131	5	0	6	-90.1957
2.131	5	0	7	-70.0216
2.131	5	0	8	-82.3536
2.131	5	0	9	-95.4757
2.133	3	0	0	-103.662
2.133	3	0	1	-95.1806
2.133	3	0	2	-75.8527
2.133	5	0	5	-93.7531
2.133	5	0	6	-90.0579
2.133	5	0	7	-70.0486
2.133	5	0	8	-82.3889
2.133	5	0	9	-95.4757
2.13307	5	0	5	-93.7195
2.13307	5	0	6	-90.2775
2.13307	5	0	7	-70.0678
2.13307	5	0	8	-82.4111
2.13307	5	0	9	-95.4757
2.134	1	0	3	-82.4114
2.134	1	0	4	-101.167
2.135	1	0	3	-82.5915
2.135	1	0	4	-100.99
2.135	3	0	0	-103.662
2.135	3	0	1	-95.3431
2.135	3	0	2	-75.8763
2.135	5	0	5	-93.3778
2.135	5	0	6	-90.022
2.135	5	0	7	-70.14
2.135	5	0	8	-82.3906
2.135	5	0	9	-95.4757
2.138	5	0	5	-93.693
2.138	5	0	6	-90.1226
2.138	5	0	7	-70.2067
2.138	5	0	8	-82.2255
2.138	5	0	9	-95.4757
2.139	3	0	0	-103.662
2.139	3	0	1	-94.9108
2.139	3	0	2	-75.5109
2.139	5	0	5	-93.3203
2.139	5	0	6	-90.2559
2.139	5	0	7	-70.2982
2.139	5	0	8	-82.2745
2.139	5	0	9	-95.4757
2.13907	5	0	5	-93.3211
2.13907	5	0	6	-90.2769
2.13907	5	0	7	-70.2814
2.13907	5	0	8	-82.2736
2.13907	5	0	9	-95.4757
2.14	1	0	3	-82.183
2.14	1	0	4	-100.713
2.14	3	0	0	-103.662
2.14	3	0	1	-94.7324
2.14	3	0	2	-75.6349
2.14	5	0	5	-93.4695
2.14	5	0	6	-90.1472
2.14	5	0	7	-70.4333
2.14	5	0	8	-82.241
2.14	5	0	9	-95.4757
2.145	1	0	3	-82.3077
2.145	1	0	4	-100.246
2.145	3	0	0	-103.662
2.145	3	0	1	-94.8699
2.145	3	0	2	-76.081
2.145	5	0	5	-93.6677
2.145	5	0	6	-90.6597
2.145	5	0	7	-70.4555
2.145	5	0	8	-82.0281
2.145	5	0	9	-95.4757
2.14507	5	0	5	-93.6939
2.14507	5	0	6	-90.5639
2.14507	5	0	7	-70.513
2.14507	5	0	8	-81.9932
2.14507	5	0	9	-95.4757
