time(s)	cellId	rnti	lcid	packetSize	delay(s)
10.013	1	1	3	58	0.0130286
10.308	3	2	3	58	0.00802856
10.513	1	4	3	58	0.0130286
10.622	3	3	3	1430	0.0145619
10.628	3	3	3	1430	0.0130952
10.634	3	3	3	1430	0.0116286
10.634	3	3	3	1430	0.0041619
10.646	3	3	3	1430	0.00869523
10.653	3	3	3	1430	0.00822856
10.661	3	3	3	1430	0.00876189
10.668	3	3	3	1430	0.00829523
10.676	3	3	3	1430	0.00882856
10.683	3	3	3	1430	0.00836189
10.691	3	3	3	1430	0.0088238
10.698	3	3	3	1430	0.00842856
10.706	3	3	3	1430	0.00889046
10.713	3	3	3	1430	0.00849523
10.721	3	3	3	1430	0.00895713
10.728	3	3	3	1430	0.00856189
10.735	3	3	3	1430	0.00809522
10.743	3	3	3	1430	0.00862856
10.75	3	3	3	1430	0.00816189
10.758	3	3	3	1430	0.00869522
10.765	3	3	3	1430	0.00822856
10.773	3	3	3	1430	0.00876189
10.78	3	3	3	1430	0.00829522
10.788	3	3	3	1430	0.00882856
10.795	3	3	3	1430	0.00836189
10.803	3	3	3	1430	0.00889522
10.81	3	3	3	1430	0.00842855
10.813	1	5	3	58	0.0130286
10.818	3	3	3	1430	0.00896189
10.825	3	3	3	1430	0.00849522
10.833	3	3	3	1430	0.00902855
10.84	3	3	3	1430	0.00849046
10.847	3	3	3	1430	0.00809522
10.853	1	5	3	54	0.0187857
10.855	3	3	3	1430	0.00862855
10.862	3	3	3	1430	0.00816189
10.865	1	5	3	1454	0.0307857
10.866	1	5	3	1454	0.0317857
10.867	1	5	3	1454	0.0327857
10.868	1	5	3	1454	0.0337857
10.87	3	3	3	1430	0.00869522
10.874	1	5	3	1454	0.0397857
10.875	1	5	3	1454	0.0407857
10.876	1	5	3	1454	0.0417857
10.877	3	3	3	1430	0.00822855
10.885	3	3	3	1430	0.00876188
10.892	3	3	3	1430	0.00829522
10.9	3	3	3	1430	0.00882855
10.907	3	3	3	1430	0.00836188
10.915	3	3	3	1430	0.00889522
10.92	1	5	3	1454	0.0307857
10.92	1	5	3	1454	0.0307857
10.92	1	5	3	1454	0.0277857
10.92	1	5	3	1454	0.0277857
10.922	3	3	3	1430	0.00842855
10.924	1	5	3	1454	0.0317857
10.926	1	5	3	1454	0.0337857
10.927	1	5	3	1454	0.0317857
10.93	3	3	3	1430	0.00896188
10.937	3	3	3	1430	0.00849522
10.945	3	3	3	1430	0.00902855
10.952	3	3	3	1430	0.00856188
10.96	3	3	3	1430	0.00909521
10.967	3	3	3	1430	0.00855712
10.974	3	3	3	1430	0.00816188
10.975	1	5	3	1454	0.0296429
10.977	1	5	3	1454	0.0316429
10.982	3	3	3	1430	0.00869521
10.983	1	5	3	1454	0.0376429
10.983	1	5	3	1454	0.0376429
10.985	1	5	3	1454	0.0396429
10.987	1	5	3	1454	0.0416429
10.989	3	3	3	1430	0.00822855
10.997	3	3	3	1430	0.00876188
11.004	3	3	3	1430	0.00829521
11.008	1	6	3	58	0.00795714
11.008	3	5	3	58	0.00802856
11.012	3	3	3	1430	0.00882855
11.019	3	3	3	1430	0.00836188
11.027	3	3	3	1430	0.00889521
11.034	3	3	3	1430	0.00842854
11.042	3	3	3	1430	0.00896188
11.049	3	3	3	1430	0.00849521
11.057	3	3	3	1430	0.00895711
11.064	3	3	3	1430	0.00856188
11.071	3	3	3	1430	0.00809521
11.079	3	3	3	1430	0.00862854
11.086	3	3	3	1430	0.00816188
11.094	3	3	3	1430	0.00869521
11.101	3	3	3	1430	0.00822854
11.108	1	5	3	1454	0.113786
11.109	3	3	3	1430	0.00876187
11.113	1	7	3	58	0.0129571
11.116	3	3	3	1430	0.00829521
11.125	3	3	3	1430	0.00982854
11.131	3	3	3	1430	0.00836187
11.139	3	3	3	1430	0.00889521
11.146	3	3	3	1430	0.00842854
11.154	3	3	3	1430	0.00889044
11.161	3	3	3	1430	0.00849521
11.169	3	3	3	1430	0.00902854
11.176	3	3	3	1430	0.00856187
11.183	3	3	3	1430	0.0080952
11.191	3	3	3	1430	0.00862854
11.198	3	3	3	1430	0.00816187
11.206	3	3	3	1430	0.0086952
11.208	1	5	3	1454	0.207786
11.208	1	5	3	1454	0.201714
11.208	1	5	3	1454	0.201714
11.208	1	5	3	1454	0.0797857
11.208	1	8	3	58	0.00802856
11.213	3	3	3	1430	0.00822854
11.221	3	3	3	1430	0.00876187
11.228	3	3	3	1430	0.0082952
11.236	3	3	3	1430	0.00882854
11.243	3	3	3	1430	0.00836187
11.251	3	3	3	1430	0.00882377
11.253	1	5	3	1454	0.0296429
11.255	1	5	3	1454	0.0316429
11.256	1	5	3	1454	0.0326429
11.257	1	5	3	1454	0.0336429
11.258	3	3	3	1430	0.00842853
11.263	1	5	3	1454	0.0396429
11.264	1	5	3	1454	0.0406429
11.266	3	3	3	1430	0.00889044
11.27	1	5	3	1454	0.0466429
11.273	3	3	3	1430	0.0084952
11.281	3	3	3	1430	0.00902853
11.288	3	3	3	1430	0.00856187
11.295	3	3	3	1430	0.0080952
11.303	3	3	3	1430	0.00862853
11.308	3	6	3	58	0.00802856
11.309	1	5	3	1454	0.0297857
11.31	3	3	3	1430	0.00816187
11.318	3	3	3	1430	0.0086952
11.322	3	6	3	54	0.00878571
11.322	3	6	3	1454	0.00878571
11.322	3	6	3	1454	0.00878571
11.325	3	3	3	1430	0.00822853
11.328	3	6	3	1454	0.0147857
11.328	3	6	3	1454	0.0147857
11.328	3	6	3	1454	0.0147857
11.328	3	6	3	1454	0.0147857
11.328	3	6	3	1454	0.0147857
11.333	3	3	3	1430	0.00876186
11.336	3	6	3	1454	0.00878571
11.336	3	6	3	1454	0.00878571
11.34	3	3	3	1430	0.0082952
11.342	3	6	3	1454	0.00878571
11.342	3	6	3	1454	0.00878571
11.3479	3	3	3	1430	0.00868567
11.348	3	6	3	1454	0.0147857
11.348	3	6	3	1454	0.0147857
11.348	3	6	3	1454	0.0147857
11.348	3	6	3	1454	0.0147857
11.348	3	6	3	1454	0.0147857
11.348	3	6	3	1454	0.00678571
11.354	3	6	3	1454	0.0127857
11.354	3	6	3	1454	0.00678571
11.354	3	6	3	1454	0.00678571
11.355	3	3	3	1430	0.00836186
11.36	3	6	3	1454	0.0127857
11.36	3	6	3	1454	0.00678571
11.363	3	3	3	1430	0.0088952
11.366	3	6	3	1454	0.0127857
11.366	3	6	3	1454	0.0127857
11.366	3	6	3	1454	0.0127857
11.366	3	6	3	1454	0.0127857
11.366	3	6	3	1454	0.0127857
11.366	3	6	3	1454	0.00678571
11.37	3	3	3	1430	0.00842853
11.372	3	6	3	1454	0.0127857
11.372	3	6	3	1454	0.00678571
11.378	3	3	3	1430	0.00896186
11.38	3	6	3	1454	0.00878571
11.38	3	6	3	1454	0.00878571
11.385	3	3	3	1430	0.0084952
11.386	3	6	3	1454	0.0147857
11.386	3	6	3	1454	0.0147857
11.386	3	6	3	1454	0.0147857
11.392	3	6	3	1454	0.0147857
11.392	3	6	3	1454	0.0147857
11.392	3	6	3	1454	0.0147857
11.392	3	6	3	1454	0.0147857
11.392	3	6	3	1454	0.00678571
11.392	3	6	3	1454	0.00678571
11.393	3	3	3	1430	0.00902853
11.3999	3	3	3	1430	0.00841901
11.4	3	6	3	1454	0.00871428
11.4	3	6	3	1454	0.00871428
11.405	3	6	3	1454	0.0137857
11.405	3	6	3	1454	0.00778571
11.405	3	6	3	1454	0.00778571
11.407	3	3	3	1430	0.00809519
11.411	3	6	3	1454	0.0137143
11.411	3	6	3	1454	0.0137143
11.411	3	6	3	1454	0.00671428
11.415	3	3	3	1430	0.00862853
11.416	3	6	3	1454	0.0117857
11.416	3	6	3	1454	0.0117857
11.416	3	6	3	1454	0.00578571
11.422	3	3	3	1430	0.00809043
11.422	3	6	3	1454	0.0117857
11.422	3	6	3	1454	0.00678571
11.428	3	6	3	1454	0.0127857
11.428	3	6	3	1454	0.0127857
11.428	3	6	3	1454	0.0127857
11.43	3	3	3	1430	0.00869519
11.434	3	6	3	1454	0.0127857
11.434	3	6	3	1454	0.0127857
11.434	3	6	3	1454	0.00678571
11.437	3	3	3	1430	0.00822853
11.44	3	6	3	1454	0.0127857
11.44	3	6	3	1454	0.00678571
11.44	3	6	3	1454	0.00678571
11.445	3	3	3	1430	0.00876186
11.446	3	6	3	1454	0.0127857
11.446	3	6	3	1454	0.0127857
11.452	3	3	3	1430	0.00822376
11.452	3	6	3	1454	0.0127857
11.452	3	6	3	1454	0.0127857
11.452	3	6	3	1454	0.00678571
11.458	3	6	3	1454	0.0127857
11.458	3	6	3	1454	0.0127857
11.458	3	6	3	1454	0.0127857
11.46	3	3	3	1430	0.00882853
11.464	3	6	3	1454	0.0127857
11.464	3	6	3	1454	0.0127857
11.464	3	6	3	1454	0.00678571
11.467	3	3	3	1430	0.00836186
11.47	3	6	3	1454	0.0127857
11.47	3	6	3	1454	0.00678571
11.475	3	3	3	1430	0.00889519
11.476	3	6	3	1454	0.0127857
11.476	3	6	3	1454	0.0127857
11.476	3	6	3	1454	0.0127857
11.482	3	3	3	1430	0.0083571
11.482	3	6	3	1454	0.0127857
11.482	3	6	3	1454	0.0127857
11.482	3	6	3	1454	0.0127857
11.488	3	6	3	1454	0.0127857
11.488	3	6	3	1454	0.0127857
11.488	3	6	3	1454	0.00678571
11.49	3	3	3	1430	0.00896186
11.494	3	6	3	1454	0.0127857
11.494	3	6	3	1454	0.0127857
11.494	3	6	3	1454	0.0127857
11.494	3	6	3	1454	0.00678571
11.494	3	6	3	1454	0.00678571
11.497	3	3	3	1430	0.00849519
11.502	3	6	3	1454	0.00878571
11.502	3	6	3	1454	0.00878571
11.505	3	3	3	1430	0.00902852
11.508	3	6	3	1454	0.0147857
11.508	3	6	3	1454	0.0147857
11.508	3	6	3	1454	0.00878571
11.512	3	3	3	1430	0.00856186
11.514	3	6	3	1454	0.0147857
11.514	3	6	3	1454	0.0147857
11.514	3	6	3	1454	0.0147857
11.514	3	6	3	1454	0.0147857
11.514	3	6	3	1454	0.00678571
11.514	3	6	3	1454	0.00678571
11.52	3	3	3	1430	0.00909519
11.522	3	6	3	1454	0.00878571
11.522	3	6	3	1454	0.00878571
11.527	3	3	3	1430	0.00855709
11.528	3	6	3	1454	0.0147857
11.528	3	6	3	1454	0.0147857
11.528	3	6	3	1454	0.00878571
11.5339	3	3	3	1430	0.008019
11.534	3	6	3	1454	0.0147857
11.534	3	6	3	1454	0.0147857
11.534	3	6	3	1454	0.0147857
11.534	3	6	3	1454	0.0147857
11.534	3	6	3	1454	0.00678571
11.534	3	6	3	1454	0.00678571
11.542	3	3	3	1430	0.00862376
11.542	3	6	3	1454	0.00878571
11.542	3	6	3	1454	0.00878571
11.548	3	6	3	1454	0.00878571
11.548	3	6	3	1454	0.00878571
11.549	3	3	3	1430	0.00822852
11.554	3	6	3	1454	0.0147143
11.554	3	6	3	1454	0.0147143
11.554	3	6	3	1454	0.0147143
11.554	3	6	3	1454	0.0147143
11.554	3	6	3	1454	0.0147143
11.554	3	6	3	1454	0.00671428
11.557	3	3	3	1430	0.00876185
11.559	3	6	3	1454	0.0117857
11.559	3	6	3	1454	0.00578571
11.559	3	6	3	1454	0.00578571
11.564	3	3	3	1430	0.00829519
11.565	3	6	3	1454	0.0117857
11.565	3	6	3	1454	0.00678571
11.571	3	6	3	1454	0.0127143
11.571	3	6	3	1454	0.0127143
11.571	3	6	3	1454	0.0127143
11.571	3	6	3	1454	0.0127143
11.571	3	6	3	1454	0.00671428
11.571	3	6	3	1454	0.00671428
11.572	3	3	3	1430	0.00882852
11.576	3	6	3	1454	0.0117857
11.579	3	3	3	1430	0.00836185
11.584	3	6	3	1454	0.00878571
11.584	3	6	3	1454	0.00878571
11.587	3	3	3	1430	0.00889519
11.59	3	6	3	1454	0.0147857
11.59	3	6	3	1454	0.0147857
11.59	3	6	3	1454	0.0147857
11.59	3	6	3	1454	0.0147857
11.59	3	6	3	1454	0.00878571
11.59	3	6	3	1454	0.00878571
11.594	3	3	3	1430	0.00842852
11.598	3	6	3	1454	0.00878571
11.602	3	3	3	1430	0.00896185
11.604	3	6	3	1454	0.00878571
11.604	3	6	3	1454	0.00878571
11.609	3	3	3	1430	0.00849456
11.61	3	6	3	1454	0.0147857
11.61	3	6	3	1454	0.0147857
11.61	3	6	3	1454	0.0147857
11.61	3	6	3	1454	0.0147857
11.61	3	6	3	1454	0.00678571
11.61	3	6	3	1454	0.00678571
11.617	3	3	3	1430	0.00895647
11.618	3	6	3	1454	0.00878571
11.618	3	6	3	1454	0.00878571
11.624	3	3	3	1430	0.0084898
11.624	3	6	3	1454	0.00878571
11.624	3	6	3	1454	0.00878571
11.63	3	6	3	1454	0.0147857
11.63	3	6	3	1454	0.0147857
11.63	3	6	3	1454	0.0147857
11.63	3	6	3	1454	0.0147857
11.63	3	6	3	1454	0.00678571
11.63	3	6	3	1454	0.00678571
11.631	3	3	3	1430	0.00809456
11.638	3	6	3	1454	0.00878571
11.638	3	6	3	1454	0.00878571
11.639	3	3	3	1430	0.0086279
11.644	3	6	3	1454	0.00878571
11.644	3	6	3	1454	0.00878571
11.646	3	3	3	1430	0.00816123
11.65	3	6	3	1454	0.0147857
11.65	3	6	3	1454	0.0147857
11.65	3	6	3	1454	0.0147857
11.65	3	6	3	1454	0.0147857
11.65	3	6	3	1454	0.00678571
11.65	3	6	3	1454	0.00678571
11.654	3	3	3	1430	0.00869456
11.656	3	6	3	1454	0.0127857
11.656	3	6	3	1454	0.00678571
11.656	3	6	3	1454	0.00678571
11.661	3	3	3	1430	0.00822789
11.664	3	6	3	1454	0.00878571
11.664	3	6	3	1454	0.00878571
11.669	3	3	3	1430	0.00876123
11.67	3	6	3	1454	0.0147857
11.67	3	6	3	1454	0.0147857
11.67	3	6	3	1454	0.0147857
11.67	3	6	3	1454	0.0147857
11.67	3	6	3	1454	0.00878571
11.67	3	6	3	1454	0.00878571
11.676	3	3	3	1430	0.00829456
11.678	3	6	3	1454	0.00878571
11.678	3	6	3	1454	0.00878571
11.684	3	6	3	1454	0.00878571
11.684	3	6	3	1454	0.00878571
11.685	3	3	3	1430	0.00982789
11.69	3	6	3	1454	0.0147857
11.69	3	6	3	1454	0.0147857
11.69	3	6	3	1454	0.0147857
11.69	3	6	3	1454	0.0147857
11.69	3	6	3	1454	0.0147857
11.69	3	6	3	1454	0.00678571
11.691	3	3	3	1430	0.00836123
11.696	3	6	3	1454	0.0127857
11.696	3	6	3	1454	0.00678571
11.696	3	6	3	1454	0.00678571
11.699	3	3	3	1430	0.00889456
11.704	3	6	3	1454	0.00878571
11.704	3	6	3	1454	0.00878571
11.706	3	3	3	1430	0.00842789
11.71	3	6	3	1454	0.0147857
11.71	3	6	3	1454	0.0147857
11.71	3	6	3	1454	0.0147857
11.71	3	6	3	1454	0.0147857
11.71	3	6	3	1454	0.00878571
11.71	3	6	3	1454	0.00878571
11.714	3	3	3	1430	0.0088898
11.716	3	6	3	1454	0.0147857
11.716	3	6	3	1454	0.00678571
11.716	3	6	3	1454	0.00678571
11.721	3	3	3	1430	0.00849456
11.722	3	6	3	1454	0.0127857
11.722	3	6	3	1454	0.00678571
11.728	3	6	3	1454	0.0127857
11.728	3	6	3	1454	0.0127857
11.728	3	6	3	1454	0.0127857
11.728	3	6	3	1454	0.0127857
11.728	3	6	3	1454	0.0127857
11.728	3	6	3	1454	0.00678571
11.729	3	3	3	1430	0.00902789
11.734	3	6	3	1454	0.0127857
11.734	3	6	3	1454	0.00678571
11.734	3	6	3	1454	0.00678571
11.736	3	3	3	1430	0.00856122
11.74	3	6	3	1454	0.0127857
11.74	3	6	3	1454	0.00678571
11.743	3	3	3	1430	0.00809456
11.746	3	6	3	1454	0.0127143
11.746	3	6	3	1454	0.0127143
11.746	3	6	3	1454	0.0127143
11.746	3	6	3	1454	0.0127143
11.746	3	6	3	1454	0.0127143
11.746	3	6	3	1454	0.00671428
11.751	3	3	3	1430	0.00855646
11.751	3	6	3	1454	0.0117857
11.751	3	6	3	1454	0.00578571
11.751	3	6	3	1454	0.00578571
11.758	3	3	3	1430	0.00816122
11.759	3	6	3	1454	0.00871428
11.759	3	6	3	1454	0.00871428
11.764	3	6	3	1454	0.0137857
11.764	3	6	3	1454	0.00778571
11.764	3	6	3	1454	0.00778571
11.766	3	3	3	1430	0.00869456
11.77	3	6	3	1454	0.0137857
11.77	3	6	3	1454	0.0137857
11.77	3	6	3	1454	0.0137857
11.773	3	3	3	1430	0.00822789
11.776	3	6	3	1454	0.0127857
11.776	3	6	3	1454	0.0127857
11.776	3	6	3	1454	0.00678571
11.781	3	3	3	1430	0.00876122
11.782	3	6	3	1454	0.0127857
11.782	3	6	3	1454	0.0127857
11.782	3	6	3	1454	0.0127857
11.782	3	6	3	1454	0.00678571
11.788	3	3	3	1430	0.00829456
11.79	3	6	3	1454	0.00878571
11.79	3	6	3	1454	0.00878571
11.796	3	3	3	1430	0.00875646
11.796	3	6	3	1454	0.00878571
11.796	3	6	3	1454	0.00878571
11.802	3	6	3	1454	0.0147857
11.802	3	6	3	1454	0.0147857
11.802	3	6	3	1454	0.00678571
11.803	3	3	3	1430	0.00836122
11.808	3	6	3	1454	0.0127857
11.808	3	6	3	1454	0.00678571
11.808	3	6	3	1454	0.00678571
11.811	3	3	3	1430	0.00882313
11.816	3	6	3	1454	0.00878571
11.816	3	6	3	1454	0.00878571
11.818	3	3	3	1430	0.00842789
11.822	3	6	3	1454	0.00878571
11.822	3	6	3	1454	0.00878571
11.826	3	3	3	1430	0.00888979
11.828	3	6	3	1454	0.0147857
11.828	3	6	3	1454	0.0147857
11.828	3	6	3	1454	0.00678571
11.833	3	3	3	1430	0.00849455
11.834	3	6	3	1454	0.0127857
11.834	3	6	3	1454	0.00678571
11.834	3	6	3	1454	0.00678571
11.841	3	3	3	1430	0.00902789
11.842	3	6	3	1454	0.00878571
11.842	3	6	3	1454	0.00878571
11.848	3	3	3	1430	0.00848979
11.848	3	6	3	1454	0.0147857
11.848	3	6	3	1454	0.00878571
11.848	3	6	3	1454	0.00878571
11.854	3	6	3	1454	0.0147857
11.854	3	6	3	1454	0.0147857
11.854	3	6	3	1454	0.00678571
11.855	3	3	3	1430	0.00809455
11.86	3	6	3	1454	0.0127857
11.86	3	6	3	1454	0.00678571
11.86	3	6	3	1454	0.00678571
11.863	3	3	3	1430	0.00862789
11.868	3	6	3	1454	0.00878571
11.868	3	6	3	1454	0.00878571
11.87	3	3	3	1430	0.00816122
11.874	3	6	3	1454	0.0147143
11.874	3	6	3	1454	0.0147143
11.874	3	6	3	1454	0.00871428
11.878	3	3	3	1430	0.00869455
11.879	3	6	3	1454	0.0137857
11.879	3	6	3	1454	0.0137857
11.879	3	6	3	1454	0.00578571
11.885	3	3	3	1430	0.00815646
11.885	3	6	3	1454	0.0117857
11.885	3	6	3	1454	0.00678571
11.885	3	6	3	1454	0.00678571
11.891	3	6	3	1454	0.0127143
11.891	3	6	3	1454	0.0127143
11.893	3	3	3	1430	0.00876122
11.896	3	6	3	1454	0.0117857
11.896	3	6	3	1454	0.0117857
11.896	3	6	3	1454	0.00578571
11.9	3	3	3	1430	0.00829455
11.902	3	6	3	1454	0.0117857
11.902	3	6	3	1454	0.0117857
11.902	3	6	3	1454	0.0117857
11.908	3	3	3	1430	0.00875645
11.908	3	6	3	1454	0.0127857
11.908	3	6	3	1454	0.0127857
11.908	3	6	3	1454	0.0127857
11.914	3	6	3	1454	0.0127857
11.914	3	6	3	1454	0.0127857
11.915	3	3	3	1430	0.00836122
11.92	3	6	3	1454	0.0127857
11.92	3	6	3	1454	0.0127857
11.92	3	6	3	1454	0.0127857
11.92	3	6	3	1454	0.0127857
11.92	3	6	3	1454	0.00678571
11.92	3	6	3	1454	0.00678571
11.923	3	3	3	1430	0.00889455
11.928	3	6	3	1454	0.00878571
11.928	3	6	3	1454	0.00878571
11.93	3	3	3	1430	0.00842788
11.934	3	6	3	1454	0.00878571
11.934	3	6	3	1454	0.00878571
11.938	3	3	3	1430	0.00896121
11.94	3	6	3	1454	0.0147857
11.94	3	6	3	1454	0.0147857
11.94	3	6	3	1454	0.0147857
11.94	3	6	3	1454	0.0147857
11.94	3	6	3	1454	0.0147857
11.94	3	6	3	1454	0.00678571
11.945	3	3	3	1430	0.00849455
11.946	3	6	3	1454	0.0127857
11.946	3	6	3	1454	0.00678571
11.946	3	6	3	1454	0.00678571
11.953	3	3	3	1430	0.00902788
11.954	3	6	3	1454	0.00871428
11.954	3	6	3	1454	0.00871428
11.959	3	6	3	1454	0.0137857
11.959	3	6	3	1454	0.0137857
11.959	3	6	3	1454	0.0137857
11.959	3	6	3	1454	0.0137857
11.959	3	6	3	1454	0.00778571
11.959	3	6	3	1454	0.00778571
11.96	3	3	3	1430	0.00848979
11.965	3	6	3	1454	0.0137857
11.965	3	6	3	1454	0.00678571
11.965	3	6	3	1454	0.00678571
11.967	3	3	3	1430	0.00809455
11.973	3	6	3	1454	0.00878571
11.973	3	6	3	1454	0.00878571
11.975	3	3	3	1430	0.00862788
11.979	3	6	3	1454	0.0147857
11.979	3	6	3	1454	0.0147857
11.979	3	6	3	1454	0.0147857
11.979	3	6	3	1454	0.0147857
11.979	3	6	3	1454	0.0147857
11.979	3	6	3	1454	0.00878571
11.982	3	3	3	1430	0.00816121
11.985	3	6	3	1454	0.0147857
11.985	3	6	3	1454	0.00678571
11.985	3	6	3	1454	0.00678571
11.99	3	3	3	1430	0.00869455
11.991	3	6	3	1454	0.0127857
11.991	3	6	3	1454	0.00678571
11.9969	3	3	3	1430	0.00808502
11.997	3	6	3	1454	0.0127857
11.997	3	6	3	1454	0.0127857
11.997	3	6	3	1454	0.0127857
11.997	3	6	3	1454	0.0127857
11.997	3	6	3	1454	0.0127857
11.997	3	6	3	1454	0.00678571
12.003	3	6	3	1454	0.0127857
12.003	3	6	3	1454	0.00678571
12.003	3	6	3	1454	0.00678571
12.005	3	3	3	1430	0.00876121
12.011	3	6	3	1454	0.00878571
12.011	3	6	3	1454	0.00878571
12.012	3	3	3	1430	0.00829455
12.018	3	6	3	1454	0.0157857
12.018	3	6	3	1454	0.00978571
12.018	3	6	3	1454	0.00978571
12.02	3	3	3	1430	0.00882788
12.024	3	6	3	1454	0.0157857
12.024	3	6	3	1454	0.0157857
12.024	3	6	3	1454	0.0157857
12.027	3	3	3	1430	0.00836121
12.03	3	6	3	1454	0.0137857
12.03	3	6	3	1454	0.0137857
12.03	3	6	3	1454	0.00678571
12.035	3	3	3	1430	0.00889454
12.036	1	5	3	1454	0.0297143
12.036	3	6	3	1454	0.0127857
12.036	3	6	3	1454	0.0127857
12.036	3	6	3	1454	0.0127857
12.036	3	6	3	1454	0.00678571
12.042	3	3	3	1430	0.00842788
12.044	3	6	3	1454	0.00878571
12.044	3	6	3	1454	0.00878571
12.05	3	3	3	1430	0.00888978
12.05	3	6	3	1454	0.00878571
12.05	3	6	3	1454	0.00878571
12.056	3	6	3	1454	0.0147857
12.056	3	6	3	1454	0.0147857
12.056	3	6	3	1454	0.00678571
12.057	3	3	3	1430	0.00849454
12.062	3	6	3	1454	0.0127857
12.062	3	6	3	1454	0.00678571
12.062	3	6	3	1454	0.00678571
12.065	3	3	3	1430	0.00902788
12.07	3	6	3	1454	0.00878571
12.07	3	6	3	1454	0.00878571
12.072	3	3	3	1430	0.00856121
12.076	3	6	3	1454	0.00878571
12.076	3	6	3	1454	0.00878571
12.08	3	3	3	1430	0.00909454
12.082	3	6	3	1454	0.0147857
12.082	3	6	3	1454	0.0147857
12.082	3	6	3	1454	0.00678571
12.086	1	5	3	1454	0.0297857
12.086	1	5	3	1454	0.0297857
12.087	3	3	3	1430	0.00855645
12.088	3	6	3	1454	0.0127857
12.088	3	6	3	1454	0.00678571
12.088	3	6	3	1454	0.00678571
12.094	3	3	3	1430	0.00816121
12.096	3	6	3	1454	0.00878571
12.096	3	6	3	1454	0.00878571
12.102	3	3	3	1430	0.00862311
12.102	3	6	3	1454	0.0147857
12.102	3	6	3	1454	0.00878571
12.102	3	6	3	1454	0.00878571
12.108	3	6	3	1454	0.0147857
12.108	3	6	3	1454	0.0147857
12.108	3	6	3	1454	0.00678571
12.109	3	3	3	1430	0.00822787
12.114	3	6	3	1454	0.0127143
12.114	3	6	3	1454	0.00671428
12.114	3	6	3	1454	0.00671428
12.117	3	3	3	1430	0.00876121
12.122	3	6	3	1454	0.00878571
12.122	3	6	3	1454	0.00878571
12.124	3	3	3	1430	0.00829454
12.126	1	5	3	1454	0.0247143
12.128	1	5	3	1454	0.0267143
12.128	3	6	3	1454	0.0147857
12.128	3	6	3	1454	0.0147857
12.128	3	6	3	1454	0.00978571
12.128	3	6	3	1454	0.00978571
12.128	3	6	3	1454	0.00978571
12.129	1	5	3	1454	0.0277143
12.13	1	5	3	1454	0.0287143
12.132	3	3	3	1430	0.00882787
12.136	3	6	3	1454	0.00878571
12.136	3	6	3	1454	0.00878571
12.139	3	3	3	1430	0.00836121
12.142	3	6	3	1454	0.00878571
12.142	3	6	3	1454	0.00878571
12.147	3	3	3	1430	0.00889454
12.148	3	6	3	1454	0.0147857
12.148	3	6	3	1454	0.0147857
12.148	3	6	3	1454	0.0147857
12.148	3	6	3	1454	0.0147857
12.148	3	6	3	1454	0.00678571
12.148	3	6	3	1454	0.00678571
12.154	3	3	3	1430	0.00842787
12.156	3	6	3	1454	0.00878571
12.156	3	6	3	1454	0.00878571
12.162	3	3	3	1430	0.00888978
12.162	3	6	3	1454	0.00878571
12.162	3	6	3	1454	0.00878571
12.168	3	6	3	1454	0.0147857
12.168	3	6	3	1454	0.0147857
12.168	3	6	3	1454	0.0147857
12.168	3	6	3	1454	0.0147857
12.168	3	6	3	1454	0.0147857
12.168	3	6	3	1454	0.00678571
12.169	3	3	3	1430	0.00849454
12.174	3	6	3	1454	0.0127857
12.174	3	6	3	1454	0.00678571
12.174	3	6	3	1454	0.00678571
12.176	1	5	3	1454	0.0297857
12.177	3	3	3	1430	0.00895644
12.178	1	5	3	1454	0.0317857
12.179	1	5	3	1454	0.0297857
12.181	1	5	3	1454	0.0317857
12.182	3	6	3	1454	0.00878571
12.182	3	6	3	1454	0.00878571
12.184	3	3	3	1430	0.0085612
12.185	1	5	3	1454	0.0357857
12.188	3	6	3	1454	0.0147857
12.188	3	6	3	1454	0.0147857
12.188	3	6	3	1454	0.0147857
12.188	3	6	3	1454	0.0147857
12.188	3	6	3	1454	0.00878571
12.188	3	6	3	1454	0.00878571
12.191	3	3	3	1430	0.00809454
12.194	3	6	3	1454	0.0147143
12.194	3	6	3	1454	0.00671428
12.194	3	6	3	1454	0.00671428
12.199	3	3	3	1430	0.00862787
12.202	3	6	3	1454	0.00878571
12.202	3	6	3	1454	0.00878571
12.206	3	3	3	1430	0.0081612
12.208	3	6	3	1454	0.0147857
12.208	3	6	3	1454	0.0147857
12.208	3	6	3	1454	0.0147857
12.208	3	6	3	1454	0.0147857
12.208	3	6	3	1454	0.00978571
12.214	3	3	3	1430	0.00869454
12.216	3	6	3	1454	0.00878571
12.216	3	6	3	1454	0.00878571
12.221	3	3	3	1430	0.00822787
12.222	3	6	3	1454	0.00878571
12.222	3	6	3	1454	0.00878571
12.226	1	5	3	1454	0.0297857
12.228	1	5	3	1454	0.0317857
12.228	3	6	3	1454	0.0147857
12.228	3	6	3	1454	0.0147857
12.228	3	6	3	1454	0.0147857
12.229	3	3	3	1430	0.0087612
12.23	1	5	3	1454	0.0337857
12.234	3	6	3	1454	0.0127857
12.234	3	6	3	1454	0.0127857
12.234	3	6	3	1454	0.0127857
12.236	3	3	3	1430	0.00829454
12.24	3	6	3	1454	0.0127857
12.24	3	6	3	1454	0.00678571
12.24	3	6	3	1454	0.00678571
12.245	3	3	3	1430	0.00982787
12.246	3	6	3	1454	0.0127857
12.246	3	6	3	1454	0.00678571
12.251	3	3	3	1430	0.0083612
12.252	3	6	3	1454	0.0127857
12.252	3	6	3	1454	0.0127857
12.252	3	6	3	1454	0.00678571
12.258	3	6	3	1454	0.0127857
12.258	3	6	3	1454	0.0127857
12.258	3	6	3	1454	0.0127857
12.259	3	3	3	1430	0.00889453
12.264	3	6	3	1454	0.0127857
12.264	3	6	3	1454	0.0127857
12.264	3	6	3	1454	0.00678571
12.266	3	3	3	1430	0.00842787
12.27	3	6	3	1454	0.0127857
12.27	3	6	3	1454	0.00678571
12.274	3	3	3	1430	0.00888977
12.276	3	6	3	1454	0.0127857
12.276	3	6	3	1454	0.0127857
12.276	3	6	3	1454	0.0127857
12.281	3	3	3	1430	0.00849453
12.282	3	6	3	1454	0.0127857
12.282	3	6	3	1454	0.0127857
12.282	3	6	3	1454	0.00678571
12.288	3	6	3	1454	0.0127857
12.288	3	6	3	1454	0.00678571
12.288	3	6	3	1454	0.00678571
12.289	3	3	3	1430	0.00902787
12.294	3	6	3	1454	0.0127857
12.294	3	6	3	1454	0.0127857
12.296	3	3	3	1430	0.0085612
12.3	3	6	3	1454	0.0127857
12.3	3	6	3	1454	0.0127857
12.3	3	6	3	1454	0.00678571
12.303	3	3	3	1430	0.00809453
12.306	3	6	3	1454	0.0127143
12.306	3	6	3	1454	0.0127143
12.306	3	6	3	1454	0.0127143
12.306	3	6	3	1454	0.0127143
12.306	3	6	3	1454	0.00671428
12.306	3	6	3	1454	0.00671428
12.311	3	3	3	1430	0.00862787
12.314	3	6	3	1454	0.00878571
12.314	3	6	3	1454	0.00878571
12.318	3	3	3	1430	0.0081612
12.32	3	6	3	1454	0.00978571
12.32	3	6	3	1454	0.00978571
12.32	3	6	3	1454	0.00978571
12.32	3	6	3	1454	0.00978571
12.32	3	6	3	1454	0.00978571
12.326	3	3	3	1430	0.00869453
12.328	3	6	3	1454	0.00878571
12.328	3	6	3	1454	0.00878571
12.333	3	3	3	1430	0.00822786
12.334	1	5	3	1454	0.137786
12.334	1	5	3	1454	0.128786
12.334	1	5	3	1454	0.0837857
12.334	1	5	3	1454	0.0837857
12.334	3	6	3	1454	0.00878571
12.334	3	6	3	1454	0.00878571
12.34	3	6	3	1454	0.0147857
12.34	3	6	3	1454	0.0147857
12.34	3	6	3	1454	0.0147857
12.34	3	6	3	1454	0.0147857
12.34	3	6	3	1454	0.0147857
12.34	3	6	3	1454	0.00678571
12.341	3	3	3	1430	0.0087612
12.346	3	6	3	1454	0.0127857
12.346	3	6	3	1454	0.00678571
12.346	3	6	3	1454	0.00678571
12.348	3	3	3	1430	0.00829453
12.352	3	6	3	1454	0.0127857
12.352	3	6	3	1454	0.00678571
12.356	3	3	3	1430	0.00882786
12.358	3	6	3	1454	0.0127857
12.358	3	6	3	1454	0.0127857
12.358	3	6	3	1454	0.0127857
12.358	3	6	3	1454	0.0127857
12.358	3	6	3	1454	0.0127857
12.358	3	6	3	1454	0.00678571
12.363	3	3	3	1430	0.0083612
12.371	3	3	3	1430	0.0088231
12.372	3	6	3	1454	0.00878571
12.372	3	6	3	1454	0.00878571
12.3779	3	3	3	1430	0.00828501
12.378	3	6	3	1454	0.0147857
12.378	3	6	3	1454	0.0147857
12.378	3	6	3	1454	0.0147857
12.378	3	6	3	1454	0.0147857
12.378	3	6	3	1454	0.0147857
12.3859	3	3	3	1430	0.00881834
12.386	3	6	3	1454	0.00871428
12.386	3	6	3	1454	0.00871428
12.39	1	5	3	1454	0.0356429
12.39	1	5	3	1454	0.0356429
12.392	1	5	3	1454	0.0376429
12.392	1	5	3	1454	0.0376429
12.392	3	6	3	1454	0.00878571
12.392	3	6	3	1454	0.00878571
12.393	3	3	3	1430	0.00849453
12.398	3	6	3	1454	0.0147857
12.398	3	6	3	1454	0.0147857
12.398	3	6	3	1454	0.0147857
12.398	3	6	3	1454	0.0147857
12.398	3	6	3	1454	0.00778571
12.401	3	3	3	1430	0.00902786
12.406	3	6	3	1454	0.00878571
12.408	3	3	3	1430	0.00856119
12.412	3	6	3	1454	0.00878571
12.412	3	6	3	1454	0.00878571
12.415	3	3	3	1430	0.00809453
12.418	3	6	3	1454	0.0147857
12.418	3	6	3	1454	0.0147857
12.418	3	6	3	1454	0.00678571
12.423	3	3	3	1430	0.00862786
12.424	3	6	3	1454	0.0127857
12.424	3	6	3	1454	0.00678571
12.424	3	6	3	1454	0.00678571
12.43	3	3	3	1430	0.00816119
12.432	3	6	3	1454	0.00878571
12.432	3	6	3	1454	0.00878571
12.438	3	3	3	1430	0.0086231
12.438	3	6	3	1454	0.0147857
12.438	3	6	3	1454	0.00878571
12.438	3	6	3	1454	0.00878571
12.44	1	5	3	1454	0.0297143
12.444	3	6	3	1454	0.0147857
12.444	3	6	3	1454	0.0147857
12.444	3	6	3	1454	0.00678571
12.445	3	3	3	1430	0.00822786
12.447	1	5	3	1454	0.0367143
12.448	1	5	3	1454	0.0377143
12.449	1	5	3	1454	0.0387143
12.45	1	5	3	1454	0.0397143
12.45	3	6	3	1454	0.0127857
12.45	3	6	3	1454	0.00678571
12.45	3	6	3	1454	0.00678571
12.453	3	3	3	1430	0.00876119
12.458	3	6	3	1454	0.00878571
12.458	3	6	3	1454	0.00878571
12.46	3	3	3	1430	0.00829453
12.464	3	6	3	1454	0.0147857
12.464	3	6	3	1454	0.0147857
12.464	3	6	3	1454	0.0147857
12.468	3	3	3	1430	0.00882786
12.47	3	6	3	1454	0.0147857
12.47	3	6	3	1454	0.0147857
12.47	3	6	3	1454	0.00678571
12.474	1	5	3	1454	0.0187857
12.475	3	3	3	1430	0.00836119
12.476	3	6	3	1454	0.0127857
12.476	3	6	3	1454	0.00678571
12.476	3	6	3	1454	0.00678571
12.482	3	6	3	1454	0.0127857
12.482	3	6	3	1454	0.0127857
12.483	3	3	3	1430	0.00889452
12.488	1	5	3	1454	0.0207857
12.488	3	6	3	1454	0.0127857
12.488	3	6	3	1454	0.0127857
12.488	3	6	3	1454	0.00678571
12.49	1	5	3	1454	0.0227857
12.49	3	3	3	1430	0.00842786
12.492	1	5	3	1454	0.0227857
12.494	3	6	3	1454	0.0127857
12.494	3	6	3	1454	0.0127857
12.494	3	6	3	1454	0.0127857
12.496	1	5	3	1454	0.0267857
12.498	3	3	3	1430	0.00896119
12.5	3	6	3	1454	0.0127857
12.5	3	6	3	1454	0.0127857
12.5	3	6	3	1454	0.0127857
12.505	3	3	3	1430	0.00849452
12.506	3	6	3	1454	0.0127857
12.506	3	6	3	1454	0.0127857
12.512	3	6	3	1454	0.0127857
12.512	3	6	3	1454	0.0127857
12.512	3	6	3	1454	0.0127857
12.512	3	6	3	1454	0.0127857
12.512	3	6	3	1454	0.00678571
12.512	3	6	3	1454	0.00678571
12.513	3	3	3	1430	0.00902786
12.514	1	5	3	1454	0.0157857
12.516	1	5	3	1454	0.0177857
12.5199	3	3	3	1430	0.00841833
12.52	3	6	3	1454	0.00871428
12.52	3	6	3	1454	0.00871428
12.526	3	6	3	1454	0.00878571
12.526	3	6	3	1454	0.00878571
12.527	3	3	3	1430	0.00809452
12.531	1	5	3	1454	0.0197857
12.531	1	5	3	1454	0.0197857
12.532	3	6	3	1454	0.0147857
12.532	3	6	3	1454	0.0147857
12.532	3	6	3	1454	0.0147857
12.532	3	6	3	1454	0.0147857
12.532	3	6	3	1454	0.0147857
12.532	3	6	3	1454	0.00778571
12.535	3	3	3	1430	0.00862786
12.538	3	6	3	1454	0.0137857
12.538	3	6	3	1454	0.00678571
12.538	3	6	3	1454	0.00678571
12.542	3	3	3	1430	0.00816119
12.543	1	5	3	1454	0.0197857
12.546	3	6	3	1454	0.00871428
12.546	3	6	3	1454	0.00871428
12.55	3	3	3	1430	0.00869452
12.551	3	6	3	1454	0.0137857
12.551	3	6	3	1454	0.0137857
12.551	3	6	3	1454	0.0137857
12.551	3	6	3	1454	0.0137857
12.551	3	6	3	1454	0.00778571
12.551	3	6	3	1454	0.00778571
12.557	3	3	3	1430	0.00815643
12.557	3	6	3	1454	0.0137857
12.557	3	6	3	1454	0.00678571
12.557	3	6	3	1454	0.00678571
12.565	3	3	3	1430	0.00868976
12.565	3	6	3	1454	0.00878571
12.565	3	6	3	1454	0.00878571
12.571	3	6	3	1454	0.0147857
12.571	3	6	3	1454	0.0147857
12.571	3	6	3	1454	0.0147857
12.571	3	6	3	1454	0.0147857
12.571	3	6	3	1454	0.0147857
12.571	3	6	3	1454	0.00878571
12.572	3	3	3	1430	0.00829452
12.578	3	6	3	1454	0.0157857
12.578	3	6	3	1454	0.00778571
12.578	3	6	3	1454	0.00778571
12.58	3	3	3	1430	0.00882785
12.584	3	6	3	1454	0.0137857
12.584	3	6	3	1454	0.00778571
12.587	3	3	3	1430	0.00836119
12.59	3	6	3	1454	0.0137857
12.59	3	6	3	1454	0.0137857
12.59	3	6	3	1454	0.0137857
12.59	3	6	3	1454	0.0137857
12.59	3	6	3	1454	0.0137857
12.59	3	6	3	1454	0.00678571
12.595	3	3	3	1430	0.00889452
12.596	3	6	3	1454	0.0127857
12.596	3	6	3	1454	0.00678571
12.596	3	6	3	1454	0.00678571
12.602	3	3	3	1430	0.00842785
12.604	3	6	3	1454	0.00878571
12.604	3	6	3	1454	0.00878571
12.61	3	3	3	1430	0.00888914
12.61	3	6	3	1454	0.0147857
12.61	3	6	3	1454	0.00878571
12.61	3	6	3	1454	0.00878571
12.616	3	6	3	1454	0.0147857
12.616	3	6	3	1454	0.0147857
12.616	3	6	3	1454	0.0147857
12.617	3	3	3	1430	0.0084939
12.622	3	6	3	1454	0.0127857
12.622	3	6	3	1454	0.0127857
12.622	3	6	3	1454	0.00678571
12.625	3	3	3	1430	0.00902723
12.628	3	6	3	1454	0.0127857
12.628	3	6	3	1454	0.0127857
12.628	3	6	3	1454	0.0127857
12.628	3	6	3	1454	0.00678571
12.632	3	3	3	1430	0.00856056
12.636	3	6	3	1454	0.00878571
12.636	3	6	3	1454	0.00878571
12.64	3	3	3	1430	0.0090939
12.642	3	6	3	1454	0.00878571
12.642	3	6	3	1454	0.00878571
12.647	3	3	3	1430	0.0085558
12.648	3	6	3	1454	0.0147857
12.648	3	6	3	1454	0.0147857
12.648	3	6	3	1454	0.00678571
12.652	1	5	3	1454	0.110786
12.652	1	5	3	1454	0.110786
12.652	1	5	3	1454	0.0987857
12.652	1	5	3	1454	0.0987857
12.654	3	3	3	1430	0.00808913
12.654	3	6	3	1454	0.0127857
12.654	3	6	3	1454	0.00678571
12.654	3	6	3	1454	0.00678571
12.662	3	3	3	1430	0.00862247
12.662	3	6	3	1454	0.00878571
12.662	3	6	3	1454	0.00878571
12.668	3	6	3	1454	0.00878571
12.668	3	6	3	1454	0.00878571
12.669	3	3	3	1430	0.00822723
12.674	3	6	3	1454	0.0147143
12.674	3	6	3	1454	0.0147143
12.674	3	6	3	1454	0.00671428
12.677	3	3	3	1430	0.00876056
12.679	3	6	3	1454	0.0117857
12.679	3	6	3	1454	0.00578571
12.679	3	6	3	1454	0.00578571
12.684	3	3	3	1430	0.00829389
12.687	3	6	3	1454	0.00878571
12.687	3	6	3	1454	0.00878571
12.692	3	3	3	1430	0.00882723
12.693	3	6	3	1454	0.0147857
12.693	3	6	3	1454	0.00878571
12.693	3	6	3	1454	0.00878571
12.697	1	5	3	1454	0.0296429
12.698	1	5	3	1454	0.0306429
12.698	1	5	3	1454	0.0306429
12.699	3	3	3	1430	0.00828913
12.699	3	6	3	1454	0.0147857
12.699	3	6	3	1454	0.0147857
12.699	3	6	3	1454	0.00678571
12.701	1	5	3	1454	0.0336429
12.705	3	6	3	1454	0.0127857
12.705	3	6	3	1454	0.00678571
12.705	3	6	3	1454	0.00678571
12.707	3	3	3	1430	0.00889389
12.713	3	6	3	1454	0.00878571
12.713	3	6	3	1454	0.00878571
12.714	3	3	3	1430	0.00842722
12.719	3	6	3	1454	0.0147143
12.719	3	6	3	1454	0.0147143
12.719	3	6	3	1454	0.00871428
12.722	3	3	3	1430	0.00896056
12.724	3	6	3	1454	0.0137857
12.724	3	6	3	1454	0.0137857
12.724	3	6	3	1454	0.00578571
12.729	3	3	3	1430	0.00849389
12.73	3	6	3	1454	0.0117857
12.73	3	6	3	1454	0.00678571
12.73	3	6	3	1454	0.00678571
12.736	3	6	3	1454	0.0127857
12.736	3	6	3	1454	0.0127857
12.737	3	3	3	1430	0.0089558
12.742	3	6	3	1454	0.0127857
12.742	3	6	3	1454	0.0127857
12.742	3	6	3	1454	0.00678571
12.744	3	3	3	1430	0.00856056
12.747	1	5	3	1454	0.0297857
12.748	3	6	3	1454	0.0127857
12.748	3	6	3	1454	0.0127857
12.748	3	6	3	1454	0.0127857
12.751	3	3	3	1430	0.00809389
12.754	3	6	3	1454	0.0127143
12.754	3	6	3	1454	0.0127143
12.754	3	6	3	1454	0.0127143
12.754	1	5	3	1454	0.0357143
12.754	1	5	3	1454	0.0357143
12.759	3	3	3	1430	0.00855579
12.759	3	6	3	1454	0.0117857
12.759	3	6	3	1454	0.0117857
12.761	1	5	3	1454	0.0397857
12.761	1	5	3	1454	0.0397857
12.765	3	6	3	1454	0.0117857
12.765	3	6	3	1454	0.0117857
12.765	3	6	3	1454	0.0117857
12.765	3	6	3	1454	0.0117857
12.765	3	6	3	1454	0.00678571
12.765	3	6	3	1454	0.00678571
12.766	3	3	3	1430	0.00816056
12.773	3	6	3	1454	0.00878571
12.773	3	6	3	1454	0.00878571
12.774	3	3	3	1430	0.00869389
12.779	3	6	3	1454	0.00878571
12.779	3	6	3	1454	0.00878571
12.781	3	3	3	1430	0.00822722
12.785	3	6	3	1454	0.0147857
12.785	3	6	3	1454	0.0147857
12.785	3	6	3	1454	0.0147857
12.785	3	6	3	1454	0.0147857
12.785	3	6	3	1454	0.0147857
12.785	3	6	3	1454	0.00678571
12.789	3	3	3	1430	0.00876055
12.791	3	6	3	1454	0.0127857
12.791	3	6	3	1454	0.00678571
12.791	3	6	3	1454	0.00678571
12.796	3	3	3	1430	0.00829389
12.799	3	6	3	1454	0.00871428
12.799	3	6	3	1454	0.00871428
12.801	1	5	3	1454	0.0297857
12.804	3	6	3	1454	0.0137857
12.804	3	6	3	1454	0.0137857
12.804	3	6	3	1454	0.0137857
12.804	3	6	3	1454	0.0137857
12.804	3	6	3	1454	0.00778571
12.804	3	6	3	1454	0.00778571
12.805	3	3	3	1430	0.00982722
12.808	1	5	3	1454	0.0367857
12.809	1	5	3	1454	0.0267857
12.809	1	5	3	1454	0.0267857
12.81	3	6	3	1454	0.0137857
12.81	3	6	3	1454	0.00678571
12.81	3	6	3	1454	0.00678571
12.811	3	3	3	1430	0.00836055
12.818	3	6	3	1454	0.00878571
12.818	3	6	3	1454	0.00878571
12.819	3	3	3	1430	0.00889389
12.824	3	6	3	1454	0.0147857
12.824	3	6	3	1454	0.0147857
12.824	3	6	3	1454	0.0147857
12.824	3	6	3	1454	0.0147857
12.824	3	6	3	1454	0.0147857
12.824	3	6	3	1454	0.00878571
12.826	3	3	3	1430	0.00842722
12.83	3	6	3	1454	0.0147857
12.83	3	6	3	1454	0.00678571
12.83	3	6	3	1454	0.00678571
12.834	3	3	3	1430	0.00888913
12.836	3	6	3	1454	0.0127857
12.836	3	6	3	1454	0.00678571
12.841	1	5	3	1454	0.0247857
12.841	3	3	3	1430	0.00849389
12.842	3	6	3	1454	0.0127857
12.842	3	6	3	1454	0.0127857
12.842	3	6	3	1454	0.0127857
12.842	3	6	3	1454	0.0127857
12.842	3	6	3	1454	0.0127857
12.842	3	6	3	1454	0.00678571
12.843	1	5	3	1454	0.0267857
12.844	1	5	3	1454	0.0197857
12.845	1	5	3	1454	0.0207857
12.848	3	6	3	1454	0.0127857
12.848	3	6	3	1454	0.00678571
12.848	3	6	3	1454	0.00678571
12.849	3	3	3	1430	0.00902722
12.856	3	3	3	1430	0.00848912
12.856	3	6	3	1454	0.00878571
12.856	3	6	3	1454	0.00878571
12.862	3	6	3	1454	0.0147857
12.862	3	6	3	1454	0.00878571
12.862	3	6	3	1454	0.00878571
12.863	3	3	3	1430	0.00809389
12.868	3	6	3	1454	0.0147857
12.868	3	6	3	1454	0.0147857
12.868	3	6	3	1454	0.0147857
12.871	3	3	3	1430	0.00862722
12.874	3	6	3	1454	0.0127857
12.874	3	6	3	1454	0.0127857
12.874	3	6	3	1454	0.00678571
12.878	3	3	3	1430	0.00816055
12.88	3	6	3	1454	0.0127857
12.88	3	6	3	1454	0.0127857
12.88	3	6	3	1454	0.0127857
12.88	3	6	3	1454	0.00678571
12.881	1	5	3	1454	0.0247857
12.886	3	3	3	1430	0.00869388
12.888	1	5	3	1454	0.0317857
12.888	1	5	3	1454	0.0317857
12.888	1	5	3	1454	0.0237857
12.888	3	6	3	1454	0.00878571
12.888	3	6	3	1454	0.00878571
12.891	1	5	3	1454	0.0267857
12.893	3	3	3	1430	0.00822722
12.894	3	6	3	1454	0.00878571
12.894	3	6	3	1454	0.00878571
12.9	3	6	3	1454	0.0147857
12.9	3	6	3	1454	0.0147857
12.9	3	6	3	1454	0.00678571
12.901	3	3	3	1430	0.00876055
12.906	3	6	3	1454	0.0127857
12.906	3	6	3	1454	0.00678571
12.906	3	6	3	1454	0.00678571
12.908	3	3	3	1430	0.00829388
12.914	3	6	3	1454	0.00871428
12.914	3	6	3	1454	0.00871428
12.916	3	3	3	1430	0.00882722
12.92	3	6	3	1454	0.00871428
12.92	3	6	3	1454	0.00871428
12.923	3	3	3	1430	0.00836055
12.925	3	6	3	1454	0.0137857
12.925	3	6	3	1454	0.0137857
12.925	3	6	3	1454	0.00678571
12.9309	3	3	3	1430	0.00875103
12.931	3	6	3	1454	0.0127143
12.931	3	6	3	1454	0.00671428
12.931	3	6	3	1454	0.00671428
12.931	1	5	3	1454	0.0297857
12.933	1	5	3	1454	0.0317857
12.934	1	5	3	1454	0.0257857
12.935	1	5	3	1454	0.0267857
12.938	3	3	3	1430	0.00842722
12.939	3	6	3	1454	0.00878571
12.939	3	6	3	1454	0.00878571
12.945	3	6	3	1454	0.0147857
12.945	3	6	3	1454	0.00978571
12.945	3	6	3	1454	0.00978571
12.945	3	6	3	1454	0.00978571
12.945	3	6	3	1454	0.00978571
12.946	3	3	3	1430	0.00888912
12.946	1	5	3	1454	0.0337857
12.946	1	5	3	1454	0.0337857
12.953	3	3	3	1430	0.00842245
12.953	3	6	3	1454	0.00878571
12.953	3	6	3	1454	0.00878571
12.959	3	6	3	1454	0.00871428
12.959	3	6	3	1454	0.00871428
12.961	3	3	3	1430	0.00902721
12.964	3	6	3	1454	0.0137857
12.964	3	6	3	1454	0.0137857
12.964	3	6	3	1454	0.00578571
12.968	3	3	3	1430	0.00856055
12.97	3	6	3	1454	0.0117857
12.97	3	6	3	1454	0.00678571
12.97	3	6	3	1454	0.00678571
12.972	1	5	3	1454	0.0187857
12.975	3	3	3	1430	0.00809388
12.976	1	5	3	1454	0.0227857
12.976	1	5	3	1454	0.0227857
12.976	3	6	3	1454	0.0127857
12.976	3	6	3	1454	0.00678571
12.976	3	6	3	1454	0.00678571
12.982	3	6	3	1454	0.0127857
12.982	3	6	3	1454	0.0127857
12.983	3	3	3	1430	0.00862721
12.984	1	5	3	1454	0.0277857
12.984	1	5	3	1454	0.0277857
12.987	1	5	3	1454	0.0197857
12.987	1	5	3	1454	0.0197857
12.988	3	6	3	1454	0.0127857
12.988	3	6	3	1454	0.0127857
12.988	3	6	3	1454	0.00678571
12.99	3	3	3	1430	0.00816055
12.994	3	6	3	1454	0.0127143
12.994	3	6	3	1454	0.0127143
12.994	3	6	3	1454	0.0127143
12.998	3	3	3	1430	0.00869388
12.999	3	6	3	1454	0.0117857
12.999	3	6	3	1454	0.0117857
12.999	3	6	3	1454	0.00578571
13.005	3	3	3	1430	0.00815578
13.005	3	6	3	1454	0.0117857
13.005	3	6	3	1454	0.0117857
13.011	3	6	3	1454	0.0127143
13.011	3	6	3	1454	0.0127143
13.011	3	6	3	1454	0.0127143
13.011	3	6	3	1454	0.0127143
13.011	3	6	3	1454	0.00671428
13.011	3	6	3	1454	0.00671428
13.013	3	3	3	1430	0.00876054
13.013	1	1	3	58	0.0130286
13.019	3	6	3	1454	0.00878571
13.019	3	6	3	1454	0.00878571
13.02	3	3	3	1430	0.00829388
13.021	1	5	3	1454	0.0297857
13.025	3	6	3	1454	0.00978571
13.025	3	6	3	1454	0.00978571
13.025	3	6	3	1454	0.00978571
13.025	3	6	3	1454	0.00978571
13.025	3	6	3	1454	0.00978571
13.028	3	3	3	1430	0.00882721
13.033	3	6	3	1454	0.00878571
13.033	3	6	3	1454	0.00878571
13.035	3	3	3	1430	0.00836054
13.039	3	6	3	1454	0.0147143
13.039	3	6	3	1454	0.00871428
13.039	3	6	3	1454	0.00871428
13.043	3	3	3	1430	0.00889388
13.044	3	6	3	1454	0.0137857
13.044	3	6	3	1454	0.0137857
13.044	3	6	3	1454	0.0137857
13.044	3	6	3	1454	0.0137857
13.044	3	6	3	1454	0.00578571
13.044	3	6	3	1454	0.00578571
13.05	3	3	3	1430	0.00842721
13.052	3	6	3	1454	0.00878571
13.052	3	6	3	1454	0.00878571
13.058	3	3	3	1430	0.00888912
13.058	3	6	3	1454	0.0147857
13.058	3	6	3	1454	0.0147857
13.058	3	6	3	1454	0.0147857
13.064	3	6	3	1454	0.0147857
13.064	3	6	3	1454	0.0147857
13.064	3	6	3	1454	0.0147857
13.064	3	6	3	1454	0.0147857
13.065	3	3	3	1430	0.00849388
13.072	3	6	3	1454	0.00878571
13.072	3	6	3	1454	0.00878571
13.073	3	3	3	1430	0.00902721
13.078	3	6	3	1454	0.00878571
13.078	3	6	3	1454	0.00878571
13.08	3	3	3	1430	0.00848911
13.084	3	6	3	1454	0.0147857
13.084	3	6	3	1454	0.0147857
13.084	3	6	3	1454	0.00678571
13.087	3	3	3	1430	0.00809388
13.09	3	6	3	1454	0.0127857
13.09	3	6	3	1454	0.00678571
13.095	3	3	3	1430	0.00862721
13.098	3	6	3	1454	0.00878571
13.098	3	6	3	1454	0.00878571
13.102	3	3	3	1430	0.00816054
13.104	3	6	3	1454	0.0147857
13.104	3	6	3	1454	0.00878571
13.104	3	6	3	1454	0.00878571
13.11	3	3	3	1430	0.00869387
13.112	3	6	3	1454	0.00878571
13.112	3	6	3	1454	0.00878571
13.117	3	3	3	1430	0.00822721
13.118	3	6	3	1454	0.00878571
13.118	3	6	3	1454	0.00878571
13.124	3	6	3	1454	0.0147857
13.124	3	6	3	1454	0.0147857
13.124	3	6	3	1454	0.00678571
13.125	3	3	3	1430	0.00876054
13.127	1	5	3	1454	0.122786
13.127	1	5	3	1454	0.119786
13.127	1	5	3	1454	0.119786
13.127	1	5	3	1454	0.0827857
13.127	1	5	3	1454	0.0827857
13.13	3	6	3	1454	0.0127857
13.13	3	6	3	1454	0.00678571
13.13	3	6	3	1454	0.00678571
13.132	3	3	3	1430	0.00829387
13.138	3	6	3	1454	0.00878571
13.138	3	6	3	1454	0.00878571
13.14	3	3	3	1430	0.00882721
13.144	3	6	3	1454	0.00878571
13.144	3	6	3	1454	0.00878571
13.147	3	3	3	1430	0.00836054
13.15	3	6	3	1454	0.0147857
13.15	3	6	3	1454	0.0147857
13.15	3	6	3	1454	0.0147857
13.155	3	3	3	1430	0.00889387
13.156	3	6	3	1454	0.0127857
13.156	3	6	3	1454	0.0127857
13.156	3	6	3	1454	0.00678571
13.162	3	3	3	1430	0.00835578
13.162	3	6	3	1454	0.0127857
13.162	3	6	3	1454	0.00678571
13.162	3	6	3	1454	0.00678571
13.17	3	3	3	1430	0.00888911
13.17	3	6	3	1454	0.00878571
13.17	3	6	3	1454	0.00878571
13.176	3	6	3	1454	0.0147857
13.176	3	6	3	1454	0.0147857
13.176	3	6	3	1454	0.00878571
13.177	1	5	3	1454	0.0296429
13.177	3	3	3	1430	0.00849387
13.18	1	5	3	1454	0.0326429
13.182	3	6	3	1454	0.0147857
13.182	3	6	3	1454	0.00678571
13.182	3	6	3	1454	0.00678571
13.185	3	3	3	1430	0.0090272
13.188	3	6	3	1454	0.0127857
13.188	3	6	3	1454	0.00678571
13.188	3	6	3	1454	0.00678571
13.192	3	3	3	1430	0.00856054
13.194	3	6	3	1454	0.0127857
13.194	3	6	3	1454	0.0127857
13.2	3	3	3	1430	0.00902244
13.2	3	6	3	1454	0.0127857
13.2	3	6	3	1454	0.0127857
13.2	3	6	3	1454	0.00678571
13.206	3	6	3	1454	0.0127857
13.206	3	6	3	1454	0.0127857
13.206	3	6	3	1454	0.0127857
13.207	3	3	3	1430	0.00855577
13.212	3	6	3	1454	0.0127857
13.212	3	6	3	1454	0.0127857
13.212	3	6	3	1454	0.00678571
13.214	3	3	3	1430	0.00816054
13.218	3	6	3	1454	0.0127143
13.218	3	6	3	1454	0.0127143
13.222	3	3	3	1430	0.00869387
13.223	3	6	3	1454	0.0117143
13.223	3	6	3	1454	0.0117143
13.223	3	6	3	1454	0.0117143
13.223	3	6	3	1454	0.0117143
13.223	3	6	3	1454	0.00571428
13.223	3	6	3	1454	0.00571428
13.229	3	3	3	1430	0.0082272
13.231	3	6	3	1454	0.00878571
13.231	3	6	3	1454	0.00878571
13.2369	3	3	3	1430	0.00861768
13.237	3	6	3	1454	0.00978571
13.237	3	6	3	1454	0.00978571
13.237	3	6	3	1454	0.00978571
13.237	3	6	3	1454	0.00978571
13.237	3	6	3	1454	0.00978571
13.244	3	3	3	1430	0.00829387
13.245	3	6	3	1454	0.00878571
13.245	3	6	3	1454	0.00878571
13.251	3	6	3	1454	0.0147143
13.251	3	6	3	1454	0.00871428
13.251	3	6	3	1454	0.00871428
13.252	3	3	3	1430	0.0088272
13.256	3	6	3	1454	0.0137857
13.256	3	6	3	1454	0.0137857
13.256	3	6	3	1454	0.0137857
13.256	3	6	3	1454	0.0137857
13.256	3	6	3	1454	0.00578571
13.256	3	6	3	1454	0.00578571
13.259	3	3	3	1430	0.00836053
13.264	3	6	3	1454	0.00878571
13.264	3	6	3	1454	0.00878571
13.267	3	3	3	1430	0.00889387
13.27	3	6	3	1454	0.0147857
13.27	3	6	3	1454	0.0147857
13.27	3	6	3	1454	0.0147857
13.274	3	3	3	1430	0.0084272
13.276	3	6	3	1454	0.0147857
13.276	3	6	3	1454	0.0147857
13.276	3	6	3	1454	0.0147857
13.276	3	6	3	1454	0.0147857
13.281	1	5	3	1454	0.0837857
13.281	1	5	3	1454	0.0807857
13.282	3	3	3	1430	0.00896053
13.284	3	6	3	1454	0.00878571
13.284	3	6	3	1454	0.00878571
13.289	3	3	3	1430	0.00849387
13.29	3	6	3	1454	0.00878571
13.29	3	6	3	1454	0.00878571
13.296	3	6	3	1454	0.0147857
13.296	3	6	3	1454	0.0147857
13.296	3	6	3	1454	0.00678571
13.297	3	3	3	1430	0.00895577
13.302	3	6	3	1454	0.0127857
13.302	3	6	3	1454	0.00678571
13.304	3	3	3	1430	0.00856053
13.308	3	2	3	58	0.00802856
13.31	3	6	3	1454	0.00878571
13.31	3	6	3	1454	0.00878571
13.311	3	3	3	1430	0.00809387
13.316	3	6	3	1454	0.0147857
13.316	3	6	3	1454	0.00878571
13.316	3	6	3	1454	0.00878571
13.319	3	3	3	1430	0.0086272
13.324	3	6	3	1454	0.00878571
13.324	3	6	3	1454	0.00878571
13.326	3	3	3	1430	0.00816053
13.33	3	6	3	1454	0.00878571
13.33	3	6	3	1454	0.00878571
13.331	1	5	3	1454	0.0297143
13.334	3	3	3	1430	0.00869386
13.336	3	6	3	1454	0.0147857
13.336	3	6	3	1454	0.0147857
13.336	3	6	3	1454	0.00678571
13.337	1	5	3	1454	0.0357143
13.341	3	3	3	1430	0.0082272
13.342	3	6	3	1454	0.0127857
13.342	3	6	3	1454	0.00678571
13.342	3	6	3	1454	0.00678571
13.349	3	3	3	1430	0.00876053
13.35	3	6	3	1454	0.00878571
13.35	3	6	3	1454	0.00878571
13.356	3	3	3	1430	0.00822244
13.356	3	6	3	1454	0.00878571
13.356	3	6	3	1454	0.00878571
13.362	3	6	3	1454	0.0147857
13.362	3	6	3	1454	0.0147857
13.362	3	6	3	1454	0.0147857
13.365	3	3	3	1430	0.0098272
13.368	3	6	3	1454	0.0127857
13.368	3	6	3	1454	0.0127857
13.368	3	6	3	1454	0.00678571
13.371	3	3	3	1430	0.00836053
13.372	1	5	3	1454	0.0247857
13.374	3	6	3	1454	0.0127857
13.374	3	6	3	1454	0.00678571
13.374	3	6	3	1454	0.00678571
13.378	1	5	3	1454	0.0247857
13.379	3	3	3	1430	0.00889386
13.382	3	6	3	1454	0.00878571
13.382	3	6	3	1454	0.00878571
13.386	3	3	3	1430	0.0084272
13.388	3	6	3	1454	0.0147857
13.388	3	6	3	1454	0.0147857
13.388	3	6	3	1454	0.00878571
13.3939	3	3	3	1430	0.00881767
13.394	3	6	3	1454	0.0147143
13.394	3	6	3	1454	0.00671428
13.394	3	6	3	1454	0.00671428
13.399	3	6	3	1454	0.0117857
13.399	3	6	3	1454	0.00578571
13.399	3	6	3	1454	0.00578571
13.401	3	3	3	1430	0.00849386
13.405	3	6	3	1454	0.0117857
13.405	3	6	3	1454	0.0117857
13.409	3	3	3	1430	0.00902719
13.411	3	6	3	1454	0.0127143
13.411	3	6	3	1454	0.0127143
13.411	3	6	3	1454	0.00671428
13.416	3	3	3	1430	0.0084891
13.416	3	6	3	1454	0.0117857
13.416	3	6	3	1454	0.0117857
13.416	3	6	3	1454	0.0117857
13.422	3	6	3	1454	0.0117857
13.422	3	6	3	1454	0.0117857
13.422	3	6	3	1454	0.00678571
13.423	3	3	3	1430	0.00809386
13.425	1	5	3	1454	0.0307857
13.428	3	6	3	1454	0.0127857
13.428	3	6	3	1454	0.0127857
13.431	3	3	3	1430	0.00862719
13.434	3	6	3	1454	0.0127857
13.434	3	6	3	1454	0.0127857
13.434	3	6	3	1454	0.0127857
13.434	3	6	3	1454	0.0127857
13.434	3	6	3	1454	0.00678571
13.434	3	6	3	1454	0.00678571
13.438	3	3	3	1430	0.00816053
13.442	3	6	3	1454	0.00878571
13.442	3	6	3	1454	0.00878571
13.446	3	3	3	1430	0.00869386
13.448	3	6	3	1454	0.00878571
13.448	3	6	3	1454	0.00878571
13.453	3	3	3	1430	0.00822719
13.454	3	6	3	1454	0.0147857
13.454	3	6	3	1454	0.0147857
13.454	3	6	3	1454	0.0147857
13.454	3	6	3	1454	0.0147857
13.454	3	6	3	1454	0.00678571
13.454	3	6	3	1454	0.00678571
13.46	3	6	3	1454	0.0127857
13.46	3	6	3	1454	0.00678571
13.46	3	6	3	1454	0.00678571
13.461	3	3	3	1430	0.00876052
13.468	3	3	3	1430	0.00822243
13.468	3	6	3	1454	0.00878571
13.468	3	6	3	1454	0.00878571
13.474	3	6	3	1454	0.0147143
13.474	3	6	3	1454	0.0147143
13.474	3	6	3	1454	0.0147143
13.474	3	6	3	1454	0.0147143
13.474	3	6	3	1454	0.00871428
13.474	3	6	3	1454	0.00871428
13.476	3	3	3	1430	0.00882719
13.479	3	6	3	1454	0.0137857
13.479	3	6	3	1454	0.00578571
13.479	3	6	3	1454	0.00578571
13.483	3	3	3	1430	0.00836052
13.487	3	6	3	1454	0.00878571
13.487	3	6	3	1454	0.00878571
13.491	3	3	3	1430	0.00882243
13.493	3	6	3	1454	0.0147857
13.493	3	6	3	1454	0.0147857
13.493	3	6	3	1454	0.0147857
13.493	3	6	3	1454	0.0147857
13.493	3	6	3	1454	0.0147857
13.493	3	6	3	1454	0.00878571
13.498	3	3	3	1430	0.00842719
13.499	3	6	3	1454	0.0147857
13.499	3	6	3	1454	0.00678571
13.499	3	6	3	1454	0.00678571
13.505	3	6	3	1454	0.0127857
13.505	3	6	3	1454	0.00678571
13.506	3	3	3	1430	0.0088891
13.511	3	6	3	1454	0.0127857
13.511	3	6	3	1454	0.0127857
13.511	3	6	3	1454	0.0127857
13.511	3	6	3	1454	0.0127857
13.511	3	6	3	1454	0.0127857
13.511	3	6	3	1454	0.00678571
13.513	1	4	3	58	0.0129571
13.513	3	3	3	1430	0.00849386
13.517	3	6	3	1454	0.0127857
13.517	3	6	3	1454	0.00678571
13.517	3	6	3	1454	0.00678571
13.521	1	5	3	1454	0.0757857
13.521	3	3	3	1430	0.00902719
13.525	3	6	3	1454	0.00878571
13.525	3	6	3	1454	0.00878571
13.528	3	3	3	1430	0.00856052
13.531	3	6	3	1454	0.0147857
13.531	3	6	3	1454	0.00878571
13.531	3	6	3	1454	0.00878571
13.535	3	3	3	1430	0.00809386
13.538	3	6	3	1454	0.0157857
13.538	3	6	3	1454	0.0157857
13.538	3	6	3	1454	0.0157857
13.543	3	3	3	1430	0.00862719
13.544	3	6	3	1454	0.0137857
13.544	3	6	3	1454	0.0137857
13.544	3	6	3	1454	0.00778571
13.5499	3	3	3	1430	0.00801767
13.55	3	6	3	1454	0.0137857
13.55	3	6	3	1454	0.0137857
13.55	3	6	3	1454	0.0137857
13.55	3	6	3	1454	0.00678571
13.558	3	3	3	1430	0.00862243
13.558	3	6	3	1454	0.00878571
13.558	3	6	3	1454	0.00878571
13.564	3	6	3	1454	0.00878571
13.564	3	6	3	1454	0.00878571
13.565	3	3	3	1430	0.00822719
13.57	3	6	3	1454	0.0147857
13.57	3	6	3	1454	0.0147857
13.57	3	6	3	1454	0.00678571
13.571	1	5	3	1454	0.0297857
13.573	3	3	3	1430	0.00876052
13.576	3	6	3	1454	0.0127857
13.576	3	6	3	1454	0.00678571
13.576	3	6	3	1454	0.00678571
13.58	3	3	3	1430	0.00829385
13.584	3	6	3	1454	0.00878571
13.584	3	6	3	1454	0.00878571
13.588	3	3	3	1430	0.00882719
13.59	3	6	3	1454	0.00878571
13.59	3	6	3	1454	0.00878571
13.595	3	3	3	1430	0.00836052
13.596	3	6	3	1454	0.0147857
13.596	3	6	3	1454	0.0147857
13.596	3	6	3	1454	0.00678571
13.602	3	6	3	1454	0.0127857
13.602	3	6	3	1454	0.00678571
13.602	3	6	3	1454	0.00678571
13.603	3	3	3	1430	0.00889385
13.61	3	3	3	1430	0.00835514
13.61	3	6	3	1454	0.00878571
13.61	3	6	3	1454	0.00878571
13.616	3	6	3	1454	0.0147857
13.616	3	6	3	1454	0.00878571
13.616	3	6	3	1454	0.00878571
13.618	3	3	3	1430	0.0089599
13.622	3	6	3	1454	0.0147857
13.622	3	6	3	1454	0.0147857
13.622	3	6	3	1454	0.00678571
13.625	3	3	3	1430	0.00849323
13.627	1	5	3	1454	0.0357857
13.628	3	6	3	1454	0.0127857
13.628	3	6	3	1454	0.00678571
13.628	3	6	3	1454	0.00678571
13.633	3	3	3	1430	0.00902656
13.636	3	6	3	1454	0.00878571
13.636	3	6	3	1454	0.00878571
13.64	3	3	3	1430	0.00848847
13.642	3	6	3	1454	0.0147857
13.642	3	6	3	1454	0.0147857
13.642	3	6	3	1454	0.00878571
13.647	3	3	3	1430	0.00809323
13.648	3	6	3	1454	0.0147857
13.648	3	6	3	1454	0.0147857
13.648	3	6	3	1454	0.00678571
13.654	3	6	3	1454	0.0127857
13.654	3	6	3	1454	0.00678571
13.654	3	6	3	1454	0.00678571
13.655	3	3	3	1430	0.00862656
13.66	3	6	3	1454	0.0127857
13.66	3	6	3	1454	0.0127857
13.662	3	3	3	1430	0.00815989
13.666	3	6	3	1454	0.0127143
13.666	3	6	3	1454	0.0127143
13.666	3	6	3	1454	0.00671428
13.67	3	3	3	1430	0.00869323
13.671	3	6	3	1454	0.0117857
13.671	3	6	3	1454	0.0117857
13.671	3	6	3	1454	0.0117857
13.677	3	3	3	1430	0.00815513
13.677	1	5	3	1454	0.0297857
13.677	3	6	3	1454	0.0117857
13.677	3	6	3	1454	0.0117857
13.677	3	6	3	1454	0.0117857
13.679	1	5	3	1454	0.0317143
13.683	3	6	3	1454	0.0127857
13.683	3	6	3	1454	0.0127857
13.685	3	3	3	1430	0.00875989
13.689	3	6	3	1454	0.0127857
13.689	3	6	3	1454	0.0127857
13.689	3	6	3	1454	0.0127857
13.689	3	6	3	1454	0.0127857
13.689	3	6	3	1454	0.00678571
13.689	3	6	3	1454	0.00678571
13.692	3	3	3	1430	0.00829323
13.698	3	6	3	1454	0.00978571
13.698	3	6	3	1454	0.00978571
13.7	3	3	3	1430	0.00882656
13.704	3	6	3	1454	0.00978571
13.704	3	6	3	1454	0.00978571
13.704	3	6	3	1454	0.00978571
13.704	3	6	3	1454	0.00978571
13.704	3	6	3	1454	0.00978571
13.707	3	3	3	1430	0.00835989
13.712	3	6	3	1454	0.00878571
13.712	3	6	3	1454	0.00878571
13.715	3	3	3	1430	0.00889323
13.718	3	6	3	1454	0.00878571
13.718	3	6	3	1454	0.00878571
13.722	3	3	3	1430	0.00842656
13.724	3	6	3	1454	0.0147857
13.724	3	6	3	1454	0.0147857
13.724	3	6	3	1454	0.0147857
13.724	3	6	3	1454	0.0147857
13.724	3	6	3	1454	0.00678571
13.724	3	6	3	1454	0.00678571
13.73	3	3	3	1430	0.00895989
13.732	3	6	3	1454	0.00878571
13.733	1	5	3	1454	0.0347857
13.737	3	3	3	1430	0.00849322
13.738	3	6	3	1454	0.00878571
13.738	3	6	3	1454	0.00878571
13.744	3	6	3	1454	0.0147857
13.744	3	6	3	1454	0.0147857
13.744	3	6	3	1454	0.0147857
13.744	3	6	3	1454	0.0147857
13.744	3	6	3	1454	0.00678571
13.745	3	3	3	1430	0.00902656
13.752	3	3	3	1430	0.00848846
13.752	3	6	3	1454	0.00878571
13.752	3	6	3	1454	0.00878571
13.758	3	6	3	1454	0.00878571
13.758	3	6	3	1454	0.00878571
13.76	3	3	3	1430	0.00909322
13.764	3	6	3	1454	0.0147857
13.764	3	6	3	1454	0.0147857
13.764	3	6	3	1454	0.0147857
13.764	3	6	3	1454	0.0147857
13.764	3	6	3	1454	0.00678571
13.764	3	6	3	1454	0.00678571
13.767	3	3	3	1430	0.00855513
13.772	3	6	3	1454	0.00878571
13.772	3	6	3	1454	0.00878571
13.774	3	3	3	1430	0.00815989
13.778	3	6	3	1454	0.00878571
13.778	3	6	3	1454	0.00878571
13.782	3	3	3	1430	0.00869322
13.783	1	5	3	1454	0.0297857
13.784	3	6	3	1454	0.0147857
13.784	3	6	3	1454	0.0147857
13.784	3	6	3	1454	0.0147857
13.784	3	6	3	1454	0.0147857
13.784	3	6	3	1454	0.00678571
13.784	3	6	3	1454	0.00678571
13.789	3	3	3	1430	0.00822655
13.792	3	6	3	1454	0.00878571
13.792	3	6	3	1454	0.00878571
13.797	3	3	3	1430	0.00875989
13.798	3	6	3	1454	0.0147857
13.798	3	6	3	1454	0.00878571
13.798	3	6	3	1454	0.00878571
13.8039	3	3	3	1430	0.00815036
13.804	3	6	3	1454	0.0147857
13.804	3	6	3	1454	0.0147857
13.804	3	6	3	1454	0.0147857
13.804	3	6	3	1454	0.0147857
13.804	3	6	3	1454	0.00678571
13.804	3	6	3	1454	0.00678571
13.812	3	3	3	1430	0.00875513
13.812	3	6	3	1454	0.00878571
13.812	3	6	3	1454	0.00878571
13.818	3	6	3	1454	0.00878571
13.818	3	6	3	1454	0.00878571
13.819	3	3	3	1430	0.00835989
13.824	3	6	3	1454	0.0147857
13.824	3	6	3	1454	0.0147857
13.824	3	6	3	1454	0.0147857
13.824	3	6	3	1454	0.0147857
13.824	3	6	3	1454	0.0147857
13.824	3	6	3	1454	0.00678571
13.827	3	3	3	1430	0.00889322
13.83	3	6	3	1454	0.0127857
13.83	3	6	3	1454	0.00678571
13.83	3	6	3	1454	0.00678571
13.834	1	5	3	1454	0.0307857
13.834	3	3	3	1430	0.00842655
13.838	3	6	3	1454	0.00878571
13.838	3	6	3	1454	0.00878571
13.842	3	3	3	1430	0.00895989
13.844	3	6	3	1454	0.0147857
13.844	3	6	3	1454	0.0147857
13.844	3	6	3	1454	0.0147857
13.844	3	6	3	1454	0.0147857
13.844	3	6	3	1454	0.00878571
13.844	3	6	3	1454	0.00878571
13.849	3	3	3	1430	0.00849322
13.85	3	6	3	1454	0.0147857
13.85	3	6	3	1454	0.00678571
13.85	3	6	3	1454	0.00678571
13.857	3	3	3	1430	0.00895512
13.858	3	6	3	1454	0.00878571
13.858	3	6	3	1454	0.00878571
13.8639	3	3	3	1430	0.00841703
13.864	3	6	3	1454	0.0147857
13.864	3	6	3	1454	0.0147857
13.864	3	6	3	1454	0.0147857
13.864	3	6	3	1454	0.0147857
13.864	3	6	3	1454	0.0147857
13.864	3	6	3	1454	0.00878571
13.87	3	6	3	1454	0.0147857
13.87	3	6	3	1454	0.00678571
13.87	3	6	3	1454	0.00678571
13.871	3	3	3	1430	0.00809322
13.876	3	6	3	1454	0.0127857
13.876	3	6	3	1454	0.00678571
13.879	3	3	3	1430	0.00862655
13.882	3	6	3	1454	0.0127857
13.882	3	6	3	1454	0.0127857
13.882	3	6	3	1454	0.0127857
13.882	3	6	3	1454	0.0127857
13.882	3	6	3	1454	0.0127857
13.882	3	6	3	1454	0.00678571
13.886	3	3	3	1430	0.00815988
13.888	3	6	3	1454	0.0127857
13.888	3	6	3	1454	0.00678571
13.888	3	6	3	1454	0.00678571
13.889	1	5	3	1454	0.0347857
13.894	3	3	3	1430	0.00869322
13.896	3	6	3	1454	0.00878571
13.896	3	6	3	1454	0.00878571
13.901	3	3	3	1430	0.00822655
13.902	3	6	3	1454	0.0147857
13.902	3	6	3	1454	0.00878571
13.902	3	6	3	1454	0.00878571
13.908	3	6	3	1454	0.0147857
13.908	3	6	3	1454	0.0147857
13.908	3	6	3	1454	0.0147857
13.909	3	3	3	1430	0.00875988
13.914	3	6	3	1454	0.0127857
13.914	3	6	3	1454	0.0127857
13.914	3	6	3	1454	0.00678571
13.916	3	3	3	1430	0.00829322
13.92	3	6	3	1454	0.0127857
13.92	3	6	3	1454	0.0127857
13.92	3	6	3	1454	0.0127857
13.92	3	6	3	1454	0.00678571
13.925	3	3	3	1430	0.00982655
13.928	3	6	3	1454	0.00878571
13.928	3	6	3	1454	0.00878571
13.931	3	3	3	1430	0.00835988
13.934	3	6	3	1454	0.00878571
13.934	3	6	3	1454	0.00878571
13.939	3	3	3	1430	0.00889322
13.94	3	6	3	1454	0.0147857
13.94	3	6	3	1454	0.0147857
13.94	3	6	3	1454	0.00678571
13.944	1	5	3	1454	0.0347857
13.946	3	3	3	1430	0.00835512
13.946	3	6	3	1454	0.0127857
13.946	3	6	3	1454	0.00678571
13.946	3	6	3	1454	0.00678571
13.9539	3	3	3	1430	0.00881703
13.954	3	6	3	1454	0.00871428
13.954	3	6	3	1454	0.00871428
13.96	3	6	3	1454	0.00871428
13.96	3	6	3	1454	0.00871428
13.961	3	3	3	1430	0.00849321
13.965	3	6	3	1454	0.0137857
13.965	3	6	3	1454	0.0137857
13.965	3	6	3	1454	0.00678571
13.969	3	3	3	1430	0.00902655
13.971	3	6	3	1454	0.0127143
13.971	3	6	3	1454	0.00671428
13.971	3	6	3	1454	0.00671428
13.976	3	3	3	1430	0.00855988
13.979	3	6	3	1454	0.00878571
13.979	3	6	3	1454	0.00878571
13.983	3	3	3	1430	0.00809321
13.985	3	6	3	1454	0.0147857
13.985	3	6	3	1454	0.00978571
13.985	3	6	3	1454	0.00978571
13.985	3	6	3	1454	0.00978571
13.985	3	6	3	1454	0.00978571
13.99	1	5	3	1454	0.0307857
13.991	3	3	3	1430	0.00862655
13.993	3	6	3	1454	0.00878571
13.993	3	6	3	1454	0.00878571
13.998	3	3	3	1430	0.00815988
13.999	3	6	3	1454	0.00871428
13.999	3	6	3	1454	0.00871428
14.004	3	6	3	1454	0.0137857
14.004	3	6	3	1454	0.0137857
14.004	3	6	3	1454	0.00578571
14.006	3	3	3	1430	0.00869321
14.008	3	5	3	58	0.00802856
14.008	1	6	3	58	0.00802856
14.01	3	6	3	1454	0.0117857
14.01	3	6	3	1454	0.00678571
14.01	3	6	3	1454	0.00678571
14.013	3	3	3	1430	0.00822655
14.016	3	6	3	1454	0.0127857
14.016	3	6	3	1454	0.00678571
14.016	3	6	3	1454	0.00678571
14.021	3	3	3	1430	0.00875988
14.022	3	6	3	1454	0.0127857
14.022	3	6	3	1454	0.0127857
14.028	3	3	3	1430	0.00822178
14.028	3	6	3	1454	0.0127857
14.028	3	6	3	1454	0.0127857
14.028	3	6	3	1454	0.00678571
14.034	3	6	3	1454	0.0127143
14.034	3	6	3	1454	0.0127143
14.034	3	6	3	1454	0.0127143
14.035	1	5	3	1454	0.0247857
14.036	3	3	3	1430	0.00882654
14.039	3	6	3	1454	0.0117857
14.039	3	6	3	1454	0.0117857
14.039	3	6	3	1454	0.00578571
14.043	3	3	3	1430	0.00835988
14.045	3	6	3	1454	0.0117857
14.045	3	6	3	1454	0.0117857
14.0508	3	3	3	1430	0.00867893
14.051	3	6	3	1454	0.0127143
14.051	3	6	3	1454	0.0127143
14.051	3	6	3	1454	0.0127143
14.051	3	6	3	1454	0.0127143
14.051	3	6	3	1454	0.00671428
14.051	3	6	3	1454	0.00671428
14.058	3	3	3	1430	0.00842654
14.059	3	6	3	1454	0.00878571
14.059	3	6	3	1454	0.00878571
14.065	3	6	3	1454	0.00978571
14.065	3	6	3	1454	0.00978571
14.065	3	6	3	1454	0.00978571
14.065	3	6	3	1454	0.00978571
14.065	3	6	3	1454	0.00978571
14.066	3	3	3	1430	0.00888845
14.073	3	3	3	1430	0.00842178
14.073	3	6	3	1454	0.00878571
14.073	3	6	3	1454	0.00878571
14.075	1	5	3	1454	0.0307857
14.079	3	6	3	1454	0.0147143
14.079	3	6	3	1454	0.00871428
14.079	3	6	3	1454	0.00871428
14.081	3	3	3	1430	0.00902654
14.084	3	6	3	1454	0.0137857
14.084	3	6	3	1454	0.0137857
14.084	3	6	3	1454	0.0137857
14.084	3	6	3	1454	0.0137857
14.084	3	6	3	1454	0.00578571
14.084	3	6	3	1454	0.00578571
14.088	3	3	3	1430	0.00855987
14.092	3	6	3	1454	0.00878571
14.092	3	6	3	1454	0.00878571
14.095	3	3	3	1430	0.00809321
14.098	3	6	3	1454	0.0147857
14.098	3	6	3	1454	0.0147857
14.098	3	6	3	1454	0.0147857
14.103	3	3	3	1430	0.00862654
14.104	3	6	3	1454	0.0147857
14.104	3	6	3	1454	0.0147857
14.104	3	6	3	1454	0.0147857
14.104	3	6	3	1454	0.0147857
14.11	3	3	3	1430	0.00815987
14.112	3	6	3	1454	0.00878571
14.112	3	6	3	1454	0.00878571
14.113	1	7	3	58	0.0130286
14.118	3	3	3	1430	0.00862178
14.118	3	6	3	1454	0.00878571
14.118	3	6	3	1454	0.00878571
14.12	1	5	3	1454	0.0247857
14.124	3	6	3	1454	0.0147857
14.124	3	6	3	1454	0.0147857
14.124	3	6	3	1454	0.00678571
14.125	3	3	3	1430	0.00822654
14.127	1	5	3	1454	0.0317857
14.13	3	6	3	1454	0.0127857
14.13	3	6	3	1454	0.00678571
14.133	3	3	3	1430	0.00875987
14.138	3	6	3	1454	0.00878571
14.138	3	6	3	1454	0.00878571
14.14	3	3	3	1430	0.00829321
14.144	3	6	3	1454	0.0147857
14.144	3	6	3	1454	0.00878571
14.144	3	6	3	1454	0.00878571
14.148	3	3	3	1430	0.00882654
14.152	3	6	3	1454	0.00878571
14.152	3	6	3	1454	0.00878571
14.155	3	3	3	1430	0.00835987
14.158	3	6	3	1454	0.00878571
14.158	3	6	3	1454	0.00878571
14.163	3	3	3	1430	0.00889321
14.164	3	6	3	1454	0.0147857
14.164	3	6	3	1454	0.0147857
14.164	3	6	3	1454	0.00678571
14.17	3	3	3	1430	0.00835511
14.17	3	6	3	1454	0.0127857
14.17	3	6	3	1454	0.00678571
14.17	3	6	3	1454	0.00678571
14.174	1	5	3	1454	0.0337857
14.178	3	3	3	1430	0.00888844
14.178	3	6	3	1454	0.00878571
14.178	3	6	3	1454	0.00878571
14.184	3	6	3	1454	0.00878571
14.184	3	6	3	1454	0.00878571
14.185	3	3	3	1430	0.0084932
14.19	3	6	3	1454	0.0147857
14.19	3	6	3	1454	0.0147857
14.19	3	6	3	1454	0.0147857
14.193	3	3	3	1430	0.00902654
14.196	3	6	3	1454	0.0127857
14.196	3	6	3	1454	0.0127857
14.196	3	6	3	1454	0.00678571
14.2	3	3	3	1430	0.00848844
14.202	3	6	3	1454	0.0127857
14.202	3	6	3	1454	0.00678571
14.202	3	6	3	1454	0.00678571
14.207	3	3	3	1430	0.0080932
14.208	1	8	3	58	0.00795714
14.21	3	6	3	1454	0.00878571
14.21	3	6	3	1454	0.00878571
14.215	3	3	3	1430	0.00862654
14.216	3	6	3	1454	0.0147857
14.216	3	6	3	1454	0.0147857
14.216	3	6	3	1454	0.00878571
14.222	3	3	3	1430	0.00808844
14.222	3	6	3	1454	0.0147857
14.222	3	6	3	1454	0.00678571
14.222	3	6	3	1454	0.00678571
14.228	3	6	3	1454	0.0127857
14.228	3	6	3	1454	0.00678571
14.228	3	6	3	1454	0.00678571
14.229	1	5	3	1454	0.0347143
14.229	1	5	3	1454	0.0347143
14.229	1	5	3	1454	0.0347143
14.23	3	3	3	1430	0.0086932
14.234	3	6	3	1454	0.0127857
14.234	3	6	3	1454	0.0127857
14.237	3	3	3	1430	0.00822654
14.24	3	6	3	1454	0.0127857
14.24	3	6	3	1454	0.0127857
14.24	3	6	3	1454	0.00678571
14.245	3	3	3	1430	0.00875987
14.246	3	6	3	1454	0.0127857
14.246	3	6	3	1454	0.0127857
14.246	3	6	3	1454	0.0127857
14.252	3	3	3	1430	0.00822177
14.252	3	6	3	1454	0.0127857
14.252	3	6	3	1454	0.0127857
14.252	3	6	3	1454	0.00678571
14.258	3	6	3	1454	0.0127857
14.258	3	6	3	1454	0.0127857
14.26	3	3	3	1430	0.00882653
14.264	3	6	3	1454	0.0127857
14.264	3	6	3	1454	0.0127857
14.264	3	6	3	1454	0.0127857
14.264	3	6	3	1454	0.0127857
14.264	3	6	3	1454	0.00678571
14.264	3	6	3	1454	0.00678571
14.267	3	3	3	1430	0.00835987
14.272	3	6	3	1454	0.00878571
14.272	3	6	3	1454	0.00878571
14.275	3	3	3	1430	0.0088932
14.278	1	5	3	1454	0.0297857
14.278	3	6	3	1454	0.00878571
14.278	3	6	3	1454	0.00878571
14.282	3	3	3	1430	0.00842653
14.284	3	6	3	1454	0.0147857
14.284	3	6	3	1454	0.0147857
14.284	3	6	3	1454	0.0147857
14.284	3	6	3	1454	0.0147857
14.284	3	6	3	1454	0.00678571
14.284	3	6	3	1454	0.00678571
14.29	3	3	3	1430	0.00888844
14.29	3	6	3	1454	0.0127857
14.29	3	6	3	1454	0.00678571
14.29	3	6	3	1454	0.00678571
14.297	3	3	3	1430	0.0084932
14.298	3	6	3	1454	0.00878571
14.298	3	6	3	1454	0.00878571
14.304	3	6	3	1454	0.0147857
14.304	3	6	3	1454	0.0147857
14.304	3	6	3	1454	0.0147857
14.304	3	6	3	1454	0.0147857
14.304	3	6	3	1454	0.00878571
14.304	3	6	3	1454	0.00878571
14.305	3	3	3	1430	0.00902653
14.31	3	6	3	1454	0.0147857
14.31	3	6	3	1454	0.00678571
14.31	3	6	3	1454	0.00678571
14.312	3	3	3	1430	0.00855986
14.318	3	6	3	1454	0.00878571
14.318	3	6	3	1454	0.00878571
14.32	3	3	3	1430	0.0090932
14.324	3	6	3	1454	0.0147857
14.324	3	6	3	1454	0.0147857
14.324	3	6	3	1454	0.0147857
14.324	3	6	3	1454	0.0147857
14.324	3	6	3	1454	0.0147857
14.324	3	6	3	1454	0.00878571
14.327	3	3	3	1430	0.0085551
14.33	3	6	3	1454	0.0147857
14.33	3	6	3	1454	0.00678571
14.33	3	6	3	1454	0.00678571
14.334	3	3	3	1430	0.00815986
14.336	3	6	3	1454	0.0127857
14.336	3	6	3	1454	0.00678571
14.3419	3	3	3	1430	0.00855034
14.342	3	6	3	1454	0.0127857
14.342	3	6	3	1454	0.0127857
14.342	3	6	3	1454	0.0127857
14.342	3	6	3	1454	0.0127857
14.342	3	6	3	1454	0.0127857
14.342	3	6	3	1454	0.00678571
14.348	3	6	3	1454	0.0127857
14.348	3	6	3	1454	0.00678571
14.348	3	6	3	1454	0.00678571
14.349	3	3	3	1430	0.00822653
14.356	3	6	3	1454	0.00878571
14.356	3	6	3	1454	0.00878571
14.357	3	3	3	1430	0.00875986
14.362	3	6	3	1454	0.0147857
14.362	3	6	3	1454	0.00878571
14.362	3	6	3	1454	0.00878571
14.364	3	3	3	1430	0.0082932
14.368	3	6	3	1454	0.0147857
14.368	3	6	3	1454	0.0147857
14.368	3	6	3	1454	0.0147857
14.372	3	3	3	1430	0.00882653
14.374	3	6	3	1454	0.0127857
14.374	3	6	3	1454	0.0127857
14.374	3	6	3	1454	0.00678571
14.379	3	3	3	1430	0.00835986
14.38	3	6	3	1454	0.0127857
14.38	3	6	3	1454	0.0127857
14.38	3	6	3	1454	0.0127857
14.38	3	6	3	1454	0.00678571
14.387	3	3	3	1430	0.0088932
14.388	3	6	3	1454	0.00878571
14.388	3	6	3	1454	0.00878571
14.394	3	3	3	1430	0.0083551
14.394	3	6	3	1454	0.0147857
14.394	3	6	3	1454	0.00878571
14.394	3	6	3	1454	0.00878571
14.4	3	6	3	1454	0.0147857
14.4	3	6	3	1454	0.0147857
14.4	3	6	3	1454	0.00678571
14.402	3	3	3	1430	0.00895986
14.406	3	6	3	1454	0.0127857
14.406	3	6	3	1454	0.00678571
14.406	3	6	3	1454	0.00678571
14.409	3	3	3	1430	0.00849319
14.414	3	6	3	1454	0.00878571
14.414	3	6	3	1454	0.00878571
14.417	3	3	3	1430	0.0089551
14.417	1	5	3	1454	0.118786
14.417	1	5	3	1454	0.118786
14.42	3	6	3	1454	0.0147857
14.42	3	6	3	1454	0.0147857
14.42	3	6	3	1454	0.00878571
14.424	3	3	3	1430	0.00855986
14.426	3	6	3	1454	0.0147857
14.426	3	6	3	1454	0.00678571
14.426	3	6	3	1454	0.00678571
14.431	3	3	3	1430	0.00809319
14.434	3	6	3	1454	0.00871428
14.434	3	6	3	1454	0.00871428
14.439	3	3	3	1430	0.0085551
14.439	3	6	3	1454	0.0137857
14.439	3	6	3	1454	0.0137857
14.439	3	6	3	1454	0.00778571
14.445	3	6	3	1454	0.0137857
14.445	3	6	3	1454	0.00678571
14.445	3	6	3	1454	0.00678571
14.446	3	3	3	1430	0.00815986
14.453	3	6	3	1454	0.00878571
14.453	3	6	3	1454	0.00878571
14.454	3	3	3	1430	0.00869319
14.459	3	6	3	1454	0.0147857
14.459	3	6	3	1454	0.0147857
14.459	3	6	3	1454	0.00878571
14.461	3	3	3	1430	0.00822653
14.465	3	6	3	1454	0.0147857
14.465	3	6	3	1454	0.00678571
14.465	3	6	3	1454	0.00678571
14.469	3	3	3	1430	0.00875986
14.473	3	6	3	1454	0.00878571
14.473	3	6	3	1454	0.00878571
14.474	1	5	3	1454	0.0367143
14.476	3	3	3	1430	0.00829319
14.479	3	6	3	1454	0.0147143
14.479	3	6	3	1406	0.0147143
14.485	3	3	3	1430	0.00982652
14.491	3	3	3	1430	0.00835986
14.492	3	6	3	54	0.00878571
14.499	3	3	3	1430	0.00889319
14.506	3	3	3	1430	0.00842652
14.514	3	3	3	1430	0.00888843
14.521	3	3	3	1430	0.00849319
14.523	3	7	3	58	0.123029
14.529	3	3	3	1430	0.00902652
14.536	3	3	3	1430	0.00855985
14.543	3	3	3	1430	0.00809319
14.551	3	3	3	1430	0.00862652
14.558	3	3	3	1430	0.00815985
14.566	3	3	3	1430	0.00869319
14.573	3	3	3	1430	0.00822652
14.581	3	3	3	1430	0.00875985
14.588	3	3	3	1430	0.00829319
14.596	3	3	3	1430	0.00882652
14.603	3	3	3	1430	0.00835985
14.611	3	3	3	1430	0.00882114
14.613	1	5	3	1454	0.118786
14.618	3	3	3	1430	0.0084259
14.626	3	3	3	1430	0.0088878
14.633	3	3	3	1430	0.00849256
14.641	3	3	3	1430	0.0090259
14.648	3	3	3	1430	0.00855923
14.655	3	3	3	1430	0.00809256
14.658	1	5	3	1454	0.0247857
14.663	3	3	3	1430	0.00862589
14.67	3	3	3	1430	0.00815923
14.678	3	3	3	1430	0.00869256
14.685	3	3	3	1430	0.00822589
14.693	3	3	3	1430	0.00875923
14.7	3	3	3	1430	0.00829256
14.708	3	3	3	1430	0.00882589
14.709	1	5	3	1454	0.0297143
14.715	3	3	3	1430	0.00835923
14.723	3	3	3	1430	0.00889256
14.73	3	3	3	1430	0.00842589
14.738	3	3	3	1430	0.00895922
14.745	3	3	3	1430	0.00849256
14.753	1	5	3	1454	0.0247857
14.753	3	3	3	1430	0.00902589
14.76	3	3	3	1430	0.0084878
14.767	3	3	3	1430	0.00809256
14.775	3	3	3	1430	0.00862589
14.782	3	3	3	1430	0.00815922
14.79	3	3	3	1430	0.00869256
14.797	3	3	3	1430	0.00822589
14.798	1	5	3	1454	0.0247857
14.799	1	5	3	1454	0.0257143
14.805	3	3	3	1430	0.00875922
14.812	3	3	3	1430	0.00829255
14.818	1	5	3	1454	0.0147857
14.819	1	5	3	1454	0.0157857
14.82	3	3	3	1430	0.00882589
14.827	3	3	3	1430	0.00835922
14.835	3	3	3	1430	0.00889255
14.838	1	5	3	1454	0.0147857
14.839	1	5	3	1454	0.0157143
14.842	3	3	3	1430	0.00842589
14.85	3	3	3	1430	0.00895922
14.857	3	3	3	1430	0.00849255
14.858	1	5	3	1454	0.0147857
14.859	1	5	3	1454	0.0157143
14.865	3	3	3	1430	0.00902589
14.872	3	3	3	1430	0.00855922
14.88	3	3	3	1430	0.00909255
14.883	1	5	3	1454	0.0147857
14.884	1	5	3	1454	0.0157857
14.885	1	5	3	1454	0.0167857
14.887	3	3	3	1430	0.00855446
14.894	3	3	3	1430	0.00815922
14.902	3	3	3	1430	0.00869255
14.904	1	5	3	1454	0.0147857
14.905	1	5	3	1454	0.0157857
14.909	3	3	3	1430	0.00822588
14.91	1	5	3	1454	0.0147857
14.911	1	5	3	1454	0.0157857
14.917	3	3	3	1430	0.00875922
14.924	3	3	3	1430	0.00829255
14.932	1	5	3	1454	0.0147857
14.932	3	3	3	1430	0.00882588
14.933	1	5	3	1454	0.0157857
14.934	1	5	3	1454	0.0167857
14.934	1	5	3	1454	0.0127857
14.935	1	5	3	1454	0.0137857
14.939	3	3	3	1430	0.00835921
14.947	3	3	3	1430	0.00889255
14.954	3	3	3	1430	0.00842588
14.958	1	5	3	1454	0.0137857
14.959	1	5	3	1454	0.0147143
14.96	1	5	3	1454	0.0147857
14.961	1	5	3	1454	0.0157857
14.962	3	3	3	1430	0.00895921
14.969	3	3	3	1430	0.00849255
14.977	3	3	3	1430	0.00895445
14.979	1	5	3	1454	0.0147857
14.98	1	5	3	1454	0.0157143
14.981	1	5	3	1454	0.0157857
14.982	1	5	3	1454	0.0167857
14.982	1	5	3	1454	0.0167857
14.984	3	3	3	1430	0.00855921
14.991	3	3	3	1430	0.00809255
14.999	3	3	3	1430	0.00862588
15	1	5	3	1454	0.0147857
15.001	1	5	3	1454	0.0157857
15.002	1	5	3	1454	0.0147857
15.002	1	5	3	1454	0.0147857
15.003	1	5	3	1454	0.00978571
15.006	1	5	3	1454	0.0127857
15.006	3	3	3	1430	0.00815921
15.014	3	3	3	1430	0.00869255
15.021	3	3	3	1430	0.00822588
15.023	1	5	3	1454	0.0147857
15.024	1	5	3	1454	0.0157857
15.029	1	5	3	1454	0.0147143
15.029	3	3	3	1430	0.00875921
15.03	1	5	3	1454	0.0157857
15.031	1	5	3	1454	0.0167857
15.032	1	5	3	1454	0.0177857
15.032	1	5	3	1454	0.0177857
15.036	3	3	3	1430	0.00829254
15.045	3	3	3	1430	0.00982588
15.051	3	3	3	1430	0.00835921
15.052	1	5	3	1454	0.0147143
15.053	1	5	3	1454	0.0157143
15.054	1	5	3	1454	0.0167143
15.054	1	5	3	1454	0.0167143
15.055	1	5	3	1454	0.0177143
15.056	1	5	3	1454	0.0187143
15.059	3	3	3	1430	0.00889254
15.066	3	3	3	1430	0.00842588
15.074	3	3	3	1430	0.00888778
15.075	1	5	3	1454	0.0147143
15.076	1	5	3	1454	0.0157143
15.077	1	5	3	1454	0.0167143
15.077	1	5	3	1454	0.0167143
15.078	1	5	3	1454	0.0177143
15.079	1	5	3	1454	0.0186429
15.08	1	5	3	1454	0.0197143
15.081	3	3	3	1430	0.00849254
15.089	3	3	3	1430	0.00902588
15.096	3	3	3	1430	0.00855921
15.103	1	5	3	1454	0.0147143
15.103	3	3	3	1430	0.00809254
15.104	1	5	3	1454	0.0157143
15.105	1	5	3	1454	0.0167143
15.105	1	5	3	1454	0.0167143
15.106	1	5	3	1454	0.0177143
15.107	1	5	3	1454	0.0187143
15.108	1	5	3	1454	0.0197143
15.111	3	3	3	1430	0.00862587
15.118	3	3	3	1430	0.00815921
15.126	3	3	3	1430	0.00869254
15.127	1	5	3	1454	0.0147143
15.128	1	5	3	1454	0.0157143
15.129	1	5	3	1454	0.0167143
15.129	1	5	3	1454	0.0167143
15.13	1	5	3	1454	0.0177143
15.131	1	5	3	1454	0.0187143
15.132	1	5	3	1454	0.0197143
15.133	3	3	3	1430	0.00822587
15.141	3	3	3	1430	0.00875921
15.148	3	3	3	1430	0.00829254
15.156	1	5	3	1454	0.0145714
15.156	3	3	3	1430	0.00882587
15.157	1	5	3	1454	0.0155714
15.158	1	5	3	1454	0.0165714
15.158	1	5	3	1454	0.0165714
15.159	1	5	3	1454	0.0175
15.16	1	5	3	1454	0.0185714
15.161	1	5	3	1454	0.0195714
15.163	3	3	3	1430	0.0083592
15.171	3	3	3	1430	0.00882111
15.178	3	3	3	1430	0.00842587
15.179	1	5	3	1454	0.0145714
15.18	1	5	3	1454	0.0156429
15.181	1	5	3	1454	0.0166429
15.186	3	3	3	1430	0.00888778
15.193	3	3	3	1430	0.00849254
15.198	1	5	3	1454	0.0137857
15.199	1	5	3	1454	0.0147143
15.2	1	5	3	1454	0.0147857
15.201	3	3	3	1430	0.00902587
15.204	1	5	3	1454	0.0127857
15.208	3	3	3	1430	0.0085592
15.215	3	3	3	1430	0.00809254
15.223	3	3	3	1430	0.00862587
15.224	1	5	3	1454	0.0147143
15.225	1	5	3	1454	0.0157143
15.227	1	5	3	1454	0.0167857
15.23	1	5	3	1454	0.0137857
15.23	3	3	3	1430	0.0081592
15.238	3	3	3	1430	0.00869254
15.245	3	3	3	1430	0.00822587
15.246	1	5	3	1454	0.0147143
15.247	1	5	3	1454	0.0157143
15.248	1	5	3	1454	0.0167143
15.252	1	5	3	1454	0.0117857
15.252	1	5	3	1454	0.0117857
15.253	3	3	3	1430	0.0087592
15.26	3	3	3	1430	0.00829253
15.268	3	3	3	1430	0.00882587
15.274	1	5	3	1454	0.0147857
15.275	1	5	3	1454	0.0157857
15.275	3	3	3	1430	0.0083592
15.276	1	5	3	1454	0.0137857
15.276	1	5	3	1454	0.0137857
15.283	3	3	3	1430	0.00889253
15.29	3	3	3	1430	0.00842587
15.298	3	3	3	1430	0.0089592
15.301	1	5	3	1454	0.0147857
15.302	1	5	3	1454	0.0157857
15.303	1	5	3	1454	0.0167857
15.303	1	5	3	1454	0.0167857
15.305	3	3	3	1430	0.00849253
15.313	3	3	3	1430	0.00902587
15.32	3	3	3	1430	0.00848777
15.327	3	3	3	1430	0.00809253
15.328	1	5	3	1454	0.0147857
15.329	1	5	3	1454	0.0157857
15.33	1	5	3	1454	0.0167857
15.33	1	5	3	1454	0.0157857
15.331	1	5	3	1454	0.0167857
15.335	3	3	3	1430	0.00862586
15.342	3	3	3	1430	0.0081592
15.35	1	5	3	1454	0.0147857
15.35	3	3	3	1430	0.00869253
15.351	1	5	3	1454	0.0157857
15.356	1	5	3	1454	0.0147857
15.357	1	5	3	1454	0.0157857
15.357	3	3	3	1430	0.00822586
15.358	1	5	3	1454	0.0167857
15.358	1	5	3	1454	0.0167857
15.365	3	3	3	1430	0.0087592
15.372	3	3	3	1430	0.00829253
15.38	1	5	3	1454	0.0147143
15.38	3	3	3	1430	0.00882586
15.381	1	5	3	1454	0.0157857
15.382	1	5	3	1454	0.0137857
15.383	1	5	3	1454	0.0147857
15.383	1	5	3	1454	0.0147857
15.384	1	5	3	1454	0.0147857
15.385	1	5	3	1454	0.0157857
15.387	3	3	3	1430	0.00835919
15.395	3	3	3	1430	0.00889253
15.402	3	3	3	1430	0.00842586
15.404	1	5	3	1454	0.0147143
15.405	1	5	3	1454	0.0157143
15.406	1	5	3	1454	0.0167143
15.406	1	5	3	1454	0.0167143
15.407	1	5	3	1454	0.0177143
15.408	1	5	3	1454	0.0187143
15.41	3	3	3	1430	0.00895919
15.417	3	3	3	1430	0.00849253
15.425	3	3	3	1430	0.00902586
15.427	1	5	3	1454	0.0147143
15.428	1	5	3	1454	0.0157143
15.429	1	5	3	1454	0.0166429
15.43	1	5	3	1454	0.0177143
15.43	1	5	3	1454	0.0177143
15.431	1	5	3	1454	0.0187143
15.432	1	5	3	1454	0.0197143
15.432	3	3	3	1430	0.00855919
15.44	3	3	3	1430	0.00909253
15.447	3	3	3	1430	0.00855443
15.451	1	5	3	1454	0.0147143
15.452	1	5	3	1454	0.0157143
15.453	1	5	3	1454	0.0167143
15.453	1	5	3	1454	0.0167143
15.454	1	5	3	1454	0.0177143
15.454	3	3	3	1430	0.00815919
15.455	1	5	3	1454	0.0187143
15.456	1	5	3	1454	0.0187857
15.462	3	3	3	1430	0.00869253
15.469	3	3	3	1430	0.00822586
15.475	1	5	3	1454	0.0147143
15.476	1	5	3	1454	0.0157143
15.477	1	5	3	1454	0.0167143
15.477	1	5	3	1454	0.0167143
15.477	3	3	3	1430	0.00875919
15.478	1	5	3	1454	0.0177143
15.479	1	5	3	1454	0.0186429
15.48	1	5	3	1454	0.0197143
15.484	3	3	3	1430	0.00829252
15.492	3	3	3	1430	0.00882586
15.498	1	5	3	1454	0.0145714
15.499	1	5	3	1454	0.0155
15.499	3	3	3	1430	0.00835919
15.5	1	5	3	1454	0.0165714
15.501	1	5	3	1454	0.0175714
15.501	1	5	3	1454	0.0175714
15.502	1	5	3	1454	0.0185
15.503	1	5	3	1454	0.0195714
15.507	3	3	3	1430	0.00889252
15.514	3	3	3	1430	0.00842586
15.521	1	5	3	1454	0.0146429
15.522	1	5	3	1454	0.0156429
15.522	3	3	3	1430	0.00895919
15.523	1	5	3	1454	0.0166429
15.529	3	3	3	1430	0.00849252
15.537	3	3	3	1430	0.00895443
15.544	3	3	3	1430	0.00855919
15.547	1	5	3	1454	0.0147143
15.548	1	5	3	1454	0.0157143
15.549	1	5	3	1454	0.0167143
15.549	1	5	3	1454	0.0167143
15.551	3	3	3	1430	0.00809252
15.559	3	3	3	1430	0.00862585
15.566	3	3	3	1430	0.00815919
15.569	1	5	3	1454	0.0146429
15.57	1	5	3	1454	0.0156429
15.571	1	5	3	1454	0.0166429
15.571	1	5	3	1454	0.0166429
15.574	3	3	3	1430	0.00869252
15.581	3	3	3	1430	0.00822585
15.589	3	3	3	1430	0.00875919
15.591	1	5	3	1454	0.0147143
15.592	1	5	3	1454	0.0157143
15.593	1	5	3	1454	0.0166429
15.594	1	5	3	1454	0.0177143
15.594	1	5	3	1454	0.0177143
15.596	3	3	3	1430	0.00829252
15.605	3	3	3	1430	0.00982585
15.611	3	3	3	1430	0.00835856
15.618	1	5	3	1454	0.0147857
15.619	1	5	3	1454	0.0157857
15.619	3	3	3	1430	0.0088919
15.62	1	5	3	1454	0.0157143
15.621	1	5	3	1454	0.0167857
15.626	3	3	3	1430	0.00842523
15.634	3	3	3	1430	0.00888713
15.641	3	3	3	1430	0.0084919
15.644	1	5	3	1454	0.0147857
15.645	1	5	3	1454	0.0157857
15.646	1	5	3	1454	0.0167857
15.646	1	5	3	1454	0.0167857
15.649	3	3	3	1430	0.00902523
15.656	3	3	3	1430	0.00855856
15.663	3	3	3	1430	0.00809189
15.666	1	5	3	1454	0.0147857
15.667	1	5	3	1454	0.0157857
15.668	1	5	3	1454	0.0167857
15.668	1	5	3	1454	0.0157857
15.669	1	5	3	1454	0.0167143
15.671	3	3	3	1430	0.00862523
15.678	3	3	3	1430	0.00815856
15.686	3	3	3	1430	0.00869189
15.688	1	5	3	1454	0.0147143
15.689	1	5	3	1454	0.0157143
15.69	1	5	3	1454	0.0167143
15.69	1	5	3	1454	0.0167143
15.691	1	5	3	1454	0.0177143
15.692	1	5	3	1454	0.0187143
15.693	3	3	3	1430	0.00822523
15.701	3	3	3	1430	0.00875856
15.708	3	3	3	1430	0.00829189
15.716	1	5	3	1454	0.0147857
15.716	3	3	3	1430	0.00882523
15.717	1	5	3	1454	0.0157857
15.718	1	5	3	1454	0.0157857
15.718	1	5	3	1454	0.0157857
15.719	1	5	3	1454	0.0167143
15.72	1	5	3	1454	0.0177857
15.721	1	5	3	1454	0.0187857
15.723	3	3	3	1430	0.00835856
15.731	3	3	3	1430	0.00882046
15.738	3	3	3	1430	0.00842522
15.739	1	5	3	1454	0.0147143
15.74	1	5	3	1454	0.0157857
15.744	1	5	3	1454	0.0137857
15.745	1	5	3	1454	0.0147857
15.746	3	3	3	1430	0.00888713
15.746	1	5	3	1454	0.0157857
15.746	1	5	3	1454	0.0157857
15.753	3	3	3	1430	0.00849189
15.761	3	3	3	1430	0.00902522
15.766	1	5	3	1454	0.0147143
15.767	1	5	3	1454	0.0157143
15.768	1	5	3	1454	0.0167143
15.768	1	5	3	1454	0.0167143
15.768	3	3	3	1430	0.00855856
15.769	1	5	3	1454	0.0177143
15.77	1	5	3	1454	0.0187143
15.771	1	5	3	1454	0.0197143
15.775	3	3	3	1430	0.00809189
15.783	3	3	3	1430	0.00862522
15.79	1	5	3	1454	0.0147143
15.79	3	3	3	1430	0.00815856
15.791	1	5	3	1454	0.0157143
15.792	1	5	3	1454	0.0167143
15.792	1	5	3	1454	0.0167143
15.793	1	5	3	1454	0.0177143
15.794	1	5	3	1454	0.0187143
15.795	1	5	3	1454	0.0137857
15.798	3	3	3	1430	0.00869189
15.805	3	3	3	1430	0.00822522
15.813	3	3	3	1430	0.00875855
15.814	1	5	3	1454	0.0147143
15.815	1	5	3	1454	0.0157143
15.816	1	5	3	1454	0.0167143
15.816	1	5	3	1454	0.0167143
15.817	1	5	3	1454	0.0177143
15.818	1	5	3	1454	0.0187143
15.819	1	5	3	1454	0.0196429
15.82	3	3	3	1430	0.00829189
15.828	3	3	3	1430	0.00882522
15.835	3	3	3	1430	0.00835855
15.838	1	5	3	1454	0.0145714
15.839	1	5	3	1454	0.0155
15.84	1	5	3	1454	0.0165714
15.841	1	5	3	1454	0.0175714
15.841	1	5	3	1454	0.0175714
15.842	1	5	3	1454	0.0185714
15.843	1	5	3	1454	0.0195714
15.843	3	3	3	1430	0.00889189
15.85	3	3	3	1430	0.00842522
15.858	3	3	3	1430	0.00895855
15.862	1	5	3	1454	0.0146429
15.863	1	5	3	1454	0.0156429
15.864	1	5	3	1454	0.0166429
15.865	3	3	3	1430	0.00849189
15.873	3	3	3	1430	0.00902522
15.88	3	3	3	1430	0.00848712
15.887	3	3	3	1430	0.00809188
15.888	1	5	3	1454	0.0147143
15.889	1	5	3	1454	0.0157143
15.89	1	5	3	1454	0.0167143
15.89	1	5	3	1454	0.0167143
15.895	3	3	3	1430	0.00862522
15.902	3	3	3	1430	0.00815855
15.91	1	5	3	1454	0.0146429
15.91	3	3	3	1430	0.00869188
15.911	1	5	3	1454	0.0156429
15.912	1	5	3	1454	0.0166429
15.912	1	5	3	1454	0.0166429
15.917	3	3	3	1430	0.00822522
15.925	3	3	3	1430	0.00875855
15.932	1	5	3	1454	0.0147143
15.932	3	3	3	1430	0.00829188
15.933	1	5	3	1454	0.0157143
15.934	1	5	3	1454	0.0167143
15.934	1	5	3	1454	0.0167143
15.935	1	5	3	1454	0.0177143
15.94	3	3	3	1430	0.00882522
15.947	3	3	3	1430	0.00835855
15.955	3	3	3	1430	0.00889188
15.959	1	5	3	1454	0.0147143
15.96	1	5	3	1454	0.0157857
15.961	1	5	3	1454	0.0167857
15.962	1	5	3	1454	0.0177857
15.962	3	3	3	1430	0.00842521
15.97	3	3	3	1430	0.00895855
15.977	3	3	3	1430	0.00849188
15.985	3	3	3	1430	0.00902521
15.986	1	5	3	1454	0.0147857
15.987	1	5	3	1454	0.0157857
15.988	1	5	3	1454	0.0167857
15.988	1	5	3	1454	0.0167857
15.992	3	3	3	1430	0.00855855
16	3	3	3	1430	0.00909188
16.007	3	3	3	1430	0.00855378
16.008	1	5	3	1454	0.0147857
16.009	1	5	3	1454	0.0157857
16.01	1	5	3	1454	0.0167857
16.01	1	5	3	1454	0.0157857
16.011	1	5	3	1454	0.0167857
16.014	3	3	3	1430	0.00815854
16.022	3	3	3	1430	0.00869188
16.029	3	3	3	1430	0.00822521
16.03	1	5	3	1454	0.0147857
16.031	1	5	3	1454	0.0157857
16.036	1	5	3	1454	0.0147857
16.037	1	5	3	1454	0.0157857
16.037	3	3	3	1430	0.00875854
16.038	1	5	3	1454	0.0167857
16.038	1	5	3	1454	0.0167857
16.044	3	3	3	1430	0.00829188
16.052	3	3	3	1430	0.00882521
16.059	3	3	3	1430	0.00835854
16.06	1	5	3	1454	0.0147857
16.061	1	5	3	1454	0.0157857
16.062	1	5	3	1454	0.0167143
16.063	1	5	3	1454	0.0177857
16.063	1	5	3	1454	0.0177857
16.064	1	5	3	1454	0.0187857
16.065	1	5	3	1454	0.0197857
16.067	3	3	3	1430	0.00889188
16.074	3	3	3	1430	0.00842521
16.082	3	3	3	1430	0.00895854
16.089	1	5	3	1454	0.0147143
16.089	3	3	3	1430	0.00849188
16.09	1	5	3	1454	0.0157143
16.091	1	5	3	1454	0.0167143
16.091	1	5	3	1454	0.0167143
16.092	1	5	3	1454	0.0177143
16.093	1	5	3	1454	0.0187143
16.097	3	3	3	1430	0.00895378
16.104	3	3	3	1430	0.00855854
16.111	3	3	3	1430	0.00809187
16.117	1	5	3	1454	0.0147143
16.118	1	5	3	1454	0.0157143
16.119	1	5	3	1454	0.0166429
16.119	3	3	3	1430	0.00862521
16.12	1	5	3	1454	0.0177143
16.12	1	5	3	1454	0.0177143
16.121	1	5	3	1454	0.0187143
16.122	1	5	3	1454	0.0197143
16.126	3	3	3	1430	0.00815854
16.134	3	3	3	1430	0.00869187
16.141	1	5	3	1454	0.0147143
16.141	3	3	3	1430	0.00822521
16.142	1	5	3	1454	0.0156429
16.143	1	5	3	1454	0.0167143
16.144	1	5	3	1454	0.0177143
16.144	1	5	3	1454	0.0177143
16.145	1	5	3	1454	0.0187143
16.146	1	5	3	1454	0.0137857
16.149	3	3	3	1430	0.00875854
16.156	3	3	3	1430	0.00829187
16.164	1	5	3	1454	0.0137143
16.165	1	5	3	1454	0.0147143
16.165	3	3	3	1430	0.00982521
16.166	1	5	3	1454	0.0157143
16.166	1	5	3	1454	0.0157143
16.167	1	5	3	1454	0.0167143
16.168	1	5	3	1454	0.0177143
16.169	1	5	3	1454	0.0187143
16.171	3	3	3	1430	0.00835854
16.179	3	3	3	1430	0.00889187
16.186	3	3	3	1430	0.0084252
16.188	1	5	3	1454	0.0145714
16.189	1	5	3	1454	0.0155714
16.19	1	5	3	1454	0.0165714
16.19	1	5	3	1454	0.0165714
16.191	1	5	3	1454	0.0175714
16.192	1	5	3	1454	0.0185714
16.193	1	5	3	1454	0.0195714
16.194	3	3	3	1430	0.00888711
16.201	3	3	3	1430	0.00849187
16.212	1	5	3	1454	0.0146429
16.213	1	5	3	1454	0.0156429
16.214	1	5	3	1454	0.0166429
16.238	1	5	3	1454	0.0147143
16.239	1	5	3	1454	0.0156429
16.24	1	5	3	1454	0.0167143
16.241	1	5	3	1454	0.0177143
16.259	1	5	3	1454	0.0147143
16.26	1	5	3	1454	0.0156429
16.265	1	5	3	1454	0.0147857
16.267	1	5	3	1454	0.0167857
16.284	1	5	3	1454	0.0137143
16.285	1	5	3	1454	0.0147143
16.286	1	5	3	1454	0.0157143
16.29	1	5	3	1454	0.0127857
16.29	1	5	3	1454	0.0127857
16.312	1	5	3	1454	0.0147857
16.313	1	5	3	1454	0.0157143
16.314	1	5	3	1454	0.0137857
16.315	1	5	3	1454	0.0147857
16.333	1	5	3	1454	0.0147857
16.334	1	5	3	1454	0.0157857
16.339	1	5	3	1454	0.0147857
16.34	1	5	3	1454	0.0157143
16.361	1	5	3	1454	0.0147857
16.362	1	5	3	1454	0.0157857
16.363	1	5	3	1454	0.0167857
16.363	1	5	3	1454	0.0167857
16.364	1	5	3	1454	0.0177857
16.387	1	5	3	1454	0.0137857
16.388	1	5	3	1454	0.0147857
16.389	1	5	3	1454	0.0147143
16.39	1	5	3	1454	0.0157857
16.39	1	5	3	1454	0.0157857
16.391	1	5	3	1454	0.0167857
16.41	1	5	3	1454	0.0147857
16.411	1	5	3	1454	0.0157857
16.416	1	5	3	1454	0.0147857
16.417	1	5	3	1454	0.0157857
16.418	1	5	3	1454	0.0167857
16.418	1	5	3	1454	0.0167857
16.419	1	5	3	1454	0.0177857
16.44	1	5	3	1454	0.0147857
16.441	1	5	3	1454	0.0157857
16.442	1	5	3	1454	0.0167857
16.442	1	5	3	1454	0.0167857
16.443	1	5	3	1454	0.0177857
16.444	1	5	3	1454	0.0187857
16.463	1	5	3	1454	0.0147143
16.464	1	5	3	1454	0.0157143
16.465	1	5	3	1454	0.0167143
16.465	1	5	3	1454	0.0167143
16.466	1	5	3	1454	0.0177143
16.467	1	5	3	1454	0.0187143
16.468	1	5	3	1454	0.0197143
16.492	1	5	3	1454	0.0147143
16.493	1	5	3	1454	0.0157143
16.494	1	5	3	1454	0.0167143
16.494	1	5	3	1454	0.0167143
16.495	1	5	3	1454	0.0177143
16.496	1	5	3	1454	0.0187143
16.497	1	5	3	1454	0.0187857
16.516	1	5	3	1454	0.0147143
16.517	1	5	3	1454	0.0157143
16.518	1	5	3	1454	0.0167143
16.518	1	5	3	1454	0.0167143
16.519	1	5	3	1454	0.0176429
16.52	1	5	3	1454	0.0187143
16.521	1	5	3	1454	0.0197143
16.539	1	5	3	1454	0.0145714
16.54	1	5	3	1454	0.0156429
16.541	1	5	3	1454	0.0166429
16.542	1	5	3	1454	0.0175714
16.542	1	5	3	1454	0.0175714
16.543	1	5	3	1454	0.0186429
16.544	1	5	3	1454	0.0196429
16.562	1	5	3	1454	0.0146429
16.563	1	5	3	1454	0.0156429
16.564	1	5	3	1454	0.0166429
16.588	1	5	3	1454	0.0147143
16.589	1	5	3	1454	0.0157143
16.59	1	5	3	1454	0.0167143
16.59	1	5	3	1454	0.0157857
16.615	1	5	3	1454	0.0146429
16.616	1	5	3	1454	0.0156429
16.617	1	5	3	1454	0.0166429
16.617	1	5	3	1454	0.0166429
16.637	1	5	3	1454	0.0147143
16.638	1	5	3	1454	0.0157143
16.639	1	5	3	1454	0.0166429
16.64	1	5	3	1454	0.0177143
16.64	1	5	3	1454	0.0177143
16.659	1	5	3	1454	0.0147857
16.66	1	5	3	1454	0.0157143
16.665	1	5	3	1454	0.0147857
16.667	1	5	3	1454	0.0167857
16.684	1	5	3	1454	0.0137857
16.685	1	5	3	1454	0.0147857
16.686	1	5	3	1454	0.0147857
16.686	1	5	3	1454	0.0147857
16.711	1	5	3	1454	0.0147857
16.712	1	5	3	1454	0.0157857
16.713	1	5	3	1454	0.0167143
16.714	1	5	3	1454	0.0177857
16.714	1	5	3	1454	0.0177857
16.738	1	5	3	1454	0.0147857
16.739	1	5	3	1454	0.0157857
16.74	1	5	3	1454	0.0157143
16.741	1	5	3	1454	0.0167857
16.741	1	5	3	1454	0.0167857
16.742	1	5	3	1454	0.0177857
16.764	1	5	3	1454	0.0137857
16.765	1	5	3	1454	0.0147857
16.766	1	5	3	1454	0.0157857
16.766	1	5	3	1454	0.0157857
16.767	1	5	3	1454	0.0167857
16.768	1	5	3	1454	0.0177857
16.769	1	5	3	1454	0.0187857
16.793	1	5	3	1454	0.0146429
16.794	1	5	3	1454	0.0157143
16.795	1	5	3	1454	0.0167143
16.796	1	5	3	1454	0.0177143
16.796	1	5	3	1454	0.0177143
16.797	1	5	3	1454	0.0187143
16.816	1	5	3	1454	0.0147143
16.817	1	5	3	1454	0.0157143
16.818	1	5	3	1454	0.0167143
16.818	1	5	3	1454	0.0167143
16.819	1	5	3	1454	0.0177143
16.82	1	5	3	1454	0.0186429
16.821	1	5	3	1454	0.0197143
16.844	1	5	3	1454	0.0147143
16.845	1	5	3	1454	0.0157143
16.846	1	5	3	1454	0.0167143
16.846	1	5	3	1454	0.0167143
16.847	1	5	3	1454	0.0177143
16.848	1	5	3	1454	0.0187143
16.849	1	5	3	1454	0.0197143
16.873	1	5	3	1454	0.0146429
16.874	1	5	3	1454	0.0157143
16.875	1	5	3	1454	0.0167143
16.876	1	5	3	1454	0.0177143
16.876	1	5	3	1454	0.0177143
16.877	1	5	3	1454	0.0187143
16.878	1	5	3	1454	0.0197143
16.902	1	5	3	1454	0.0145714
16.903	1	5	3	1454	0.0155714
16.904	1	5	3	1454	0.0165714
16.904	1	5	3	1454	0.0165714
16.905	1	5	3	1454	0.0175714
16.907	1	5	3	1454	0.0195714
16.908	1	5	3	1454	0.0205714
16.931	1	5	3	1454	0.0146429
16.932	1	5	3	1454	0.0156429
16.933	1	5	3	1454	0.0166429
16.952	1	5	3	1454	0.0147143
16.953	1	5	3	1454	0.0156429
16.954	1	5	3	1454	0.0167143
16.958	1	5	3	1454	0.0147857
16.973	1	5	3	1454	0.0147143
16.974	1	5	3	1454	0.0157143
16.979	1	5	3	1454	0.0147857
16.98	1	5	3	1454	0.0157143
17.001	1	5	3	1454	0.0147143
17.002	1	5	3	1454	0.0157143
17.003	1	5	3	1454	0.0167143
17.003	1	5	3	1454	0.0137857
17.004	1	5	3	1454	0.0147857
17.027	1	5	3	1454	0.0137857
17.028	1	5	3	1454	0.0147857
17.029	1	5	3	1454	0.0157143
17.03	1	5	3	1454	0.0167857
17.053	1	5	3	1454	0.0147857
17.054	1	5	3	1454	0.0157857
17.055	1	5	3	1454	0.0157857
17.055	1	5	3	1454	0.0157857
17.08	1	5	3	1454	0.0147857
17.081	1	5	3	1454	0.0157857
17.082	1	5	3	1454	0.0167857
17.082	1	5	3	1454	0.0157857
17.083	1	5	3	1454	0.0167857
17.102	1	5	3	1454	0.0147143
17.103	1	5	3	1454	0.0157857
17.104	1	5	3	1454	0.0157857
17.105	1	5	3	1454	0.0167857
17.105	1	5	3	1454	0.0167857
17.106	1	5	3	1454	0.0177857
17.13	1	5	3	1454	0.0147857
17.131	1	5	3	1454	0.0157857
17.132	1	5	3	1454	0.0157857
17.132	1	5	3	1454	0.0157857
17.133	1	5	3	1454	0.0167857
17.134	1	5	3	1454	0.0177857
17.135	1	5	3	1454	0.0187857
17.159	1	5	3	1454	0.0146429
17.16	1	5	3	1454	0.0157143
17.161	1	5	3	1454	0.0167143
17.162	1	5	3	1454	0.0177143
17.162	1	5	3	1454	0.0177143
17.163	1	5	3	1454	0.0187143
17.187	1	5	3	1454	0.0147143
17.188	1	5	3	1454	0.0157143
17.189	1	5	3	1454	0.0166429
17.19	1	5	3	1454	0.0177143
17.19	1	5	3	1454	0.0177143
17.191	1	5	3	1454	0.0187143
17.192	1	5	3	1454	0.0197143
17.216	1	5	3	1454	0.0147143
17.217	1	5	3	1454	0.0157143
17.218	1	5	3	1454	0.0167143
17.218	1	5	3	1454	0.0167143
17.219	1	5	3	1454	0.0177143
17.22	1	5	3	1454	0.0186429
17.221	1	5	3	1454	0.0197143
17.239	1	5	3	1454	0.0146429
17.24	1	5	3	1454	0.0157143
17.241	1	5	3	1454	0.0167143
17.242	1	5	3	1454	0.0177143
17.242	1	5	3	1454	0.0177143
17.243	1	5	3	1454	0.0187143
17.244	1	5	3	1454	0.0197143
17.263	1	5	3	1454	0.0145714
17.264	1	5	3	1454	0.0155714
17.265	1	5	3	1454	0.0165714
17.265	1	5	3	1454	0.0165714
17.266	1	5	3	1454	0.0175714
17.267	1	5	3	1454	0.0185714
17.268	1	5	3	1454	0.0195714
17.292	1	5	3	1454	0.0146429
17.293	1	5	3	1454	0.0156429
17.294	1	5	3	1454	0.0166429
17.313	1	5	3	1454	0.0147143
17.314	1	5	3	1454	0.0157143
17.315	1	5	3	1454	0.0167143
17.319	1	5	3	1454	0.0147143
17.34	1	5	3	1454	0.0147143
17.341	1	5	3	1454	0.0157143
17.342	1	5	3	1454	0.0166429
17.343	1	5	3	1454	0.0177143
17.361	1	5	3	1454	0.0147143
17.362	1	5	3	1454	0.0157143
17.363	1	5	3	1454	0.0167143
17.367	1	5	3	1454	0.0137857
17.367	1	5	3	1454	0.0137857
17.389	1	5	3	1454	0.0147857
17.39	1	5	3	1454	0.0157857
17.391	1	5	3	1454	0.0137857
17.391	1	5	3	1454	0.0137857
17.416	1	5	3	1454	0.0147857
17.417	1	5	3	1454	0.0157857
17.418	1	5	3	1454	0.0157857
17.418	1	5	3	1454	0.0157857
17.438	1	5	3	1454	0.0147857
17.439	1	5	3	1454	0.0157143
17.44	1	5	3	1454	0.0167857
17.441	1	5	3	1454	0.0167857
17.441	1	5	3	1454	0.0167857
17.465	1	5	3	1454	0.0137143
17.467	1	5	3	1454	0.0157143
17.468	1	5	3	1454	0.0167143
17.468	1	5	3	1454	0.0167143
17.469	1	5	3	1454	0.0177143
17.47	1	5	3	1454	0.0187143
17.494	1	5	3	1454	0.0147857
17.495	1	5	3	1454	0.0157857
17.496	1	5	3	1454	0.0157857
17.496	1	5	3	1454	0.0157857
17.497	1	5	3	1454	0.0167857
17.498	1	5	3	1454	0.0177857
17.499	1	5	3	1454	0.0187143
17.518	1	5	3	1454	0.0147143
17.519	1	5	3	1454	0.0156429
17.52	1	5	3	1454	0.0167143
17.521	1	5	3	1454	0.0177143
17.521	1	5	3	1454	0.0177143
17.522	1	5	3	1454	0.0187143
17.541	1	5	3	1454	0.0147143
17.542	1	5	3	1454	0.0157143
17.543	1	5	3	1454	0.0167143
17.543	1	5	3	1454	0.0167143
17.544	1	5	3	1454	0.0177143
17.545	1	5	3	1454	0.0187143
17.547	1	5	3	1454	0.0207143
17.564	1	5	3	1454	0.0137143
17.565	1	5	3	1454	0.0147143
17.566	1	5	3	1454	0.0157143
17.566	1	5	3	1454	0.0157143
17.567	1	5	3	1454	0.0167143
17.568	1	5	3	1454	0.0177143
17.569	1	5	3	1454	0.0117857
17.593	1	5	3	1454	0.0146429
17.594	1	5	3	1454	0.0157143
17.595	1	5	3	1454	0.0167143
17.596	1	5	3	1454	0.0177143
17.596	1	5	3	1454	0.0177143
17.597	1	5	3	1454	0.0187143
17.598	1	5	3	1454	0.0197143
17.622	1	5	3	1454	0.0145714
17.623	1	5	3	1454	0.0155714
17.624	1	5	3	1454	0.0165714
17.624	1	5	3	1454	0.0165714
17.625	1	5	3	1454	0.0175714
17.627	1	5	3	1454	0.0195714
17.628	1	5	3	1454	0.0205714
17.646	1	5	3	1454	0.0146429
17.647	1	5	3	1454	0.0156429
17.648	1	5	3	1454	0.0166429
17.667	1	5	3	1454	0.0147143
17.668	1	5	3	1454	0.0157143
17.669	1	5	3	1454	0.0166429
17.673	1	5	3	1454	0.0147143
17.693	1	5	3	1454	0.0147143
17.694	1	5	3	1454	0.0157143
17.695	1	5	3	1454	0.0167143
17.695	1	5	3	1454	0.0167143
17.715	1	5	3	1454	0.0147143
17.716	1	5	3	1454	0.0157143
17.717	1	5	3	1454	0.0167143
17.717	1	5	3	1454	0.0167143
17.718	1	5	3	1454	0.0177143
17.742	1	5	3	1454	0.0147143
17.743	1	5	3	1454	0.0157857
17.744	1	5	3	1454	0.0157857
17.745	1	5	3	1454	0.0167857
17.769	1	5	3	1454	0.0147857
17.77	1	5	3	1454	0.0157857
17.771	1	5	3	1454	0.0157857
17.771	1	5	3	1454	0.0157857
17.796	1	5	3	1454	0.0147857
17.797	1	5	3	1454	0.0157857
17.798	1	5	3	1454	0.0167857
17.798	1	5	3	1454	0.0157857
17.799	1	5	3	1454	0.0167143
17.823	1	5	3	1454	0.0147143
17.824	1	5	3	1454	0.0157143
17.825	1	5	3	1454	0.0167143
17.825	1	5	3	1454	0.0167143
17.826	1	5	3	1454	0.0177143
17.827	1	5	3	1454	0.0187143
17.846	1	5	3	1454	0.0147857
17.847	1	5	3	1454	0.0157857
17.852	1	5	3	1454	0.0147857
17.853	1	5	3	1454	0.0157857
17.854	1	5	3	1454	0.0167857
17.854	1	5	3	1454	0.0167857
17.855	1	5	3	1454	0.0177857
17.876	1	5	3	1454	0.0147857
17.877	1	5	3	1454	0.0157857
17.878	1	5	3	1454	0.0137857
17.878	1	5	3	1454	0.0137857
17.879	1	5	3	1454	0.0137143
17.88	1	5	3	1454	0.0147857
17.898	1	5	3	1454	0.0147143
17.899	1	5	3	1454	0.0156429
17.9	1	5	3	1454	0.0167143
17.901	1	5	3	1454	0.0177143
17.901	1	5	3	1454	0.0177143
17.902	1	5	3	1454	0.0186429
17.903	1	5	3	1454	0.0197143
17.921	1	5	3	1454	0.0147143
17.922	1	5	3	1454	0.0157143
17.923	1	5	3	1454	0.0167143
17.923	1	5	3	1454	0.0167143
17.924	1	5	3	1454	0.0177143
17.925	1	5	3	1454	0.0187143
17.926	1	5	3	1454	0.0127857
17.95	1	5	3	1454	0.0147143
17.951	1	5	3	1454	0.0157143
17.952	1	5	3	1454	0.0167143
17.952	1	5	3	1454	0.0167143
17.953	1	5	3	1454	0.0177143
17.954	1	5	3	1454	0.0187143
17.955	1	5	3	1454	0.0197143
17.974	1	5	3	1454	0.0145714
17.975	1	5	3	1454	0.0155714
17.976	1	5	3	1454	0.0165714
17.976	1	5	3	1454	0.0165714
17.977	1	5	3	1454	0.0175714
17.978	1	5	3	1454	0.0185714
17.979	1	5	3	1454	0.0195
17.998	1	5	3	1454	0.0146429
17.999	1	5	3	1454	0.0155714
18	1	5	3	1454	0.0166429
18.023	1	5	3	1454	0.0147143
18.024	1	5	3	1454	0.0157143
18.025	1	5	3	1454	0.0167143
18.025	1	5	3	1454	0.0147857
18.044	1	5	3	1454	0.0136429
18.045	1	5	3	1454	0.0146429
18.046	1	5	3	1454	0.0156429
18.046	1	5	3	1454	0.0156429
18.071	1	5	3	1454	0.0147143
18.072	1	5	3	1454	0.0157143
18.073	1	5	3	1454	0.0166429
18.074	1	5	3	1454	0.0177143
18.074	1	5	3	1454	0.0177143
18.098	1	5	3	1454	0.0147857
18.099	1	5	3	1454	0.0157857
18.1	1	5	3	1454	0.0157143
18.101	1	5	3	1454	0.0167857
18.124	1	5	3	1454	0.0147857
18.125	1	5	3	1454	0.0157857
18.126	1	5	3	1454	0.0157857
18.126	1	5	3	1454	0.0157857
18.146	1	5	3	1454	0.0147857
18.147	1	5	3	1454	0.0157857
18.148	1	5	3	1454	0.0167857
18.152	1	5	3	1454	0.0147857
18.152	1	5	3	1454	0.0147857
18.174	1	5	3	1454	0.0147857
18.175	1	5	3	1454	0.0157857
18.176	1	5	3	1454	0.0157857
18.176	1	5	3	1454	0.0157857
18.177	1	5	3	1454	0.0147857
18.178	1	5	3	1454	0.0157857
18.202	1	5	3	1454	0.0147857
18.203	1	5	3	1454	0.0157857
18.204	1	5	3	1454	0.0167857
18.204	1	5	3	1454	0.0167857
18.205	1	5	3	1454	0.0177857
18.206	1	5	3	1454	0.0187857
18.207	1	5	3	1454	0.0197857
18.226	1	5	3	1454	0.0147143
18.227	1	5	3	1454	0.0157143
18.228	1	5	3	1454	0.0167143
18.228	1	5	3	1454	0.0167143
18.229	1	5	3	1454	0.0176429
18.23	1	5	3	1454	0.0187143
18.253	1	5	3	1454	0.0147143
18.254	1	5	3	1454	0.0157143
18.255	1	5	3	1454	0.0167143
18.255	1	5	3	1454	0.0167143
18.256	1	5	3	1454	0.0177143
18.257	1	5	3	1454	0.0187143
18.258	1	5	3	1454	0.0197143
18.277	1	5	3	1454	0.0147143
18.278	1	5	3	1454	0.0157143
18.279	1	5	3	1454	0.0166429
18.28	1	5	3	1454	0.0177143
18.28	1	5	3	1454	0.0177143
18.281	1	5	3	1454	0.0187143
18.282	1	5	3	1454	0.0137857
18.301	1	5	3	1454	0.0147143
18.302	1	5	3	1454	0.0156429
18.303	1	5	3	1454	0.0167143
18.304	1	5	3	1454	0.0177143
18.304	1	5	3	1454	0.0177143
18.305	1	5	3	1454	0.0187143
18.306	1	5	3	1454	0.0197143
18.324	1	5	3	1454	0.0135714
18.325	1	5	3	1454	0.0145714
18.326	1	5	3	1454	0.0155714
18.326	1	5	3	1454	0.0155714
18.327	1	5	3	1454	0.0165714
18.328	1	5	3	1454	0.0175714
18.329	1	5	3	1454	0.0185714
18.348	1	5	3	1454	0.0146429
18.349	1	5	3	1454	0.0156429
18.35	1	5	3	1454	0.0166429
18.369	1	5	3	1454	0.0147143
18.37	1	5	3	1454	0.0157143
18.371	1	5	3	1454	0.0167143
18.375	1	5	3	1454	0.0147857
18.396	1	5	3	1454	0.0147143
18.397	1	5	3	1454	0.0157143
18.398	1	5	3	1454	0.0167143
18.398	1	5	3	1454	0.0127857
18.423	1	5	3	1454	0.0147143
18.424	1	5	3	1454	0.0157143
18.425	1	5	3	1454	0.0167143
18.425	1	5	3	1454	0.0167143
18.427	1	5	3	1454	0.0187143
18.444	1	5	3	1454	0.0137857
18.445	1	5	3	1454	0.0147857
18.45	1	5	3	1454	0.0137857
18.451	1	5	3	1454	0.0147857
18.472	1	5	3	1454	0.0147857
18.473	1	5	3	1454	0.0157143
18.474	1	5	3	1454	0.0137857
18.475	1	5	3	1454	0.0147857
18.498	1	5	3	1454	0.0147857
18.499	1	5	3	1454	0.0157857
18.5	1	5	3	1454	0.0167143
18.501	1	5	3	1454	0.0167857
18.501	1	5	3	1454	0.0167857
18.524	1	5	3	1454	0.0137857
18.525	1	5	3	1454	0.0147857
18.526	1	5	3	1454	0.0147857
18.526	1	5	3	1454	0.0147857
18.527	1	5	3	1454	0.0157857
18.528	1	5	3	1454	0.0167857
18.552	1	5	3	1454	0.0147857
18.553	1	5	3	1454	0.0157143
18.554	1	5	3	1454	0.0157857
18.555	1	5	3	1454	0.0167857
18.555	1	5	3	1454	0.0167857
18.556	1	5	3	1454	0.0177857
18.557	1	5	3	1454	0.0187857
18.576	1	5	3	1454	0.0147143
18.577	1	5	3	1454	0.0157143
18.578	1	5	3	1454	0.0167143
18.578	1	5	3	1454	0.0167143
18.579	1	5	3	1454	0.0177143
18.58	1	5	3	1454	0.0186429
18.604	1	5	3	1454	0.0147143
18.605	1	5	3	1454	0.0157143
18.606	1	5	3	1454	0.0167143
18.606	1	5	3	1454	0.0167143
18.607	1	5	3	1454	0.0177143
18.608	1	5	3	1454	0.0187143
18.609	1	5	3	1454	0.0197143
18.633	1	5	3	1454	0.0146429
18.634	1	5	3	1454	0.0157143
18.635	1	5	3	1454	0.0167143
18.636	1	5	3	1454	0.0177143
18.636	1	5	3	1454	0.0177143
18.637	1	5	3	1454	0.0187143
18.638	1	5	3	1454	0.0197143
18.657	1	5	3	1454	0.0147143
18.658	1	5	3	1454	0.0157143
18.659	1	5	3	1454	0.0167143
18.659	1	5	3	1454	0.0167143
18.66	1	5	3	1454	0.0176429
18.661	1	5	3	1454	0.0187143
18.662	1	5	3	1454	0.0197143
18.684	1	5	3	1454	0.0136429
18.685	1	5	3	1454	0.0146429
18.686	1	5	3	1454	0.0156429
18.686	1	5	3	1454	0.0156429
18.687	1	5	3	1454	0.0166429
18.688	1	5	3	1454	0.0176429
18.689	1	5	3	1454	0.0186429
18.707	1	5	3	1454	0.0136429
18.708	1	5	3	1454	0.0146429
18.709	1	5	3	1454	0.0155714
18.733	1	5	3	1454	0.0147143
18.734	1	5	3	1454	0.0157143
18.735	1	5	3	1454	0.0167143
18.735	1	5	3	1454	0.0167143
18.755	1	5	3	1454	0.0146429
18.756	1	5	3	1454	0.0156429
18.757	1	5	3	1454	0.0166429
18.757	1	5	3	1454	0.0166429
18.782	1	5	3	1454	0.0146429
18.783	1	5	3	1454	0.0157143
18.784	1	5	3	1454	0.0167143
18.785	1	5	3	1454	0.0177143
18.785	1	5	3	1454	0.0177143
18.804	1	5	3	1454	0.0137857
18.805	1	5	3	1454	0.0147857
18.81	1	5	3	1454	0.0137857
18.811	1	5	3	1454	0.0147857
18.833	1	5	3	1454	0.0157857
18.834	1	5	3	1454	0.0167857
18.835	1	5	3	1454	0.0177857
18.835	1	5	3	1454	0.0177857
18.86	1	5	3	1454	0.0147857
18.861	1	5	3	1454	0.0157857
18.862	1	5	3	1454	0.0167143
18.863	1	5	3	1454	0.0167857
18.863	1	5	3	1454	0.0167857
18.882	1	5	3	1454	0.0147857
18.883	1	5	3	1454	0.0157857
18.888	1	5	3	1454	0.0147857
18.889	1	5	3	1454	0.0157857
18.89	1	5	3	1454	0.0167857
18.89	1	5	3	1454	0.0167857
18.907	1	5	3	1454	0.0147857
18.908	1	5	3	1454	0.0157857
18.913	1	5	3	1454	0.0127857
18.914	1	5	3	1454	0.0137857
18.915	1	5	3	1454	0.0147857
18.915	1	5	3	1454	0.0137857
18.916	1	5	3	1454	0.0147857
18.926	1	5	3	1454	0.00878571
18.927	1	5	3	1454	0.00978571
18.934	1	5	3	1454	0.00878571
18.938	1	5	3	1454	0.0127857
18.939	1	5	3	1454	0.0117143
18.94	1	5	3	1454	0.0127857
18.941	1	5	3	1454	0.00478571
18.941	1	5	3	1454	0.00478571
18.961	1	5	3	1454	0.0147857
18.962	1	5	3	1454	0.0157857
18.963	1	5	3	1454	0.0167857
18.963	1	5	3	1454	0.0147857
18.964	1	5	3	1454	0.0157857
18.965	1	5	3	1454	0.0167857
18.966	1	5	3	1454	0.0177857
18.985	1	5	3	1454	0.0147143
18.987	1	5	3	1454	0.0167143
18.988	1	5	3	1454	0.0177143
18.988	1	5	3	1454	0.0177143
18.989	1	5	3	1454	0.0187143
18.99	1	5	3	1454	0.0197143
18.991	1	5	3	1454	0.0147857
19.013	1	1	3	58	0.0130286
19.015	1	5	3	1454	0.0147143
19.016	1	5	3	1454	0.0157143
19.017	1	5	3	1454	0.0167143
19.017	1	5	3	1454	0.0167143
19.018	1	5	3	1454	0.0177143
19.019	1	5	3	1454	0.0186429
19.02	1	5	3	1454	0.0197143
19.043	1	5	3	1454	0.0145714
19.044	1	5	3	1454	0.0155714
19.045	1	5	3	1454	0.0165714
19.045	1	5	3	1454	0.0165714
19.046	1	5	3	1454	0.0175714
19.047	1	5	3	1454	0.0185714
19.048	1	5	3	1454	0.0195714
19.073	1	5	3	1454	0.0156429
19.074	1	5	3	1454	0.0166429
19.075	1	5	3	1454	0.0176429
19.099	1	5	3	1454	0.0146429
19.1	1	5	3	1454	0.0157143
19.101	1	5	3	1454	0.0167143
19.102	1	5	3	1454	0.0167143
19.121	1	5	3	1454	0.0146429
19.122	1	5	3	1454	0.0156429
19.123	1	5	3	1454	0.0165714
19.124	1	5	3	1454	0.0176429
19.142	1	5	3	1454	0.0147143
19.143	1	5	3	1454	0.0157143
19.144	1	5	3	1454	0.0167143
19.148	1	5	3	1454	0.0137857
19.148	1	5	3	1454	0.0137857
19.17	1	5	3	1454	0.0147857
19.171	1	5	3	1454	0.0157857
19.172	1	5	3	1454	0.0137857
19.172	1	5	3	1454	0.0137857
19.197	1	5	3	1454	0.0147857
19.198	1	5	3	1454	0.0157857
19.199	1	5	3	1454	0.0167143
19.2	1	5	3	1454	0.0177857
19.223	1	5	3	1454	0.0147857
19.224	1	5	3	1454	0.0157857
19.225	1	5	3	1454	0.0167857
19.225	1	5	3	1454	0.0167857
19.227	1	5	3	1454	0.0187857
19.25	1	5	3	1454	0.0147857
19.251	1	5	3	1454	0.0157857
19.252	1	5	3	1454	0.0167857
19.252	1	5	3	1454	0.0167857
19.253	1	5	3	1454	0.0177857
19.254	1	5	3	1454	0.0187857
19.278	1	5	3	1454	0.0147857
19.279	1	5	3	1454	0.0157143
19.28	1	5	3	1454	0.0157857
19.281	1	5	3	1454	0.0167857
19.281	1	5	3	1454	0.0167857
19.282	1	5	3	1454	0.0177857
19.283	1	5	3	1454	0.0187857
19.302	1	5	3	1454	0.0147143
19.303	1	5	3	1454	0.0157143
19.304	1	5	3	1454	0.0167143
19.304	1	5	3	1454	0.0167143
19.305	1	5	3	1454	0.0177143
19.307	1	5	3	1454	0.0197143
19.308	3	2	3	58	0.00802856
19.33	1	5	3	1454	0.0147143
19.331	1	5	3	1454	0.0157143
19.332	1	5	3	1454	0.0167143
19.332	1	5	3	1454	0.0167143
19.333	1	5	3	1454	0.0177143
19.334	1	5	3	1454	0.0187143
19.335	1	5	3	1454	0.0197143
19.358	1	5	3	1454	0.0137143
19.359	1	5	3	1454	0.0146429
19.36	1	5	3	1454	0.0157143
19.361	1	5	3	1454	0.0167143
19.361	1	5	3	1454	0.0167143
19.362	1	5	3	1454	0.0177143
19.363	1	5	3	1454	0.0187143
19.382	1	5	3	1454	0.0147143
19.383	1	5	3	1454	0.0157143
19.384	1	5	3	1454	0.0167143
19.384	1	5	3	1454	0.0167143
19.385	1	5	3	1454	0.0177143
19.387	1	5	3	1454	0.0197143
19.388	1	5	3	1454	0.0207143
19.406	1	5	3	1454	0.0146429
19.407	1	5	3	1454	0.0156429
19.408	1	5	3	1454	0.0166429
19.409	1	5	3	1454	0.0176429
19.409	1	5	3	1454	0.0176429
19.41	1	5	3	1454	0.0186429
19.411	1	5	3	1454	0.0196429
19.43	1	5	3	1454	0.0146429
19.431	1	5	3	1454	0.0156429
19.432	1	5	3	1454	0.0166429
19.451	1	5	3	1454	0.0147143
19.452	1	5	3	1454	0.0157143
19.453	1	5	3	1454	0.0167143
19.453	1	5	3	1454	0.0157857
19.473	1	5	3	1454	0.0146429
19.474	1	5	3	1454	0.0156429
19.475	1	5	3	1454	0.0166429
19.475	1	5	3	1454	0.0166429
19.495	1	5	3	1454	0.0147143
19.496	1	5	3	1454	0.0157143
19.497	1	5	3	1454	0.0167143
19.497	1	5	3	1454	0.0167143
19.498	1	5	3	1454	0.0177143
19.499	1	5	3	1454	0.0186429
19.513	1	4	3	58	0.0129571
19.523	1	5	3	1454	0.0147143
19.524	1	5	3	1454	0.0157143
19.525	1	5	3	1454	0.0167143
19.525	1	5	3	1454	0.0167143
19.526	1	5	3	1454	0.0177143
19.527	1	5	3	1454	0.0187143
19.551	1	5	3	1454	0.0147857
19.552	1	5	3	1454	0.0157857
19.553	1	5	3	1454	0.0147857
19.553	1	5	3	1454	0.0147857
19.554	1	5	3	1454	0.0157857
19.555	1	5	3	1454	0.0167857
19.579	1	5	3	1454	0.0147143
19.58	1	5	3	1454	0.0157857
19.581	1	5	3	1454	0.0167857
19.582	1	5	3	1454	0.0177143
19.582	1	5	3	1454	0.0177143
19.583	1	5	3	1454	0.0187857
19.606	1	5	3	1454	0.0147857
19.607	1	5	3	1454	0.0157857
19.608	1	5	3	1454	0.0157857
19.608	1	5	3	1454	0.0157857
19.609	1	5	3	1454	0.0157857
19.61	1	5	3	1454	0.0167857
19.634	1	5	3	1454	0.0147857
19.635	1	5	3	1454	0.0157857
19.636	1	5	3	1454	0.0167857
19.636	1	5	3	1454	0.0167857
19.637	1	5	3	1454	0.0177857
19.638	1	5	3	1454	0.0187857
19.639	1	5	3	1454	0.0197143
19.663	1	5	3	1454	0.0147143
19.664	1	5	3	1454	0.0157143
19.665	1	5	3	1454	0.0167143
19.665	1	5	3	1454	0.0167143
19.666	1	5	3	1454	0.0177143
19.667	1	5	3	1454	0.0187143
19.691	1	5	3	1454	0.0147143
19.692	1	5	3	1454	0.0157143
19.693	1	5	3	1454	0.0167143
19.693	1	5	3	1454	0.0167143
19.694	1	5	3	1454	0.0177143
19.695	1	5	3	1454	0.0187143
19.696	1	5	3	1454	0.0197143
19.715	1	5	3	1454	0.0147143
19.716	1	5	3	1454	0.0157143
19.717	1	5	3	1454	0.0167143
19.717	1	5	3	1454	0.0167143
19.718	1	5	3	1454	0.0177143
19.719	1	5	3	1454	0.0186429
19.72	1	5	3	1454	0.0137857
19.738	1	5	3	1454	0.0147143
19.739	1	5	3	1454	0.0156429
19.74	1	5	3	1454	0.0167143
19.741	1	5	3	1454	0.0177143
19.741	1	5	3	1454	0.0177143
19.742	1	5	3	1454	0.0186429
19.743	1	5	3	1454	0.0197143
19.766	1	5	3	1454	0.0145714
19.767	1	5	3	1454	0.0155714
19.768	1	5	3	1454	0.0165714
19.768	1	5	3	1454	0.0165714
19.769	1	5	3	1454	0.0175714
19.77	1	5	3	1454	0.0185714
19.771	1	5	3	1454	0.0195714
19.795	1	5	3	1454	0.0146429
19.796	1	5	3	1454	0.0156429
19.797	1	5	3	1454	0.0166429
19.821	1	5	3	1454	0.0147143
19.822	1	5	3	1454	0.0156429
19.823	1	5	3	1454	0.0167143
19.824	1	5	3	1454	0.0177143
19.842	1	5	3	1454	0.0147143
19.843	1	5	3	1454	0.0157143
19.848	1	5	3	1454	0.0147857
19.849	1	5	3	1454	0.0147857
19.86	1	5	3	1454	0.00964285
19.86	1	5	3	1454	0.00964285
19.861	1	5	3	1454	0.0107143
19.87	1	5	3	1454	0.00878571
19.871	1	5	3	1454	0.00978571
19.878	1	5	3	1454	0.00878571
19.882	1	5	3	1454	0.0127857
19.884	1	5	3	1454	0.00878571
19.888	1	5	3	1454	0.0127857
19.904	1	5	3	1454	0.0147857
19.905	1	5	3	1454	0.0157857
19.906	1	5	3	1454	0.0157857
19.906	1	5	3	1454	0.0157857
19.931	1	5	3	1454	0.0147857
19.932	1	5	3	1454	0.0157857
19.933	1	5	3	1454	0.0167857
19.933	1	5	3	1454	0.0157857
19.934	1	5	3	1454	0.0167857
19.953	1	5	3	1454	0.0147857
19.954	1	5	3	1454	0.0157857
19.959	1	5	3	1454	0.0147143
19.96	1	5	3	1454	0.0157857
19.961	1	5	3	1454	0.0167857
19.962	1	5	3	1454	0.0177857
19.986	1	5	3	1454	0.0147857
19.987	1	5	3	1454	0.0157857
19.988	1	5	3	1454	0.0157857
19.988	1	5	3	1454	0.0157857
19.989	1	5	3	1454	0.0167143
19.99	1	5	3	1454	0.0177857
19.991	1	5	3	1454	0.0187857
20.008	3	5	3	58	0.00802856
20.008	1	6	3	58	0.00802856
20.013	1	5	3	1454	0.0137857
20.014	1	5	3	1454	0.0147857
20.015	1	5	3	1454	0.0147857
20.015	1	5	3	1454	0.0147857
20.016	1	5	3	1454	0.0157857
20.017	1	5	3	1454	0.0167857
20.041	1	5	3	1454	0.0147143
20.042	1	5	3	1454	0.0157143
20.043	1	5	3	1454	0.0167143
20.043	1	5	3	1454	0.0167143
20.044	1	5	3	1454	0.0177143
20.045	1	5	3	1454	0.0187143
20.046	1	5	3	1454	0.0197143
20.07	1	5	3	1454	0.0147143
20.071	1	5	3	1454	0.0157143
20.072	1	5	3	1454	0.0167143
20.072	1	5	3	1454	0.0167143
20.073	1	5	3	1454	0.0176429
20.074	1	5	3	1454	0.0187143
20.075	1	5	3	1454	0.0187857
20.093	1	5	3	1454	0.0147857
20.094	1	5	3	1454	0.0157857
20.095	1	5	3	1454	0.0157857
20.095	1	5	3	1454	0.0157857
20.096	1	5	3	1454	0.0167857
20.097	1	5	3	1454	0.0177857
20.098	1	5	3	1454	0.0187857
20.113	1	7	3	58	0.0130286
20.122	1	5	3	1454	0.0145714
20.123	1	5	3	1454	0.0155714
20.124	1	5	3	1454	0.0165714
20.124	1	5	3	1454	0.0165714
20.125	1	5	3	1454	0.0175714
20.126	1	5	3	1454	0.0185714
20.127	1	5	3	1454	0.0195714
20.151	1	5	3	1454	0.0146429
20.152	1	5	3	1454	0.0156429
20.153	1	5	3	1454	0.0165714
20.172	1	5	3	1454	0.0147143
20.173	1	5	3	1454	0.0157143
20.174	1	5	3	1454	0.0167143
20.174	1	5	3	1454	0.0167143
20.194	1	5	3	1454	0.0146429
20.195	1	5	3	1454	0.0156429
20.196	1	5	3	1454	0.0166429
20.196	1	5	3	1454	0.0166429
20.208	1	8	3	58	0.00802856
20.221	1	5	3	1454	0.0147143
20.222	1	5	3	1454	0.0156429
20.223	1	5	3	1454	0.0167143
20.224	1	5	3	1454	0.0177143
20.224	1	5	3	1454	0.0177143
20.244	1	5	3	1454	0.0147143
20.245	1	5	3	1454	0.0157143
20.246	1	5	3	1454	0.0157857
20.246	1	5	3	1454	0.0157857
20.271	1	5	3	1454	0.0147857
20.272	1	5	3	1454	0.0157857
20.273	1	5	3	1454	0.0157857
20.273	1	5	3	1454	0.0157857
20.298	1	5	3	1454	0.0147857
20.299	1	5	3	1454	0.0157143
20.3	1	5	3	1454	0.0167857
20.301	1	5	3	1454	0.0167857
20.301	1	5	3	1454	0.0167857
20.326	1	5	3	1454	0.0147143
20.327	1	5	3	1454	0.0157143
20.328	1	5	3	1454	0.0167143
20.328	1	5	3	1454	0.0167143
20.329	1	5	3	1454	0.0177143
20.33	1	5	3	1454	0.0187143
20.354	1	5	3	1454	0.0147857
20.355	1	5	3	1454	0.0157857
20.356	1	5	3	1454	0.0157857
20.356	1	5	3	1454	0.0157857
20.357	1	5	3	1454	0.0167857
20.358	1	5	3	1454	0.0177857
20.359	1	5	3	1454	0.0187143
20.378	1	5	3	1454	0.0147143
20.379	1	5	3	1454	0.0156429
20.38	1	5	3	1454	0.0167143
20.381	1	5	3	1454	0.0177143
20.381	1	5	3	1454	0.0177143
20.382	1	5	3	1454	0.0186429
20.401	1	5	3	1454	0.0147143
20.402	1	5	3	1454	0.0157143
20.403	1	5	3	1454	0.0167143
20.403	1	5	3	1454	0.0167143
20.404	1	5	3	1454	0.0177143
20.405	1	5	3	1454	0.0187143
20.406	1	5	3	1454	0.0197143
20.423	3	7	3	58	0.0230286
20.43	1	5	3	1454	0.0147143
20.431	1	5	3	1454	0.0157143
20.432	1	5	3	1454	0.0167143
20.432	1	5	3	1454	0.0167143
20.433	1	5	3	1454	0.0177143
20.434	1	5	3	1454	0.0187143
20.435	1	5	3	1454	0.0197143
20.459	1	5	3	1454	0.0146429
20.46	1	5	3	1454	0.0157143
20.461	1	5	3	1454	0.0167143
20.462	1	5	3	1454	0.0176429
20.462	1	5	3	1454	0.0176429
20.463	1	5	3	1454	0.0187143
20.464	1	5	3	1454	0.0197143
20.487	1	5	3	1454	0.0146429
20.488	1	5	3	1454	0.0156429
20.489	1	5	3	1454	0.0166429
20.489	1	5	3	1454	0.0166429
20.49	1	5	3	1454	0.0176429
20.491	1	5	3	1454	0.0186429
20.492	1	5	3	1454	0.0196429
20.516	1	5	3	1454	0.0146429
20.517	1	5	3	1454	0.0156429
20.518	1	5	3	1454	0.0166429
20.537	1	5	3	1454	0.0147143
20.538	1	5	3	1454	0.0157143
20.539	1	5	3	1454	0.0166429
20.543	1	5	3	1454	0.0147857
20.563	1	5	3	1454	0.0147143
20.564	1	5	3	1454	0.0157143
20.565	1	5	3	1454	0.0167143
20.565	1	5	3	1454	0.0157857
20.59	1	5	3	1454	0.0147143
20.591	1	5	3	1454	0.0157143
20.592	1	5	3	1454	0.0167143
20.592	1	5	3	1454	0.0167143
20.593	1	5	3	1454	0.0177143
20.617	1	5	3	1454	0.0147857
20.618	1	5	3	1454	0.0157857
20.619	1	5	3	1454	0.0167143
20.62	1	5	3	1454	0.0177857
20.638	1	5	3	1454	0.0147857
20.639	1	5	3	1454	0.0157143
20.644	1	5	3	1454	0.0147857
20.645	1	5	3	1454	0.0157857
20.665	1	5	3	1454	0.0147857
20.667	1	5	3	1454	0.0167857
20.668	1	5	3	1454	0.0177857
20.668	1	5	3	1454	0.0137857
20.669	1	5	3	1454	0.0147857
20.693	1	5	3	1454	0.0147857
20.694	1	5	3	1454	0.0157857
20.695	1	5	3	1454	0.0157857
20.695	1	5	3	1454	0.0157857
20.696	1	5	3	1454	0.0167857
20.697	1	5	3	1454	0.0177857
20.721	1	5	3	1454	0.0147857
20.722	1	5	3	1454	0.0157857
20.723	1	5	3	1454	0.0157857
20.723	1	5	3	1454	0.0157857
20.724	1	5	3	1454	0.0167857
20.725	1	5	3	1454	0.0177857
20.726	1	5	3	1454	0.0187857
20.75	1	5	3	1454	0.0147143
20.751	1	5	3	1454	0.0157143
20.752	1	5	3	1454	0.0167143
20.752	1	5	3	1454	0.0167143
20.753	1	5	3	1454	0.0177143
20.754	1	5	3	1454	0.0187143
20.778	1	5	3	1454	0.0147143
20.779	1	5	3	1454	0.0156429
20.78	1	5	3	1454	0.0167143
20.781	1	5	3	1454	0.0177143
20.781	1	5	3	1454	0.0177143
20.782	1	5	3	1454	0.0186429
20.783	1	5	3	1454	0.0197143
20.806	1	5	3	1454	0.0147143
20.807	1	5	3	1454	0.0157143
20.808	1	5	3	1454	0.0167143
20.808	1	5	3	1454	0.0167143
20.809	1	5	3	1454	0.0177143
20.81	1	5	3	1454	0.0187143
20.811	1	5	3	1454	0.0177857
20.83	1	5	3	1454	0.0147143
20.831	1	5	3	1454	0.0157143
20.832	1	5	3	1454	0.0167143
20.832	1	5	3	1454	0.0167143
20.833	1	5	3	1454	0.0177143
20.834	1	5	3	1454	0.0187143
20.835	1	5	3	1454	0.0197143
20.859	1	5	3	1454	0.0145
20.86	1	5	3	1454	0.0155714
20.861	1	5	3	1454	0.0165714
20.862	1	5	3	1454	0.0175
20.862	1	5	3	1454	0.0175
20.863	1	5	3	1454	0.0185714
20.864	1	5	3	1454	0.0195714
20.887	1	5	3	1454	0.0146429
20.888	1	5	3	1454	0.0156429
20.889	1	5	3	1454	0.0166429
20.913	1	5	3	1454	0.0147143
20.914	1	5	3	1454	0.0157143
20.915	1	5	3	1454	0.0167143
20.915	1	5	3	1454	0.0167143
20.94	1	5	3	1454	0.0146429
20.941	1	5	3	1454	0.0156429
20.942	1	5	3	1454	0.0165714
20.943	1	5	3	1454	0.0176429
20.966	1	5	3	1454	0.0147143
20.967	1	5	3	1454	0.0157143
20.968	1	5	3	1454	0.0167143
20.968	1	5	3	1454	0.0147857
20.969	1	5	3	1454	0.0157857
20.988	1	5	3	1454	0.0147857
20.989	1	5	3	1454	0.0157857
20.994	1	5	3	1454	0.0147857
20.995	1	5	3	1454	0.0157857
21.016	1	5	3	1454	0.0147857
21.017	1	5	3	1454	0.0157857
21.018	1	5	3	1454	0.0137857
21.018	1	5	3	1454	0.0137857
21.043	1	5	3	1454	0.0147857
21.044	1	5	3	1454	0.0157857
21.045	1	5	3	1454	0.0167857
21.045	1	5	3	1454	0.0157857
21.046	1	5	3	1454	0.0167857
21.07	1	5	3	1454	0.0147857
21.071	1	5	3	1454	0.0157857
21.072	1	5	3	1454	0.0167857
21.072	1	5	3	1454	0.0167857
21.073	1	5	3	1454	0.0177857
21.074	1	5	3	1454	0.0187857
21.098	1	5	3	1454	0.0147857
21.099	1	5	3	1454	0.0157143
21.1	1	5	3	1454	0.0157857
21.101	1	5	3	1454	0.0167857
21.101	1	5	3	1454	0.0167857
21.102	1	5	3	1454	0.0177143
21.103	1	5	3	1454	0.0187857
21.121	1	5	3	1454	0.0147143
21.122	1	5	3	1454	0.0157143
21.123	1	5	3	1454	0.0167143
21.123	1	5	3	1454	0.0167143
21.124	1	5	3	1454	0.0177143
21.125	1	5	3	1454	0.0187143
21.144	1	5	3	1454	0.0147143
21.145	1	5	3	1454	0.0157143
21.147	1	5	3	1454	0.0177143
21.147	1	5	3	1454	0.0177143
21.148	1	5	3	1454	0.0187143
21.149	1	5	3	1454	0.0197143
21.15	1	5	3	1454	0.0207143
21.169	1	5	3	1454	0.0147143
21.17	1	5	3	1454	0.0157143
21.171	1	5	3	1454	0.0167143
21.171	1	5	3	1454	0.0167143
21.172	1	5	3	1454	0.0177143
21.173	1	5	3	1454	0.0187143
21.174	1	5	3	1454	0.0137857
21.198	1	5	3	1454	0.0147143
21.199	1	5	3	1454	0.0156429
21.2	1	5	3	1454	0.0167143
21.201	1	5	3	1454	0.0177143
21.201	1	5	3	1454	0.0177143
21.202	1	5	3	1454	0.0187143
21.203	1	5	3	1454	0.0197143
21.227	1	5	3	1454	0.0145714
21.228	1	5	3	1454	0.0155714
21.229	1	5	3	1454	0.0165714
21.229	1	5	3	1454	0.0165714
21.23	1	5	3	1454	0.0175714
21.231	1	5	3	1454	0.0185714
21.232	1	5	3	1454	0.0195714
21.256	1	5	3	1454	0.0146429
21.257	1	5	3	1454	0.0156429
21.258	1	5	3	1454	0.0166429
21.282	1	5	3	1454	0.0147143
21.283	1	5	3	1454	0.0157143
21.284	1	5	3	1454	0.0167143
21.284	1	5	3	1454	0.0157857
21.309	1	5	3	1454	0.0146429
21.31	1	5	3	1454	0.0156429
21.311	1	5	3	1454	0.0166429
21.311	1	5	3	1454	0.0166429
21.331	1	5	3	1454	0.0147143
21.332	1	5	3	1454	0.0157143
21.333	1	5	3	1454	0.0167143
21.333	1	5	3	1454	0.0167143
21.334	1	5	3	1454	0.0177143
21.353	1	5	3	1454	0.0147143
21.354	1	5	3	1454	0.0157857
21.358	1	5	3	1454	0.0137857
21.359	1	5	3	1454	0.0147143
21.376	1	5	3	1454	0.0147857
21.377	1	5	3	1454	0.0157857
21.382	1	5	3	1454	0.0137857
21.383	1	5	3	1454	0.0147857
21.404	1	5	3	1454	0.0147857
21.405	1	5	3	1454	0.0157857
21.406	1	5	3	1454	0.0167857
21.406	1	5	3	1454	0.0137857
21.407	1	5	3	1454	0.0147857
21.431	1	5	3	1454	0.0147857
21.432	1	5	3	1454	0.0157857
21.433	1	5	3	1454	0.0157143
21.434	1	5	3	1454	0.0167857
21.434	1	5	3	1454	0.0167857
21.435	1	5	3	1454	0.0177857
21.459	1	5	3	1454	0.0147857
21.46	1	5	3	1454	0.0157143
21.461	1	5	3	1454	0.0157857
21.462	1	5	3	1454	0.0167857
21.462	1	5	3	1454	0.0167857
21.463	1	5	3	1454	0.0177857
21.464	1	5	3	1454	0.0187857
21.484	1	5	3	1454	0.0137857
21.485	1	5	3	1454	0.0147857
21.486	1	5	3	1454	0.0127857
21.486	1	5	3	1454	0.0127857
21.487	1	5	3	1454	0.0137857
21.488	1	5	3	1454	0.0147857
21.512	1	5	3	1454	0.0147143
21.513	1	5	3	1454	0.0156429
21.514	1	5	3	1454	0.0167143
21.515	1	5	3	1454	0.0177143
21.515	1	5	3	1454	0.0177143
21.516	1	5	3	1454	0.0187143
21.517	1	5	3	1454	0.0197143
21.541	1	5	3	1454	0.0147143
21.542	1	5	3	1454	0.0157143
21.543	1	5	3	1454	0.0167143
21.543	1	5	3	1454	0.0167143
21.544	1	5	3	1454	0.0177143
21.545	1	5	3	1454	0.0187143
21.547	1	5	3	1454	0.0197857
21.57	1	5	3	1454	0.0147143
21.571	1	5	3	1454	0.0157143
21.572	1	5	3	1454	0.0167143
21.572	1	5	3	1454	0.0167143
21.573	1	5	3	1454	0.0177143
21.574	1	5	3	1454	0.0187143
21.575	1	5	3	1454	0.0197143
21.598	1	5	3	1454	0.0135714
21.599	1	5	3	1454	0.0145
21.6	1	5	3	1454	0.0155714
21.601	1	5	3	1454	0.0165714
21.601	1	5	3	1454	0.0165714
21.602	1	5	3	1454	0.0175714
21.603	1	5	3	1454	0.0185714
21.622	1	5	3	1454	0.0146429
21.623	1	5	3	1454	0.0156429
21.624	1	5	3	1454	0.0166429
21.648	1	5	3	1454	0.0147143
21.649	1	5	3	1454	0.0157143
21.65	1	5	3	1454	0.0167143
21.65	1	5	3	1454	0.0157857
21.67	1	5	3	1454	0.0146429
21.671	1	5	3	1454	0.0156429
21.672	1	5	3	1454	0.0166429
21.672	1	5	3	1454	0.0166429
21.692	1	5	3	1454	0.0147143
21.693	1	5	3	1454	0.0157143
21.694	1	5	3	1454	0.0167143
21.694	1	5	3	1454	0.0167143
21.695	1	5	3	1454	0.0177143
21.719	1	5	3	1454	0.0147143
21.72	1	5	3	1454	0.0157857
21.721	1	5	3	1454	0.0157857
21.722	1	5	3	1454	0.0167857
21.746	1	5	3	1454	0.0147857
21.747	1	5	3	1454	0.0157857
21.748	1	5	3	1454	0.0157857
21.748	1	5	3	1454	0.0157857
21.773	1	5	3	1454	0.0147857
21.774	1	5	3	1454	0.0157857
21.775	1	5	3	1454	0.0167857
21.775	1	5	3	1454	0.0157857
21.776	1	5	3	1454	0.0167857
21.8	1	5	3	1454	0.0147857
21.801	1	5	3	1454	0.0157857
21.802	1	5	3	1454	0.0167857
21.802	1	5	3	1454	0.0167857
21.803	1	5	3	1454	0.0177857
21.804	1	5	3	1454	0.0187857
21.827	1	5	3	1454	0.0137857
21.828	1	5	3	1454	0.0147857
21.829	1	5	3	1454	0.0147143
21.83	1	5	3	1454	0.0157857
21.83	1	5	3	1454	0.0157857
21.831	1	5	3	1454	0.0167857
21.832	1	5	3	1454	0.0177857
21.856	1	5	3	1454	0.0147143
21.857	1	5	3	1454	0.0157143
21.858	1	5	3	1454	0.0167143
21.858	1	5	3	1454	0.0167143
21.859	1	5	3	1454	0.0177143
21.86	1	5	3	1454	0.0186429
21.884	1	5	3	1454	0.0147143
21.885	1	5	3	1454	0.0157143
21.886	1	5	3	1454	0.0167143
21.886	1	5	3	1454	0.0167143
21.887	1	5	3	1454	0.0177143
21.888	1	5	3	1454	0.0187143
21.889	1	5	3	1454	0.0197143
21.913	1	5	3	1454	0.0146429
21.914	1	5	3	1454	0.0157143
21.915	1	5	3	1454	0.0167143
21.916	1	5	3	1454	0.0177143
21.916	1	5	3	1454	0.0177143
21.917	1	5	3	1454	0.0187143
21.918	1	5	3	1454	0.0187857
21.942	1	5	3	1454	0.0147143
21.943	1	5	3	1454	0.0157143
21.944	1	5	3	1454	0.0167143
21.944	1	5	3	1454	0.0167143
21.945	1	5	3	1454	0.0177143
21.947	1	5	3	1454	0.0197143
21.948	1	5	3	1454	0.0207143
21.971	1	5	3	1454	0.0146429
21.972	1	5	3	1454	0.0156429
21.973	1	5	3	1454	0.0166429
21.973	1	5	3	1454	0.0166429
21.974	1	5	3	1454	0.0176429
21.975	1	5	3	1454	0.0186429
21.976	1	5	3	1454	0.0196429
22	1	5	3	1454	0.0146429
22.001	1	5	3	1454	0.0156429
22.002	1	5	3	1454	0.0166429
22.025	1	5	3	1454	0.0137143
22.027	1	5	3	1454	0.0157143
22.028	1	5	3	1454	0.0167143
22.028	1	5	3	1454	0.0157857
22.053	1	5	3	1454	0.0146429
22.054	1	5	3	1454	0.0156429
22.055	1	5	3	1454	0.0166429
22.055	1	5	3	1454	0.0166429
22.08	1	5	3	1454	0.0147143
22.081	1	5	3	1454	0.0157143
22.082	1	5	3	1454	0.0167143
22.082	1	5	3	1454	0.0167143
22.083	1	5	3	1454	0.0177143
22.107	1	5	3	1454	0.0147857
22.108	1	5	3	1454	0.0157857
22.109	1	5	3	1454	0.0157857
22.109	1	5	3	1454	0.0157857
22.134	1	5	3	1454	0.0147857
22.135	1	5	3	1454	0.0157857
22.136	1	5	3	1454	0.0157857
22.136	1	5	3	1454	0.0157857
22.156	1	5	3	1454	0.0147857
22.157	1	5	3	1454	0.0157857
22.158	1	5	3	1454	0.0167857
22.162	1	5	3	1454	0.0147857
22.162	1	5	3	1454	0.0147857
22.184	1	5	3	1454	0.0147857
22.185	1	5	3	1454	0.0157857
22.187	1	5	3	1454	0.0167857
22.187	1	5	3	1454	0.0167857
22.188	1	5	3	1454	0.0157857
22.189	1	5	3	1454	0.0167857
22.213	1	5	3	1454	0.0147857
22.214	1	5	3	1454	0.0157857
22.215	1	5	3	1454	0.0157857
22.215	1	5	3	1454	0.0157857
22.216	1	5	3	1454	0.0167857
22.217	1	5	3	1454	0.0177857
22.218	1	5	3	1454	0.0187857
22.242	1	5	3	1454	0.0147143
22.243	1	5	3	1454	0.0157143
22.244	1	5	3	1454	0.0167143
22.244	1	5	3	1454	0.0167143
22.245	1	5	3	1454	0.0177143
22.246	1	5	3	1454	0.0187143
22.27	1	5	3	1454	0.0147143
22.271	1	5	3	1454	0.0157143
22.272	1	5	3	1454	0.0167143
22.272	1	5	3	1454	0.0167143
22.273	1	5	3	1454	0.0177143
22.274	1	5	3	1454	0.0187143
22.275	1	5	3	1454	0.0197143
22.299	1	5	3	1454	0.0146429
22.3	1	5	3	1454	0.0157143
22.301	1	5	3	1454	0.0167143
22.302	1	5	3	1454	0.0176429
22.302	1	5	3	1454	0.0176429
22.303	1	5	3	1454	0.0187143
22.304	1	5	3	1454	0.0197143
22.322	1	5	3	1454	0.0147857
22.323	1	5	3	1454	0.0157857
22.328	1	5	3	1454	0.0147857
22.329	1	5	3	1454	0.0157857
22.33	1	5	3	1454	0.0167857
22.33	1	5	3	1454	0.0167857
22.331	1	5	3	1454	0.0177857
22.353	1	5	3	1454	0.0157143
22.354	1	5	3	1454	0.0167143
22.355	1	5	3	1454	0.0177143
22.355	1	5	3	1454	0.0146429
22.356	1	5	3	1454	0.0156429
22.357	1	5	3	1454	0.0166429
22.358	1	5	3	1454	0.0176429
22.382	1	5	3	1454	0.0145714
22.383	1	5	3	1454	0.0156429
22.384	1	5	3	1454	0.0166429
22.407	1	5	3	1454	0.0147857
22.408	1	5	3	1454	0.0157857
22.409	1	5	3	1454	0.0157857
22.409	1	5	3	1454	0.0147857
22.434	1	5	3	1454	0.0146429
22.435	1	5	3	1454	0.0156429
22.436	1	5	3	1454	0.0166429
22.436	1	5	3	1454	0.0166429
22.456	1	5	3	1454	0.0147143
22.457	1	5	3	1454	0.0157143
22.458	1	5	3	1454	0.0167143
22.458	1	5	3	1454	0.0167143
22.459	1	5	3	1454	0.0176429
22.483	1	5	3	1454	0.0147857
22.484	1	5	3	1454	0.0157857
22.485	1	5	3	1454	0.0157857
22.485	1	5	3	1454	0.0157857
22.51	1	5	3	1454	0.0147857
22.511	1	5	3	1454	0.0157857
22.512	1	5	3	1454	0.0157857
22.512	1	5	3	1454	0.0157857
22.537	1	5	3	1454	0.0147857
22.538	1	5	3	1454	0.0157857
22.539	1	5	3	1454	0.0167143
22.54	1	5	3	1454	0.0177857
22.54	1	5	3	1454	0.0177857
22.564	1	5	3	1054	0.0147857
22.584	1	5	3	54	0.00878571
