time(s)	cellId	rnti	lcid	packetSize
1.00507	1	1	3	60
1.02907	1	1	3	106
1.04007	1	1	3	1396
1.04107	1	1	3	1396
1.04207	1	1	3	1396
1.04307	1	1	3	1396
1.04407	1	1	3	1396
1.05007	1	1	3	1396
1.05107	1	1	3	1396
1.05207	1	1	3	386
1.07207	1	1	3	106
1.08307	1	1	3	1396
1.08407	1	1	3	1396
1.08507	1	1	3	1396
1.08607	1	1	3	1396
1.08707	1	1	3	1396
1.08907	1	1	3	1278
1.09307	1	1	3	1396
1.09507	1	1	3	448
1.09707	1	1	3	1396
1.09907	1	1	3	62
1.10507	1	2	3	60
1.11907	1	2	3	208
1.12507	1	2	3	2621
1.12607	1	2	3	2621
1.12707	1	2	3	2621
1.12807	1	2	3	2183
1.14207	1	2	3	208
1.14807	1	2	3	2621
1.14907	1	2	3	2621
1.15007	1	2	3	2621
1.15107	1	2	3	2127
1.16507	1	2	3	208
1.17107	1	2	3	2621
1.17207	1	2	3	2621
1.17307	1	2	3	2621
1.17407	1	2	3	2127
1.18807	1	2	3	208
1.19407	1	2	3	2621
1.19507	1	2	3	2401
1.19607	1	2	3	2621
1.19707	1	2	3	2347
1.20507	1	3	3	60
1.21107	1	1	3	106
1.21107	1	2	3	208
1.21707	1	2	3	2621
1.21807	1	2	3	2621
1.21907	1	2	3	2401
1.21907	1	3	3	428
1.22007	1	2	3	2347
1.22207	1	1	3	1396
1.22307	1	1	3	692
1.22407	1	1	3	692
1.22507	1	1	3	458
1.22507	1	3	3	1744
1.22607	1	1	3	692
1.22607	1	3	3	2621
1.22807	1	3	3	2621
1.22907	1	3	3	2621
1.23007	1	1	3	1044
1.23007	1	3	3	221
1.23207	1	1	3	692
1.23307	1	1	3	68
1.24307	1	3	3	428
1.24807	1	1	3	106
1.24907	1	3	3	4810
1.25007	1	3	3	4956
1.25107	1	1	3	1161
1.25207	1	1	3	1396
1.25407	1	1	3	692
1.25507	1	1	3	692
1.26107	1	1	3	1396
1.26207	1	1	3	393
1.26407	1	3	3	428
1.27107	1	3	3	2621
1.27207	1	3	3	5250
1.27307	1	3	3	1897
1.27707	1	1	3	106
1.28307	1	1	3	1396
1.28407	1	1	3	692
1.28607	1	3	3	428
1.29207	1	3	3	5250
1.29307	1	1	3	692
1.29307	1	3	3	2621
1.29407	1	1	3	1278
1.29507	1	1	3	692
1.29507	1	3	3	1897
1.29607	1	1	3	1278
1.29707	1	1	3	1396
1.30307	1	1	3	1396
1.30407	1	1	3	1284
1.30507	1	4	3	60
1.31007	1	3	3	428
1.31507	1	3	3	5250
1.31607	1	3	3	4516
1.32207	1	1	3	106
1.32207	1	4	3	106
1.32407	1	1	3	1352
1.32807	1	4	3	1396
1.32907	1	4	3	1278
1.33107	1	1	3	106
1.33107	1	4	3	1278
1.33207	1	4	3	1396
1.33307	1	1	3	692
1.33307	1	4	3	692
1.33407	1	1	3	692
1.33407	1	4	3	692
1.33507	1	1	3	692
1.33507	1	4	3	692
1.33607	1	4	3	1278
1.33707	1	1	3	692
1.33707	1	4	3	692
1.33807	1	4	3	692
1.33907	1	4	3	76
1.34107	1	1	3	692
1.34307	1	1	3	1278
1.34407	1	1	3	1396
1.34507	1	1	3	1396
1.34707	1	1	3	1396
1.34907	1	1	3	1180
1.35707	1	4	3	106
1.36307	1	4	3	1396
1.36407	1	4	3	1396
1.36507	1	1	3	106
1.36507	1	4	3	1278
1.36607	1	1	3	692
1.36607	1	4	3	692
1.36707	1	1	3	692
1.36707	1	4	3	692
1.36807	1	1	3	692
1.36807	1	4	3	692
1.36907	1	1	3	692
1.36907	1	4	3	692
1.37007	1	4	3	1278
1.37107	1	4	3	692
1.37207	1	4	3	692
1.37307	1	4	3	608
1.37507	1	1	3	48
1.38507	1	1	3	106
1.38607	1	1	3	1278
1.38607	1	4	3	106
1.38807	1	1	3	1396
1.38907	1	1	3	1396
1.39207	1	1	3	692
1.39207	1	4	3	692
1.39407	1	1	3	692
1.39407	1	4	3	575
1.39607	1	1	3	692
1.39607	1	4	3	692
1.39707	1	4	3	692
1.39807	1	1	3	692
1.39807	1	4	3	692
1.39907	1	4	3	692
1.40007	1	1	3	692
1.40007	1	4	3	692
1.40107	1	4	3	692
1.40207	1	1	3	692
1.40207	1	4	3	692
1.40307	1	4	3	692
1.40407	1	1	3	692
1.40407	1	4	3	692
1.40507	1	4	3	692
1.40507	3	1	3	60
1.40607	1	1	3	692
1.40607	1	4	3	692
1.40707	1	4	3	692
1.40807	1	1	3	504
1.40807	1	4	3	545
1.41907	3	1	3	736
1.42107	1	1	3	106
1.42107	1	4	3	106
1.42307	1	1	3	1352
1.42507	3	1	3	7701
1.42607	3	1	3	1813
1.42707	1	4	3	1396
1.42907	1	4	3	692
1.43007	1	4	3	692
1.43107	1	4	3	1278
1.43207	1	4	3	692
1.43307	1	4	3	1278
1.43407	1	4	3	1396
1.43607	1	4	3	1396
1.43707	1	4	3	692
1.43807	1	4	3	1161
1.43907	1	4	3	891
1.43907	3	1	3	531
1.44207	3	1	3	7701
1.44307	3	1	3	1962
1.45007	1	4	3	106
1.45607	1	4	3	1396
1.45707	1	4	3	1396
1.45807	1	4	3	1396
1.45907	1	4	3	1396
1.46007	1	4	3	1396
1.46107	1	4	3	1396
1.46107	3	1	3	736
1.46207	1	4	3	1396
1.46307	1	4	3	330
1.47207	3	1	3	7701
1.47307	3	1	3	1757
1.48707	3	1	3	633
1.49307	3	1	3	7701
1.49407	3	1	3	1860
1.50507	3	2	3	60
1.51007	1	1	3	106
1.51207	3	1	3	633
1.51807	3	1	3	7701
1.51907	3	1	3	1860
1.51907	3	2	3	4022
1.52507	3	2	3	6225
1.52607	1	1	3	1396
1.52707	1	1	3	1396
1.52807	1	1	3	1396
1.52907	1	1	3	1396
1.53007	1	1	3	1396
1.53307	3	2	3	2912
1.53407	1	1	3	1278
1.53907	3	2	3	4022
1.54107	1	1	3	1396
1.54207	1	1	3	448
1.54507	3	2	3	8052
1.55107	3	2	3	4022
1.55707	3	2	3	4022
1.56207	1	1	3	106
1.56307	3	2	3	8052
1.56907	3	2	3	2407
1.57307	1	1	3	1396
1.57407	1	1	3	1396
1.57507	1	1	3	1396
1.57607	1	1	3	82
1.57707	3	2	3	4022
1.58307	3	2	3	4022
1.58907	3	2	3	7972
1.59707	3	2	3	4022
1.60307	3	2	3	4022
1.60907	3	2	3	4022
1.61307	3	3	3	106
1.61507	3	2	3	4022
1.61907	3	3	3	2155
1.62107	3	2	3	4022
1.62507	3	3	3	1073
1.62707	3	2	3	4022
1.63107	3	3	3	1073
1.63307	3	2	3	4022
1.63707	3	3	3	1329
1.63907	3	2	3	4022
1.64307	3	3	3	1073
1.64507	3	2	3	4022
1.64907	3	3	3	1073
1.65107	3	2	3	4022
1.65507	3	3	3	1073
1.65707	3	2	3	4022
1.66107	3	3	3	2155
1.66307	1	1	3	106
1.66307	3	2	3	4022
1.66707	3	3	3	362
1.66907	3	2	3	4022
1.67307	3	3	3	1073
1.67507	3	2	3	4022
1.67907	1	1	3	1396
1.67907	3	3	3	1073
1.68007	1	1	3	1396
1.68107	1	1	3	1396
1.68107	3	2	3	4022
1.68207	1	1	3	1396
1.68307	1	1	3	1396
1.68507	3	3	3	1073
1.68607	3	2	3	4022
1.69107	3	3	3	2155
1.69207	3	2	3	7006
1.69407	1	1	3	206
1.69707	3	3	3	1073
1.70007	3	2	3	4022
1.70307	3	3	3	723
1.70607	3	2	3	4022
1.70807	1	1	3	106
1.70907	1	1	3	1396
1.71007	1	1	3	1396
1.71007	3	3	3	1073
1.71107	1	1	3	1396
1.71207	1	1	3	1396
1.71207	3	2	3	7972
1.71307	1	5	3	106
1.71407	1	1	3	144
1.71607	3	3	3	1073
1.72007	3	2	3	4022
1.72207	1	1	3	1396
1.72307	3	3	3	1073
1.72407	1	5	3	106
1.72507	1	5	3	1396
1.72607	1	1	3	62
1.72607	1	5	3	1278
1.72607	3	2	3	4022
1.72807	1	5	3	106
1.72907	1	5	3	575
1.72907	3	3	3	2155
1.73107	3	2	3	7972
1.73507	1	5	3	1278
1.73507	3	3	3	1073
1.73607	1	5	3	897
1.73807	1	5	3	1396
1.73907	1	5	3	38
1.73907	3	2	3	2912
1.74107	3	3	3	723
1.74507	3	2	3	4022
1.74607	1	5	3	106
1.74707	3	3	3	1073
1.74907	1	1	3	106
1.75007	1	5	3	106
1.75107	3	2	3	8052
1.75207	1	5	3	1224
1.75307	1	5	3	106
1.75307	3	3	3	1073
1.75707	3	2	3	4022
1.75907	1	5	3	106
1.75907	3	3	3	956
1.76007	1	5	3	1396
1.76107	1	5	3	106
1.76307	1	5	3	1158
1.76307	3	2	3	4022
1.76507	3	3	3	2155
1.76607	1	1	3	1278
1.76707	1	1	3	76
1.76907	1	5	3	340
1.76907	3	2	3	8052
1.77107	3	3	3	479
1.77307	1	5	3	106
1.77507	1	5	3	1396
1.77507	3	2	3	951
1.77607	1	5	3	1028
1.77707	3	3	3	1073
1.78307	3	2	3	4022
1.78307	3	3	3	1073
1.78807	1	5	3	106
1.78807	3	2	3	7625
1.78907	3	3	3	1073
1.79007	1	5	3	1396
1.79107	1	5	3	106
1.79507	3	3	3	2155
1.79607	3	2	3	1456
1.79907	1	5	3	1396
1.80007	1	5	3	106
1.80107	1	5	3	1196
1.80107	3	3	3	362
1.80207	3	2	3	4022
1.80507	1	6	3	60
1.80707	3	2	3	7625
1.80807	3	3	3	1073
1.81007	1	5	3	106
1.81107	1	5	3	1328
1.81207	1	5	3	1396
1.81307	1	5	3	38
1.81407	3	3	3	956
1.81507	3	2	3	2912
1.82007	1	5	3	106
1.82007	3	3	3	1073
1.82107	3	2	3	4022
1.82607	1	5	3	106
1.82607	3	3	3	2155
1.82707	3	2	3	7625
1.83207	1	5	3	1396
1.83207	3	3	3	1073
1.83307	1	5	3	106
1.83507	3	2	3	2912
1.83607	1	1	3	106
1.83807	3	3	3	840
1.83907	1	5	3	1396
1.84007	1	5	3	1196
1.84107	3	2	3	4022
1.84307	1	5	3	1396
1.84407	3	3	3	1073
1.84607	3	2	3	8052
1.84707	1	5	3	38
1.85007	1	5	3	106
1.85007	3	3	3	1073
1.85107	1	1	3	1278
1.85107	1	5	3	106
1.85207	1	1	3	1278
1.85207	3	2	3	3941
1.85307	1	1	3	1278
1.85307	1	5	3	106
1.85407	1	1	3	1278
1.85507	1	1	3	616
1.85607	3	3	3	956
1.85707	1	5	3	106
1.85907	1	5	3	106
1.86007	1	5	3	106
1.86007	3	2	3	4022
1.86107	1	5	3	692
1.86207	3	3	3	2155
1.86307	1	5	3	106
1.86607	3	2	3	7625
1.86707	1	5	3	1396
1.86807	3	3	3	479
1.86907	1	5	3	1396
1.87007	1	5	3	90
1.87307	1	5	3	1396
1.87407	3	2	3	2912
1.87407	3	3	3	1073
1.87707	1	5	3	38
1.88007	1	5	3	106
1.88007	3	2	3	4022
1.88007	3	3	3	1073
1.88107	1	5	3	106
1.88207	1	1	3	106
1.88307	1	5	3	106
1.88507	3	2	3	8052
1.88607	3	3	3	956
1.88707	1	5	3	106
1.88907	1	5	3	1278
1.89007	1	5	3	1172
1.89107	3	2	3	3941
1.89107	3	3	3	1200
1.89307	1	1	3	692
1.89407	1	1	3	106
1.89707	3	3	3	956
1.89907	1	5	3	1278
1.89907	3	2	3	4022
1.90007	1	5	3	106
1.90107	1	1	3	692
1.90107	1	5	3	52
1.90207	1	1	3	692
1.90207	1	5	3	692
1.90307	1	5	3	692
1.90307	3	3	3	1073
1.90507	1	1	3	1278
1.90507	3	2	3	6169
1.90807	1	1	3	692
1.90907	1	1	3	1278
1.90907	1	5	3	106
1.90907	3	3	3	1073
1.91007	1	5	3	106
1.91107	1	5	3	106
1.91207	1	5	3	106
1.91307	3	2	3	4022
1.91507	1	1	3	304
1.91507	3	3	3	2155
1.91807	1	5	3	106
1.91907	1	5	3	106
1.91907	3	2	3	4022
1.92007	1	5	3	223
1.92107	1	5	3	927
1.92107	3	3	3	1073
1.92207	1	5	3	575
1.92507	3	2	3	4022
1.92607	3	3	3	840
1.92807	1	5	3	1396
1.92907	1	5	3	611
1.93007	1	1	3	106
1.93107	3	2	3	4022
1.93207	1	1	3	692
1.93207	1	5	3	692
1.93407	1	1	3	458
1.93407	3	3	3	1073
1.93707	3	2	3	4022
1.93807	1	1	3	927
1.93807	1	5	3	106
1.93907	1	5	3	927
1.93907	3	3	3	1073
1.94007	1	5	3	1044
1.94207	1	5	3	103
1.94307	3	2	3	4022
1.94507	1	1	3	340
1.94507	3	3	3	1073
1.94607	1	1	3	809
1.94807	1	1	3	1048
1.94907	1	1	3	1396
1.94907	3	2	3	4022
1.95107	3	3	3	1920
1.95207	1	1	3	62
1.95207	1	5	3	106
1.95507	3	2	3	4022
1.95607	1	5	3	575
1.95707	3	3	3	597
1.95807	1	5	3	927
1.96107	3	2	3	4022
1.96207	1	5	3	106
1.96407	1	5	3	1278
1.96407	3	3	3	1073
1.96507	1	5	3	1314
1.96607	1	1	3	106
1.96707	3	2	3	4022
1.96807	1	1	3	692
1.97207	1	1	3	662
1.97207	1	5	3	692
1.97307	3	2	3	4022
1.97407	1	5	3	106
1.97507	3	3	3	2885
1.97607	1	5	3	638
1.97807	1	5	3	223
1.97907	3	2	3	4022
1.98007	1	5	3	1044
1.98107	3	3	3	1073
1.98207	1	5	3	106
1.98407	1	5	3	1278
1.98507	3	2	3	4022
1.98607	1	5	3	221
1.98707	3	3	3	702
1.99107	3	2	3	4022
1.99207	1	5	3	340
1.99407	3	3	3	1073
1.99707	3	2	3	7768
1.99807	1	5	3	106
1.99907	1	5	3	1396
2.00007	1	5	3	1028
2.00507	3	2	3	2912
2.00507	3	3	3	2155
2.00507	3	4	3	60
2.00707	1	5	3	1396
2.00907	1	5	3	38
2.01007	3	3	3	1071
2.01107	3	2	3	4022
2.01507	1	5	3	106
2.01607	3	3	3	1073
2.01707	3	2	3	7625
2.01907	3	4	3	633
2.02107	1	5	3	106
2.02207	3	3	3	1073
2.02407	1	5	3	1396
2.02507	1	5	3	1262
2.02507	3	2	3	2912
2.02507	3	4	3	7059
2.02607	3	4	3	2558
2.02807	3	3	3	1073
2.03107	3	2	3	4022
2.03407	3	3	3	2155
2.03507	1	5	3	1396
2.03607	1	5	3	1396
2.03607	3	2	3	8052
2.03707	1	5	3	76
2.03907	3	4	3	633
2.04007	3	3	3	362
2.04207	3	2	3	3941
2.04507	3	4	3	7701
2.04607	3	3	3	1073
2.04607	3	4	3	1860
2.04907	1	5	3	106
2.05007	1	5	3	1328
2.05107	1	5	3	106
2.05107	3	2	3	4022
2.05107	3	3	3	1073
2.05307	1	5	3	1328
2.05607	3	2	3	6169
2.05607	3	3	3	1073
2.06207	3	3	3	1083
2.06407	1	5	3	106
2.06407	3	2	3	4022
2.06407	3	4	3	531
2.06807	1	5	3	1396
2.06807	3	3	3	1073
2.06907	3	2	3	4714
2.07007	1	5	3	106
2.07007	3	4	3	6475
2.07107	3	4	3	3187
2.07207	1	1	3	106
2.07407	3	3	3	1073
2.07607	1	5	3	1396
2.07707	1	5	3	106
2.07707	3	2	3	4022
2.07907	1	5	3	1196
2.08007	3	3	3	1073
2.08307	1	1	3	692
2.08307	1	5	3	692
2.08307	3	2	3	4022
2.08407	3	4	3	531
2.08607	1	1	3	1278
2.08607	1	5	3	106
2.08607	3	3	3	2155
2.08707	1	1	3	692
2.08707	1	5	3	638
2.08907	1	1	3	692
2.08907	1	5	3	692
2.08907	3	2	3	4022
2.09007	1	1	3	692
2.09007	1	5	3	692
2.09007	3	4	3	6475
2.09107	3	4	3	3187
2.09207	3	3	3	362
2.09307	1	1	3	228
2.09407	1	5	3	52
2.09507	3	2	3	4022
2.09707	1	5	3	106
2.09807	3	3	3	1073
2.10107	1	5	3	106
2.10107	3	2	3	4022
2.10307	1	5	3	1224
2.10407	1	5	3	106
2.10407	3	3	3	956
2.10407	3	4	3	428
2.10507	1	5	3	1328
2.10707	3	2	3	4022
2.10807	3	4	3	5250
2.10907	3	3	3	1920
2.10907	3	4	3	4374
2.11007	3	4	3	144
2.11107	1	5	3	106
2.11307	3	2	3	4022
2.11407	1	1	3	106
2.11407	3	3	3	353
2.11807	1	5	3	106
2.11907	3	2	3	4022
2.12107	3	3	3	956
2.12407	1	5	3	1278
2.12507	1	5	3	223
2.12507	3	2	3	4022
2.12707	1	5	3	1396
2.12707	3	3	3	956
2.12807	1	5	3	1197
2.13007	1	1	3	1161
2.13107	1	1	3	692
2.13107	3	2	3	4022
2.13307	3	3	3	1920
2.13407	1	1	3	106
2.13707	3	2	3	4022
2.13807	1	1	3	692
2.13807	1	5	3	692
2.13907	1	5	3	106
2.13907	3	3	3	956
2.14007	1	5	3	638
2.14107	1	1	3	692
2.14107	1	5	3	692
2.14207	1	1	3	692
2.14207	1	5	3	692
2.14307	3	2	3	4022
2.14507	1	1	3	106
2.14507	3	3	3	1920
2.14807	1	1	3	137
2.14807	1	5	3	106
2.14907	3	2	3	4022
2.15007	1	5	3	106
2.15107	1	5	3	106
2.15107	3	3	3	462
2.15207	1	1	3	223
2.15207	1	5	3	106
2.15507	1	1	3	223
2.15507	3	2	3	4022
2.15807	1	1	3	106
2.15807	3	3	3	956
2.15907	1	1	3	910
2.16007	1	5	3	1161
2.16107	1	1	3	1044
2.16107	1	5	3	340
2.16107	3	2	3	7768
2.16207	1	1	3	414
2.16207	1	5	3	927
2.16307	1	5	3	1278
2.16407	3	3	3	956
2.16907	1	5	3	234
2.16907	3	2	3	4022
2.17007	3	3	3	1920
2.17107	1	5	3	340
2.17407	1	5	3	340
2.17507	3	2	3	6169
2.17607	3	3	3	956
2.17707	1	5	3	106
2.17807	1	1	3	106
2.17807	1	5	3	1278
2.17907	1	1	3	1044
2.18007	1	1	3	1044
2.18007	1	5	3	223
2.18107	1	5	3	587
2.18207	3	3	3	948
2.18307	3	2	3	4022
2.18707	1	5	3	1044
2.18807	1	2	3	208
2.18807	3	3	3	956
2.18907	1	1	3	1044
2.18907	3	2	3	4022
2.19007	1	1	3	1138
2.19107	1	5	3	106
2.19307	1	5	3	692
2.19407	1	2	3	545
2.19407	3	3	3	956
2.19507	3	2	3	7972
2.19707	1	2	3	707
2.19707	1	5	3	575
2.19807	1	5	3	455
2.20007	3	3	3	1920
2.20307	3	2	3	4022
2.20607	1	5	3	106
2.20607	3	3	3	956
2.20707	1	5	3	1328
2.20907	3	2	3	4022
2.21007	1	2	3	267
2.21007	1	5	3	1278
2.21107	1	1	3	106
2.21107	3	3	3	948
2.21307	1	5	3	106
2.21407	1	5	3	52
2.21507	1	2	3	267
2.21507	3	2	3	5061
2.21607	1	2	3	2382
2.21707	1	5	3	106
2.21807	3	3	3	956
2.22007	1	5	3	223
2.22207	1	1	3	1278
2.22307	1	1	3	1278
2.22307	1	5	3	106
2.22307	3	2	3	2912
2.22407	3	3	3	956
2.22507	1	1	3	1161
2.22607	1	1	3	553
2.22607	1	5	3	692
2.22907	1	5	3	692
2.22907	3	2	3	4022
2.23007	1	5	3	223
2.23007	3	3	3	1920
2.23207	1	5	3	1044
2.23507	3	2	3	4022
2.23607	3	3	3	956
2.23807	1	5	3	1044
2.24107	1	2	3	267
2.24107	1	5	3	1278
2.24107	3	2	3	2150
2.24207	3	3	3	948
2.24407	1	5	3	338
2.24507	1	5	3	1396
2.24707	1	5	3	38
2.24807	1	1	3	106
2.24807	3	3	3	956
2.24907	3	2	3	4022
2.25307	1	2	3	2184
2.25307	1	5	3	106
2.25407	1	2	3	1921
2.25407	3	3	3	956
2.25507	3	2	3	3258
2.25907	1	1	3	1278
2.25907	1	5	3	106
2.25907	3	3	3	1920
2.26007	1	1	3	1396
2.26107	1	1	3	138
2.26107	1	5	3	692
2.26207	1	5	3	809
2.26307	3	2	3	2912
2.26507	3	3	3	956
2.26807	1	2	3	208
2.26807	1	5	3	1278
2.26907	3	2	3	4022
2.27007	1	5	3	1315
2.27107	3	3	3	948
2.27307	1	2	3	208
2.27407	1	2	3	2401
2.27507	1	2	3	1308
2.27507	1	5	3	692
2.27507	3	2	3	4022
2.27607	1	2	3	1707
2.27807	3	3	3	956
2.28107	1	5	3	106
2.28107	3	2	3	3605
2.28407	1	5	3	1044
2.28407	3	3	3	956
2.28607	1	3	3	340
2.28907	1	1	3	106
2.28907	3	2	3	2912
2.29007	1	2	3	208
2.29007	3	3	3	1920
2.29107	1	3	3	1118
2.29207	1	5	3	1044
2.29507	3	2	3	4022
2.29607	1	2	3	2621
2.29607	3	3	3	956
2.29707	1	2	3	648
2.29807	1	2	3	1308
2.29807	1	5	3	692
2.29907	1	2	3	1308
2.29907	1	5	3	692
2.30007	1	2	3	1308
2.30007	1	5	3	575
2.30107	1	1	3	575
2.30107	1	2	3	1088
2.30107	1	5	3	223
2.30107	3	2	3	4022
2.30207	1	1	3	223
2.30207	1	2	3	208
2.30207	3	3	3	1920
2.30307	1	1	3	340
2.30307	1	2	3	55
2.30407	1	1	3	340
2.30507	1	1	3	458
2.30707	3	2	3	4022
2.30807	3	3	3	462
2.31107	1	1	3	882
2.31207	1	5	3	692
2.31307	1	5	3	692
2.31307	3	2	3	3952
2.31407	1	2	3	208
2.31407	1	3	3	531
2.31407	1	5	3	575
2.31507	1	5	3	575
2.31507	3	3	3	956
2.31607	1	5	3	223
2.31807	1	5	3	575
2.31907	1	3	3	531
2.32007	1	3	3	531
2.32107	1	2	3	428
2.32107	1	3	3	531
2.32107	3	2	3	4022
2.32107	3	3	3	956
2.32207	1	2	3	648
2.32207	1	3	3	796
2.32307	1	2	3	1525
2.32407	1	2	3	648
2.32507	1	2	3	868
2.32607	1	2	3	1308
2.32607	3	2	3	4022
2.32607	3	3	3	1073
2.32707	1	2	3	1308
2.32707	1	5	3	692
2.32807	1	2	3	1525
2.32907	1	2	3	1308
2.32907	1	5	3	692
2.33007	1	2	3	438
2.33007	1	5	3	692
2.33107	1	5	3	692
2.33107	3	2	3	4022
2.33207	3	3	3	2155
2.33307	1	5	3	324
2.33707	3	2	3	4022
2.33807	3	3	3	596
2.34207	1	2	3	208
2.34207	1	3	3	531
2.34207	1	5	3	106
2.34307	3	2	3	4022
2.34407	1	5	3	1396
2.34507	1	5	3	1366
2.34507	3	3	3	1073
2.34707	1	1	3	106
2.34707	1	2	3	1088
2.34707	1	3	3	2694
2.34807	1	2	3	868
2.34807	1	3	3	1146
2.34907	3	2	3	4022
2.35107	3	3	3	1073
2.35207	1	2	3	1525
2.35307	1	2	3	1525
2.35407	1	2	3	2401
2.35507	3	2	3	4022
2.35707	1	2	3	2588
2.35707	1	5	3	106
2.35707	3	3	3	1073
2.35807	1	1	3	458
2.35907	1	1	3	692
2.36007	1	1	3	809
2.36107	1	1	3	692
2.36107	1	5	3	692
2.36107	3	2	3	4022
2.36207	1	1	3	1278
2.36307	1	5	3	927
2.36307	3	3	3	2155
2.36407	1	5	3	692
2.36507	1	5	3	575
2.36707	3	2	3	4022
2.36807	1	1	3	345
2.36907	3	3	3	1073
2.37207	1	5	3	927
2.37307	3	2	3	7489
2.37507	3	3	3	723
2.37607	1	5	3	575
2.37707	1	3	3	531
2.37707	1	5	3	809
2.37807	1	2	3	208
2.37807	1	5	3	441
2.38007	1	5	3	1278
2.38107	3	2	3	2912
2.38207	1	3	3	2694
2.38207	3	3	3	1073
2.38307	1	3	3	531
2.38507	1	3	3	531
2.38607	1	2	3	868
2.38607	1	3	3	1544
2.38707	1	2	3	428
2.38707	3	2	3	4022
2.38807	1	2	3	428
2.38807	3	3	3	1073
2.39107	1	1	3	106
2.39107	1	2	3	2184
2.39107	1	5	3	106
2.39207	1	2	3	2184
2.39207	1	5	3	223
2.39307	1	2	3	1308
2.39307	1	5	3	692
2.39307	3	2	3	8052
2.39407	1	2	3	1141
2.39407	1	5	3	573
2.39407	3	3	3	1073
2.39507	1	5	3	575
2.39907	3	2	3	3941
2.40007	3	3	3	2155
2.40207	1	1	3	1161
2.40307	1	1	3	692
2.40407	1	1	3	692
2.40507	1	1	3	809
2.40607	1	1	3	1278
2.40607	1	5	3	106
2.40607	3	3	3	362
2.40707	1	2	3	208
2.40707	1	5	3	106
2.40707	3	2	3	4022
2.40807	1	5	3	692
2.40907	1	5	3	692
2.41007	1	5	3	575
2.41207	1	1	3	692
2.41207	1	2	3	1381
2.41207	3	3	3	1073
2.41307	1	1	3	340
2.41307	1	2	3	824
2.41307	3	2	3	8052
2.41407	1	1	3	70
2.41407	1	2	3	824
2.41507	1	2	3	824
2.41607	1	2	3	1381
2.41707	1	2	3	1381
2.41807	1	2	3	824
2.41807	3	3	3	1073
2.41907	1	2	3	1102
2.41907	3	2	3	3941
2.42007	1	2	3	824
2.42107	1	2	3	545
2.42107	1	4	3	106
2.42107	1	5	3	340
2.42207	1	2	3	96
2.42207	1	5	3	458
2.42307	1	5	3	692
2.42407	1	5	3	692
2.42407	3	3	3	1073
2.42507	1	5	3	1044
2.42707	3	2	3	4022
2.43007	3	3	3	2155
2.43207	1	4	3	927
2.43307	1	4	3	427
2.43307	1	5	3	809
2.43307	3	2	3	8052
2.43407	1	2	3	267
2.43407	1	3	3	531
2.43607	1	5	3	1396
2.43607	3	3	3	362
2.43707	1	5	3	441
2.43907	1	1	3	106
2.43907	1	2	3	868
2.43907	1	3	3	2155
2.43907	3	2	3	4022
2.44007	1	2	3	868
2.44007	1	3	3	2155
2.44007	1	5	3	458
2.44207	1	2	3	428
2.44207	1	3	3	1612
2.44307	1	2	3	428
2.44307	1	3	3	1612
2.44307	3	3	3	1073
2.44407	1	2	3	1102
2.44407	1	3	3	680
2.44507	1	2	3	1102
2.44507	3	2	3	4022
2.44707	1	2	3	545
2.44707	1	4	3	106
2.44807	1	2	3	232
2.44807	1	5	3	106
2.44907	3	3	3	1073
2.45007	1	1	3	458
2.45107	1	1	3	692
2.45107	1	5	3	692
2.45107	3	2	3	8052
2.45207	1	1	3	458
2.45207	1	2	3	545
2.45207	1	4	3	340
2.45207	1	5	3	340
2.45307	1	1	3	692
2.45307	1	4	3	575
2.45407	1	1	3	458
2.45407	1	4	3	458
2.45407	1	5	3	458
2.45507	1	4	3	458
2.45507	1	5	3	458
2.45507	3	3	3	1073
2.45707	1	2	3	267
2.45707	1	3	3	531
2.45707	3	2	3	3862
2.45807	1	4	3	575
2.45907	1	4	3	412
2.46107	1	1	3	458
2.46107	3	3	3	2155
2.46207	1	1	3	223
2.46207	1	2	3	428
2.46207	1	3	3	1073
2.46307	1	1	3	223
2.46307	1	2	3	428
2.46307	1	3	3	1073
2.46307	1	5	3	340
2.46407	1	1	3	223
2.46407	1	2	3	648
2.46407	1	3	3	1612
2.46507	1	1	3	223
2.46507	1	2	3	648
2.46507	1	3	3	1612
2.46507	3	2	3	4022
2.46607	1	2	3	428
2.46607	1	3	3	1073
2.46607	1	5	3	223
2.46707	1	2	3	990
2.46707	1	3	3	1612
2.46707	1	5	3	340
2.46707	3	3	3	1073
2.46807	1	3	3	1612
2.46907	1	5	3	340
2.47007	1	5	3	340
2.47107	1	1	3	458
2.47107	3	2	3	4022
2.47207	1	1	3	575
2.47307	1	1	3	1044
2.47307	3	3	3	723
2.47407	1	1	3	1044
2.47507	1	1	3	927
2.47707	3	2	3	4022
2.47807	1	5	3	223
2.47907	3	3	3	1073
2.48107	1	1	3	506
2.48107	1	5	3	692
2.48207	1	5	3	809
2.48307	3	2	3	4022
2.48407	1	2	3	267
2.48407	1	3	3	531
2.48407	1	4	3	106
2.48407	1	5	3	1044
2.48507	1	5	3	809
2.48507	3	3	3	1073
2.48607	3	1	3	633
2.48907	1	2	3	267
2.48907	1	3	3	531
2.48907	3	2	3	5755
2.49107	1	1	3	106
2.49107	1	2	3	545
2.49107	1	3	3	1612
2.49107	3	3	3	1073
2.49207	1	1	3	223
2.49207	1	2	3	545
2.49207	1	3	3	531
2.49207	3	1	3	825
2.49307	1	1	3	340
2.49307	1	2	3	824
2.49307	1	3	3	1612
2.49307	1	5	3	340
2.49407	1	1	3	106
2.49407	1	2	3	267
2.49507	1	1	3	223
2.49507	1	2	3	267
2.49507	1	3	3	531
2.49507	1	4	3	106
2.49607	1	2	3	545
2.49607	1	3	3	1612
2.49607	1	4	3	340
2.49607	1	5	3	340
2.49707	1	2	3	545
2.49707	1	3	3	1073
2.49707	1	4	3	340
2.49707	1	5	3	340
2.49707	3	2	3	2912
2.49707	3	3	3	2155
2.49807	1	2	3	545
2.49807	1	3	3	728
2.49807	1	4	3	223
2.49907	1	2	3	545
2.49907	1	4	3	340
2.49907	1	5	3	340
2.50007	1	2	3	545
2.50007	1	4	3	340
2.50007	1	5	3	340
2.50107	1	1	3	223
2.50107	1	2	3	141
2.50107	1	4	3	340
2.50207	1	1	3	223
2.50207	1	4	3	340
2.50207	3	3	3	362
2.50307	1	1	3	458
2.50307	1	5	3	340
2.50307	3	2	3	4022
2.50407	1	1	3	340
2.50407	1	4	3	340
2.50507	1	1	3	458
2.50507	1	4	3	117
2.50907	3	2	3	4022
2.50907	3	3	3	1073
2.51107	1	1	3	692
2.51107	1	5	3	692
2.51107	3	1	3	736
2.51207	1	1	3	340
2.51207	1	5	3	1044
2.51307	1	1	3	340
2.51407	1	1	3	340
2.51407	3	2	3	3605
2.51507	1	1	3	340
2.51507	1	3	3	531
2.51507	1	5	3	927
2.51507	3	3	3	1073
2.51707	3	1	3	2178
2.51807	1	2	3	267
2.51807	1	4	3	106
2.51807	1	5	3	809
2.51907	1	5	3	1044
2.52007	1	3	3	531
2.52107	1	1	3	340
2.52107	1	3	3	1612
2.52107	3	3	3	1073
2.52207	1	1	3	223
2.52207	1	3	3	531
2.52207	3	2	3	2912
2.52307	1	1	3	223
2.52307	1	2	3	267
2.52307	1	3	3	531
2.52307	1	4	3	106
2.52407	1	2	3	267
2.52407	1	3	3	531
2.52407	1	4	3	106
2.52507	1	1	3	106
2.52507	1	2	3	267
2.52507	1	3	3	531
2.52507	1	4	3	106
2.52607	1	2	3	545
2.52607	1	3	3	1073
2.52607	1	4	3	223
2.52607	1	5	3	340
2.52707	1	2	3	545
2.52707	1	3	3	1073
2.52707	1	4	3	340
2.52707	1	5	3	340
2.52707	3	3	3	2155
2.52807	1	2	3	267
2.52807	1	3	3	531
2.52807	1	4	3	106
2.52807	3	2	3	4022
2.52907	1	1	3	223
2.52907	1	3	3	1612
2.52907	1	4	3	340
2.52907	1	5	3	340
2.53007	1	2	3	1102
2.53007	1	3	3	1127
2.53007	1	5	3	340
2.53107	1	1	3	223
2.53107	1	2	3	545
2.53107	3	1	3	633
2.53207	1	1	3	223
2.53207	1	2	3	545
2.53207	1	4	3	340
2.53307	1	1	3	223
2.53307	1	2	3	824
2.53307	1	5	3	340
2.53307	3	3	3	362
2.53407	1	2	3	405
2.53407	3	2	3	4022
2.53507	1	1	3	340
2.53507	1	4	3	340
2.53607	1	4	3	340
2.53707	1	4	3	340
2.53707	3	1	3	3736
2.53807	1	4	3	575
2.53907	1	1	3	458
2.53907	1	4	3	575
2.53907	3	3	3	956
2.54007	1	4	3	458
2.54007	1	5	3	458
2.54007	3	2	3	3605
2.54107	1	1	3	458
2.54107	1	4	3	458
2.54107	1	5	3	458
2.54207	1	1	3	458
2.54207	1	5	3	575
2.54307	1	1	3	458
2.54307	1	5	3	340
2.54407	1	4	3	458
2.54407	1	5	3	458
2.54507	1	1	3	458
2.54507	3	3	3	1073
2.54607	1	4	3	458
2.54707	1	4	3	85
2.54807	3	2	3	4022
2.54907	1	1	3	458
2.55107	1	1	3	458
2.55107	1	5	3	458
2.55107	3	1	3	633
2.55207	1	1	3	172
2.55207	1	5	3	575
2.55307	1	5	3	692
2.55407	3	2	3	4022
2.55507	1	5	3	340
2.55607	3	3	3	3233
2.55707	3	1	3	5192
2.55807	1	5	3	575
2.55907	1	1	3	692
2.56007	3	2	3	4022
2.56107	1	5	3	1396
2.56207	1	1	3	106
2.56207	1	2	3	340
2.56207	1	3	3	531
2.56207	1	4	3	106
2.56207	3	3	3	471
2.56307	1	1	3	809
2.56407	1	5	3	692
2.56507	1	1	3	692
2.56507	1	5	3	692
2.56607	3	2	3	3952
2.56707	1	2	3	1396
2.56707	1	3	3	1612
2.56707	1	5	3	340
2.56807	1	2	3	692
2.56807	1	3	3	1073
2.56807	1	5	3	106
2.56907	1	1	3	223
2.56907	1	2	3	692
2.56907	1	3	3	1073
2.56907	3	3	3	1073
2.57107	1	1	3	340
2.57107	1	2	3	1044
2.57107	1	3	3	1612
2.57107	1	5	3	340
2.57107	3	1	3	633
2.57207	1	1	3	223
2.57207	1	2	3	692
2.57207	1	3	3	1073
2.57207	1	4	3	340
2.57307	1	1	3	223
2.57307	1	2	3	980
2.57307	1	3	3	1612
2.57307	1	4	3	340
2.57407	1	4	3	340
2.57407	1	5	3	340
2.57507	1	1	3	223
2.57507	1	3	3	163
2.57507	1	4	3	338
2.57507	1	5	3	340
2.57507	3	2	3	4022
2.57507	3	3	3	1073
2.57607	1	4	3	223
2.57707	1	4	3	340
2.57707	1	5	3	340
2.57707	3	1	3	7701
2.57807	1	4	3	927
2.57807	3	1	3	404
2.57907	1	1	3	692
2.58007	1	4	3	809
2.58007	3	2	3	6169
2.58107	1	1	3	575
2.58107	1	5	3	575
2.58107	3	3	3	1073
2.58207	1	1	3	458
2.58207	1	4	3	575
2.58307	1	1	3	223
2.58307	1	5	3	223
2.58407	1	4	3	340
2.58407	1	5	3	340
2.58507	1	1	3	223
2.58507	1	5	3	340
2.58607	1	4	3	223
2.58707	1	4	3	458
2.58707	1	5	3	458
2.58807	1	4	3	927
2.58807	3	2	3	2912
2.58907	1	1	3	458
2.58907	1	4	3	575
2.59007	1	4	3	809
2.59107	1	1	3	458
2.59107	1	4	3	458
2.59107	1	5	3	458
2.59207	1	1	3	458
2.59207	3	3	3	2515
2.59307	1	1	3	458
2.59307	1	4	3	458
2.59307	1	5	3	458
2.59407	3	2	3	4022
2.59507	1	1	3	223
2.59507	1	5	3	340
2.59607	3	1	3	531
2.59707	1	4	3	458
2.59707	1	5	3	458
2.59807	1	4	3	458
2.59907	1	1	3	458
2.59907	1	4	3	458
2.59907	1	5	3	458
2.59907	3	3	3	956
2.60007	1	4	3	272
2.60007	3	2	3	7625
2.60107	1	1	3	458
2.60107	1	5	3	458
2.60207	1	1	3	105
2.60207	1	2	3	340
2.60207	3	1	3	7059
2.60307	1	5	3	458
2.60307	3	1	3	2604
2.60507	1	5	3	340
2.60507	3	3	3	1073
2.60707	1	2	3	1396
2.60707	1	5	3	575
2.60807	1	2	3	1396
2.60807	3	2	3	2912
2.60907	1	5	3	458
2.61007	1	2	3	2445
2.61107	1	2	3	1711
2.61107	1	5	3	692
2.61107	3	3	3	1920
2.61207	1	3	3	531
2.61307	1	5	3	692
2.61407	1	4	3	106
2.61407	3	2	3	4022
2.61507	1	5	3	692
2.61707	1	3	3	3233
2.61707	1	5	3	588
2.61707	3	3	3	1073
2.61807	1	3	3	3233
2.61907	1	3	3	3198
2.61907	1	5	3	575
2.62007	3	2	3	8052
2.62107	1	5	3	859
2.62107	3	1	3	633
2.62307	3	3	3	1073
2.62407	1	1	3	106
2.62407	1	2	3	340
2.62507	1	4	3	692
2.62607	1	4	3	458
2.62607	3	2	3	3941
2.62707	1	4	3	1044
2.62707	1	5	3	340
2.62707	3	1	3	7701
2.62807	1	4	3	1396
2.62807	3	1	3	1860
2.62907	1	2	3	2096
2.62907	1	4	3	575
2.62907	3	3	3	1075
2.63007	1	2	3	1044
2.63007	1	4	3	340
2.63107	1	2	3	692
2.63107	1	4	3	223
2.63407	1	2	3	1744
2.63407	1	3	3	531
2.63407	1	4	3	575
2.63407	1	5	3	106
2.63407	3	2	3	4022
2.63507	1	1	3	692
2.63507	1	2	3	1744
2.63607	1	1	3	458
2.63607	1	2	3	1044
2.63607	1	5	3	340
2.63607	3	3	3	1073
2.63707	1	1	3	340
2.63707	1	2	3	45
2.63707	1	4	3	340
2.63807	1	1	3	223
2.63807	1	4	3	340
2.63807	1	5	3	340
2.63907	1	1	3	223
2.63907	1	3	3	1612
2.63907	1	4	3	340
2.64007	1	3	3	1073
2.64007	1	4	3	106
2.64007	1	5	3	106
2.64007	3	2	3	8052
2.64107	1	3	3	1073
2.64107	1	4	3	223
2.64207	1	3	3	1543
2.64207	1	4	3	340
2.64207	1	5	3	340
2.64207	3	3	3	956
2.64307	1	4	3	692
2.64407	1	4	3	340
2.64407	1	5	3	340
2.64507	1	1	3	575
2.64607	1	1	3	458
2.64607	1	5	3	340
2.64607	3	1	3	531
2.64607	3	2	3	3941
2.64707	1	1	3	458
2.64707	1	4	3	575
2.64807	1	1	3	458
2.64807	1	4	3	67
2.64807	1	5	3	458
2.64807	3	3	3	1073
2.64907	1	1	3	458
2.65007	1	5	3	575
2.65207	1	5	3	809
2.65407	1	5	3	809
2.65407	3	3	3	2155
2.65507	1	1	3	809
2.65507	3	2	3	4022
2.65607	1	1	3	692
2.65607	1	5	3	692
2.65707	1	1	3	458
2.65707	3	1	3	7701
2.65807	1	1	3	692
2.65807	1	5	3	692
2.65807	3	1	3	506
2.65907	1	1	3	575
2.65907	3	3	3	479
2.66007	1	5	3	575
2.66107	3	2	3	6169
2.66207	1	2	3	340
2.66207	1	3	3	531
2.66207	1	4	3	106
2.66207	1	5	3	328
2.66407	1	4	3	458
2.66407	1	5	3	340
2.66507	1	1	3	458
2.66507	1	4	3	340
2.66607	1	1	3	458
2.66607	1	4	3	458
2.66607	1	5	3	458
2.66607	3	3	3	1073
2.66707	1	1	3	223
2.66707	1	2	3	692
2.66707	1	3	3	1073
2.66807	1	1	3	340
2.66807	1	2	3	1044
2.66807	1	3	3	1612
2.66807	1	4	3	340
2.66907	1	1	3	223
2.66907	1	2	3	692
2.66907	1	3	3	1073
2.66907	1	4	3	340
2.66907	3	2	3	2912
2.67007	1	2	3	692
2.67007	1	3	3	1073
2.67007	1	4	3	340
2.67007	1	5	3	106
2.67107	1	2	3	692
2.67107	1	3	3	472
2.67107	1	4	3	106
2.67207	1	2	3	692
2.67207	1	4	3	340
2.67207	1	5	3	340
2.67207	3	3	3	1073
2.67307	1	2	3	692
2.67307	1	4	3	223
2.67307	1	5	3	340
2.67407	1	2	3	1044
2.67407	1	4	3	340
2.67507	1	1	3	458
2.67507	1	2	3	1044
2.67507	1	4	3	340
2.67507	3	2	3	4022
2.67607	1	1	3	340
2.67607	1	2	3	1044
2.67607	1	4	3	340
2.67607	1	5	3	340
2.67607	3	1	3	633
2.67707	1	1	3	340
2.67707	1	2	3	1044
2.67707	1	4	3	323
2.67807	1	1	3	340
2.67807	1	2	3	504
2.67807	3	3	3	1073
2.67907	1	1	3	340
2.67907	1	5	3	340
2.68107	3	2	3	4022
2.68207	1	5	3	809
2.68207	3	1	3	7059
2.68307	1	5	3	1044
2.68307	3	1	3	2502
2.68407	3	3	3	2155
2.68507	1	1	3	505
2.68507	1	5	3	197
2.68607	1	5	3	809
2.68707	1	1	3	575
2.68707	3	2	3	4022
2.68807	1	1	3	340
2.68907	1	1	3	575
2.68907	1	5	3	340
2.69007	3	3	3	362
2.69307	1	2	3	340
2.69307	1	3	3	531
2.69307	1	4	3	106
2.69307	1	5	3	106
2.69307	3	2	3	4022
2.69507	1	1	3	106
2.69507	1	5	3	458
2.69507	3	1	3	633
2.69607	1	1	3	927
2.69607	1	5	3	458
2.69607	3	3	3	956
2.69707	1	1	3	927
2.69707	1	5	3	458
2.69807	1	1	3	223
2.69807	1	2	3	1044
2.69807	1	3	3	1612
2.69807	1	4	3	340
2.69907	1	1	3	223
2.69907	1	2	3	692
2.69907	1	3	3	1073
2.69907	1	4	3	340
2.69907	1	5	3	247
2.69907	3	2	3	4022
2.70007	1	2	3	692
2.70007	1	3	3	1073
2.70007	1	4	3	223
2.70107	3	1	3	5192
2.70207	3	3	3	1073
2.70307	1	2	3	824
2.70307	1	3	3	1612
2.70307	1	4	3	340
2.70407	1	2	3	545
2.70407	1	3	3	1073
2.70407	1	4	3	340
2.70507	1	1	3	340
2.70507	1	2	3	824
2.70507	1	3	3	317
2.70507	1	4	3	340
2.70507	3	2	3	4022
2.70607	1	1	3	223
2.70607	1	2	3	824
2.70607	1	4	3	340
2.70607	1	5	3	106
2.70707	1	1	3	223
2.70707	1	2	3	545
2.70707	1	4	3	340
2.70707	1	5	3	340
2.70807	1	1	3	223
2.70807	1	2	3	545
2.70807	1	4	3	340
2.70807	1	5	3	340
2.70807	3	3	3	1073
2.70907	1	1	3	223
2.70907	1	2	3	824
2.70907	1	4	3	340
2.70907	1	5	3	340
2.71007	1	2	3	824
2.71007	1	4	3	340
2.71007	1	5	3	340
2.71107	1	2	3	237
2.71107	1	4	3	575
2.71107	3	2	3	4022
2.71207	1	4	3	340
2.71307	1	4	3	340
2.71407	1	4	3	340
2.71407	3	3	3	2155
2.71507	1	1	3	692
2.71507	3	1	3	633
2.71607	1	1	3	458
2.71607	1	4	3	458
2.71607	1	5	3	458
2.71707	1	1	3	458
2.71707	1	4	3	458
2.71707	1	5	3	458
2.71707	3	2	3	4022
2.71807	1	1	3	458
2.71807	1	4	3	458
2.71807	1	5	3	340
2.71907	1	1	3	458
2.71907	1	4	3	458
2.71907	1	5	3	458
2.72007	1	4	3	340
2.72007	1	5	3	340
2.72007	3	3	3	1073
2.72107	1	4	3	458
2.72207	1	4	3	458
2.72307	1	4	3	575
2.72307	3	2	3	4022
2.72407	1	4	3	458
2.72507	1	1	3	458
2.72507	1	4	3	575
2.72507	3	3	3	840
2.72607	1	1	3	458
2.72607	1	4	3	224
2.72607	1	5	3	458
2.72607	3	1	3	5192
2.72707	1	1	3	208
2.72707	1	5	3	458
2.72807	1	5	3	458
2.72907	1	5	3	458
2.72907	3	2	3	4022
2.73007	1	5	3	404
2.73307	3	3	3	1073
2.73507	3	2	3	4022
2.73607	1	5	3	106
2.73707	1	5	3	1328
2.73807	1	5	3	1396
2.73907	1	2	3	267
2.73907	1	3	3	531
2.73907	1	4	3	106
2.73907	1	5	3	38
2.73907	3	3	3	1073
2.74107	3	2	3	4022
2.74407	1	2	3	267
2.74407	1	3	3	531
2.74407	1	4	3	106
2.74507	1	1	3	106
2.74507	1	2	3	545
2.74507	1	3	3	1073
2.74507	1	4	3	340
2.74507	3	3	3	1073
2.74607	1	1	3	223
2.74607	1	2	3	824
2.74607	1	3	3	1612
2.74607	1	4	3	340
2.74707	1	1	3	223
2.74707	1	2	3	824
2.74707	1	3	3	1612
2.74707	1	4	3	340
2.74707	1	5	3	106
2.74707	3	2	3	4022
2.74807	1	1	3	458
2.74807	1	2	3	824
2.74807	1	3	3	475
2.74807	1	4	3	340
2.74907	1	1	3	340
2.74907	1	2	3	824
2.74907	1	4	3	340
2.75007	1	2	3	1102
2.75007	1	4	3	340
2.75107	1	2	3	824
2.75107	1	4	3	340
2.75107	1	5	3	106
2.75107	3	3	3	2155
2.75207	1	2	3	1102
2.75207	1	4	3	458
2.75307	1	2	3	545
2.75307	1	4	3	340
2.75307	1	5	3	340
2.75307	3	2	3	4022
2.75407	1	2	3	1102
2.75407	1	4	3	458
2.75507	1	1	3	340
2.75507	1	2	3	824
2.75507	1	4	3	340
2.75507	1	5	3	340
2.75507	3	1	3	633
2.75607	1	1	3	458
2.75607	1	2	3	344
2.75607	1	4	3	340
2.75707	1	1	3	340
2.75707	1	4	3	340
2.75707	1	5	3	340
2.75707	3	3	3	362
2.75807	1	1	3	340
2.75807	1	4	3	340
2.75907	1	1	3	340
2.75907	1	4	3	340
2.75907	1	5	3	340
2.75907	3	2	3	7768
2.76007	1	4	3	458
2.76107	1	4	3	458
2.76107	1	5	3	458
2.76107	3	1	3	6647
2.76207	1	4	3	692
2.76307	1	4	3	164
2.76307	1	5	3	575
2.76307	3	3	3	1073
2.76507	1	1	3	458
2.76507	1	5	3	458
2.76607	1	1	3	458
2.76707	1	1	3	575
2.76707	1	5	3	575
2.76807	1	1	3	809
2.76807	3	2	3	4022
2.76907	1	1	3	692
2.76907	1	5	3	575
2.76907	3	3	3	1073
2.77107	1	5	3	927
2.77307	1	5	3	575
2.77407	3	2	3	6169
2.77507	1	1	3	692
2.77507	1	5	3	39
2.77507	3	3	3	1073
2.77607	1	1	3	458
2.77707	1	1	3	692
2.77707	1	5	3	692
2.77807	1	1	3	458
2.77807	1	2	3	267
2.77807	1	3	3	531
2.77807	1	4	3	106
2.77907	1	1	3	1278
2.77907	1	5	3	106
2.78107	3	3	3	2155
2.78207	3	2	3	2912
2.78307	1	2	3	545
2.78307	1	3	3	1073
2.78307	1	5	3	340
2.78507	1	1	3	340
2.78507	1	2	3	824
2.78507	1	3	3	1612
2.78507	1	5	3	340
2.78607	1	1	3	340
2.78607	1	2	3	824
2.78607	1	3	3	1612
2.78607	1	5	3	340
2.78607	3	1	3	633
2.78707	1	1	3	340
2.78707	1	2	3	824
2.78707	1	3	3	1004
2.78707	1	5	3	340
2.78707	3	3	3	362
2.78807	1	1	3	223
2.78807	1	2	3	545
2.78807	1	4	3	340
2.78807	3	2	3	4022
2.78907	1	1	3	223
2.78907	1	2	3	545
2.78907	1	4	3	340
2.78907	1	5	3	340
2.79007	1	2	3	545
2.79007	1	4	3	223
2.79107	1	2	3	545
2.79107	1	4	3	223
2.79207	1	2	3	824
2.79207	1	4	3	340
2.79207	3	1	3	5192
2.79307	1	2	3	1102
2.79307	1	5	3	340
2.79307	3	3	3	1073
2.79407	1	2	3	1102
2.79407	1	4	3	340
2.79407	3	2	3	8052
2.79507	1	1	3	340
2.79507	1	2	3	824
2.79507	1	5	3	340
2.79607	1	1	3	340
2.79607	1	2	3	824
2.79607	1	4	3	340
2.79607	1	5	3	340
2.79707	1	1	3	340
2.79707	1	2	3	80
2.79707	1	5	3	340
2.79807	1	1	3	223
2.79807	1	4	3	340
2.79907	1	1	3	340
2.79907	1	5	3	340
2.79907	3	3	3	1073
2.80007	1	4	3	338
2.80007	3	2	3	4022
2.80107	1	4	3	575
2.80207	1	4	3	692
2.80307	1	4	3	575
2.80307	1	5	3	575
2.80407	1	4	3	692
2.80507	1	1	3	458
2.80507	1	4	3	386
2.80507	1	5	3	458
2.80507	3	3	3	1073
2.80607	1	1	3	458
2.80607	1	5	3	340
2.80607	3	1	3	633
2.80607	3	2	3	4022
2.80707	1	1	3	458
2.80707	1	5	3	458
2.80807	1	1	3	223
2.80907	1	1	3	340
2.80907	1	5	3	340
2.81107	3	1	3	5192
2.81107	3	3	3	2155
2.81207	3	2	3	7546
2.81307	1	5	3	1161
2.81507	1	1	3	692
2.81507	1	5	3	692
2.81607	1	1	3	458
2.81607	1	5	3	340
2.81707	1	1	3	692
2.81707	1	5	3	70
2.81707	3	3	3	1073
2.81807	1	1	3	223
2.81907	1	1	3	692
2.82107	1	2	3	267
2.82107	1	3	3	531
2.82107	1	4	3	106
2.82307	1	4	3	575
2.82307	1	5	3	575
2.82307	3	3	3	723
2.82407	3	1	3	633
2.82507	1	1	3	458
2.82507	1	4	3	458
2.82507	1	5	3	458
2.82607	1	1	3	223
2.82607	1	2	3	824
2.82607	1	3	3	1612
2.82607	1	4	3	340
2.82607	1	5	3	106
2.82607	3	2	3	4022
2.82707	1	1	3	223
2.82707	1	2	3	545
2.82707	1	3	3	1073
2.82707	1	4	3	340
2.82707	1	5	3	299
2.82807	1	2	3	267
2.82807	1	3	3	531
2.82907	1	1	3	223
2.82907	1	2	3	545
2.82907	1	3	3	1073
2.82907	1	4	3	340
2.82907	1	5	3	340
2.83007	3	1	3	6647
2.83007	3	3	3	1073
2.83107	1	2	3	824
2.83107	1	3	3	1612
2.83207	1	2	3	545
2.83207	1	3	3	860
2.83207	1	4	3	340
2.83207	3	2	3	6169
2.83307	1	1	3	223
2.83307	1	2	3	824
2.83307	1	4	3	340
2.83307	1	5	3	106
2.83407	1	2	3	545
2.83507	1	1	3	223
2.83507	1	2	3	545
2.83507	1	4	3	340
2.83507	1	5	3	340
2.83607	1	1	3	223
2.83607	1	2	3	545
2.83607	1	4	3	340
2.83607	1	5	3	340
2.83607	3	3	3	1073
2.83707	1	1	3	340
2.83707	1	2	3	824
2.83707	1	4	3	340
2.83707	1	5	3	340
2.83807	1	2	3	1656
2.83907	1	1	3	340
2.83907	1	2	3	824
2.83907	1	4	3	340
2.83907	1	5	3	340
2.84007	1	2	3	640
2.84007	3	2	3	2912
2.84107	1	4	3	340
2.84207	1	4	3	340
2.84307	1	1	3	340
2.84307	1	4	3	340
2.84307	1	5	3	340
2.84307	3	3	3	1073
2.84407	1	4	3	340
2.84507	1	1	3	458
2.84507	1	4	3	297
2.84507	1	5	3	458
2.84607	1	1	3	458
2.84607	1	5	3	458
2.84607	3	2	3	4022
2.84707	1	1	3	458
2.84707	1	5	3	458
2.84907	1	1	3	275
2.84907	1	5	3	458
2.84907	3	1	3	531
2.84907	3	3	3	2155
2.85107	3	2	3	6169
2.85307	1	5	3	692
2.85407	3	1	3	8205
2.85507	1	5	3	1044
2.85507	3	3	3	1073
2.85607	1	5	3	40
2.85907	1	2	3	267
2.85907	1	3	3	531
2.85907	1	4	3	106
2.85907	1	5	3	1044
2.85907	3	2	3	1456
2.86007	1	5	3	390
2.86107	3	3	3	723
2.86407	1	2	3	267
2.86407	1	3	3	531
2.86407	1	4	3	106
2.86507	1	2	3	545
2.86507	1	3	3	1612
2.86507	1	4	3	340
2.86507	3	2	3	4022
2.86607	1	2	3	1102
2.86607	1	3	3	2155
2.86607	1	4	3	458
2.86707	1	2	3	1102
2.86707	1	3	3	2155
2.86707	1	4	3	458
2.86707	3	3	3	1220
2.86807	1	1	3	106
2.86807	1	2	3	1102
2.86807	1	3	3	1612
2.86807	1	4	3	340
2.86807	3	1	3	736
2.86907	1	2	3	1656
2.86907	1	3	3	151
2.87007	1	2	3	1102
2.87007	1	4	3	340
2.87007	1	5	3	106
2.87107	1	2	3	824
2.87107	1	4	3	340
2.87107	1	5	3	340
2.87107	3	2	3	4022
2.87207	1	2	3	824
2.87207	1	4	3	340
2.87207	1	5	3	340
2.87307	1	2	3	1102
2.87307	1	4	3	575
2.87407	1	2	3	321
2.87407	1	4	3	458
2.87407	1	5	3	458
2.87407	3	1	3	8929
2.87507	3	1	3	528
2.87607	1	4	3	575
2.87707	1	4	3	575
2.87707	3	2	3	3605
2.87807	1	5	3	458
2.87807	3	3	3	2155
2.87907	1	1	3	458
2.87907	1	4	3	458
2.87907	1	5	3	458
2.88007	1	1	3	458
2.88007	1	4	3	383
2.88007	1	5	3	458
2.88107	1	1	3	458
2.88107	1	5	3	458
2.88207	1	1	3	458
2.88207	1	5	3	458
2.88307	1	1	3	458
2.88407	3	3	3	924
2.88507	3	2	3	4022
2.88807	1	5	3	927
2.88907	1	1	3	692
2.88907	1	5	3	692
2.89007	1	1	3	692
2.89007	1	5	3	597
2.89007	3	3	3	1220
2.89107	1	1	3	692
2.89107	3	2	3	4022
2.89207	1	1	3	692
2.89307	1	1	3	106
2.89307	1	2	3	267
2.89307	1	3	3	531
2.89307	1	4	3	106
2.89307	3	1	3	736
2.89607	3	3	3	1220
2.89707	3	2	3	4022
2.89807	1	2	3	1381
2.89807	1	3	3	2694
2.89907	1	1	3	340
2.89907	1	2	3	824
2.89907	1	3	3	1612
2.89907	3	1	3	8000
2.90007	1	1	3	458
2.90007	1	2	3	1102
2.90007	1	3	3	1612
2.90007	1	5	3	106
2.90107	1	1	3	340
2.90107	1	2	3	802
2.90107	1	3	3	1612
2.90107	1	5	3	340
2.90207	1	1	3	340
2.90207	1	3	3	1612
2.90207	1	5	3	340
2.90207	3	3	3	1220
2.90307	1	1	3	223
2.90307	1	3	3	530
2.90307	1	4	3	340
2.90307	1	5	3	340
2.90307	3	2	3	3952
2.90407	1	4	3	223
2.90407	1	5	3	340
2.90507	1	4	3	340
2.90607	1	4	3	340
2.90707	1	4	3	575
2.90807	1	4	3	809
2.90807	3	3	3	1220
2.90907	1	1	3	458
2.90907	1	4	3	575
2.91007	1	1	3	458
2.91007	1	4	3	458
2.91007	1	5	3	458
2.91107	1	1	3	458
2.91107	1	4	3	458
2.91107	1	5	3	458
2.91107	3	2	3	4022
2.91207	1	1	3	458
2.91207	1	4	3	458
2.91207	1	5	3	458
2.91307	1	1	3	458
2.91307	1	4	3	458
2.91307	1	5	3	458
2.91407	1	4	3	708
2.91407	3	3	3	856
2.91707	1	5	3	458
2.91707	3	2	3	4022
2.91907	1	1	3	692
2.91907	1	5	3	692
2.92007	1	1	3	692
2.92007	1	5	3	692
2.92007	3	3	3	1073
2.92107	1	1	3	692
2.92107	1	5	3	612
2.92207	1	1	3	359
2.92307	3	1	3	736
2.92307	3	2	3	4022
2.92507	3	3	3	1793
2.92707	1	5	3	458
2.92807	3	1	3	8929
2.92907	3	1	3	528
2.92907	3	2	3	4022
2.93007	1	5	3	106
2.93107	1	5	3	872
2.93307	1	5	3	1044
2.93507	3	2	3	4022
2.93507	3	3	3	1073
2.93807	1	2	3	267
2.93807	1	3	3	531
2.93807	1	4	3	106
2.93907	1	1	3	106
2.93907	1	5	3	106
2.94007	3	2	3	4022
2.94107	1	1	3	809
2.94107	1	5	3	575
2.94107	3	3	3	1073
2.94207	1	1	3	809
2.94207	1	5	3	575
2.94207	3	1	3	736
2.94307	1	1	3	340
2.94307	1	2	3	824
2.94307	1	3	3	1612
2.94307	1	4	3	340
2.94407	1	2	3	1102
2.94407	1	3	3	1612
2.94407	1	4	3	340
2.94507	1	1	3	223
2.94507	1	2	3	545
2.94507	1	3	3	1073
2.94507	1	4	3	340
2.94507	1	5	3	340
2.94607	3	2	3	4022
2.94707	3	3	3	1073
2.94807	1	2	3	545
2.94807	1	3	3	1073
2.94807	1	4	3	338
2.94807	1	5	3	223
2.94807	3	1	3	8929
2.94907	1	1	3	223
2.94907	1	2	3	545
2.94907	1	3	3	1073
2.94907	1	4	3	340
2.94907	1	5	3	340
2.94907	3	1	3	528
2.95007	1	2	3	545
2.95007	1	3	3	1073
2.95007	1	4	3	340
2.95107	1	1	3	223
2.95107	1	2	3	545
2.95107	1	3	3	703
2.95107	1	4	3	340
2.95107	1	5	3	340
2.95207	1	1	3	223
2.95207	1	2	3	545
2.95207	1	4	3	340
2.95207	1	5	3	340
2.95207	3	2	3	4022
2.95307	1	1	3	223
2.95307	1	2	3	379
2.95307	1	4	3	340
2.95407	1	4	3	340
2.95407	3	3	3	2155
2.95507	1	1	3	340
2.95507	1	5	3	340
2.95607	1	4	3	340
2.95707	1	4	3	575
2.95807	1	4	3	458
2.95807	1	5	3	575
2.95807	3	2	3	4022
2.95907	1	1	3	458
2.95907	1	4	3	458
2.95907	1	5	3	458
2.96007	1	4	3	692
2.96007	3	3	3	1073
2.96107	1	1	3	458
2.96107	1	4	3	458
2.96107	1	5	3	458
2.96207	1	1	3	458
2.96207	1	4	3	458
2.96207	1	5	3	458
2.96307	1	1	3	458
2.96307	1	4	3	340
2.96407	3	2	3	7489
2.96507	1	1	3	458
2.96507	1	5	3	458
2.96607	3	3	3	723
2.96807	1	5	3	106
2.96907	1	1	3	692
2.96907	1	5	3	456
2.97107	1	1	3	692
2.97107	1	5	3	692
2.97207	1	1	3	692
2.97207	1	5	3	692
2.97207	3	1	3	531
2.97207	3	2	3	2912
2.97207	3	3	3	1073
2.97307	1	1	3	1278
2.97407	1	5	3	52
2.97507	1	1	3	692
2.97707	3	1	3	8929
2.97807	1	5	3	106
2.97807	3	1	3	733
2.97807	3	2	3	4022
2.97807	3	3	3	1073
2.97907	1	1	3	927
2.97907	1	2	3	267
2.97907	1	3	3	531
2.97907	1	4	3	106
2.98007	1	5	3	106
2.98107	1	1	3	1396
2.98207	1	1	3	1278
2.98207	1	5	3	106
2.98307	1	1	3	1278
2.98307	3	2	3	8052
2.98407	1	2	3	545
2.98407	1	3	3	531
2.98407	1	4	3	106
2.98407	3	3	3	1073
2.98507	1	1	3	223
2.98507	1	2	3	824
2.98507	1	3	3	1612
2.98507	1	4	3	340
2.98807	1	5	3	106
2.98907	1	1	3	223
2.98907	1	2	3	545
2.98907	1	3	3	1073
2.98907	1	4	3	340
2.98907	1	5	3	340
2.98907	3	2	3	3941
2.99007	1	2	3	545
2.99007	1	3	3	1073
2.99007	1	4	3	340
2.99007	1	5	3	340
2.99007	3	3	3	2155
2.99107	1	1	3	223
2.99107	1	2	3	545
2.99107	1	3	3	1073
2.99107	1	4	3	340
2.99107	1	5	3	340
2.99207	1	1	3	223
2.99207	1	2	3	545
2.99207	1	3	3	1073
2.99207	1	4	3	340
2.99207	1	5	3	340
2.99307	1	1	3	223
2.99307	1	2	3	824
2.99307	1	3	3	1612
2.99307	1	4	3	340
2.99407	1	2	3	545
2.99407	1	3	3	1073
2.99407	1	4	3	223
2.99507	1	1	3	223
2.99507	1	2	3	545
2.99507	1	3	3	559
2.99507	1	4	3	340
2.99607	1	2	3	114
2.99607	1	4	3	340
2.99607	3	1	3	736
2.99607	3	3	3	362
2.99707	1	4	3	340
2.99707	3	2	3	4022
2.99807	1	4	3	340
2.99807	1	5	3	340
2.99907	1	4	3	340
2.99907	1	5	3	340
3.00007	1	4	3	458
3.00007	1	5	3	575
3.00107	1	4	3	692
3.00107	1	5	3	575
3.00107	3	1	3	8929
3.00207	1	4	3	564
3.00207	1	5	3	692
3.00207	3	1	3	528
3.00307	3	2	3	8052
3.00307	3	3	3	1073
3.00807	1	5	3	1396
3.00807	3	2	3	3941
3.00907	1	5	3	1278
3.00907	3	3	3	1073
3.01007	1	5	3	208
3.01107	1	1	3	4
3.01507	1	3	3	531
3.01507	1	4	3	106
3.01507	3	3	3	1073
3.01607	3	2	3	4022
3.01807	1	5	3	1396
3.02007	1	3	3	2694
3.02007	1	4	3	575
3.02007	1	5	3	38
3.02107	1	1	3	106
3.02107	1	3	3	2155
3.02107	1	4	3	458
3.02107	3	1	3	736
3.02107	3	3	3	2155
3.02207	1	1	3	223
3.02207	1	2	3	267
3.02207	1	3	3	1612
3.02207	1	4	3	340
3.02207	1	5	3	340
3.02207	3	2	3	8052
3.02407	1	1	3	340
3.02407	1	3	3	1612
3.02407	1	4	3	340
3.02407	1	5	3	340
3.02507	1	1	3	458
3.02507	1	3	3	1597
3.02507	1	4	3	340
3.02607	1	4	3	458
3.02607	3	1	3	3633
3.02707	1	2	3	545
3.02707	1	4	3	340
3.02707	3	3	3	1073
3.02807	1	1	3	223
3.02807	1	2	3	824
3.02807	1	4	3	340
3.02807	1	5	3	106
3.02807	3	2	3	4022
3.02907	1	2	3	545
3.02907	1	4	3	223
3.03007	1	2	3	545
3.03007	1	4	3	340
3.03007	1	5	3	340
3.03107	1	1	3	340
3.03107	1	2	3	824
3.03107	1	4	3	340
3.03107	1	5	3	340
3.03207	1	1	3	340
3.03207	1	2	3	824
3.03207	1	4	3	340
3.03207	1	5	3	340
3.03307	1	2	3	1102
3.03307	1	4	3	575
3.03307	3	3	3	723
3.03407	1	1	3	340
3.03407	1	2	3	824
3.03407	1	4	3	340
3.03407	1	5	3	340
3.03407	3	2	3	4022
3.03507	1	1	3	458
3.03507	1	2	3	998
3.03607	1	4	3	340
3.03707	1	4	3	340
3.03807	1	1	3	223
3.03807	1	4	3	340
3.03807	1	5	3	340
3.03907	1	4	3	340
3.03907	3	3	3	1073
3.04007	1	4	3	458
3.04007	1	5	3	458
3.04007	3	1	3	736
3.04007	3	2	3	8052
3.04107	1	1	3	458
3.04107	1	4	3	458
3.04107	1	5	3	458
3.04207	1	1	3	458
3.04207	1	4	3	458
3.04207	1	5	3	458
3.04307	1	4	3	809
3.04407	1	1	3	458
3.04407	1	4	3	458
3.04407	1	5	3	458
3.04507	1	1	3	458
3.04507	1	4	3	458
3.04507	3	1	3	5089
3.04507	3	3	3	1073
3.04607	1	4	3	328
3.04607	3	2	3	3862
3.04807	1	1	3	458
3.04807	1	5	3	458
3.05007	1	5	3	106
3.05107	1	1	3	692
3.05107	1	5	3	692
3.05107	3	3	3	1073
3.05207	1	1	3	692
3.05207	1	5	3	692
3.05407	1	1	3	692
3.05407	1	5	3	575
3.05507	1	1	3	1278
3.05507	3	2	3	4022
3.05707	3	3	3	2155
3.05807	1	1	3	458
3.05807	1	2	3	208
3.05807	1	3	3	531
3.05807	1	4	3	106
3.05807	1	5	3	351
3.06007	1	5	3	106
3.06107	1	1	3	927
3.06107	1	5	3	458
3.06107	3	2	3	6169
3.06207	1	1	3	154
3.06207	1	5	3	458
3.06307	1	2	3	208
3.06307	1	3	3	531
3.06307	1	4	3	106
3.06307	3	3	3	362
3.06407	1	2	3	648
3.06407	1	3	3	1612
3.06407	1	4	3	340
3.06407	1	5	3	106
3.06507	1	2	3	648
3.06507	1	3	3	1612
3.06507	1	4	3	340
3.06807	1	2	3	428
3.06807	1	3	3	1073
3.06807	1	4	3	340
3.06807	1	5	3	340
3.06907	1	2	3	648
3.06907	1	3	3	1612
3.06907	1	4	3	340
3.06907	3	1	3	736
3.06907	3	2	3	2912
3.06907	3	3	3	1073
3.07007	1	2	3	428
3.07007	1	3	3	1612
3.07007	1	4	3	340
3.07007	1	5	3	223
3.07107	1	2	3	648
3.07107	1	3	3	1612
3.07107	1	4	3	340
3.07107	1	5	3	340
3.07207	1	2	3	648
3.07207	1	4	3	340
3.07207	1	5	3	340
3.07307	1	2	3	428
3.07307	1	4	3	338
3.07407	1	2	3	868
3.07407	1	4	3	340
3.07407	3	1	3	5089
3.07507	1	2	3	38
3.07507	1	4	3	340
3.07507	3	2	3	4022
3.07507	3	3	3	1073
3.07607	1	4	3	575
3.07707	1	4	3	575
3.07807	1	4	3	458
3.07807	1	5	3	458
3.07907	1	4	3	1161
3.07907	1	5	3	106
3.08007	1	4	3	1396
3.08007	3	2	3	4022
3.08107	1	4	3	692
3.08107	1	5	3	692
3.08107	3	3	3	1073
3.08207	1	4	3	303
3.08207	1	5	3	691
3.08407	3	4	3	428
3.08507	1	5	3	692
3.08607	3	2	3	2150
3.08707	1	3	3	13
3.08707	3	3	3	2155
3.08807	1	5	3	742
3.08907	1	5	3	1278
3.09007	3	4	3	1030
3.09107	1	5	3	156
3.09307	3	1	3	736
3.09307	3	3	3	362
3.09407	1	3	3	531
3.09407	3	2	3	4022
3.09507	1	1	3	106
3.09507	1	2	3	208
3.09507	1	4	3	106
3.09807	1	5	3	223
3.09807	3	1	3	6544
3.09907	1	3	3	6475
3.09907	3	3	3	1073
3.10007	1	2	3	648
3.10007	1	3	3	1612
3.10007	1	4	3	340
3.10007	3	2	3	3258
3.10107	1	2	3	868
3.10107	1	3	3	1578
3.10107	1	4	3	458
3.10207	1	2	3	1088
3.10207	1	4	3	575
3.10207	1	5	3	106
3.10307	1	2	3	1088
3.10307	1	4	3	575
3.10407	1	2	3	868
3.10407	1	4	3	458
3.10407	1	5	3	458
3.10407	3	4	3	531
3.10507	1	1	3	223
3.10507	1	2	3	428
3.10507	1	4	3	428
3.10507	1	5	3	340
3.10607	1	1	3	340
3.10607	1	2	3	642
3.10607	1	4	3	428
3.10607	1	5	3	340
3.10707	1	1	3	458
3.10707	1	4	3	428
3.10807	1	1	3	340
3.10807	1	4	3	428
3.10807	1	5	3	340
3.10807	3	2	3	2912
3.10907	1	1	3	223
3.10907	1	4	3	428
3.11007	1	4	3	428
3.11007	3	3	3	2155
3.11107	1	4	3	868
3.11207	1	4	3	575
3.11207	1	5	3	458
3.11307	1	4	3	868
3.11407	1	4	3	721
3.11407	1	5	3	575
3.11407	3	2	3	4022
3.11507	1	1	3	692
3.11507	1	5	3	575
3.11507	3	4	3	2383
3.11607	1	1	3	458
3.11607	1	4	3	575
3.11607	1	5	3	458
3.11607	3	3	3	2155
3.11707	1	1	3	458
3.11707	1	4	3	575
3.11707	3	1	3	736
3.11807	1	1	3	458
3.11807	1	4	3	575
3.11807	1	5	3	340
3.11907	1	1	3	458
3.11907	1	4	3	340
3.12007	1	4	3	55
3.12007	3	2	3	4022
3.12207	1	5	3	458
3.12207	3	3	3	350
3.12307	3	1	3	5089
3.12407	1	5	3	575
3.12507	1	1	3	692
3.12507	1	5	3	508
3.12607	1	1	3	692
3.12607	3	2	3	3605
3.12707	1	1	3	927
3.12807	1	1	3	692
3.12807	1	5	3	692
3.12907	1	1	3	809
3.12907	3	3	3	1073
3.12907	3	4	3	531
3.13207	1	2	3	208
3.13207	1	3	3	531
3.13207	1	4	3	135
3.13207	1	5	3	106
3.13407	1	5	3	458
3.13407	3	3	3	1073
3.13507	1	1	3	692
3.13507	1	5	3	692
3.13507	3	2	3	4022
3.13507	3	4	3	3838
3.13607	1	1	3	692
3.13607	1	5	3	692
3.13707	1	1	3	223
3.13707	1	2	3	648
3.13707	1	3	3	1612
3.13707	1	4	3	428
3.13707	3	1	3	736
3.13807	1	1	3	223
3.13807	1	2	3	428
3.13807	1	3	3	1073
3.13807	1	4	3	428
3.13807	1	5	3	234
3.13907	1	1	3	223
3.13907	1	2	3	428
3.13907	1	3	3	1073
3.13907	1	4	3	282
3.13907	3	3	3	1073
3.14007	3	2	3	6169
3.14207	1	2	3	428
3.14207	1	3	3	87
3.14207	1	4	3	428
3.14207	1	5	3	340
3.14307	1	2	3	428
3.14307	1	4	3	428
3.14307	3	1	3	5089
3.14407	1	2	3	648
3.14407	1	4	3	428
3.14407	1	5	3	340
3.14507	1	1	3	458
3.14507	1	2	3	868
3.14507	1	4	3	575
3.14507	3	3	3	1083
3.14607	1	1	3	340
3.14607	1	2	3	648
3.14607	1	4	3	428
3.14607	1	5	3	340
3.14707	1	1	3	340
3.14707	1	2	3	648
3.14707	1	4	3	428
3.14807	1	1	3	340
3.14807	1	2	3	648
3.14807	1	4	3	340
3.14807	1	5	3	340
3.14807	3	2	3	2912
3.14907	1	1	3	141
3.14907	1	2	3	648
3.14907	1	4	3	428
3.14907	3	4	3	531
3.15007	1	2	3	428
3.15007	1	4	3	428
3.15007	1	5	3	340
3.15107	1	2	3	202
3.15107	1	4	3	428
3.15107	3	3	3	1073
3.15207	1	4	3	240
3.15207	1	5	3	340
3.15407	3	2	3	4022
3.15507	3	4	3	5294
3.15607	1	5	3	1161
3.15707	3	3	3	1073
3.15807	1	5	3	1044
3.16007	3	2	3	4022
3.16207	1	5	3	67
3.16207	3	1	3	633
3.16307	3	3	3	1073
3.16407	1	5	3	1396
3.16507	1	1	3	106
3.16507	1	2	3	208
3.16507	1	3	3	531
3.16507	1	4	3	135
3.16507	1	5	3	38
3.16607	1	1	3	1396
3.16607	3	2	3	3605
3.16707	1	1	3	340
3.16707	3	1	3	6647
3.16807	1	1	3	1278
3.16907	1	1	3	1161
3.16907	3	3	3	2155
3.16907	3	4	3	531
3.17207	1	2	3	648
3.17207	1	3	3	1612
3.17207	1	4	3	428
3.17407	1	4	3	135
3.17407	3	2	3	4022
3.17407	3	3	3	362
3.17507	1	1	3	340
3.17507	1	2	3	648
3.17507	1	3	3	1612
3.17507	1	4	3	428
3.17507	3	4	3	6475
3.17607	1	1	3	223
3.17607	1	2	3	648
3.17607	1	3	3	1612
3.17607	1	4	3	428
3.17607	1	5	3	106
3.17607	3	4	3	1732
3.17707	1	1	3	340
3.17707	1	2	3	824
3.17707	1	3	3	465
3.17707	1	4	3	428
3.17807	1	1	3	223
3.17807	1	2	3	545
3.17807	1	4	3	428
3.17807	1	5	3	340
3.17907	1	1	3	223
3.17907	1	2	3	545
3.17907	1	4	3	428
3.17907	1	5	3	340
3.17907	3	2	3	6169
3.18007	1	2	3	545
3.18007	1	4	3	282
3.18007	1	5	3	223
3.18107	1	2	3	1102
3.18107	1	4	3	575
3.18107	3	3	3	1073
3.18207	1	2	3	824
3.18207	1	4	3	428
3.18207	1	5	3	340
3.18307	1	2	3	1102
3.18307	1	4	3	428
3.18407	1	2	3	1102
3.18407	1	4	3	428
3.18507	1	1	3	458
3.18507	1	4	3	428
3.18607	1	1	3	340
3.18607	1	4	3	428
3.18607	1	5	3	340
3.18607	3	1	3	736
3.18607	3	3	3	1073
3.18707	1	1	3	340
3.18707	1	4	3	428
3.18707	1	5	3	340
3.18707	3	2	3	2912
3.18807	1	1	3	340
3.18807	1	4	3	428
3.18807	1	5	3	340
3.18907	1	1	3	458
3.18907	1	4	3	575
3.18907	1	5	3	458
3.18907	3	4	3	633
3.19007	1	1	3	458
3.19007	1	4	3	575
3.19007	1	5	3	458
3.19107	1	4	3	868
3.19107	3	1	3	8000
3.19207	1	4	3	868
3.19207	3	3	3	1073
3.19307	1	4	3	657
3.19307	3	2	3	4022
3.19507	3	4	3	7701
3.19607	1	1	3	340
3.19607	1	5	3	340
3.19707	1	1	3	406
3.19707	1	5	3	458
3.19707	3	4	3	1860
3.19807	1	5	3	575
3.19807	3	3	3	2155
3.19907	1	5	3	692
3.19907	3	2	3	7625
3.20007	1	2	3	267
3.20007	1	5	3	406
3.20307	1	3	3	531
3.20407	3	3	3	362
3.20507	1	2	3	267
3.20607	1	2	3	2767
3.20607	1	5	3	106
3.20707	1	2	3	1656
3.20707	1	5	3	692
3.20707	3	2	3	4022
3.20807	1	2	3	1656
3.20807	1	5	3	575
3.20907	1	2	3	695
3.20907	1	4	3	135
3.20907	1	5	3	692
3.20907	3	4	3	633
3.21007	1	5	3	692
3.21007	3	1	3	633
3.21107	3	3	3	1073
3.21307	3	2	3	4022
3.21407	1	4	3	721
3.21507	1	3	3	1612
3.21507	1	4	3	428
3.21507	3	4	3	7701
3.21607	1	3	3	2694
3.21607	1	4	3	721
3.21607	1	5	3	223
3.21607	3	1	3	5206
3.21607	3	4	3	1860
3.21707	1	3	3	992
3.21707	1	4	3	1308
3.21707	3	1	3	4354
3.21707	3	3	3	1073
3.21807	1	4	3	1454
3.21807	1	5	3	223
3.21907	1	4	3	1454
3.21907	1	5	3	223
3.21907	3	2	3	7972
3.22007	1	4	3	868
3.22107	1	2	3	267
3.22107	1	4	3	1015
3.22207	1	4	3	1161
3.22207	1	5	3	223
3.22307	1	4	3	947
3.22607	1	2	3	1656
3.22707	1	2	3	1381
3.22707	3	2	3	2912
3.22707	3	3	3	2154
3.22807	1	2	3	1656
3.22807	1	5	3	692
3.22907	1	2	3	1656
3.22907	1	5	3	692
3.23007	1	2	3	1656
3.23007	1	5	3	692
3.23107	1	2	3	476
3.23107	1	5	3	692
3.23207	1	5	3	692
3.23307	3	2	3	4022
3.23307	3	3	3	956
3.23407	3	4	3	531
3.23807	1	5	3	79
3.23807	3	2	3	8052
3.23907	1	5	3	106
3.23907	3	3	3	1073
3.24007	3	1	3	736
3.24007	3	4	3	7059
3.24107	1	5	3	106
3.24107	3	4	3	1148
3.24207	1	5	3	106
3.24407	1	2	3	267
3.24407	1	3	3	531
3.24407	1	4	3	135
3.24407	3	2	3	3941
3.24507	1	5	3	106
3.24507	3	1	3	8000
3.24507	3	3	3	1073
3.24907	1	3	3	2155
3.24907	1	4	3	575
3.24907	1	5	3	340
3.25007	1	2	3	1102
3.25007	1	3	3	2155
3.25007	1	4	3	428
3.25107	1	2	3	1102
3.25107	1	3	3	2155
3.25107	1	4	3	428
3.25107	3	3	3	2155
3.25207	1	2	3	824
3.25207	1	3	3	291
3.25207	1	4	3	428
3.25207	1	5	3	340
3.25207	3	2	3	4022
3.25307	1	2	3	1102
3.25307	1	4	3	575
3.25307	1	5	3	458
3.25407	1	2	3	824
3.25407	1	4	3	428
3.25407	3	4	3	633
3.25507	1	2	3	824
3.25507	1	4	3	428
3.25507	1	5	3	340
3.25607	1	2	3	1102
3.25607	1	4	3	575
3.25607	1	5	3	340
3.25707	1	2	3	1102
3.25707	1	4	3	721
3.25707	3	3	3	479
3.25807	1	2	3	1102
3.25807	1	4	3	575
3.25807	3	1	3	736
3.25807	3	2	3	8052
3.25907	1	2	3	861
3.25907	1	4	3	575
3.25907	1	5	3	458
3.26007	1	4	3	575
3.26007	3	4	3	7701
3.26107	1	4	3	721
3.26107	3	4	3	1860
3.26207	1	4	3	575
3.26207	1	5	3	458
3.26307	1	4	3	575
3.26307	1	5	3	458
3.26307	3	1	3	8184
3.26307	3	3	3	1073
3.26407	1	4	3	1161
3.26407	3	1	3	1273
3.26407	3	2	3	3941
3.26507	1	4	3	748
3.26507	1	5	3	692
3.26607	1	5	3	692
3.26907	1	5	3	692
3.26907	3	3	3	1073
3.27207	1	5	3	1396
3.27207	3	2	3	4022
3.27307	1	5	3	104
3.27507	3	3	3	1073
3.27607	1	5	3	1396
3.27807	1	3	3	531
3.27807	1	4	3	135
3.27807	3	2	3	8052
3.27907	1	2	3	208
3.27907	1	5	3	38
3.27907	3	4	3	633
3.28107	3	3	3	2155
3.28207	3	1	3	736
3.28307	1	4	3	1454
3.28307	1	5	3	106
3.28407	1	4	3	135
3.28407	3	2	3	4022
3.28507	1	2	3	1308
3.28507	1	4	3	868
3.28507	3	4	3	5192
3.28607	1	2	3	1308
3.28607	1	4	3	868
3.28607	3	3	3	362
3.28707	1	2	3	1308
3.28707	1	4	3	721
3.28807	1	2	3	1308
3.28807	1	4	3	199
3.28807	3	1	3	8929
3.28907	1	2	3	1088
3.28907	1	3	3	2694
3.28907	1	5	3	106
3.28907	3	1	3	528
3.29007	1	2	3	648
3.29007	1	3	3	1612
3.29007	1	5	3	340
3.29007	3	2	3	4022
3.29107	1	2	3	648
3.29107	1	3	3	992
3.29107	1	5	3	340
3.29207	1	2	3	1088
3.29207	1	5	3	575
3.29307	1	2	3	1298
3.29307	1	5	3	692
3.29407	3	3	3	1073
3.29607	3	2	3	8052
3.29907	1	5	3	809
3.29907	3	3	3	1073
3.30107	1	5	3	809
3.30207	1	5	3	535
3.30207	3	2	3	3862
3.30407	3	4	3	633
3.30507	3	3	3	956
3.30607	1	1	3	106
3.30607	1	2	3	208
3.30607	1	3	3	428
3.30607	1	4	3	135
3.30707	3	1	3	736
3.30907	1	5	3	1396
3.31007	3	2	3	4022
3.31007	3	4	3	5192
3.31107	1	2	3	868
3.31107	1	3	3	1308
3.31107	1	4	3	428
3.31107	1	5	3	38
3.31107	3	3	3	2155
3.31207	1	2	3	648
3.31207	1	3	3	1308
3.31207	1	4	3	428
3.31307	1	2	3	648
3.31307	1	3	3	1308
3.31307	1	4	3	428
3.31307	1	5	3	340
3.31307	3	1	3	8929
3.31407	1	2	3	868
3.31407	1	3	3	1480
3.31407	1	4	3	428
3.31407	3	1	3	528
3.31507	3	2	3	4022
3.31607	1	2	3	868
3.31607	1	4	3	428
3.31707	1	1	3	223
3.31707	1	2	3	428
3.31707	1	4	3	428
3.31707	3	3	3	479
3.31807	1	1	3	223
3.31807	1	2	3	428
3.31807	1	4	3	428
3.31907	1	1	3	458
3.31907	1	2	3	868
3.31907	1	4	3	428
3.31907	1	5	3	106
3.32007	1	1	3	458
3.32007	1	2	3	868
3.32007	1	4	3	575
3.32107	1	1	3	340
3.32107	1	2	3	648
3.32107	1	4	3	428
3.32107	1	5	3	340
3.32107	3	2	3	4022
3.32207	1	2	3	868
3.32207	1	4	3	428
3.32207	1	5	3	340
3.32307	1	2	3	544
3.32307	1	4	3	428
3.32307	1	5	3	340
3.32307	3	3	3	1073
3.32407	1	4	3	428
3.32407	3	4	3	633
3.32507	1	5	3	340
3.32707	1	1	3	340
3.32707	3	2	3	4022
3.32807	1	1	3	575
3.32907	1	1	3	692
3.32907	1	5	3	575
3.32907	3	3	3	1073
3.33007	1	1	3	1044
3.33007	3	4	3	6647
3.33107	1	1	3	692
3.33107	1	5	3	692
3.33207	1	5	3	809
3.33307	1	5	3	432
3.33307	3	2	3	5755
3.33507	3	3	3	1073
3.33707	1	1	3	575
3.33807	1	1	3	575
3.33907	1	1	3	1396
3.33907	3	1	3	633
3.34007	1	3	3	428
3.34007	1	4	3	6
3.34107	1	1	3	1067
3.34107	1	5	3	106
3.34107	3	2	3	2912
3.34107	3	3	3	2155
3.34207	1	2	3	208
3.34307	1	5	3	809
3.34407	3	4	3	633
3.34507	1	1	3	458
3.34507	1	3	3	2155
3.34507	1	5	3	458
3.34507	3	1	3	8929
3.34607	3	1	3	631
3.34707	1	1	3	340
3.34707	1	2	3	648
3.34707	1	3	3	1612
3.34707	1	5	3	340
3.34707	3	2	3	4022
3.34707	3	3	3	362
3.34807	1	1	3	106
3.34807	1	2	3	428
3.34807	1	3	3	531
3.34807	1	4	3	135
3.34907	1	1	3	340
3.34907	1	2	3	648
3.34907	1	3	3	1612
3.34907	1	5	3	340
3.35007	1	2	3	428
3.35007	1	3	3	952
3.35107	1	1	3	220
3.35107	1	2	3	648
3.35107	1	5	3	340
3.35107	3	4	3	5192
3.35207	1	2	3	648
3.35207	3	2	3	4022
3.35307	1	2	3	428
3.35307	1	4	3	428
3.35307	1	5	3	340
3.35307	3	3	3	1073
3.35407	1	2	3	428
3.35407	1	4	3	135
3.35507	1	2	3	868
3.35507	1	5	3	340
3.35607	1	2	3	648
3.35607	1	4	3	428
3.35707	1	2	3	648
3.35707	1	4	3	428
3.35707	1	5	3	340
3.35807	1	2	3	868
3.35807	1	4	3	575
3.35807	3	2	3	3605
3.35907	1	2	3	868
3.35907	1	4	3	575
3.35907	1	5	3	458
3.35907	3	3	3	1073
3.36007	1	2	3	428
3.36007	1	4	3	428
3.36107	1	2	3	868
3.36107	1	4	3	575
3.36107	1	5	3	458
3.36207	1	2	3	516
3.36207	1	4	3	428
3.36307	1	4	3	253
3.36307	1	5	3	458
3.36407	3	1	3	736
3.36507	1	5	3	458
3.36507	3	3	3	1073
3.36607	3	2	3	2912
3.36707	1	5	3	1161
3.36907	1	5	3	340
3.37007	3	1	3	3633
3.37007	3	4	3	633
3.37107	1	5	3	444
3.37107	3	3	3	2155
3.37207	3	2	3	4022
3.37307	1	5	3	1396
3.37507	1	5	3	38
3.37607	1	2	3	208
3.37607	1	3	3	531
3.37607	1	4	3	135
3.37607	3	4	3	5192
3.37707	1	1	3	106
3.37707	3	3	3	1073
3.37807	3	2	3	4022
3.38107	1	2	3	868
3.38107	1	3	3	2155
3.38107	1	4	3	575
3.38207	1	2	3	428
3.38207	1	3	3	1073
3.38207	1	4	3	282
3.38307	1	2	3	868
3.38307	1	3	3	2155
3.38307	1	4	3	575
3.38307	3	1	3	736
3.38307	3	3	3	723
3.38407	1	2	3	868
3.38407	1	3	3	2155
3.38407	1	4	3	428
3.38407	3	2	3	3605
3.38507	1	2	3	868
3.38507	1	3	3	676
3.38507	1	4	3	575
3.38607	1	2	3	868
3.38607	1	4	3	428
3.38607	1	5	3	106
3.38707	1	2	3	648
3.38707	1	4	3	428
3.38707	1	5	3	340
3.38807	1	1	3	223
3.38807	1	2	3	216
3.38807	1	4	3	428
3.38807	1	5	3	340
3.38807	3	1	3	5089
3.38907	1	1	3	223
3.38907	1	4	3	428
3.38907	1	5	3	340
3.39007	1	1	3	340
3.39007	1	4	3	428
3.39007	1	5	3	340
3.39007	3	3	3	956
3.39107	1	1	3	458
3.39107	1	4	3	428
3.39207	1	1	3	223
3.39207	1	4	3	282
3.39207	3	2	3	4022
3.39307	1	4	3	430
3.39507	3	4	3	633
3.39607	1	5	3	458
3.39607	3	3	3	1073
3.39707	1	5	3	692
3.39807	1	1	3	692
3.39807	1	5	3	692
3.39907	1	1	3	692
3.39907	1	5	3	692
3.40007	1	1	3	692
3.40007	1	5	3	314
3.40107	1	1	3	927
3.40107	3	4	3	6647
3.40207	1	1	3	692
3.40307	3	2	3	6169
3.40307	3	3	3	1073
3.40607	1	5	3	458
3.40807	1	1	3	578
3.40807	1	5	3	106
3.40907	1	5	3	575
3.40907	3	3	3	2155
3.41007	1	1	3	692
3.41007	1	5	3	692
3.41107	1	1	3	766
3.41107	3	2	3	4022
3.41207	1	5	3	692
3.41207	3	1	3	736
3.41507	3	3	3	1073
3.41507	3	4	3	633
3.41607	1	2	3	208
3.41607	1	3	3	531
3.41607	1	4	3	135
3.41607	1	5	3	106
3.41707	3	2	3	4714
3.41807	1	1	3	106
3.41807	1	5	3	458
3.41807	3	1	3	5089
3.41907	1	1	3	106
3.41907	1	5	3	458
3.42007	1	5	3	458
3.42007	3	3	3	840
3.42107	1	1	3	223
3.42107	1	2	3	648
3.42107	1	3	3	1612
3.42107	1	4	3	428
3.42107	3	4	3	7701
3.42207	1	1	3	223
3.42207	1	2	3	428
3.42207	1	3	3	1073
3.42207	1	4	3	428
3.42207	1	5	3	311
3.42207	3	4	3	404
3.42307	1	2	3	428
3.42307	1	3	3	1073
3.42307	1	4	3	428
3.42407	1	2	3	428
3.42407	1	3	3	1073
3.42407	1	4	3	428
3.42507	1	1	3	223
3.42507	1	2	3	428
3.42507	1	3	3	1073
3.42507	1	4	3	282
3.42507	3	2	3	2912
3.42607	1	2	3	868
3.42607	1	3	3	1612
3.42607	1	4	3	428
3.42707	1	2	3	428
3.42707	1	3	3	1073
3.42707	1	4	3	428
3.42707	3	3	3	1073
3.42807	1	1	3	340
3.42807	1	2	3	648
3.42807	1	3	3	1088
3.42807	1	4	3	428
3.42907	1	1	3	340
3.42907	1	2	3	648
3.42907	1	4	3	428
3.43007	1	2	3	648
3.43007	1	4	3	428
3.43007	1	5	3	106
3.43107	1	1	3	223
3.43107	1	2	3	38
3.43107	1	4	3	428
3.43107	1	5	3	340
3.43107	3	2	3	4022
3.43207	1	1	3	223
3.43207	1	4	3	428
3.43207	1	5	3	340
3.43207	3	1	3	736
3.43307	1	4	3	428
3.43307	1	5	3	340
3.43307	3	3	3	956
3.43407	1	4	3	299
3.43407	1	5	3	340
3.43507	1	1	3	692
3.43707	3	2	3	4022
3.43807	1	1	3	233
3.43807	3	1	3	6544
3.43907	3	3	3	1073
3.44007	1	5	3	692
3.44007	3	4	3	531
3.44107	1	5	3	692
3.44207	1	5	3	1044
3.44307	1	5	3	418
3.44307	3	2	3	4022
3.44507	3	3	3	1920
3.44607	3	4	3	7701
3.44707	3	4	3	1962
3.44907	3	2	3	4022
3.45007	1	5	3	1044
3.45107	3	3	3	714
3.45307	1	1	3	106
3.45307	1	2	3	208
3.45307	1	3	3	428
3.45307	1	5	3	106
3.45407	1	5	3	286
3.45507	3	2	3	4022
3.45607	1	1	3	692
3.45607	1	4	3	135
3.45607	1	5	3	575
3.45707	1	1	3	692
3.45707	1	5	3	692
3.45707	3	1	3	736
3.45707	3	3	3	956
3.45807	1	2	3	1088
3.45807	1	3	3	2184
3.45907	1	3	3	428
3.46007	1	1	3	458
3.46007	1	2	3	868
3.46007	1	3	3	1308
3.46007	1	5	3	106
3.46007	3	4	3	633
3.46107	1	4	3	135
3.46107	3	2	3	4022
3.46207	3	1	3	5089
3.46307	1	1	3	223
3.46307	1	2	3	428
3.46307	1	3	3	1612
3.46307	1	4	3	428
3.46307	1	5	3	223
3.46307	3	3	3	956
3.46407	1	1	3	340
3.46407	1	2	3	648
3.46407	1	3	3	1308
3.46407	1	4	3	428
3.46507	1	2	3	428
3.46507	1	3	3	1073
3.46507	1	4	3	428
3.46607	1	1	3	458
3.46607	1	2	3	648
3.46607	1	3	3	408
3.46607	1	5	3	106
3.46607	3	4	3	7701
3.46707	1	1	3	223
3.46707	1	2	3	648
3.46707	1	4	3	340
3.46707	1	5	3	106
3.46707	3	2	3	7904
3.46707	3	4	3	404
3.46807	1	2	3	428
3.46807	1	4	3	428
3.46907	1	2	3	648
3.46907	1	4	3	428
3.46907	3	3	3	1920
3.47007	1	1	3	223
3.47007	1	2	3	648
3.47007	1	4	3	428
3.47007	1	5	3	340
3.47107	1	2	3	614
3.47107	1	4	3	428
3.47207	1	4	3	721
3.47307	1	1	3	340
3.47307	1	4	3	428
3.47307	1	5	3	340
3.47407	1	1	3	223
3.47407	1	4	3	428
3.47507	1	4	3	428
3.47507	3	2	3	2912
3.47507	3	3	3	1073
3.47607	1	1	3	458
3.47607	1	4	3	241
3.47607	1	5	3	458
3.47707	1	1	3	458
3.47707	1	5	3	458
3.47907	1	5	3	575
3.48007	1	1	3	575
3.48007	1	5	3	575
3.48107	3	1	3	736
3.48107	3	3	3	831
3.48307	1	1	3	383
3.48307	1	5	3	692
3.48407	1	1	3	809
3.48507	3	4	3	633
3.48607	1	1	3	692
3.48607	1	5	3	692
3.48607	3	2	3	4022
3.48707	1	1	3	458
3.48707	1	5	3	927
3.48707	3	1	3	5089
3.48807	3	3	3	1073
3.48907	1	3	3	531
3.48907	1	4	3	135
3.48907	1	5	3	223
3.49007	1	1	3	106
3.49007	1	2	3	208
3.49007	1	5	3	104
3.49107	3	2	3	6169
3.49107	3	4	3	6417
3.49207	3	4	3	3143
3.49307	1	1	3	855
3.49307	1	5	3	458
3.49407	1	3	3	1612
3.49407	1	4	3	428
3.49407	3	3	3	1073
3.49507	1	4	3	135
3.49607	1	2	3	648
3.49607	1	3	3	1612
3.49607	1	4	3	428
3.49707	1	2	3	428
3.49707	1	3	3	1073
3.49707	1	4	3	428
3.49707	1	5	3	340
3.49907	1	2	3	428
3.49907	1	3	3	868
3.49907	1	4	3	428
3.49907	1	5	3	106
3.50007	1	2	3	428
3.50007	1	3	3	1308
3.50007	1	4	3	428
3.50007	1	5	3	340
3.50007	3	2	3	4022
3.50007	3	3	3	1073
3.50107	1	2	3	428
3.50107	1	3	3	1073
3.50107	1	4	3	282
3.50107	1	5	3	340
3.50107	3	1	3	736
3.50207	1	2	3	428
3.50207	1	3	3	1073
3.50207	1	4	3	428
3.50307	1	2	3	648
3.50307	1	3	3	1058
3.50307	1	4	3	428
3.50307	1	5	3	340
3.50407	1	2	3	868
3.50407	1	4	3	428
3.50507	1	2	3	648
3.50507	1	4	3	428
3.50507	3	2	3	6169
3.50507	3	4	3	531
3.50607	1	2	3	648
3.50607	1	4	3	428
3.50607	3	3	3	2155
3.50707	1	2	3	38
3.50707	1	4	3	428
3.50707	1	5	3	340
3.50707	3	1	3	6544
3.50807	1	4	3	721
3.50807	3	4	3	7701
3.50907	1	4	3	575
3.50907	1	5	3	458
3.50907	3	4	3	1962
3.51007	1	4	3	428
3.51007	1	5	3	340
3.51107	1	4	3	330
3.51107	1	5	3	575
3.51307	1	5	3	679
3.51307	3	2	3	4022
3.51307	3	3	3	1073
3.51707	1	5	3	1396
3.51807	3	2	3	6169
3.51807	3	3	3	723
3.51907	1	5	3	38
3.52207	3	4	3	633
3.52307	1	1	3	106
3.52307	1	2	3	208
3.52307	1	4	3	135
3.52307	1	5	3	106
3.52407	3	3	3	956
3.52407	3	4	3	7059
3.52507	3	4	3	2502
3.52607	3	1	3	736
3.52607	3	2	3	4022
3.52707	1	3	3	531
3.52707	1	5	3	106
3.52807	1	2	3	1088
3.52807	1	4	3	721
3.52907	1	2	3	868
3.52907	1	4	3	575
3.52907	1	5	3	458
3.52907	3	3	3	956
3.53007	1	2	3	868
3.53007	1	4	3	575
3.53007	1	5	3	458
3.53107	1	2	3	868
3.53107	1	4	3	575
3.53107	1	5	3	458
3.53107	3	1	3	8000
3.53207	1	2	3	868
3.53207	1	3	3	2155
3.53207	1	4	3	428
3.53207	3	2	3	6169
3.53307	1	2	3	648
3.53307	1	3	3	1612
3.53307	1	4	3	340
3.53307	1	5	3	340
3.53407	1	1	3	223
3.53407	1	2	3	422
3.53407	1	4	3	340
3.53407	3	3	3	1920
3.53507	1	1	3	223
3.53507	1	3	3	1073
3.53507	1	4	3	223
3.53607	1	1	3	223
3.53607	1	3	3	1073
3.53607	1	4	3	223
3.53707	1	1	3	223
3.53707	1	3	3	1073
3.53707	1	4	3	340
3.53707	1	5	3	340
3.53807	1	1	3	223
3.53807	1	3	3	1073
3.53807	1	4	3	340
3.53807	3	4	3	633
3.53907	1	3	3	1616
3.53907	1	4	3	340
3.53907	1	5	3	340
3.53907	3	3	3	470
3.54007	1	4	3	340
3.54007	1	5	3	340
3.54107	1	4	3	458
3.54107	1	5	3	458
3.54107	3	4	3	7701
3.54207	1	4	3	340
3.54207	3	4	3	1860
3.54307	1	4	3	428
3.54307	1	5	3	340
3.54407	1	1	3	458
3.54407	1	4	3	721
3.54507	1	1	3	223
3.54507	1	4	3	428
3.54607	1	1	3	458
3.54607	1	4	3	575
3.54707	1	1	3	223
3.54707	1	4	3	331
3.54707	1	5	3	340
3.54707	3	2	3	4022
3.54707	3	3	3	956
3.54807	1	1	3	458
3.54907	1	5	3	458
3.55007	1	5	3	575
3.55007	3	1	3	736
3.55107	1	5	3	575
3.55307	1	5	3	927
3.55407	1	1	3	809
3.55507	1	1	3	809
3.55507	3	1	3	8929
3.55607	1	1	3	809
3.55607	3	1	3	528
3.55707	1	1	3	384
3.55707	1	5	3	573
3.55707	3	3	3	2155
3.55807	3	2	3	6169
3.56007	1	2	3	208
3.56007	1	3	3	428
3.56007	1	4	3	106
3.56007	1	5	3	223
3.56007	3	4	3	531
3.56107	1	5	3	575
3.56307	1	5	3	638
3.56307	3	3	3	1188
3.56507	1	2	3	868
3.56507	1	3	3	1308
3.56507	1	4	3	340
3.56607	1	2	3	428
3.56607	1	3	3	868
3.56607	1	4	3	340
3.56607	3	2	3	2912
3.56607	3	4	3	3838
3.56707	1	2	3	648
3.56707	1	3	3	1308
3.56707	1	4	3	340
3.56707	1	5	3	340
3.56807	1	2	3	428
3.56807	1	3	3	868
3.56807	1	4	3	106
3.56907	1	3	3	868
3.56907	1	4	3	106
3.56907	1	5	3	106
3.56907	3	3	3	1073
3.57007	1	2	3	868
3.57007	1	3	3	2155
3.57007	1	4	3	458
3.57107	1	1	3	106
3.57107	1	2	3	633
3.57107	1	3	3	2155
3.57107	1	4	3	340
3.57207	1	2	3	472
3.57207	1	3	3	249
3.57207	1	4	3	340
3.57207	3	2	3	1744
3.57307	1	2	3	633
3.57307	1	4	3	340
3.57307	1	5	3	106
3.57407	1	1	3	223
3.57407	1	2	3	472
3.57407	1	4	3	428
3.57407	3	1	3	736
3.57507	1	1	3	223
3.57507	1	2	3	311
3.57507	1	4	3	428
3.57507	1	5	3	340
3.57507	3	3	3	1073
3.57607	1	2	3	633
3.57607	1	4	3	428
3.57607	1	5	3	340
3.57707	1	1	3	340
3.57707	1	2	3	472
3.57707	1	4	3	428
3.57707	1	5	3	340
3.57707	3	2	3	2626
3.57807	1	1	3	458
3.57807	1	2	3	232
3.57807	1	4	3	428
3.57907	1	4	3	428
3.57907	1	5	3	340
3.58007	1	4	3	428
3.58007	3	1	3	8000
3.58107	1	1	3	116
3.58107	1	4	3	428
3.58107	3	3	3	1073
3.58207	1	4	3	575
3.58307	1	4	3	575
3.58307	1	5	3	458
3.58407	1	4	3	721
3.58407	3	4	3	428
3.58507	1	4	3	575
3.58507	1	5	3	575
3.58507	3	2	3	4022
3.58607	1	4	3	575
3.58607	1	5	3	458
3.58707	1	4	3	868
3.58707	1	5	3	692
3.58807	1	4	3	111
3.58907	1	5	3	458
3.59007	3	4	3	5397
3.59107	3	2	3	1803
3.59207	3	3	3	1920
3.59307	1	5	3	1199
3.59407	3	1	3	736
3.59707	1	5	3	1396
3.59807	1	5	3	38
3.59807	3	3	3	1073
3.59907	3	2	3	2912
3.60007	1	4	3	135
3.60007	3	1	3	8929
3.60107	1	1	3	106
3.60107	1	2	3	208
3.60107	1	3	3	531
3.60107	3	1	3	528
3.60407	1	5	3	106
3.60407	3	3	3	1920
3.60407	3	4	3	531
3.60507	1	4	3	1396
3.60507	3	2	3	2912
3.60607	1	2	3	648
3.60607	1	3	3	1612
3.60607	1	4	3	340
3.60707	1	2	3	868
3.60707	1	3	3	2155
3.60707	1	4	3	458
3.60807	1	2	3	868
3.60807	1	3	3	2155
3.60807	1	4	3	458
3.60907	1	2	3	868
3.60907	1	3	3	2155
3.60907	1	4	3	340
3.60907	3	3	3	1073
3.61007	1	2	3	868
3.61007	1	3	3	1593
3.61007	1	4	3	340
3.61007	1	5	3	106
3.61007	3	4	3	5294
3.61107	1	2	3	648
3.61107	1	4	3	340
3.61107	1	5	3	340
3.61207	1	1	3	223
3.61207	1	2	3	428
3.61207	1	4	3	340
3.61207	1	5	3	340
3.61307	1	1	3	223
3.61307	1	2	3	428
3.61307	1	4	3	223
3.61307	1	5	3	223
3.61307	3	2	3	2912
3.61407	1	1	3	223
3.61407	1	2	3	648
3.61407	1	4	3	340
3.61407	1	5	3	340
3.61507	1	1	3	458
3.61507	1	2	3	868
3.61507	1	4	3	340
3.61507	3	3	3	833
3.61607	1	1	3	340
3.61607	1	2	3	648
3.61607	1	4	3	340
3.61707	1	2	3	764
3.61707	1	4	3	340
3.61807	1	4	3	458
3.61907	1	4	3	340
3.61907	3	1	3	736
3.61907	3	2	3	2841
3.62007	1	4	3	340
3.62007	1	5	3	340
3.62107	1	4	3	340
3.62107	1	5	3	340
3.62207	1	1	3	458
3.62207	1	4	3	458
3.62207	1	5	3	458
3.62207	3	3	3	1073
3.62307	1	1	3	458
3.62307	1	4	3	458
3.62307	1	5	3	458
3.62407	1	1	3	458
3.62407	1	4	3	458
3.62407	1	5	3	458
3.62407	3	1	3	8184
3.62407	3	2	3	73
3.62507	1	1	3	458
3.62507	1	4	3	196
3.62507	3	1	3	1273
3.62607	1	1	3	458
3.62807	3	3	3	1073
3.62907	3	4	3	531
3.63007	1	5	3	927
3.63107	1	5	3	927
3.63207	1	1	3	692
3.63207	1	5	3	391
3.63307	1	1	3	692
3.63307	3	2	3	4022
3.63407	1	1	3	603
3.63407	3	3	3	1073
3.63507	3	4	3	6475
3.63607	3	4	3	276
3.63707	3	1	3	736
3.63907	1	5	3	106
3.63907	3	2	3	1803
3.64007	1	2	3	150
3.64007	1	5	3	106
3.64107	1	5	3	927
3.64107	3	3	3	1920
3.64207	1	5	3	692
3.64307	1	5	3	1041
3.64307	3	1	3	8929
3.64407	3	1	3	528
3.64507	1	2	3	2401
3.64607	1	2	3	868
3.64707	3	2	3	4022
3.64707	3	3	3	1073
3.64907	1	1	3	106
3.64907	1	3	3	531
3.64907	1	5	3	106
3.65007	1	2	3	2621
3.65107	1	2	3	1920
3.65207	1	2	3	1920
3.65207	3	2	3	3258
3.65307	1	1	3	692
3.65307	1	2	3	323
3.65307	3	3	3	958
3.65407	1	3	3	2184
3.65407	3	4	3	428
3.65507	1	1	3	458
3.65507	1	3	3	1308
3.65507	1	5	3	106
3.65607	1	1	3	692
3.65607	1	3	3	351
3.65707	1	1	3	692
3.65707	1	4	3	106
3.65707	3	1	3	736
3.65907	1	1	3	692
3.65907	3	3	3	1073
3.66007	3	2	3	2912
3.66007	3	4	3	4810
3.66107	3	4	3	589
3.66307	1	1	3	692
3.66307	1	4	3	692
3.66407	1	4	3	692
3.66507	1	1	3	458
3.66507	1	4	3	458
3.66507	1	5	3	458
3.66507	3	3	3	1073
3.66607	1	1	3	458
3.66607	1	2	3	208
3.66607	1	4	3	458
3.66607	1	5	3	340
3.66607	3	2	3	4022
3.66707	1	1	3	458
3.66707	1	4	3	458
3.66707	1	5	3	458
3.66807	1	3	3	428
3.66807	1	4	3	223
3.66807	1	5	3	340
3.66807	3	1	3	8929
3.66907	1	1	3	446
3.66907	1	4	3	458
3.66907	1	5	3	458
3.66907	3	1	3	528
3.67007	1	4	3	458
3.67107	1	2	3	428
3.67107	1	4	3	340
3.67107	3	2	3	4022
3.67107	3	3	3	1073
3.67207	1	2	3	428
3.67207	1	4	3	223
3.67307	1	2	3	428
3.67307	1	3	3	868
3.67307	1	4	3	340
3.67407	1	2	3	428
3.67407	1	3	3	428
3.67407	1	4	3	106
3.67407	3	4	3	428
3.67507	1	2	3	648
3.67507	1	3	3	1308
3.67507	1	5	3	340
3.67607	1	2	3	648
3.67607	1	3	3	1308
3.67607	1	4	3	340
3.67607	1	5	3	340
3.67607	3	2	3	4022
3.67707	1	2	3	648
3.67707	1	3	3	1308
3.67707	1	4	3	340
3.67707	1	5	3	340
3.67707	3	3	3	2155
3.67807	1	2	3	428
3.67807	1	3	3	188
3.67807	1	4	3	223
3.67807	1	5	3	340
3.67907	1	2	3	648
3.67907	1	4	3	340
3.67907	1	5	3	340
3.68007	1	2	3	428
3.68007	1	4	3	340
3.68007	3	4	3	5397
3.68107	1	2	3	648
3.68107	1	4	3	340
3.68207	1	2	3	868
3.68207	1	4	3	458
3.68207	3	1	3	736
3.68207	3	2	3	3952
3.68307	1	2	3	868
3.68307	1	4	3	575
3.68307	3	3	3	362
3.68407	1	2	3	868
3.68407	1	4	3	575
3.68507	1	2	3	146
3.68507	1	4	3	458
3.68507	1	5	3	458
3.68607	1	4	3	458
3.68607	1	5	3	458
3.68707	1	4	3	458
3.68707	1	5	3	458
3.68707	3	1	3	3633
3.68807	1	4	3	325
3.68807	1	5	3	458
3.68907	1	5	3	575
3.68907	3	3	3	1073
3.69007	3	2	3	4022
3.69507	1	5	3	1396
3.69507	3	3	3	1073
3.69607	1	5	3	1396
3.69607	3	2	3	4022
3.69707	1	5	3	897
3.69907	1	4	3	106
3.70107	3	1	3	736
3.70107	3	3	3	1073
3.70207	3	2	3	3605
3.70407	1	4	3	106
3.70407	3	4	3	428
3.70507	1	1	3	106
3.70507	1	2	3	208
3.70507	1	3	3	428
3.70507	1	4	3	458
3.70507	1	5	3	575
3.70607	1	4	3	1396
3.70607	3	1	3	5089
3.70707	1	4	3	1278
3.70707	1	5	3	106
3.70707	3	3	3	2155
3.70807	1	4	3	692
3.70807	1	5	3	692
3.70907	1	4	3	692
3.70907	1	5	3	692
3.71007	1	2	3	428
3.71007	1	3	3	868
3.71007	1	4	3	223
3.71007	3	2	3	4022
3.71007	3	4	3	5936
3.71107	1	2	3	648
3.71107	1	3	3	1308
3.71107	1	4	3	340
3.71107	1	5	3	340
3.71107	3	4	3	918
3.71207	1	2	3	868
3.71207	1	3	3	1744
3.71207	1	4	3	340
3.71307	1	2	3	428
3.71307	1	3	3	868
3.71307	1	4	3	223
3.71307	3	3	3	1073
3.71407	1	2	3	428
3.71407	1	3	3	618
3.71407	1	4	3	106
3.71507	1	2	3	648
3.71507	1	4	3	340
3.71507	1	5	3	340
3.71507	3	2	3	4022
3.71607	1	1	3	223
3.71607	1	2	3	428
3.71607	1	4	3	340
3.71707	1	1	3	223
3.71707	1	2	3	428
3.71707	1	4	3	340
3.71707	1	5	3	340
3.71807	1	1	3	223
3.71807	1	2	3	428
3.71807	1	4	3	340
3.71807	1	5	3	340
3.71907	1	1	3	340
3.71907	1	2	3	648
3.71907	1	4	3	340
3.71907	1	5	3	340
3.71907	3	3	3	723
3.72007	1	1	3	340
3.72007	1	2	3	648
3.72007	1	4	3	340
3.72007	3	2	3	4022
3.72107	1	2	3	868
3.72107	1	4	3	458
3.72107	1	5	3	223
3.72207	1	2	3	868
3.72207	1	4	3	316
3.72307	1	2	3	868
3.72407	1	2	3	648
3.72507	1	2	3	648
3.72507	1	5	3	340
3.72507	3	1	3	736
3.72607	1	1	3	458
3.72607	1	2	3	90
3.72607	3	2	3	4022
3.72607	3	3	3	1073
3.72707	1	1	3	458
3.72807	1	1	3	458
3.72807	1	5	3	458
3.72907	1	1	3	692
3.72907	1	5	3	575
3.72907	3	4	3	428
3.73007	1	1	3	927
3.73107	3	1	3	5089
3.73107	3	2	3	4022
3.73107	3	3	3	1073
3.73207	1	5	3	927
3.73507	3	4	3	6475
3.73607	1	1	3	692
3.73607	1	5	3	692
3.73607	3	2	3	4022
3.73607	3	4	3	1835
3.73707	1	1	3	458
3.73707	3	3	3	1073
3.73807	1	1	3	252
3.73807	1	5	3	210
3.73907	1	3	3	531
3.73907	1	4	3	106
3.73907	1	5	3	575
3.74007	1	5	3	859
3.74107	3	2	3	7904
3.74307	3	3	3	2155
3.74407	1	3	3	531
3.74407	1	4	3	106
3.74407	3	1	3	736
3.74507	1	1	3	106
3.74507	1	3	3	531
3.74507	1	4	3	106
3.74607	1	1	3	223
3.74607	1	3	3	1073
3.74607	1	4	3	223
3.74707	1	3	3	3233
3.74707	1	4	3	692
3.74807	1	1	3	106
3.74807	1	2	3	208
3.74807	1	3	3	1390
3.74807	1	4	3	575
3.74907	1	1	3	458
3.74907	1	4	3	458
3.74907	3	2	3	4022
3.74907	3	3	3	362
3.74907	3	4	3	428
3.75007	1	4	3	106
3.75007	3	1	3	6544
3.75107	1	4	3	575
3.75107	1	5	3	106
3.75207	1	1	3	340
3.75207	1	4	3	340
3.75207	1	5	3	340
3.75307	1	2	3	633
3.75307	1	4	3	458
3.75307	1	5	3	340
3.75407	1	2	3	311
3.75407	1	4	3	340
3.75407	1	5	3	340
3.75407	3	2	3	6169
3.75507	1	1	3	233
3.75507	1	2	3	633
3.75507	1	5	3	340
3.75507	3	4	3	5250
3.75607	1	2	3	633
3.75607	1	4	3	340
3.75607	3	3	3	956
3.75607	3	4	3	2621
3.75707	1	2	3	472
3.75707	1	4	3	340
3.75807	1	2	3	472
3.75807	1	4	3	340
3.75907	1	2	3	472
3.75907	1	4	3	340
3.76007	1	2	3	311
3.76007	1	4	3	340
3.76007	3	3	3	1910
3.76107	1	2	3	311
3.76107	1	4	3	340
3.76107	1	5	3	340
3.76207	1	2	3	472
3.76207	1	4	3	340
3.76207	3	2	3	4022
3.76207	3	4	3	1897
3.76307	1	2	3	633
3.76307	1	4	3	340
3.76407	1	2	3	472
3.76407	1	4	3	340
3.76407	3	1	3	736
3.76507	1	2	3	633
3.76507	1	4	3	575
3.76607	1	2	3	633
3.76607	1	4	3	575
3.76707	1	2	3	472
3.76707	1	4	3	340
3.76707	1	5	3	340
3.76707	3	2	3	6169
3.76807	1	2	3	633
3.76807	1	4	3	458
3.76807	1	5	3	458
3.76907	1	2	3	633
3.76907	1	4	3	458
3.76907	1	5	3	458
3.76907	3	4	3	428
3.77007	1	2	3	633
3.77007	1	4	3	458
3.77007	1	5	3	458
3.77007	3	1	3	5089
3.77107	1	2	3	560
3.77107	1	4	3	237
3.77107	1	5	3	458
3.77107	3	3	3	1073
3.77507	3	2	3	2912
3.77507	3	4	3	5936
3.77707	3	3	3	1073
3.77807	1	5	3	1396
3.78107	3	2	3	4022
3.78107	3	4	3	2374
3.78207	1	5	3	1396
3.78307	3	3	3	1073
3.78407	1	1	3	106
3.78407	1	2	3	150
3.78407	1	3	3	531
3.78407	1	4	3	106
3.78407	1	5	3	927
3.78407	3	1	3	736
3.78507	1	5	3	923
3.78607	3	2	3	8052
3.78907	1	2	3	208
3.78907	1	3	3	428
3.78907	1	4	3	106
3.78907	3	3	3	2155
3.78907	3	4	3	531
3.79007	3	1	3	5089
3.79207	3	2	3	3941
3.79307	1	2	3	648
3.79307	1	3	3	1308
3.79307	1	4	3	340
3.79307	1	5	3	340
3.79407	1	2	3	208
3.79407	1	3	3	428
3.79407	1	4	3	106
3.79407	3	3	3	362
3.79507	3	4	3	6475
3.79607	3	4	3	1612
3.79707	1	1	3	223
3.79707	1	2	3	648
3.79707	1	3	3	1308
3.79707	1	4	3	340
3.79707	1	5	3	106
3.79807	1	1	3	223
3.79807	1	2	3	428
3.79807	1	3	3	868
3.79807	1	4	3	340
3.79907	1	1	3	223
3.79907	1	2	3	428
3.79907	1	3	3	868
3.79907	1	4	3	340
3.79907	1	5	3	340
3.80007	1	1	3	223
3.80007	1	2	3	428
3.80007	1	3	3	99
3.80007	1	4	3	340
3.80007	1	5	3	340
3.80007	3	2	3	4022
3.80107	1	1	3	223
3.80107	1	2	3	428
3.80107	1	4	3	340
3.80107	1	5	3	340
3.80107	3	3	3	1073
3.80107	3	4	3	1578
3.80207	1	2	3	648
3.80207	1	4	3	340
3.80307	1	2	3	428
3.80307	1	4	3	340
3.80407	1	2	3	648
3.80407	1	4	3	340
3.80507	1	2	3	868
3.80507	1	4	3	340
3.80607	1	2	3	868
3.80607	1	4	3	340
3.80607	3	2	3	4022
3.80607	3	3	3	1073
3.80707	1	1	3	458
3.80707	1	2	3	633
3.80707	1	4	3	338
3.80807	1	1	3	340
3.80807	1	2	3	648
3.80807	1	4	3	340
3.80807	1	5	3	340
3.80907	1	1	3	458
3.80907	1	4	3	458
3.80907	3	1	3	736
3.80907	3	4	3	531
3.81007	1	1	3	340
3.81007	1	2	3	648
3.81007	1	4	3	340
3.81007	1	5	3	340
3.81107	1	1	3	340
3.81107	1	2	3	648
3.81107	1	4	3	340
3.81107	3	2	3	4022
3.81107	3	3	3	1073
3.81107	3	4	3	5394
3.81207	1	2	3	428
3.81207	1	4	3	340
3.81207	1	5	3	340
3.81207	3	4	3	2813
3.81307	1	2	3	191
3.81307	1	4	3	340
3.81407	1	4	3	340
3.81407	1	5	3	340
3.81407	3	1	3	6544
3.81507	1	4	3	340
3.81507	3	4	3	2912
3.81607	1	4	3	340
3.81607	1	5	3	340
3.81607	3	2	3	4022
3.81607	3	3	3	1083
3.81707	1	1	3	458
3.81707	1	4	3	340
3.81807	1	1	3	458
3.81807	1	4	3	458
3.81807	1	5	3	458
3.81907	1	1	3	458
3.81907	1	4	3	575
3.82007	1	4	3	927
3.82007	3	4	3	531
3.82107	1	1	3	458
3.82107	1	4	3	372
3.82107	3	2	3	4022
3.82207	1	5	3	458
3.82307	3	3	3	1073
3.82507	1	1	3	458
3.82507	1	5	3	458
3.82507	3	4	3	531
3.82607	3	4	3	5936
3.82707	1	1	3	409
3.82707	3	2	3	4022
3.82907	1	5	3	692
3.82907	3	3	3	1073
3.83107	1	5	3	692
3.83107	3	4	3	3197
3.83307	1	5	3	458
3.83307	3	1	3	736
3.83307	3	2	3	4022
3.83507	1	2	3	208
3.83507	1	3	3	428
3.83507	3	3	3	1073
3.83707	1	4	3	106
3.83707	1	5	3	1278
3.83807	3	1	3	8000
3.83907	1	5	3	1396
3.83907	3	2	3	4022
3.84007	1	2	3	311
3.84007	1	3	3	868
3.84007	1	5	3	340
3.84007	3	4	3	531
3.84107	1	2	3	633
3.84107	1	3	3	1744
3.84107	1	5	3	458
3.84107	3	3	3	2155
3.84207	1	4	3	106
3.84307	1	2	3	472
3.84307	1	3	3	1308
3.84307	1	4	3	340
3.84307	1	5	3	340
3.84507	1	2	3	472
3.84507	1	3	3	1308
3.84507	1	4	3	340
3.84507	3	2	3	4022
3.84607	1	1	3	106
3.84607	1	2	3	311
3.84607	1	3	3	177
3.84607	1	4	3	340
3.84607	3	3	3	362
3.84607	3	4	3	5936
3.84707	1	4	3	106
3.84807	1	2	3	472
3.84807	1	4	3	340
3.85007	1	2	3	633
3.85007	1	4	3	458
3.85107	1	2	3	633
3.85107	1	4	3	458
3.85107	1	5	3	340
3.85107	3	2	3	4022
3.85207	1	2	3	633
3.85207	1	4	3	458
3.85207	1	5	3	458
3.85307	1	2	3	633
3.85307	1	4	3	575
3.85307	3	3	3	1073
3.85407	1	2	3	633
3.85407	1	4	3	458
3.85407	1	5	3	340
3.85507	1	2	3	868
3.85507	1	4	3	458
3.85507	1	5	3	458
3.85607	1	2	3	868
3.85607	1	4	3	575
3.85607	3	2	3	4022
3.85707	1	1	3	223
3.85707	1	2	3	648
3.85707	1	4	3	340
3.85707	3	4	3	2271
3.85807	1	1	3	340
3.85807	1	2	3	648
3.85807	1	4	3	340
3.85807	1	5	3	340
3.85907	1	1	3	340
3.85907	1	2	3	648
3.85907	1	4	3	340
3.85907	3	3	3	1073
3.86007	1	1	3	223
3.86007	1	2	3	502
3.86007	1	4	3	340
3.86107	1	1	3	234
3.86107	1	4	3	340
3.86107	1	5	3	340
3.86207	1	4	3	340
3.86207	1	5	3	340
3.86207	3	1	3	736
3.86207	3	2	3	4022
3.86307	1	4	3	340
3.86407	1	4	3	340
3.86507	1	4	3	692
3.86507	3	3	3	1073
3.86507	3	4	3	531
3.86607	1	4	3	692
3.86707	1	4	3	1018
3.86707	3	1	3	9455
3.86807	3	2	3	7074
3.86907	1	5	3	692
3.87007	1	5	3	692
3.87007	3	3	3	2155
3.87107	3	4	3	5936
3.87307	1	5	3	1396
3.87607	1	5	3	1396
3.87607	3	2	3	4022
3.87607	3	3	3	362
3.87707	1	5	3	262
3.87707	3	4	3	2271
3.88007	1	1	3	106
3.88007	1	4	3	106
3.88107	3	2	3	4022
3.88307	3	3	3	1073
3.88507	1	4	3	692
3.88507	1	5	3	575
3.88507	3	4	3	531
3.88707	3	2	3	7972
3.88807	1	2	3	208
3.88807	1	4	3	1161
3.88807	1	5	3	106
3.88907	1	4	3	692
3.88907	1	5	3	575
3.88907	3	3	3	1073
3.89107	1	1	3	458
3.89107	1	4	3	458
3.89107	1	5	3	458
3.89107	3	4	3	5936
3.89207	1	1	3	458
3.89207	1	4	3	458
3.89207	1	5	3	458
3.89307	1	1	3	458
3.89307	1	2	3	868
3.89307	1	4	3	340
3.89407	1	1	3	223
3.89407	1	2	3	428
3.89407	1	4	3	340
3.89507	1	1	3	340
3.89507	1	2	3	648
3.89507	1	4	3	137
3.89507	1	5	3	340
3.89507	3	2	3	4022
3.89507	3	3	3	1073
3.89607	1	2	3	428
3.89607	3	1	3	736
3.89707	1	2	3	428
3.89707	3	4	3	2271
3.89807	1	2	3	868
3.89907	1	2	3	506
3.90007	3	2	3	4022
3.90107	1	1	3	458
3.90107	3	3	3	2155
3.90207	1	1	3	425
3.90207	3	1	3	8000
3.90307	1	5	3	575
3.90407	1	5	3	692
3.90507	3	4	3	531
3.90607	1	5	3	927
3.90607	3	2	3	7972
3.90707	1	5	3	927
3.90707	3	3	3	362
3.91007	1	5	3	115
3.91107	3	4	3	5775
3.91307	1	5	3	223
3.91307	3	3	3	1073
3.91407	3	2	3	2912
3.91607	1	1	3	106
3.91607	1	2	3	208
3.91607	3	1	3	736
3.91707	1	5	3	106
3.91707	3	4	3	2432
3.91907	1	3	3	428
3.91907	1	4	3	106
3.91907	1	5	3	1161
3.91907	3	3	3	1073
3.92007	1	5	3	1380
3.92007	3	2	3	4022
3.92107	1	2	3	2184
3.92207	1	2	3	2401
3.92207	3	1	3	8929
3.92307	1	2	3	1036
3.92307	3	1	3	528
3.92407	1	3	3	428
3.92407	1	4	3	106
3.92507	3	3	3	1073
3.92507	3	4	3	633
3.92607	1	3	3	1744
3.92607	1	4	3	340
3.92607	3	2	3	8052
3.92707	1	1	3	223
3.92707	1	3	3	1308
3.92707	1	4	3	340
3.92807	1	1	3	340
3.92807	1	3	3	1308
3.92807	1	4	3	340
3.92807	1	5	3	340
3.92907	1	3	3	428
3.92907	1	4	3	106
3.93007	3	3	3	2155
3.93107	1	1	3	458
3.93107	1	3	3	1648
3.93107	1	4	3	340
3.93107	1	5	3	106
3.93107	3	4	3	5775
3.93207	1	4	3	340
3.93207	1	5	3	340
3.93207	3	2	3	4022
3.93307	1	4	3	340
3.93407	1	1	3	458
3.93407	1	4	3	458
3.93407	1	5	3	340
3.93507	1	1	3	340
3.93507	1	4	3	340
3.93507	1	5	3	340
3.93607	1	4	3	809
3.93607	3	3	3	362
3.93707	1	1	3	458
3.93707	1	4	3	575
3.93807	1	1	3	458
3.93807	1	4	3	575
3.93807	3	2	3	4022
3.93907	1	4	3	575
3.94007	1	4	3	164
3.94107	1	1	3	692
3.94107	3	1	3	736
3.94207	1	5	3	458
3.94207	3	4	3	2330
3.94307	1	5	3	458
3.94307	3	3	3	956
3.94407	1	1	3	575
3.94407	1	5	3	575
3.94407	3	2	3	8052
3.94507	1	1	3	1044
3.94607	1	5	3	692
3.94707	1	1	3	694
3.94707	3	1	3	8929
3.94807	3	1	3	528
3.94907	3	3	3	1073
3.95007	1	5	3	340
3.95007	3	2	3	951
3.95207	1	5	3	458
3.95507	3	3	3	1073
3.95607	3	4	3	633
3.95707	1	2	3	208
3.95807	1	5	3	1396
3.95807	3	2	3	4022
3.95907	1	5	3	692
3.96007	1	5	3	651
3.96107	3	3	3	2155
3.96207	1	2	3	1308
3.96207	3	4	3	7059
3.96307	3	4	3	2502
3.96407	1	2	3	868
3.96407	1	3	3	428
3.96407	1	4	3	106
3.96407	3	2	3	7625
3.96507	1	2	3	1088
3.96707	1	2	3	1308
3.96707	3	1	3	736
3.96707	3	3	3	1073
3.96907	1	1	3	106
3.96907	1	3	3	1744
3.96907	1	4	3	575
3.96907	1	5	3	106
3.97007	1	2	3	648
3.97007	1	3	3	1308
3.97007	1	4	3	340
3.97007	1	5	3	340
3.97107	1	2	3	408
3.97107	1	3	3	1308
3.97107	1	4	3	340
3.97107	1	5	3	340
3.97207	1	3	3	1308
3.97207	1	4	3	340
3.97207	1	5	3	340
3.97207	3	1	3	7440
3.97207	3	2	3	1456
3.97207	3	3	3	840
3.97307	1	3	3	1308
3.97307	1	4	3	340
3.97307	1	5	3	340
3.97307	3	1	3	2018
3.97407	1	3	3	1308
3.97407	1	4	3	340
3.97507	1	3	3	38
3.97507	1	4	3	340
3.97507	3	4	3	633
3.97607	1	4	3	575
3.97707	1	4	3	575
3.97807	1	4	3	575
3.97807	3	2	3	4022
3.97907	1	4	3	692
3.97907	1	5	3	575
3.98007	1	4	3	710
3.98007	3	3	3	1073
3.98107	1	1	3	458
3.98107	1	5	3	458
3.98107	3	4	3	7701
3.98207	1	1	3	458
3.98207	1	5	3	458
3.98207	3	4	3	1860
3.98307	1	1	3	458
3.98307	1	5	3	458
3.98407	1	1	3	458
3.98407	3	2	3	7625
3.98507	1	1	3	692
3.98507	1	5	3	692
3.98607	3	3	3	1073
3.98907	1	5	3	927
3.99107	1	1	3	927
3.99107	3	1	3	633
3.99207	1	1	3	458
3.99207	3	2	3	2912
3.99207	3	3	3	1073
3.99307	1	1	3	369
3.99407	1	2	3	208
3.99407	1	3	3	428
3.99407	1	4	3	106
3.99507	1	1	3	692
3.99507	1	5	3	575
3.99507	3	4	3	633
3.99607	1	5	3	223
3.99707	1	5	3	809
3.99707	3	1	3	8929
3.99807	1	5	3	547
3.99807	3	1	3	631
3.99807	3	2	3	4022
3.99807	3	3	3	2155
3.99907	1	2	3	208
3.99907	1	3	3	428
3.99907	1	4	3	106
4.00007	1	4	3	106
4.00107	1	1	3	106
4.00107	1	2	3	648
4.00107	1	3	3	1308
4.00107	1	4	3	340
4.00207	1	1	3	223
4.00207	1	2	3	208
4.00207	1	3	3	428
4.00207	1	4	3	106
4.00207	3	4	3	7701
4.00307	1	1	3	223
4.00307	1	2	3	208
4.00307	1	3	3	428
4.00307	1	4	3	106
4.00307	3	2	3	7625
4.00307	3	4	3	1860
4.00407	1	1	3	220
4.00407	1	2	3	648
4.00407	1	3	3	1308
4.00407	1	4	3	428
4.00407	3	3	3	362
4.00507	1	2	3	648
4.00507	1	3	3	1308
4.00507	1	4	3	428
4.00507	1	5	3	106
4.00607	1	2	3	868
4.00607	1	3	3	1744
4.00607	1	4	3	428
4.00707	1	2	3	428
4.00707	1	3	3	868
4.00707	1	4	3	428
4.00707	1	5	3	340
4.00807	1	2	3	428
4.00807	1	3	3	868
4.00807	1	4	3	428
4.00807	1	5	3	340
4.00907	1	2	3	428
4.00907	1	3	3	868
4.00907	1	4	3	282
4.00907	1	5	3	340
4.01007	1	2	3	648
4.01007	1	3	3	229
4.01007	1	4	3	428
4.01007	3	3	3	956
4.01107	1	2	3	428
4.01107	1	4	3	340
4.01107	1	5	3	340
4.01107	3	2	3	4022
4.01207	1	2	3	648
4.01207	1	4	3	428
4.01307	1	2	3	472
4.01307	1	4	3	428
4.01407	1	2	3	186
4.01407	1	4	3	575
4.01507	1	4	3	575
4.01507	1	5	3	458
4.01507	3	3	3	1910
4.01607	1	4	3	340
4.01607	3	1	3	736
4.01607	3	4	3	633
4.01707	1	4	3	458
4.01707	1	5	3	458
4.01707	3	2	3	6169
4.01807	1	4	3	456
4.01807	1	5	3	575
4.01907	1	5	3	692
4.02107	1	5	3	665
4.02107	3	1	3	3633
4.02207	3	4	3	7701
4.02307	3	4	3	1860
4.02507	1	5	3	1396
4.02507	3	2	3	4022
4.02507	3	3	3	1073
4.02707	1	5	3	38
4.03007	3	2	3	4022
4.03107	1	1	3	106
4.03107	1	2	3	208
4.03107	1	3	3	428
4.03107	1	4	3	135
4.03107	1	5	3	927
4.03107	3	3	3	1073
4.03507	3	1	3	736
4.03607	1	2	3	208
4.03607	1	3	3	531
4.03607	3	2	3	4022
4.03607	3	4	3	633
4.03707	1	2	3	1308
4.03707	1	3	3	2694
4.03707	1	5	3	106
4.03707	3	3	3	1073
4.03807	1	2	3	868
4.03807	1	3	3	2155
4.03807	1	5	3	458
4.03907	1	2	3	868
4.03907	1	3	3	2155
4.03907	1	5	3	458
4.04007	1	2	3	1308
4.04007	1	3	3	781
4.04007	1	5	3	106
4.04107	1	4	3	458
4.04107	1	5	3	340
4.04107	3	1	3	5089
4.04107	3	2	3	4022
4.04207	1	1	3	223
4.04207	1	2	3	648
4.04207	1	4	3	340
4.04207	3	4	3	3736
4.04307	1	1	3	223
4.04307	1	2	3	422
4.04307	1	4	3	223
4.04307	3	3	3	2155
4.04407	1	1	3	223
4.04407	1	4	3	223
4.04507	1	1	3	458
4.04507	1	4	3	340
4.04607	1	1	3	340
4.04607	1	4	3	340
4.04707	1	4	3	721
4.04707	1	5	3	223
4.04707	3	2	3	8052
4.04807	1	4	3	721
4.04807	1	5	3	575
4.04907	1	4	3	575
4.04907	1	5	3	575
4.04907	3	3	3	1073
4.05007	1	4	3	575
4.05007	1	5	3	458
4.05107	1	4	3	575
4.05107	1	5	3	90
4.05207	1	1	3	575
4.05207	1	4	3	622
4.05207	3	2	3	4022
4.05307	1	1	3	458
4.05407	1	1	3	458
4.05507	1	1	3	458
4.05507	3	3	3	723
4.05607	1	1	3	458
4.05707	1	5	3	809
4.05807	1	5	3	106
4.05807	3	2	3	3874
4.05907	1	5	3	521
4.05907	3	1	3	736
4.06007	1	5	3	809
4.06107	1	5	3	625
4.06107	3	4	3	633
4.06207	1	1	3	575
4.06207	3	3	3	1073
4.06307	1	1	3	1278
4.06407	1	1	3	458
4.06507	1	1	3	575
4.06507	3	1	3	5089
4.06607	1	1	3	106
4.06607	1	2	3	208
4.06607	1	3	3	531
4.06607	1	4	3	106
4.06607	3	2	3	4022
4.06707	1	5	3	106
4.06707	3	4	3	5192
4.06807	3	3	3	1073
4.07107	1	2	3	868
4.07107	1	3	3	2155
4.07107	1	4	3	428
4.07207	1	1	3	223
4.07207	1	2	3	648
4.07207	1	3	3	1612
4.07207	1	4	3	428
4.07207	3	2	3	4022
4.07307	1	1	3	119
4.07307	1	2	3	648
4.07307	1	3	3	1612
4.07307	1	4	3	428
4.07307	1	5	3	106
4.07407	1	2	3	648
4.07407	1	3	3	1612
4.07407	1	4	3	428
4.07407	3	3	3	1073
4.07507	1	2	3	868
4.07507	1	3	3	1612
4.07607	1	2	3	648
4.07607	1	3	3	1069
4.07607	1	4	3	340
4.07707	1	2	3	868
4.07707	1	4	3	340
4.07707	3	2	3	3605
4.07807	1	2	3	428
4.07807	1	4	3	428
4.07907	1	4	3	223
4.07907	1	5	3	340
4.07907	3	1	3	736
4.08007	1	4	3	223
4.08007	1	5	3	223
4.08007	3	3	3	1920
4.08107	1	4	3	428
4.08107	1	5	3	340
4.08207	1	4	3	340
4.08207	1	5	3	340
4.08307	1	4	3	721
4.08307	1	5	3	575
4.08407	1	4	3	987
4.08507	3	1	3	6544
4.08507	3	2	3	4022
4.08607	3	3	3	597
4.08607	3	4	3	633
4.08907	1	5	3	1396
4.09007	1	5	3	223
4.09107	1	5	3	1396
4.09107	3	2	3	4022
4.09207	1	5	3	692
4.09207	3	3	3	1073
4.09207	3	4	3	5192
4.09307	1	5	3	13
4.09407	1	1	3	106
4.09407	1	2	3	10
4.09707	3	2	3	4022
4.09707	3	3	3	1073
4.10007	1	5	3	1396
4.10207	1	5	3	38
4.10207	3	2	3	4022
4.10607	1	1	3	927
4.10607	1	2	3	208
4.10607	1	3	3	531
4.10607	1	4	3	106
4.10607	1	5	3	106
4.10707	1	1	3	427
4.10707	3	2	3	4022
4.10807	3	3	3	2154
4.10907	3	1	3	633
4.11007	1	5	3	106
4.11107	1	2	3	150
4.11107	1	3	3	531
4.11107	1	4	3	106
4.11207	1	2	3	311
4.11207	1	3	3	1073
4.11207	1	4	3	223
4.11207	1	5	3	106
4.11307	1	2	3	472
4.11307	1	3	3	1612
4.11307	1	4	3	340
4.11307	1	5	3	340
4.11307	3	2	3	4022
4.11407	1	2	3	633
4.11407	1	3	3	2155
4.11407	1	4	3	340
4.11407	3	3	3	1073
4.11507	1	2	3	633
4.11507	1	3	3	2155
4.11507	1	4	3	340
4.11507	3	1	3	5192
4.11607	1	2	3	472
4.11607	1	3	3	1612
4.11607	1	4	3	340
4.11607	1	5	3	340
4.11607	3	4	3	736
4.11707	1	2	3	648
4.11707	1	3	3	536
4.11707	1	4	3	340
4.11707	1	5	3	340
4.11807	1	2	3	472
4.11807	1	4	3	340
4.11907	1	2	3	472
4.11907	1	4	3	340
4.11907	1	5	3	340
4.11907	3	2	3	4022
4.12007	1	2	3	472
4.12007	1	4	3	340
4.12007	1	5	3	340
4.12007	3	3	3	1073
4.12107	1	2	3	633
4.12107	1	4	3	458
4.12207	1	2	3	633
4.12207	1	4	3	575
4.12207	3	4	3	6544
4.12307	1	2	3	633
4.12307	1	4	3	458
4.12307	1	5	3	458
4.12407	1	2	3	466
4.12407	1	4	3	575
4.12507	1	4	3	575
4.12507	3	2	3	4022
4.12607	1	4	3	458
4.12607	1	5	3	458
4.12707	1	4	3	458
4.12707	1	5	3	458
4.12807	1	4	3	458
4.12907	1	4	3	148
4.12907	1	5	3	575
4.13007	1	5	3	692
4.13007	3	2	3	4022
4.13107	3	3	3	2154
4.13307	1	5	3	1095
4.13507	3	4	3	736
4.13607	1	5	3	1396
4.13607	3	2	3	7489
4.13707	1	5	3	38
4.13707	3	3	3	1073
4.13907	3	1	3	633
4.14007	1	3	3	531
4.14307	1	2	3	150
4.14307	1	4	3	106
4.14307	1	5	3	1161
4.14307	3	3	3	1073
4.14407	3	2	3	2912
4.14507	1	3	3	5936
4.14507	3	1	3	5192
4.14607	1	3	3	3726
4.14607	3	4	3	5089
4.14707	1	5	3	106
4.14807	1	2	3	208
4.14807	1	4	3	106
4.14907	1	1	3	106
4.14907	1	2	3	868
4.14907	1	4	3	458
4.14907	1	5	3	340
4.14907	3	3	3	1073
4.15007	1	2	3	648
4.15007	1	4	3	340
4.15007	1	5	3	340
4.15007	3	2	3	4022
4.15107	1	2	3	648
4.15107	1	4	3	340
4.15107	1	5	3	340
4.15207	1	2	3	1308
4.15207	1	4	3	575
4.15307	1	2	3	1308
4.15307	1	4	3	575
4.15307	1	5	3	106
4.15407	1	2	3	868
4.15407	1	4	3	458
4.15507	1	2	3	1744
4.15507	3	3	3	1920
4.15607	1	2	3	868
4.15607	1	4	3	575
4.15707	1	2	3	138
4.15707	1	4	3	575
4.15707	1	5	3	223
4.15807	1	4	3	575
4.15907	1	4	3	458
4.15907	1	5	3	458
4.16007	1	1	3	340
4.16007	1	4	3	340
4.16007	1	5	3	340
4.16007	3	3	3	597
4.16107	1	1	3	458
4.16107	1	4	3	575
4.16107	1	5	3	223
4.16107	3	2	3	9080
4.16207	1	1	3	558
4.16207	1	4	3	575
4.16307	1	4	3	692
4.16307	1	5	3	575
4.16407	1	4	3	927
4.16407	3	1	3	633
4.16507	1	4	3	520
4.16507	3	4	3	633
4.16707	1	5	3	340
4.16707	3	3	3	956
4.16907	1	5	3	809
4.16907	3	2	3	4022
4.17007	1	5	3	393
4.17007	3	1	3	6647
4.17107	3	4	3	5192
4.17307	1	5	3	1396
4.17307	3	3	3	1073
4.17507	3	2	3	6169
4.17707	1	5	3	38
4.17907	1	5	3	106
4.17907	3	3	3	1073
4.18007	1	2	3	208
4.18007	1	3	3	531
4.18007	1	4	3	106
4.18107	1	5	3	106
4.18307	1	5	3	106
4.18307	3	2	3	2912
4.18507	1	2	3	1308
4.18507	1	3	3	2694
4.18507	1	5	3	106
4.18507	3	3	3	2155
4.18507	3	4	3	736
4.18607	1	2	3	868
4.18607	1	3	3	2155
4.18607	1	4	3	340
4.18707	1	2	3	868
4.18707	1	3	3	2155
4.18707	1	4	3	458
4.18807	1	2	3	868
4.18807	1	3	3	2155
4.18807	1	4	3	340
4.18907	1	2	3	648
4.18907	1	3	3	510
4.18907	1	4	3	340
4.18907	1	5	3	340
4.18907	3	1	3	736
4.18907	3	2	3	4022
4.19007	1	2	3	868
4.19007	1	4	3	340
4.19107	1	4	3	340
4.19107	1	5	3	340
4.19107	3	4	3	6544
4.19207	1	2	3	648
4.19207	1	4	3	340
4.19207	1	5	3	340
4.19307	1	2	3	633
4.19307	1	4	3	458
4.19307	1	5	3	340
4.19407	1	2	3	633
4.19407	1	4	3	458
4.19407	3	1	3	8000
4.19507	1	2	3	868
4.19507	1	4	3	458
4.19507	1	5	3	458
4.19507	3	2	3	4022
4.19607	1	2	3	633
4.19607	1	4	3	575
4.19707	1	2	3	633
4.19707	1	4	3	575
4.19807	1	2	3	534
4.19807	1	4	3	575
4.19907	1	4	3	458
4.19907	1	5	3	458
4.20007	1	4	3	458
4.20007	3	2	3	4022
4.20107	1	4	3	458
4.20107	1	5	3	458
4.20107	3	3	3	2155
4.20207	1	4	3	458
4.20207	1	5	3	575
4.20307	1	4	3	692
4.20307	1	5	3	692
4.20407	1	4	3	927
4.20507	1	4	3	692
4.20507	1	5	3	692
4.20607	1	4	3	388
4.20607	3	2	3	4022
4.20707	3	3	3	2155
4.20907	1	5	3	575
4.21007	3	4	3	633
4.21107	1	5	3	1396
4.21107	3	2	3	4022
4.21207	1	5	3	102
4.21307	3	1	3	736
4.21307	3	3	3	468
4.21607	3	4	3	7701
4.21707	3	2	3	4022
4.21707	3	4	3	404
4.21807	1	2	3	150
4.21807	1	3	3	531
4.21807	3	1	3	8929
4.21907	1	5	3	1396
4.21907	3	1	3	528
4.21907	3	3	3	1073
4.22007	1	4	3	106
4.22207	1	5	3	38
4.22207	3	2	3	4022
4.22307	1	2	3	868
4.22307	1	3	3	2155
4.22507	1	2	3	868
4.22507	1	3	3	1686
4.22507	1	4	3	340
4.22507	1	5	3	106
4.22507	3	3	3	1073
4.22607	1	2	3	1308
4.22607	1	4	3	692
4.22707	1	2	3	1308
4.22707	1	4	3	575
4.22707	3	2	3	4022
4.22807	1	2	3	428
4.22807	1	4	3	340
4.22907	1	2	3	1088
4.22907	1	4	3	575
4.22907	1	5	3	106
4.23007	1	2	3	1308
4.23007	1	4	3	575
4.23007	3	4	3	633
4.23107	1	2	3	868
4.23107	1	4	3	458
4.23107	1	5	3	458
4.23107	3	3	3	1073
4.23207	1	2	3	560
4.23207	1	4	3	458
4.23207	1	5	3	458
4.23307	1	4	3	458
4.23307	1	5	3	458
4.23307	3	2	3	4022
4.23407	1	4	3	575
4.23607	1	4	3	458
4.23607	3	4	3	7701
4.23707	1	4	3	927
4.23707	3	1	3	736
4.23707	3	3	3	2155
4.23707	3	4	3	1860
4.23807	1	4	3	809
4.23907	1	4	3	692
4.23907	1	5	3	692
4.23907	3	2	3	4022
4.24007	1	4	3	692
4.24007	1	5	3	692
4.24107	1	4	3	692
4.24107	1	5	3	692
4.24207	1	4	3	692
4.24207	1	5	3	650
4.24207	3	1	3	4462
4.24307	1	2	3	208
4.24307	1	3	3	531
4.24307	1	4	3	575
4.24307	3	1	3	3540
4.24407	1	4	3	692
4.24507	1	4	3	307
4.24507	3	2	3	4022
4.24807	1	2	3	311
4.24807	1	3	3	1073
4.24807	3	3	3	1073
4.24907	1	2	3	472
4.24907	1	3	3	1612
4.24907	1	5	3	340
4.25007	1	2	3	956
4.25007	1	3	3	2614
4.25107	1	2	3	1920
4.25107	3	2	3	4022
4.25107	3	4	3	633
4.25207	1	2	3	1759
4.25207	1	5	3	106
4.25307	1	2	3	868
4.25307	1	5	3	458
4.25407	1	2	3	1744
4.25407	3	3	3	1073
4.25507	1	2	3	868
4.25507	1	5	3	458
4.25607	1	2	3	1104
4.25607	1	5	3	692
4.25607	3	2	3	4022
4.25707	3	4	3	7701
4.25807	3	4	3	404
4.25907	1	5	3	692
4.25907	3	3	3	1920
4.26107	3	1	3	736
4.26207	1	5	3	1396
4.26207	3	2	3	4022
4.26307	1	5	3	168
4.26507	3	3	3	598
4.26707	3	1	3	9455
4.26807	1	3	3	531
4.26807	3	2	3	7768
4.26907	1	2	3	208
4.26907	1	4	3	106
4.26907	1	5	3	1161
4.27107	3	3	3	956
4.27107	3	4	3	633
4.27307	1	3	3	5294
4.27407	1	4	3	106
4.27507	1	2	3	1308
4.27507	1	4	3	575
4.27507	1	5	3	106
4.27607	1	2	3	868
4.27607	1	4	3	458
4.27607	1	5	3	458
4.27607	3	2	3	2912
4.27607	3	3	3	956
4.27707	1	2	3	868
4.27707	1	4	3	458
4.27707	1	5	3	458
4.27707	3	4	3	7701
4.27807	1	2	3	1308
4.27807	1	4	3	692
4.27807	3	4	3	1860
4.27907	1	2	3	868
4.27907	1	4	3	458
4.27907	1	5	3	458
4.28007	1	2	3	1308
4.28007	1	4	3	575
4.28107	1	2	3	868
4.28107	1	4	3	458
4.28207	1	2	3	868
4.28207	1	4	3	458
4.28207	3	2	3	4022
4.28307	1	2	3	1308
4.28307	1	4	3	692
4.28307	3	3	3	1920
4.28407	1	2	3	432
4.28407	1	4	3	458
4.28507	1	4	3	692
4.28607	1	4	3	575
4.28607	1	5	3	340
4.28707	1	4	3	575
4.28707	1	5	3	340
4.28707	3	1	3	736
4.28707	3	2	3	7625
4.28807	1	4	3	692
4.28807	1	5	3	340
4.28807	3	3	3	956
4.28907	1	4	3	1278
4.29007	1	4	3	692
4.29007	1	5	3	651
4.29107	1	4	3	230
4.29107	3	4	3	531
4.29207	3	1	3	8929
4.29307	3	1	3	528
4.29407	1	5	3	692
4.29407	3	3	3	948
4.29507	3	2	3	4022
4.29607	1	5	3	106
4.29707	1	5	3	638
4.29807	3	4	3	6475
4.29907	3	4	3	3187
4.30007	1	5	3	1278
4.30107	3	2	3	4022
4.30107	3	3	3	956
4.30407	1	2	3	208
4.30407	1	3	3	531
4.30407	1	4	3	135
4.30407	1	5	3	106
4.30607	1	5	3	1396
4.30607	3	2	3	7972
4.30707	1	5	3	90
4.30707	3	3	3	956
4.30907	1	2	3	868
4.30907	1	3	3	2155
4.30907	1	4	3	428
4.31007	1	2	3	868
4.31007	1	3	3	1612
4.31007	1	4	3	428
4.31207	1	2	3	868
4.31207	1	3	3	1612
4.31207	1	4	3	428
4.31207	3	4	3	531
4.31307	1	2	3	868
4.31307	1	3	3	1377
4.31307	1	4	3	428
4.31307	3	3	3	1920
4.31407	1	2	3	868
4.31407	1	4	3	428
4.31407	1	5	3	106
4.31407	3	2	3	4022
4.31507	1	2	3	868
4.31607	1	2	3	868
4.31607	1	4	3	721
4.31607	3	1	3	736
4.31707	1	2	3	868
4.31707	1	4	3	721
4.31807	1	2	3	868
4.31807	1	4	3	721
4.31807	3	4	3	6475
4.31907	1	2	3	1308
4.31907	1	4	3	721
4.31907	3	3	3	956
4.31907	3	4	3	3187
4.32007	1	2	3	868
4.32007	1	4	3	575
4.32007	1	5	3	458
4.32007	3	2	3	4022
4.32107	1	4	3	458
4.32107	1	5	3	458
4.32207	1	4	3	575
4.32207	1	5	3	458
4.32207	3	1	3	8929
4.32307	1	4	3	458
4.32307	1	5	3	458
4.32307	3	1	3	528
4.32407	1	4	3	458
4.32407	1	5	3	458
4.32407	3	3	3	948
4.32507	1	4	3	1161
4.32607	1	4	3	927
4.32607	3	2	3	7972
4.32707	1	4	3	455
4.33007	1	5	3	692
4.33107	1	5	3	575
4.33107	3	3	3	956
4.33207	1	5	3	575
4.33207	3	4	3	531
4.33307	1	5	3	76
4.33507	3	2	3	4022
4.33607	1	2	3	208
4.33707	3	3	3	956
4.33807	3	4	3	6475
4.33907	1	3	3	531
4.33907	3	4	3	3187
4.34007	1	4	3	106
4.34007	1	5	3	1278
4.34107	1	2	3	2401
4.34107	1	5	3	106
4.34107	3	1	3	736
4.34107	3	2	3	6169
4.34207	1	2	3	1308
4.34207	1	5	3	52
4.34307	1	2	3	1308
4.34307	3	3	3	1920
4.34407	1	2	3	868
4.34407	1	3	3	2155
4.34407	1	5	3	458
4.34507	1	4	3	106
4.34607	1	2	3	868
4.34607	1	3	3	2155
4.34607	1	4	3	340
4.34607	3	1	3	8929
4.34707	1	2	3	428
4.34707	1	3	3	988
4.34707	1	4	3	223
4.34707	3	1	3	528
4.34807	1	2	3	428
4.34807	1	4	3	340
4.34907	1	2	3	428
4.34907	1	4	3	340
4.34907	3	2	3	4022
4.34907	3	3	3	956
4.35007	1	2	3	1088
4.35007	1	5	3	106
4.35107	1	2	3	868
4.35107	1	4	3	340
4.35107	1	5	3	340
4.35207	1	2	3	33
4.35207	1	4	3	458
4.35207	1	5	3	458
4.35207	3	4	3	428
4.35307	1	4	3	458
4.35307	1	5	3	458
4.35407	1	4	3	575
4.35507	1	4	3	692
4.35507	3	4	3	3941
4.35607	1	4	3	927
4.35707	1	4	3	927
4.35807	1	4	3	927
4.35907	1	4	3	692
4.35907	1	5	3	692
4.35907	3	3	3	1744
4.36007	1	4	3	1044
4.36007	1	5	3	340
4.36007	3	2	3	9080
4.36107	1	4	3	692
4.36107	1	5	3	692
4.36207	1	4	3	692
4.36207	1	5	3	692
4.36307	1	4	3	349
4.36307	1	5	3	78
4.36507	3	3	3	956
4.36807	3	2	3	2912
4.36907	1	5	3	1278
4.36907	3	4	3	531
4.37007	3	1	3	736
4.37107	1	5	3	106
4.37107	3	3	3	1920
4.37207	1	5	3	52
4.37307	1	5	3	1396
4.37407	3	2	3	4022
4.37507	1	2	3	208
4.37507	1	3	3	531
4.37507	1	5	3	38
4.37507	3	4	3	5294
4.37607	1	4	3	106
4.37607	3	1	3	3633
4.37707	3	3	3	630
4.38007	1	3	3	531
4.38007	3	2	3	4022
4.38107	1	2	3	868
4.38107	1	3	3	2155
4.38107	1	4	3	340
4.38107	1	5	3	106
4.38207	1	2	3	868
4.38207	1	3	3	2155
4.38207	1	4	3	458
4.38307	1	2	3	1088
4.38307	1	3	3	459
4.38307	1	4	3	575
4.38307	3	3	3	956
4.38407	1	2	3	1308
4.38407	1	4	3	575
4.38507	1	2	3	868
4.38507	1	4	3	458
4.38607	1	2	3	628
4.38607	1	4	3	340
4.38607	3	2	3	4022
4.38707	1	1	3	106
4.38707	1	4	3	575
4.38707	1	5	3	106
4.38807	1	4	3	692
4.38907	1	4	3	692
4.38907	3	3	3	868
4.38907	3	4	3	531
4.39007	1	4	3	458
4.39007	1	5	3	458
4.39107	1	4	3	692
4.39107	1	5	3	692
4.39207	1	4	3	1161
4.39207	3	2	3	4022
4.39307	1	4	3	692
4.39307	1	5	3	692
4.39407	1	4	3	692
4.39407	1	5	3	692
4.39407	3	3	3	1744
4.39507	3	1	3	736
4.39507	3	4	3	4810
4.39607	1	4	3	692
4.39607	3	4	3	486
4.39707	1	4	3	692
4.39707	1	5	3	692
4.39807	1	1	3	223
4.39807	1	4	3	340
4.39807	3	2	3	4022
4.39907	1	1	3	340
4.39907	1	4	3	340
4.40007	1	1	3	575
4.40007	1	4	3	575
4.40007	1	5	3	223
4.40007	3	1	3	5089
4.40007	3	3	3	868
4.40107	1	1	3	692
4.40107	1	4	3	692
4.40207	1	1	3	340
4.40207	1	4	3	340
4.40307	1	2	3	208
4.40307	1	3	3	531
4.40307	1	4	3	458
4.40307	1	5	3	458
4.40407	1	4	3	458
4.40407	1	5	3	575
4.40407	3	2	3	4022
4.40507	1	4	3	575
4.40607	1	4	3	340
4.40607	1	5	3	340
4.40607	3	3	3	1300
4.40707	1	4	3	458
4.40707	1	5	3	575
4.40807	1	1	3	223
4.40807	1	2	3	428
4.40807	1	3	3	1073
4.40807	1	4	3	148
4.40907	1	1	3	223
4.40907	1	2	3	428
4.40907	1	3	3	1073
4.40907	3	4	3	531
4.41007	1	1	3	206
4.41007	1	2	3	428
4.41007	1	3	3	1073
4.41007	1	5	3	143
4.41007	3	2	3	4022
4.41107	1	2	3	428
4.41107	1	3	3	1073
4.41207	1	2	3	428
4.41207	1	3	3	1073
4.41307	1	2	3	868
4.41307	1	3	3	1396
4.41307	1	5	3	340
4.41307	3	1	3	736
4.41307	3	3	3	868
4.41407	1	2	3	1525
4.41407	1	5	3	223
4.41507	1	2	3	868
4.41507	3	4	3	5250
4.41607	1	2	3	233
4.41607	1	5	3	106
4.41607	3	2	3	4022
4.41607	3	4	3	1502
4.41707	1	5	3	340
4.41807	3	1	3	5089
4.41907	3	3	3	868
4.42007	1	5	3	1044
4.42407	1	5	3	821
4.42507	3	3	3	1744
4.42707	1	2	3	208
4.42707	1	3	3	531
4.42707	1	5	3	1161
4.42707	3	2	3	5687
4.42807	1	4	3	135
4.42807	1	5	3	273
4.42907	3	4	3	428
4.43107	3	3	3	1744
4.43207	1	2	3	208
4.43207	1	3	3	531
4.43307	1	2	3	208
4.43307	1	3	3	531
4.43307	1	4	3	135
4.43407	1	1	3	106
4.43407	1	2	3	868
4.43407	1	3	3	1612
4.43407	1	4	3	428
4.43507	1	2	3	868
4.43507	1	3	3	2155
4.43507	1	4	3	575
4.43507	3	2	3	4022
4.43507	3	4	3	4810
4.43607	1	2	3	868
4.43607	1	3	3	2155
4.43607	1	4	3	428
4.43607	3	4	3	589
4.43707	1	2	3	868
4.43707	1	3	3	1232
4.43707	1	4	3	575
4.43707	3	3	3	512
4.43807	1	2	3	868
4.43807	1	4	3	428
4.43807	1	5	3	106
4.43907	1	2	3	428
4.43907	1	4	3	428
4.43907	1	5	3	340
4.44007	1	2	3	450
4.44007	1	4	3	428
4.44007	1	5	3	340
4.44007	3	2	3	4022
4.44107	1	4	3	428
4.44107	1	5	3	340
4.44207	1	4	3	575
4.44207	1	5	3	458
4.44207	3	1	3	736
4.44307	1	4	3	868
4.44307	3	3	3	736
4.44407	1	4	3	417
4.44507	1	1	3	458
4.44507	3	2	3	7972
4.44607	1	1	3	458
4.44707	1	1	3	458
4.44707	3	1	3	6544
4.44807	1	1	3	458
4.44807	1	5	3	458
4.44907	1	1	3	692
4.44907	1	5	3	575
4.44907	3	3	3	868
4.45007	1	5	3	927
4.45107	1	5	3	768
4.45307	3	2	3	2912
4.45407	3	4	3	428
4.45507	1	1	3	458
4.45507	3	3	3	1744
4.45607	1	1	3	458
4.45707	1	1	3	458
4.45807	1	1	3	1396
4.45907	1	1	3	444
4.45907	3	2	3	4022
4.46007	3	4	3	5250
4.46107	1	2	3	267
4.46107	1	3	3	531
4.46107	1	4	3	135
4.46107	1	5	3	106
4.46107	3	1	3	736
4.46107	3	3	3	1920
4.46107	3	4	3	149
4.46207	1	5	3	927
4.46507	1	5	3	1396
4.46507	3	2	3	7625
4.46607	1	2	3	1102
4.46607	1	3	3	2155
4.46607	1	4	3	340
4.46607	3	1	3	5089
4.46607	3	3	3	468
4.46707	1	2	3	545
4.46707	1	3	3	531
4.46707	1	4	3	106
4.46807	1	2	3	1102
4.46807	1	3	3	2155
4.46807	1	4	3	340
4.46807	1	5	3	106
4.46907	1	2	3	1102
4.46907	1	3	3	2155
4.46907	1	4	3	458
4.47107	1	2	3	868
4.47107	1	3	3	2155
4.47107	1	4	3	458
4.47207	1	2	3	824
4.47207	1	3	3	521
4.47207	1	4	3	340
4.47207	1	5	3	340
4.47307	1	2	3	28
4.47307	1	4	3	340
4.47307	3	2	3	4022
4.47307	3	3	3	633
4.47407	1	4	3	340
4.47407	1	5	3	340
4.47407	3	4	3	531
4.47507	1	5	3	223
4.47607	1	4	3	458
4.47607	1	5	3	340
4.47607	3	3	3	1920
4.47707	1	4	3	927
4.47807	1	4	3	1161
4.47807	1	5	3	106
4.47807	3	2	3	4022
4.47907	1	4	3	445
4.47907	3	3	3	315
4.48007	3	4	3	6475
4.48207	1	5	3	692
4.48207	3	4	3	276
4.48407	1	5	3	575
4.48407	3	2	3	7972
4.48507	1	5	3	1396
4.48607	1	5	3	637
4.48807	3	3	3	956
4.49007	3	1	3	340
4.49207	1	1	3	106
4.49207	1	2	3	267
4.49207	1	3	3	531
4.49207	1	4	3	106
4.49207	3	2	3	4022
4.49407	3	3	3	956
4.49607	3	1	3	5485
4.49707	1	2	3	267
4.49707	1	3	3	531
4.49707	1	4	3	106
4.49807	1	2	3	1102
4.49807	1	3	3	2155
4.49807	1	4	3	340
4.49807	1	5	3	106
4.49807	3	2	3	4022
4.49907	1	2	3	824
4.49907	1	3	3	1612
4.49907	1	4	3	340
4.49907	1	5	3	340
4.49907	3	3	3	1920
4.50007	1	2	3	824
4.50007	1	3	3	1612
4.50007	1	4	3	340
4.50007	1	5	3	340
4.50107	1	2	3	824
4.50107	1	3	3	1612
4.50107	1	4	3	340
4.50107	1	5	3	340
4.50207	1	2	3	824
4.50207	1	3	3	694
4.50207	1	4	3	340
4.50207	1	5	3	340
4.50307	1	1	3	223
4.50307	1	2	3	824
4.50307	1	4	3	340
4.50407	1	1	3	223
4.50407	1	2	3	84
4.50407	1	4	3	340
4.50407	3	2	3	7972
4.50407	3	4	3	531
4.50507	1	1	3	223
4.50507	1	4	3	338
4.50507	3	3	3	956
4.50607	1	1	3	223
4.50607	1	4	3	340
4.50707	1	1	3	340
4.50707	1	4	3	340
4.50807	1	4	3	927
4.50907	1	4	3	721
4.50907	1	5	3	575
4.51007	1	4	3	721
4.51007	1	5	3	575
4.51007	3	1	3	736
4.51007	3	4	3	4810
4.51107	1	4	3	575
4.51107	1	5	3	458
4.51107	3	3	3	948
4.51107	3	4	3	3397
4.51207	1	4	3	756
4.51207	3	2	3	4022
4.51307	1	1	3	458
4.51307	1	5	3	458
4.51407	1	1	3	340
4.51507	1	1	3	458
4.51607	1	1	3	458
4.51707	1	1	3	692
4.51707	1	5	3	692
4.51707	3	2	3	6169
4.51807	3	3	3	868
4.51907	1	5	3	1044
4.52107	3	1	3	6544
4.52307	1	1	3	692
4.52307	1	5	3	692
4.52307	3	3	3	1920
4.52407	1	1	3	340
4.52407	3	3	3	80
4.52407	3	4	3	428
4.52507	1	1	3	692
4.52507	1	5	3	692
4.52507	3	2	3	4022
4.52607	1	1	3	458
4.52607	1	2	3	208
4.52607	1	3	3	531
4.52607	1	4	3	135
4.52607	1	5	3	534
4.52707	1	1	3	809
4.53007	3	4	3	5250
4.53107	1	2	3	208
4.53107	1	3	3	633
4.53107	1	4	3	135
4.53107	3	2	3	4022
4.53107	3	4	3	4516
4.53207	3	3	3	868
4.53307	1	1	3	340
4.53307	1	2	3	648
4.53307	1	3	3	1920
4.53307	1	4	3	428
4.53407	1	1	3	340
4.53407	1	2	3	648
4.53407	1	3	3	1920
4.53407	1	4	3	428
4.53507	1	1	3	223
4.53507	1	2	3	648
4.53507	1	3	3	1920
4.53507	1	4	3	428
4.53507	1	5	3	106
4.53507	3	1	3	736
4.53607	1	1	3	223
4.53607	1	2	3	428
4.53607	1	3	3	1278
4.53607	1	4	3	428
4.53607	1	5	3	340
4.53607	3	2	3	7972
4.53707	1	1	3	223
4.53707	1	2	3	428
4.53707	1	3	3	1278
4.53707	1	4	3	428
4.53707	1	5	3	340
4.53707	3	3	3	956
4.53807	1	2	3	545
4.53807	1	3	3	725
4.53807	1	4	3	282
4.53807	1	5	3	340
4.53907	1	2	3	428
4.53907	1	4	3	282
4.53907	1	5	3	340
4.54007	1	2	3	428
4.54007	1	4	3	428
4.54107	1	2	3	428
4.54107	1	4	3	428
4.54107	3	1	3	8000
4.54207	1	2	3	428
4.54207	1	4	3	428
4.54307	1	1	3	340
4.54307	1	2	3	648
4.54307	1	4	3	428
4.54307	3	3	3	1920
4.54407	1	1	3	340
4.54407	1	2	3	648
4.54407	1	4	3	428
4.54507	1	1	3	340
4.54507	1	2	3	539
4.54507	1	4	3	428
4.54507	1	5	3	340
4.54507	3	2	3	4022
4.54507	3	4	3	428
4.54607	1	1	3	340
4.54607	1	4	3	312
4.54607	1	5	3	340
4.54707	1	1	3	223
4.54707	1	5	3	340
4.54807	1	5	3	340
4.54907	1	5	3	340
4.54907	3	3	3	558
4.55007	3	2	3	6169
4.55107	3	4	3	5250
4.55207	3	4	3	3060
4.55307	1	1	3	577
4.55507	1	5	3	575
4.55507	3	1	3	736
4.55507	3	3	3	956
4.55607	1	5	3	692
4.55807	1	4	3	135
4.55807	1	5	3	106
4.55807	3	2	3	2912
4.55907	1	2	3	267
4.55907	1	3	3	633
4.56007	3	1	3	8184
4.56107	3	1	3	1273
4.56207	1	5	3	575
4.56407	1	2	3	868
4.56407	1	3	3	2562
4.56407	1	5	3	458
4.56407	3	2	3	4022
4.56507	1	1	3	106
4.56507	1	2	3	868
4.56507	1	3	3	2562
4.56507	1	5	3	340
4.56507	3	4	3	428
4.56607	1	1	3	340
4.56607	1	2	3	648
4.56607	1	3	3	1920
4.56607	1	5	3	340
4.56607	3	3	3	2621
4.56707	1	1	3	223
4.56707	1	2	3	428
4.56707	1	3	3	1920
4.56807	1	1	3	340
4.56807	1	2	3	648
4.56807	1	3	3	603
4.56807	1	5	3	340
4.56907	1	1	3	223
4.56907	1	2	3	428
4.56907	1	4	3	282
4.57007	1	2	3	428
4.57007	1	4	3	428
4.57007	3	2	3	4022
4.57107	1	2	3	428
4.57107	1	4	3	282
4.57107	3	4	3	5250
4.57207	1	2	3	545
4.57207	1	4	3	428
4.57207	1	5	3	340
4.57207	3	3	3	868
4.57207	3	4	3	2621
4.57307	1	2	3	648
4.57307	1	4	3	428
4.57307	3	1	3	736
4.57407	1	2	3	824
4.57407	1	4	3	428
4.57407	1	5	3	340
4.57507	1	1	3	340
4.57507	1	2	3	648
4.57507	1	4	3	428
4.57507	1	5	3	340
4.57607	1	1	3	340
4.57607	1	2	3	824
4.57607	1	4	3	428
4.57607	1	5	3	340
4.57607	3	2	3	4022
4.57707	1	1	3	340
4.57707	1	2	3	264
4.57707	1	4	3	428
4.57707	3	4	3	1897
4.57807	1	1	3	340
4.57807	1	4	3	428
4.57807	1	5	3	340
4.57907	1	1	3	338
4.57907	1	4	3	428
4.57907	3	1	3	8000
4.58007	1	4	3	428
4.58107	1	4	3	575
4.58207	1	4	3	298
4.58207	1	5	3	575
4.58207	3	2	3	4022
4.58307	3	3	3	1744
4.58407	1	5	3	575
4.58507	1	5	3	458
4.58607	1	5	3	1044
4.58807	1	5	3	566
4.58807	3	2	3	4022
4.59107	3	4	3	428
4.59207	1	5	3	1396
4.59307	3	1	3	736
4.59307	3	2	3	4022
4.59407	3	3	3	2410
4.59507	1	1	3	106
4.59507	1	2	3	267
4.59507	1	3	3	633
4.59507	1	4	3	135
4.59507	1	5	3	38
4.59607	1	1	3	340
4.59707	3	4	3	5250
4.59807	1	1	3	1396
4.59807	3	1	3	4462
4.59807	3	4	3	2621
4.59907	1	1	3	1278
4.59907	1	5	3	106
4.59907	3	1	3	4462
4.59907	3	2	3	4022
4.59907	3	4	3	1897
4.60007	1	2	3	1102
4.60007	1	3	3	1920
4.60007	1	4	3	428
4.60007	3	1	3	536
4.60007	3	3	3	956
4.60107	1	2	3	824
4.60107	1	3	3	1920
4.60107	1	4	3	428
4.60207	1	1	3	340
4.60207	1	2	3	824
4.60207	1	3	3	1920
4.60207	1	4	3	428
4.60407	3	2	3	4022
4.60507	1	1	3	223
4.60507	1	2	3	824
4.60507	1	3	3	1920
4.60507	1	4	3	340
4.60507	1	5	3	106
4.60607	1	1	3	340
4.60607	1	2	3	824
4.60607	1	3	3	1888
4.60607	1	4	3	340
4.60707	1	2	3	824
4.60707	1	4	3	340
4.60807	1	1	3	340
4.60807	1	2	3	824
4.60807	1	4	3	340
4.60907	1	1	3	458
4.60907	1	4	3	340
4.60907	1	5	3	340
4.60907	3	2	3	4022
4.61007	1	2	3	824
4.61007	1	4	3	340
4.61007	3	3	3	2621
4.61107	1	2	3	824
4.61107	1	4	3	340
4.61107	1	5	3	340
4.61207	1	1	3	340
4.61207	1	2	3	824
4.61207	1	4	3	340
4.61207	1	5	3	340
4.61207	3	1	3	736
4.61207	3	4	3	531
4.61307	1	2	3	824
4.61307	1	4	3	340
4.61307	1	5	3	340
4.61407	1	2	3	545
4.61407	1	4	3	340
4.61407	3	4	3	4198
4.61507	1	1	3	458
4.61507	1	2	3	64
4.61507	1	4	3	340
4.61507	3	2	3	7489
4.61507	3	4	3	3497
4.61607	1	1	3	227
4.61607	1	4	3	340
4.61607	3	3	3	722
4.61607	3	4	3	1970
4.61707	1	4	3	340
4.61707	3	1	3	8000
4.61807	1	4	3	340
4.61907	1	4	3	458
4.61907	1	5	3	340
4.62007	1	4	3	458
4.62007	1	5	3	340
4.62107	1	4	3	225
4.62107	1	5	3	575
4.62207	1	5	3	458
4.62207	3	3	3	868
4.62307	1	5	3	575
4.62407	3	1	3	736
4.62407	3	2	3	4022
4.62807	3	3	3	868
4.62907	1	5	3	1396
4.62907	3	1	3	2973
4.63007	1	5	3	692
4.63007	3	2	3	6169
4.63107	1	5	3	1238
4.63307	1	2	3	267
4.63307	1	3	3	633
4.63307	1	4	3	106
4.63407	3	3	3	1744
4.63407	3	4	3	531
4.63507	3	1	3	6484
4.63807	1	3	3	633
4.63807	1	4	3	106
4.63807	3	2	3	4022
4.63907	1	1	3	106
4.63907	1	2	3	545
4.63907	1	3	3	1920
4.63907	1	4	3	340
4.63907	1	5	3	340
4.63907	3	3	3	1744
4.64007	1	2	3	1102
4.64007	1	3	3	2562
4.64007	1	4	3	340
4.64007	1	5	3	106
4.64007	3	4	3	6475
4.64107	1	2	3	1102
4.64107	1	3	3	2562
4.64107	1	4	3	458
4.64207	1	2	3	824
4.64207	1	3	3	1890
4.64207	1	4	3	340
4.64207	1	5	3	340
4.64207	3	4	3	3187
4.64307	1	2	3	824
4.64307	1	4	3	340
4.64307	1	5	3	340
4.64307	3	1	3	736
4.64407	1	2	3	545
4.64407	1	4	3	340
4.64407	3	2	3	4022
4.64507	1	2	3	1102
4.64507	1	4	3	340
4.64607	1	2	3	824
4.64607	1	4	3	340
4.64607	1	5	3	340
4.64607	3	3	3	512
4.64707	1	2	3	1102
4.64707	1	4	3	575
4.64807	1	2	3	519
4.64807	1	4	3	575
4.64907	1	4	3	458
4.64907	1	5	3	458
4.64907	3	1	3	2973
4.65007	1	1	3	340
4.65007	1	4	3	340
4.65007	1	5	3	340
4.65007	3	2	3	7972
4.65107	1	1	3	340
4.65107	1	4	3	340
4.65207	1	1	3	458
4.65207	1	4	3	340
4.65207	1	5	3	340
4.65207	3	3	3	868
4.65307	1	1	3	458
4.65307	1	4	3	458
4.65307	1	5	3	458
4.65407	1	1	3	458
4.65407	1	4	3	340
4.65507	1	4	3	692
4.65507	3	1	3	5029
4.65607	1	4	3	692
4.65707	1	4	3	575
4.65807	1	4	3	343
4.65807	3	2	3	4022
4.65807	3	3	3	868
4.65907	3	4	3	531
4.66007	1	1	3	458
4.66107	1	1	3	458
4.66107	1	5	3	458
4.66207	1	1	3	575
4.66307	1	1	3	927
4.66307	3	1	3	736
4.66307	3	2	3	4022
4.66407	1	1	3	692
4.66407	1	5	3	692
4.66407	3	3	3	1744
4.66507	1	5	3	927
4.66507	3	4	3	3838
4.66707	1	5	3	809
4.66807	1	5	3	458
4.66807	3	1	3	4462
4.66907	3	2	3	5061
4.67007	1	1	3	458
4.67107	1	1	3	120
4.67407	1	1	3	223
4.67407	1	2	3	267
4.67407	1	3	3	633
4.67407	1	4	3	106
4.67407	3	1	3	3540
4.67507	3	3	3	2254
4.67607	1	5	3	575
4.67707	3	2	3	4022
4.67907	1	2	3	545
4.67907	1	3	3	1278
4.67907	1	4	3	340
4.67907	1	5	3	340
4.67907	3	4	3	531
4.68007	1	1	3	106
4.68007	1	2	3	545
4.68007	1	3	3	1920
4.68007	1	4	3	340
4.68007	1	5	3	340
4.68107	1	1	3	223
4.68107	1	2	3	545
4.68107	1	3	3	543
4.68107	1	4	3	106
4.68207	1	1	3	340
4.68207	1	2	3	824
4.68207	1	4	3	340
4.68207	1	5	3	340
4.68207	3	1	3	736
4.68307	1	1	3	340
4.68307	1	2	3	824
4.68307	1	4	3	340
4.68307	1	5	3	340
4.68307	3	2	3	4714
4.68307	3	3	3	868
4.68407	1	1	3	223
4.68407	1	2	3	545
4.68407	1	4	3	340
4.68507	1	2	3	824
4.68507	1	4	3	340
4.68507	3	4	3	5294
4.68607	1	2	3	545
4.68607	1	4	3	340
4.68707	1	2	3	824
4.68707	1	4	3	338
4.68707	3	1	3	4462
4.68807	1	2	3	824
4.68807	1	4	3	340
4.68907	1	4	3	692
4.68907	3	3	3	868
4.69007	1	1	3	340
4.69007	1	2	3	824
4.69007	1	4	3	340
4.69107	1	1	3	340
4.69107	1	2	3	824
4.69107	1	4	3	340
4.69107	1	5	3	340
4.69107	3	2	3	4022
4.69207	1	1	3	340
4.69207	1	2	3	824
4.69207	1	4	3	340
4.69307	1	1	3	340
4.69307	1	2	3	634
4.69307	1	4	3	340
4.69307	3	1	3	3540
4.69407	1	1	3	117
4.69407	1	4	3	340
4.69407	1	5	3	340
4.69507	1	4	3	340
4.69507	1	5	3	340
4.69607	1	4	3	340
4.69707	1	4	3	340
4.69707	1	5	3	340
4.69707	3	2	3	3258
4.69807	1	4	3	458
4.69807	1	5	3	575
4.69907	1	4	3	692
4.70007	1	4	3	927
4.70007	3	3	3	3497
4.70107	1	4	3	1044
4.70107	3	1	3	633
4.70207	1	4	3	435
4.70407	3	4	3	633
4.70507	3	2	3	2912
4.70607	1	5	3	809
4.70707	3	1	3	5951
4.70907	1	5	3	1396
4.71007	1	5	3	1396
4.71007	3	4	3	5192
4.71107	3	2	3	4022
4.71107	3	3	3	736
4.71207	1	5	3	1396
4.71307	1	5	3	535
4.71307	3	1	3	2154
4.71507	1	1	3	106
4.71507	1	3	3	633
4.71607	3	2	3	4022
4.71707	3	3	3	1744
4.71807	1	4	3	106
4.71807	1	5	3	1161
4.72007	1	3	3	1278
4.72207	3	2	3	3605
4.72307	1	3	3	633
4.72307	1	4	3	106
4.72307	3	3	3	1744
4.72407	3	4	3	633
4.72507	1	3	3	1278
4.72507	1	4	3	106
4.72607	1	1	3	458
4.72607	1	3	3	2010
4.72607	1	4	3	340
4.72607	1	5	3	106
4.72607	3	1	3	736
4.72707	1	1	3	340
4.72707	1	4	3	340
4.72707	1	5	3	340
4.72807	1	4	3	106
4.72907	1	1	3	340
4.72907	1	4	3	340
4.72907	1	5	3	340
4.72907	3	3	3	868
4.73007	1	1	3	340
4.73007	1	4	3	340
4.73007	1	5	3	340
4.73007	3	2	3	4022
4.73007	3	4	3	6647
4.73107	1	4	3	809
4.73207	1	4	3	692
4.73207	3	1	3	8000
4.73307	1	1	3	458
4.73307	1	4	3	458
4.73307	1	5	3	458
4.73407	1	4	3	575
4.73507	1	4	3	458
4.73507	1	5	3	575
4.73507	3	3	3	868
4.73607	1	1	3	692
4.73607	1	4	3	575
4.73607	3	2	3	4022
4.73607	3	3	3	868
4.73707	1	1	3	458
4.73707	1	4	3	575
4.73807	1	4	3	458
4.73807	1	5	3	458
4.73907	1	1	3	458
4.73907	1	4	3	575
4.74007	1	1	3	458
4.74007	1	4	3	340
4.74007	3	3	3	736
4.74107	1	4	3	340
4.74107	1	5	3	340
4.74107	3	2	3	3605
4.74207	1	4	3	458
4.74207	1	5	3	458
4.74207	3	3	3	110
4.74307	1	1	3	280
4.74307	1	4	3	458
4.74407	1	4	3	223
4.74407	1	5	3	458
4.74607	3	3	3	868
4.74907	3	2	3	4022
4.74907	3	3	3	566
4.74907	3	4	3	633
4.75007	1	5	3	809
4.75107	3	1	3	633
4.75207	3	3	3	868
4.75307	1	5	3	1341
4.75407	3	2	3	4022
4.75507	3	4	3	5192
4.75607	1	2	3	208
4.75607	1	3	3	633
4.75607	1	5	3	1161
4.75607	3	3	3	566
4.75707	1	1	3	106
4.75707	1	4	3	106
4.75707	1	5	3	273
4.75707	3	1	3	8929
4.75807	3	1	3	631
4.75907	1	1	3	1044
4.76007	1	1	3	575
4.76007	3	2	3	3605
4.76107	1	2	3	267
4.76107	1	3	3	633
4.76207	1	4	3	106
4.76407	3	3	3	868
4.76507	1	2	3	545
4.76507	1	3	3	1278
4.76507	1	4	3	223
4.76507	1	5	3	106
4.76607	1	4	3	106
4.76707	1	3	3	633
4.76707	1	4	3	106
4.76807	1	1	3	223
4.76807	1	2	3	648
4.76807	1	3	3	1920
4.76807	1	4	3	340
4.76807	1	5	3	106
4.76807	3	2	3	4022
4.76907	1	1	3	223
4.76907	1	3	3	737
4.76907	1	4	3	340
4.76907	3	4	3	633
4.77007	1	1	3	223
4.77007	1	2	3	824
4.77007	1	4	3	340
4.77007	3	3	3	868
4.77107	1	1	3	223
4.77107	1	2	3	824
4.77107	1	5	3	340
4.77207	1	1	3	223
4.77207	1	2	3	545
4.77207	1	4	3	340
4.77207	1	5	3	340
4.77307	1	2	3	1102
4.77307	1	4	3	340
4.77407	1	2	3	1102
4.77407	1	4	3	340
4.77407	1	5	3	340
4.77407	3	2	3	4022
4.77507	1	2	3	1102
4.77507	1	4	3	575
4.77507	3	4	3	5192
4.77607	1	2	3	1102
4.77607	1	4	3	340
4.77607	3	1	3	736
4.77607	3	3	3	1744
4.77707	1	2	3	1102
4.77707	1	4	3	340
4.77807	1	1	3	458
4.77807	1	2	3	845
4.77807	1	4	3	340
4.77907	1	1	3	340
4.77907	1	4	3	340
4.78007	1	4	3	458
4.78007	1	5	3	340
4.78007	3	2	3	3605
4.78107	1	1	3	340
4.78107	1	4	3	340
4.78107	3	1	3	8929
4.78207	1	1	3	340
4.78207	1	4	3	340
4.78207	3	1	3	528
4.78207	3	3	3	1744
4.78307	1	4	3	458
4.78307	1	5	3	458
4.78407	1	4	3	692
4.78507	1	1	3	458
4.78507	1	4	3	575
4.78607	1	4	3	458
4.78607	1	5	3	575
4.78707	1	4	3	458
4.78707	1	5	3	575
4.78807	1	1	3	458
4.78807	1	4	3	458
4.78807	3	2	3	4022
4.78807	3	3	3	512
4.78907	1	1	3	458
4.78907	1	4	3	458
4.78907	1	5	3	458
4.79007	1	4	3	458
4.79007	1	5	3	458
4.79007	3	4	3	633
4.79107	1	1	3	162
4.79107	1	4	3	340
4.79207	1	4	3	133
4.79307	1	5	3	458
4.79307	3	2	3	4022
4.79407	3	3	3	868
4.79507	3	1	3	736
4.79607	1	5	3	809
4.79607	3	4	3	6647
4.79707	1	5	3	927
4.79907	3	2	3	4022
4.80007	3	3	3	868
4.80307	1	5	3	1044
4.80507	1	5	3	1278
4.80507	1	6	3	60
4.80507	3	2	3	4022
4.80507	3	3	3	1744
4.80607	1	1	3	106
4.80607	1	2	3	267
4.80607	1	3	3	633
4.80607	1	4	3	106
4.80607	3	1	3	8929
4.80707	3	1	3	528
4.80907	1	1	3	692
4.80907	1	5	3	692
4.81007	3	2	3	4022
4.81007	3	4	3	633
4.81107	1	2	3	545
4.81107	1	3	3	1920
4.81107	1	4	3	340
4.81107	1	5	3	340
4.81107	3	3	3	1744
4.81207	1	1	3	223
4.81207	1	2	3	824
4.81207	1	3	3	1920
4.81207	1	4	3	340
4.81207	1	5	3	106
4.81307	1	2	3	267
4.81307	1	3	3	633
4.81307	1	4	3	106
4.81407	1	2	3	545
4.81407	1	4	3	223
4.81407	1	5	3	106
4.81507	1	1	3	223
4.81507	1	2	3	267
4.81507	1	3	3	633
4.81507	1	4	3	106
4.81507	3	2	3	4022
4.81607	1	4	3	106
4.81607	3	4	3	7701
4.81707	1	2	3	545
4.81707	1	3	3	1278
4.81707	1	4	3	223
4.81707	3	3	3	512
4.81707	3	4	3	404
4.81807	1	1	3	223
4.81807	1	2	3	545
4.81807	1	3	3	274
4.81807	1	4	3	340
4.81807	1	5	3	340
4.81907	1	1	3	223
4.81907	1	2	3	824
4.81907	1	4	3	340
4.82007	1	2	3	267
4.82007	1	4	3	106
4.82107	1	1	3	223
4.82107	1	2	3	545
4.82107	1	4	3	340
4.82107	1	5	3	340
4.82107	3	2	3	7904
4.82207	1	1	3	223
4.82207	1	2	3	545
4.82207	1	4	3	340
4.82307	1	2	3	1102
4.82307	1	4	3	340
4.82407	1	2	3	1102
4.82407	1	4	3	575
4.82407	3	3	3	736
4.82507	1	1	3	340
4.82507	1	2	3	824
4.82507	1	4	3	340
4.82507	1	5	3	340
4.82507	3	1	3	736
4.82607	1	2	3	1102
4.82607	1	4	3	340
4.82707	1	2	3	108
4.82707	1	4	3	340
4.82707	1	5	3	340
4.82807	1	1	3	340
4.82807	1	4	3	340
4.82907	1	1	3	340
4.82907	1	4	3	340
4.82907	1	5	3	340
4.82907	3	2	3	2912
4.83007	1	4	3	340
4.83007	3	3	3	868
4.83007	3	4	3	633
4.83107	1	1	3	458
4.83107	1	4	3	458
4.83107	3	1	3	8929
4.83207	1	1	3	458
4.83207	1	4	3	575
4.83207	3	1	3	528
4.83307	1	4	3	458
4.83307	1	5	3	575
4.83407	1	4	3	575
4.83507	1	1	3	458
4.83507	1	4	3	575
4.83507	3	2	3	4022
4.83507	3	3	3	1484
4.83607	1	4	3	458
4.83607	1	5	3	458
4.83607	3	4	3	8929
4.83707	1	4	3	575
4.83707	3	4	3	631
4.83807	1	1	3	458
4.83807	1	4	3	340
4.83907	1	1	3	458
4.83907	1	4	3	265
4.84007	1	5	3	458
4.84007	3	2	3	7625
4.84107	1	1	3	458
4.84207	1	1	3	458
4.84207	1	5	3	458
4.84307	3	3	3	1484
4.84407	1	5	3	927
4.84507	1	1	3	927
4.84507	3	1	3	736
4.84807	1	1	3	692
4.84807	1	5	3	692
4.84807	3	2	3	2912
4.84907	1	1	3	340
4.84907	3	3	3	1484
4.85107	1	1	3	692
4.85107	1	5	3	690
4.85107	3	1	3	3633
4.85207	1	1	3	927
4.85407	1	4	3	106
4.85407	3	2	3	4022
4.85507	1	1	3	298
4.85507	1	2	3	267
4.85507	1	3	3	633
4.85507	1	5	3	575
4.85507	3	3	3	1114
4.85507	3	4	3	736
4.85707	1	5	3	458
4.85907	1	4	3	458
4.85907	1	5	3	575
4.86007	1	4	3	106
4.86007	3	2	3	8052
4.86107	1	2	3	545
4.86107	1	3	3	633
4.86107	1	4	3	106
4.86107	3	3	3	736
4.86107	3	4	3	8000
4.86207	1	2	3	545
4.86207	1	3	3	1920
4.86207	1	4	3	340
4.86307	1	2	3	545
4.86307	1	3	3	1278
4.86307	1	4	3	106
4.86307	1	5	3	106
4.86407	1	2	3	545
4.86407	1	3	3	633
4.86407	1	4	3	106
4.86507	1	2	3	545
4.86507	1	3	3	736
4.86507	1	4	3	340
4.86607	1	2	3	545
4.86607	1	4	3	340
4.86607	1	5	3	340
4.86607	3	3	3	736
4.86707	1	2	3	545
4.86707	1	4	3	340
4.86707	3	2	3	3941
4.86707	3	3	3	736
4.86807	1	2	3	1102
4.86807	1	4	3	458
4.86907	1	2	3	545
4.86907	1	4	3	340
4.87007	1	2	3	1102
4.87007	1	4	3	458
4.87007	1	5	3	458
4.87007	3	1	3	736
4.87107	1	2	3	1102
4.87107	1	4	3	575
4.87107	3	3	3	1484
4.87207	1	2	3	1102
4.87207	1	4	3	458
4.87207	1	5	3	458
4.87307	1	2	3	1183
4.87307	1	4	3	575
4.87307	3	3	3	612
4.87407	1	4	3	458
4.87407	1	5	3	458
4.87507	3	2	3	4022
4.87607	1	4	3	575
4.87607	3	1	3	5089
4.87707	1	4	3	458
4.87807	1	4	3	692
4.87807	1	5	3	575
4.87907	1	4	3	927
4.88007	1	4	3	927
4.88007	3	4	3	633
4.88107	1	4	3	692
4.88107	1	5	3	692
4.88107	3	2	3	6169
4.88207	1	4	3	297
4.88307	3	3	3	736
4.88507	1	5	3	692
4.88607	3	4	3	8929
4.88707	1	5	3	1396
4.88707	3	4	3	631
4.88907	1	5	3	1396
4.88907	3	2	3	2912
4.88907	3	3	3	1484
4.89307	1	5	3	1396
4.89407	1	1	3	106
4.89407	1	2	3	267
4.89407	1	5	3	477
4.89507	3	2	3	4022
4.89507	3	3	3	1484
4.89607	1	3	3	633
4.89607	1	4	3	106
4.89607	1	5	3	1044
4.89907	1	2	3	545
4.90007	3	1	3	736
4.90007	3	2	3	4022
4.90107	1	2	3	267
4.90107	1	3	3	633
4.90107	1	4	3	106
4.90107	3	3	3	1484
4.90207	1	2	3	1102
4.90207	1	3	3	2562
4.90207	1	4	3	340
4.90207	1	5	3	106
4.90407	1	2	3	267
4.90407	1	3	3	633
4.90407	1	4	3	106
4.90507	1	1	3	223
4.90507	1	2	3	545
4.90507	1	3	3	1278
4.90507	1	4	3	340
4.90507	1	5	3	340
4.90507	3	1	3	5089
4.90607	1	2	3	267
4.90607	1	3	3	94
4.90607	1	4	3	106
4.90607	3	2	3	4022
4.90707	1	1	3	223
4.90707	1	2	3	824
4.90707	1	4	3	340
4.90707	3	3	3	548
4.90807	1	1	3	223
4.90807	1	2	3	300
4.90807	1	4	3	340
4.90807	1	5	3	340
4.90907	1	1	3	223
4.90907	1	4	3	340
4.90907	1	5	3	340
4.91007	1	4	3	340
4.91007	3	4	3	633
4.91107	1	1	3	340
4.91107	1	4	3	340
4.91107	1	5	3	340
4.91207	1	4	3	809
4.91207	3	2	3	4022
4.91307	1	4	3	809
4.91307	3	3	3	736
4.91407	1	4	3	1044
4.91507	1	1	3	458
4.91507	1	4	3	575
4.91607	1	4	3	692
4.91707	1	1	3	458
4.91707	1	4	3	458
4.91707	1	5	3	458
4.91807	1	1	3	458
4.91807	1	4	3	458
4.91807	1	5	3	458
4.91807	3	2	3	4022
4.91907	1	1	3	458
4.91907	1	4	3	458
4.91907	1	5	3	458
4.91907	3	3	3	1484
4.92007	1	4	3	458
4.92007	1	5	3	458
4.92107	1	1	3	458
4.92107	1	4	3	458
4.92107	1	5	3	458
4.92107	3	4	3	7701
4.92207	1	4	3	458
4.92207	3	4	3	1860
4.92307	1	4	3	458
4.92407	1	4	3	299
4.92407	3	1	3	736
4.92407	3	2	3	4022
4.92507	1	1	3	458
4.92507	3	3	3	1484
4.92707	1	1	3	458
4.92807	1	1	3	458
4.92807	1	5	3	575
4.92907	1	1	3	809
4.92907	3	1	3	6544
4.93007	3	2	3	4022
4.93107	1	1	3	43
4.93107	1	5	3	692
4.93107	3	3	3	1484
4.93207	1	5	3	927
4.93407	1	5	3	575
4.93507	1	1	3	692
4.93507	1	5	3	692
4.93507	3	4	3	633
4.93607	3	2	3	4022
4.93707	1	1	3	106
4.93707	3	3	3	548
4.93807	1	1	3	106
4.93807	1	2	3	267
4.93807	1	4	3	106
4.93807	1	5	3	363
4.93907	1	1	3	809
4.94107	1	1	3	692
4.94107	3	4	3	7701
4.94207	3	2	3	4022
4.94207	3	4	3	1860
4.94307	1	2	3	267
4.94307	1	4	3	106
4.94307	3	1	3	736
4.94307	3	3	3	736
4.94407	1	2	3	545
4.94407	1	4	3	223
4.94407	1	5	3	106
4.94507	1	1	3	223
4.94507	1	2	3	545
4.94507	1	3	3	633
4.94507	1	4	3	223
4.94607	1	2	3	545
4.94607	1	4	3	340
4.94607	1	5	3	106
4.94707	1	1	3	340
4.94707	1	2	3	824
4.94707	1	4	3	340
4.94707	1	5	3	340
4.94707	3	2	3	4022
4.94807	1	1	3	340
4.94807	1	2	3	824
4.94807	1	4	3	340
4.94807	1	5	3	340
4.94807	3	1	3	5089
4.94907	1	1	3	458
4.94907	1	2	3	1102
4.94907	1	4	3	340
4.94907	3	3	3	1484
4.95007	1	2	3	545
4.95007	1	3	3	1278
4.95007	1	4	3	106
4.95107	1	1	3	223
4.95107	1	2	3	378
4.95107	1	3	3	1920
4.95107	1	4	3	428
4.95207	1	3	3	1278
4.95207	1	4	3	223
4.95207	3	2	3	4022
4.95307	1	3	3	1278
4.95307	1	4	3	223
4.95407	1	3	3	903
4.95407	1	4	3	340
4.95507	1	1	3	340
4.95507	1	5	3	340
4.95507	3	3	3	1484
4.95507	3	4	3	633
4.95607	1	4	3	575
4.95707	1	1	3	340
4.95707	1	4	3	340
4.95707	1	5	3	340
4.95807	1	1	3	340
4.95807	1	4	3	145
4.95807	1	5	3	340
4.95807	3	2	3	4022
4.95907	1	1	3	458
4.95907	1	5	3	458
4.96007	3	3	3	1484
4.96107	1	1	3	385
4.96107	1	5	3	458
4.96207	3	1	3	736
4.96207	3	4	3	7059
4.96307	3	4	3	2502
4.96407	3	2	3	4022
4.96507	1	5	3	692
4.96607	3	3	3	548
4.96707	1	5	3	927
4.96707	3	1	3	5089
4.96807	1	3	3	633
4.96807	1	5	3	1278
4.96907	1	5	3	27
4.97007	3	2	3	4022
4.97107	1	2	3	267
4.97107	1	4	3	135
4.97107	1	5	3	1161
4.97307	1	3	3	531
4.97307	3	3	3	736
4.97407	1	5	3	273
4.97607	1	3	3	531
4.97607	1	4	3	135
4.97607	3	2	3	7768
4.97607	3	4	3	633
4.97707	1	2	3	824
4.97707	1	3	3	1612
4.97707	1	4	3	428
4.97807	1	4	3	135
4.97907	1	4	3	135
4.97907	3	3	3	1484
4.98007	1	2	3	1102
4.98007	1	3	3	2562
4.98007	1	4	3	428
4.98007	1	5	3	106
4.98107	1	2	3	1102
4.98107	1	3	3	2562
4.98107	1	4	3	575
4.98107	3	1	3	736
4.98207	1	2	3	824
4.98207	1	3	3	316
4.98207	1	4	3	428
4.98207	3	4	3	3736
4.98307	1	2	3	1102
4.98307	1	4	3	428
4.98307	1	5	3	106
4.98407	1	2	3	615
4.98407	1	4	3	428
4.98407	1	5	3	340
4.98407	3	2	3	4022
4.98507	1	4	3	428
4.98507	3	3	3	1484
4.98607	1	4	3	458
4.98607	1	5	3	340
4.98707	1	4	3	458
4.98707	1	5	3	458
4.98707	3	1	3	3717
4.98807	1	4	3	927
4.98807	3	1	3	2830
4.98907	1	4	3	326
4.99007	3	2	3	6169
4.99107	3	3	3	1484
4.99307	1	5	3	927
4.99507	1	5	3	1396
4.99607	1	5	3	637
4.99707	3	3	3	548
4.99807	3	2	3	2912
5.00007	3	1	3	736
5.00307	1	1	3	106
5.00307	1	2	3	267
5.00307	1	3	3	736
5.00307	1	4	3	106
5.00307	3	3	3	736
5.00407	3	2	3	4022
5.00607	3	4	3	531
5.00707	3	1	3	8000
5.00807	1	2	3	1102
5.00807	1	3	3	1920
5.00807	1	4	3	428
5.00807	1	5	3	106
5.00907	1	3	3	2562
5.00907	1	4	3	575
5.00907	1	5	3	340
5.00907	3	3	3	1484
5.01007	3	2	3	8052
5.01107	1	2	3	824
5.01107	1	3	3	1920
5.01107	1	4	3	428
5.01107	1	5	3	340
5.01107	3	4	3	5294
5.01207	1	2	3	824
5.01207	1	3	3	1920
5.01207	1	4	3	428
5.01207	1	5	3	340
5.01307	1	2	3	1102
5.01307	1	3	3	1142
5.01307	1	4	3	428
5.01407	1	1	3	223
5.01407	1	2	3	545
5.01407	1	4	3	428
5.01507	1	1	3	223
5.01507	1	2	3	545
5.01507	1	4	3	428
5.01507	1	5	3	340
5.01507	3	3	3	1484
5.01607	1	1	3	223
5.01607	1	2	3	545
5.01607	1	4	3	428
5.01607	3	2	3	4022
5.01707	1	1	3	223
5.01707	1	2	3	545
5.01707	1	4	3	428
5.01807	1	1	3	458
5.01807	1	2	3	999
5.01807	1	4	3	428
5.01907	1	4	3	428
5.02007	1	4	3	428
5.02107	1	4	3	428
5.02107	3	3	3	868
5.02207	1	4	3	35
5.02207	1	5	3	340
5.02207	3	2	3	4022
5.02307	1	5	3	458
5.02407	1	1	3	458
5.02407	1	5	3	458
5.02507	1	1	3	575
5.02507	3	4	3	531
5.02607	1	1	3	692
5.02607	1	5	3	575
5.02607	3	1	3	736
5.02707	1	1	3	1044
5.02807	1	1	3	927
5.02807	3	2	3	7546
5.03007	1	5	3	809
5.03107	3	1	3	4462
5.03107	3	4	3	3233
5.03207	3	1	3	3717
5.03207	3	3	3	1484
5.03207	3	4	3	2063
5.03307	3	1	3	1281
5.03407	1	1	3	694
5.03707	1	2	3	267
5.03707	1	3	3	633
5.03707	1	4	3	106
5.03707	1	5	3	575
5.03707	3	3	3	1744
5.03807	1	5	3	575
5.03907	1	5	3	458
5.04107	1	5	3	575
5.04207	1	2	3	267
5.04207	1	3	3	633
5.04207	1	4	3	106
5.04207	3	2	3	4022
5.04307	1	4	3	106
5.04407	1	1	3	223
5.04407	1	2	3	545
5.04407	1	3	3	1278
5.04407	1	4	3	223
5.04407	3	1	3	736
5.04507	1	2	3	824
5.04507	1	3	3	1920
5.04507	1	4	3	340
5.04507	1	5	3	340
5.04507	3	4	3	633
5.04607	1	2	3	545
5.04607	1	3	3	1278
5.04607	1	4	3	340
5.04707	1	2	3	545
5.04707	1	3	3	1278
5.04707	1	4	3	340
5.04707	3	2	3	6169
5.04807	1	1	3	106
5.04807	1	2	3	545
5.04807	1	3	3	1278
5.04807	1	4	3	223
5.04807	3	3	3	1744
5.04907	1	2	3	545
5.04907	1	3	3	451
5.04907	1	4	3	223
5.05007	1	1	3	223
5.05007	1	2	3	545
5.05007	1	4	3	340
5.05007	3	1	3	8000
5.05107	1	1	3	223
5.05107	1	2	3	545
5.05107	1	4	3	106
5.05207	1	1	3	223
5.05207	1	2	3	545
5.05207	1	4	3	340
5.05207	1	5	3	340
5.05307	1	2	3	128
5.05307	1	4	3	340
5.05307	1	5	3	340
5.05407	1	1	3	223
5.05407	1	4	3	340
5.05407	1	5	3	340
5.05407	3	3	3	868
5.05507	1	4	3	340
5.05507	3	2	3	2912
5.05607	1	4	3	458
5.05607	1	5	3	340
5.05607	3	4	3	6475
5.05707	1	4	3	692
5.05707	3	4	3	174
5.05807	1	1	3	458
5.05807	1	4	3	575
5.05907	1	4	3	809
5.05907	3	3	3	1744
5.06007	1	1	3	458
5.06007	1	4	3	458
5.06007	1	5	3	458
5.06107	1	1	3	458
5.06107	1	4	3	515
5.06107	3	2	3	4022
5.06207	1	1	3	458
5.06407	1	1	3	458
5.06707	1	5	3	927
5.06707	3	2	3	6169
5.06807	1	1	3	692
5.06807	1	5	3	692
5.06907	1	5	3	927
5.06907	3	1	3	736
5.07007	1	1	3	927
5.07007	3	3	3	1744
5.07007	3	4	3	633
5.07107	1	1	3	692
5.07107	1	5	3	692
5.07207	1	1	3	458
5.07407	1	2	3	267
5.07407	1	3	3	736
5.07407	1	4	3	135
5.07507	1	5	3	458
5.07507	3	1	3	7440
5.07507	3	2	3	1456
5.07507	3	3	3	868
5.07607	3	1	3	2018
5.07607	3	4	3	4491
5.07707	3	4	3	703
5.07807	1	1	3	692
5.07907	1	1	3	106
5.07907	1	2	3	267
5.07907	1	3	3	633
5.08007	1	1	3	223
5.08007	1	2	3	824
5.08007	1	3	3	1920
5.08107	1	1	3	15
5.08107	1	2	3	545
5.08107	1	3	3	1278
5.08107	3	2	3	4022
5.08107	3	3	3	1744
5.08207	1	2	3	824
5.08207	1	3	3	1920
5.08207	1	5	3	340
5.08307	1	2	3	545
5.08307	1	3	3	1278
5.08307	1	5	3	223
5.08407	1	2	3	1102
5.08407	1	3	3	2438
5.08407	1	5	3	340
5.08507	1	2	3	545
5.08507	1	4	3	282
5.08607	1	2	3	545
5.08607	1	4	3	428
5.08607	1	5	3	340
5.08607	3	2	3	4022
5.08707	1	2	3	378
5.08707	1	4	3	282
5.08807	1	4	3	428
5.08807	3	1	3	736
5.08907	1	4	3	1161
5.09007	1	4	3	575
5.09007	1	5	3	458
5.09007	3	4	3	633
5.09107	1	4	3	1015
5.09107	3	2	3	3605
5.09107	3	3	3	868
5.09207	1	4	3	1308
5.09307	1	4	3	228
5.09407	3	1	3	8929
5.09507	3	1	3	528
5.09607	3	4	3	5192
5.09707	1	5	3	1161
5.09707	3	3	3	1744
5.09807	1	5	3	1396
5.09907	1	5	3	1396
5.10007	3	2	3	4022
5.10107	1	5	3	1396
5.10307	3	3	3	1744
5.10507	1	5	3	1396
5.10607	3	2	3	6169
5.10907	3	3	3	642
5.11007	3	4	3	633
5.11207	1	2	3	267
5.11207	1	3	3	633
5.11207	1	4	3	135
5.11207	1	5	3	959
5.11307	1	5	3	1044
5.11407	1	5	3	390
5.11407	3	2	3	2912
5.11507	1	1	3	106
5.11507	3	3	3	868
5.11607	3	4	3	6647
5.11707	1	2	3	267
5.11707	1	3	3	633
5.11707	1	4	3	135
5.11807	1	3	3	633
5.11807	1	4	3	135
5.11807	3	1	3	736
5.11907	1	2	3	267
5.11907	1	3	3	633
5.11907	1	4	3	135
5.12007	1	3	3	633
5.12007	1	4	3	135
5.12007	3	2	3	4022
5.12107	1	2	3	1102
5.12107	1	3	3	2562
5.12107	1	4	3	428
5.12107	1	5	3	106
5.12207	1	2	3	267
5.12207	1	3	3	633
5.12207	1	4	3	135
5.12307	1	2	3	267
5.12307	1	3	3	736
5.12307	1	4	3	135
5.12407	1	2	3	267
5.12407	1	3	3	736
5.12407	1	4	3	135
5.12407	3	1	3	8929
5.12507	1	2	3	267
5.12507	1	3	3	633
5.12507	1	4	3	135
5.12507	3	1	3	528
5.12507	3	2	3	4022
5.12607	1	1	3	223
5.12607	1	2	3	824
5.12607	1	3	3	1747
5.12607	1	4	3	428
5.12607	3	3	3	2621
5.12707	1	1	3	223
5.12707	1	2	3	648
5.12707	1	4	3	428
5.12707	1	5	3	106
5.12807	1	1	3	223
5.12807	1	2	3	545
5.12807	1	4	3	428
5.12807	1	5	3	340
5.12907	1	1	3	223
5.12907	1	2	3	545
5.12907	1	4	3	428
5.12907	1	5	3	340
5.13007	1	1	3	223
5.13007	1	2	3	545
5.13007	1	4	3	428
5.13007	1	5	3	340
5.13107	1	2	3	1102
5.13107	1	4	3	721
5.13107	3	2	3	4022
5.13207	1	2	3	128
5.13207	1	4	3	721
5.13207	3	3	3	1744
5.13307	1	4	3	428
5.13407	1	4	3	207
5.13507	3	4	3	633
5.13607	1	1	3	458
5.13607	1	5	3	340
5.13707	1	1	3	692
5.13707	3	2	3	4022
5.13807	1	1	3	809
5.13807	3	1	3	736
5.13807	3	3	3	500
5.13907	1	1	3	1044
5.14007	1	1	3	1044
5.14107	3	4	3	7701
5.14207	1	5	3	692
5.14207	3	4	3	404
5.14307	1	5	3	575
5.14307	3	1	3	8184
5.14307	3	2	3	4022
5.14407	1	5	3	340
5.14407	3	1	3	1273
5.14507	1	5	3	340
5.14507	3	3	3	956
5.14607	1	1	3	692
5.14607	1	5	3	692
5.14707	1	1	3	692
5.14807	1	1	3	809
5.14907	1	1	3	692
5.14907	1	2	3	267
5.14907	1	3	3	736
5.14907	1	4	3	135
5.14907	3	2	3	4022
5.15007	1	1	3	1044
5.15107	3	3	3	868
5.15407	1	3	3	736
5.15407	1	4	3	135
5.15507	3	2	3	4022
5.15507	3	4	3	633
5.15607	1	1	3	223
5.15607	1	2	3	545
5.15607	1	3	3	736
5.15607	1	4	3	135
5.15607	3	1	3	736
5.15707	1	1	3	223
5.15707	1	2	3	545
5.15707	1	3	3	1484
5.15707	1	4	3	428
5.15707	1	5	3	340
5.15707	3	3	3	1920
5.15807	1	1	3	223
5.15807	1	2	3	545
5.15807	1	3	3	1484
5.15807	1	4	3	428
5.15807	1	5	3	340
5.15907	1	1	3	223
5.15907	1	2	3	545
5.15907	1	3	3	1484
5.15907	1	4	3	472
5.15907	1	5	3	340
5.16007	1	1	3	143
5.16007	1	2	3	545
5.16007	1	3	3	1484
5.16007	1	4	3	472
5.16007	1	5	3	340
5.16007	3	2	3	4022
5.16107	1	2	3	545
5.16107	1	3	3	1484
5.16107	1	4	3	472
5.16107	1	5	3	340
5.16107	3	4	3	7701
5.16207	1	2	3	545
5.16207	1	3	3	580
5.16207	1	4	3	472
5.16207	3	1	3	3633
5.16207	3	4	3	1860
5.16307	1	2	3	545
5.16307	1	4	3	472
5.16307	3	3	3	956
5.16407	1	2	3	545
5.16407	1	4	3	472
5.16507	1	2	3	545
5.16507	1	4	3	472
5.16607	1	2	3	545
5.16607	1	4	3	472
5.16607	3	2	3	4022
5.16707	1	2	3	1102
5.16707	1	4	3	795
5.16807	1	2	3	1102
5.16807	1	4	3	795
5.16907	1	4	3	683
5.16907	3	3	3	1920
5.17007	1	2	3	298
5.17107	3	2	3	7489
5.17207	1	5	3	458
5.17307	1	5	3	575
5.17407	1	5	3	1396
5.17507	1	5	3	1396
5.17507	3	3	3	550
5.17507	3	4	3	633
5.17607	1	5	3	1396
5.17907	3	2	3	2912
5.18007	1	5	3	1278
5.18107	3	1	3	736
5.18107	3	4	3	7059
5.18207	3	3	3	956
5.18207	3	4	3	1046
5.18507	1	4	3	150
5.18507	3	2	3	4022
5.18607	3	1	3	5089
5.18607	3	3	3	1744
5.18707	1	1	3	106
5.18707	1	2	3	267
5.18707	1	3	3	736
5.18707	1	5	3	1044
5.18707	3	3	3	168
5.18807	1	5	3	575
5.18907	1	5	3	339
5.19107	3	2	3	8052
5.19207	1	2	3	267
5.19207	1	3	3	736
5.19307	1	2	3	1102
5.19307	1	3	3	2228
5.19407	1	2	3	1102
5.19407	1	3	3	2228
5.19507	1	2	3	1656
5.19507	1	3	3	3717
5.19507	3	4	3	633
5.19607	1	2	3	545
5.19607	1	3	3	555
5.19607	1	4	3	472
5.19707	1	2	3	267
5.19707	1	4	3	150
5.19707	3	2	3	3941
5.19707	3	3	3	956
5.19807	1	1	3	223
5.19807	1	2	3	545
5.19807	1	4	3	150
5.19907	1	1	3	223
5.19907	1	2	3	692
5.19907	1	4	3	150
5.19907	3	1	3	736
5.20007	1	1	3	340
5.20007	1	2	3	1044
5.20007	1	4	3	472
5.20007	1	5	3	106
5.20107	1	1	3	223
5.20107	1	2	3	692
5.20107	1	4	3	472
5.20207	1	1	3	458
5.20207	1	2	3	1102
5.20207	1	4	3	633
5.20207	3	4	3	7059
5.20307	1	2	3	934
5.20307	1	4	3	472
5.20307	1	5	3	340
5.20307	3	4	3	2502
5.20407	1	4	3	472
5.20407	1	5	3	340
5.20507	1	4	3	633
5.20507	3	1	3	5089
5.20507	3	2	3	4022
5.20607	1	4	3	472
5.20607	1	5	3	340
5.20707	1	4	3	472
5.20707	1	5	3	340
5.20807	1	1	3	458
5.20807	1	4	3	795
5.20807	3	3	3	2621
5.20907	1	1	3	458
5.20907	1	4	3	795
5.21007	1	1	3	458
5.21007	1	4	3	633
5.21007	1	5	3	458
5.21107	1	1	3	458
5.21107	1	4	3	795
5.21107	3	2	3	8052
5.21207	1	1	3	458
5.21207	1	4	3	472
5.21307	1	4	3	112
5.21407	3	3	3	868
5.21507	3	4	3	633
5.21707	3	2	3	3941
5.21807	1	1	3	692
5.21807	1	5	3	692
5.21907	1	1	3	692
5.21907	1	5	3	692
5.21907	3	3	3	1288
5.22007	1	1	3	927
5.22107	1	1	3	692
5.22107	1	5	3	692
5.22107	3	4	3	7701
5.22207	1	1	3	692
5.22207	1	5	3	692
5.22207	3	4	3	1860
5.22307	3	1	3	736
5.22507	1	2	3	340
5.22507	1	3	3	736
5.22507	1	4	3	150
5.22507	1	5	3	106
5.22507	3	2	3	4022
5.22707	3	3	3	868
5.22807	1	1	3	692
5.22907	1	1	3	692
5.22907	3	1	3	6544
5.23007	1	1	3	458
5.23007	1	3	3	2228
5.23007	1	4	3	472
5.23107	1	1	3	223
5.23107	1	3	3	1407
5.23107	1	4	3	311
5.23107	3	2	3	8052
5.23207	1	1	3	223
5.23207	1	4	3	472
5.23207	3	3	3	868
5.23307	1	4	3	472
5.23307	1	5	3	340
5.23407	1	4	3	795
5.23507	1	4	3	795
5.23507	3	4	3	633
5.23607	1	2	3	1396
5.23607	1	4	3	472
5.23607	1	5	3	340
5.23707	1	2	3	1396
5.23707	1	4	3	472
5.23707	1	5	3	340
5.23707	3	2	3	4022
5.23807	1	1	3	340
5.23807	1	2	3	1044
5.23807	1	4	3	472
5.23807	3	3	3	1744
5.23907	1	1	3	50
5.23907	1	2	3	1044
5.23907	1	4	3	472
5.23907	1	5	3	340
5.24007	1	2	3	1396
5.24007	1	4	3	633
5.24007	1	5	3	340
5.24107	1	2	3	824
5.24107	1	4	3	472
5.24107	3	4	3	7701
5.24207	1	2	3	824
5.24207	1	4	3	472
5.24207	3	4	3	1860
5.24307	1	2	3	488
5.24307	1	4	3	376
5.24307	3	1	3	736
5.24307	3	2	3	4022
5.24807	1	5	3	927
5.24807	3	1	3	5089
5.24807	3	2	3	8052
5.24907	3	3	3	1744
5.25107	1	5	3	1396
5.25207	1	5	3	1396
5.25407	1	5	3	1277
5.25407	3	2	3	3862
5.25507	1	1	3	106
5.25507	1	5	3	1278
5.25507	3	4	3	633
5.25807	1	2	3	267
5.25807	1	3	3	736
5.25807	1	4	3	150
5.26007	1	5	3	106
5.26007	3	3	3	2228
5.26107	1	1	3	106
5.26107	3	4	3	7701
5.26207	3	2	3	4022
5.26207	3	4	3	1860
5.26307	1	1	3	340
5.26307	1	2	3	824
5.26307	1	3	3	2228
5.26307	1	4	3	472
5.26507	1	1	3	223
5.26507	1	2	3	824
5.26507	1	3	3	2228
5.26507	1	4	3	472
5.26607	3	1	3	736
5.26607	3	3	3	1149
5.26707	1	1	3	223
5.26707	1	2	3	824
5.26707	1	3	3	637
5.26707	1	4	3	472
5.26707	1	5	3	223
5.26707	3	2	3	6169
5.26807	1	2	3	545
5.26807	1	4	3	311
5.26807	1	5	3	340
5.26907	1	1	3	223
5.26907	1	2	3	545
5.26907	1	4	3	472
5.26907	1	5	3	340
5.27007	1	2	3	1102
5.27007	1	4	3	472
5.27107	1	1	3	340
5.27107	1	2	3	824
5.27107	1	4	3	472
5.27107	1	5	3	340
5.27107	3	1	3	5089
5.27207	1	2	3	1102
5.27207	1	4	3	633
5.27207	3	3	3	868
5.27307	1	1	3	340
5.27307	1	2	3	824
5.27307	1	4	3	472
5.27407	1	2	3	1102
5.27407	1	4	3	472
5.27507	1	1	3	458
5.27507	1	2	3	1102
5.27507	1	5	3	340
5.27507	3	2	3	4022
5.27507	3	4	3	633
5.27607	1	2	3	331
5.27607	1	4	3	472
5.27707	1	1	3	458
5.27707	1	4	3	472
5.27707	3	3	3	1744
5.27807	1	4	3	472
5.27807	3	3	3	256
5.27907	1	1	3	340
5.27907	1	4	3	472
5.28007	1	4	3	472
5.28007	1	5	3	340
5.28007	3	2	3	6169
5.28107	1	1	3	458
5.28107	1	4	3	795
5.28207	1	4	3	633
5.28207	1	5	3	458
5.28207	3	4	3	3736
5.28307	1	1	3	458
5.28307	1	4	3	114
5.28307	1	5	3	458
5.28307	3	3	3	868
5.28407	1	5	3	575
5.28507	1	1	3	458
5.28607	1	5	3	458
5.28707	1	1	3	809
5.28707	3	3	3	566
5.28807	3	2	3	1456
5.28907	1	1	3	809
5.28907	3	1	3	736
5.28907	3	3	3	868
5.29107	1	1	3	927
5.29307	1	1	3	927
5.29407	1	5	3	458
5.29407	3	1	3	6544
5.29507	1	1	3	809
5.29507	3	2	3	4022
5.29507	3	3	3	566
5.29607	3	4	3	633
5.29707	1	1	3	458
5.29707	1	2	3	267
5.29707	1	3	3	736
5.29707	1	4	3	150
5.29707	1	5	3	575
5.29807	1	5	3	458
5.29907	1	1	3	927
5.29907	3	3	3	868
5.30007	1	5	3	575
5.30007	3	2	3	3258
5.30107	1	1	3	692
5.30107	1	5	3	692
5.30207	1	2	3	267
5.30207	1	3	3	736
5.30207	1	4	3	150
5.30207	3	3	3	566
5.30207	3	4	3	5192
5.30307	1	1	3	223
5.30307	1	2	3	545
5.30307	1	3	3	1484
5.30307	1	4	3	311
5.30507	1	1	3	223
5.30507	1	2	3	545
5.30507	1	3	3	1484
5.30507	1	4	3	150
5.30507	3	3	3	1432
5.30707	1	1	3	223
5.30707	1	2	3	545
5.30707	1	3	3	1392
5.30707	1	4	3	150
5.30707	3	1	3	736
5.30807	1	2	3	545
5.30807	1	4	3	311
5.30807	3	2	3	4022
5.30907	1	1	3	140
5.30907	1	2	3	545
5.30907	1	4	3	472
5.30907	1	5	3	340
5.31007	1	2	3	545
5.31007	1	4	3	150
5.31107	1	2	3	545
5.31107	1	4	3	311
5.31207	1	2	3	1102
5.31207	1	4	3	472
5.31207	1	5	3	340
5.31207	3	1	3	8000
5.31307	1	2	3	824
5.31307	1	4	3	472
5.31307	1	5	3	340
5.31407	1	2	3	824
5.31407	1	4	3	472
5.31407	3	2	3	3258
5.31507	1	2	3	1102
5.31507	1	4	3	472
5.31507	1	5	3	340
5.31607	1	2	3	1102
5.31607	1	4	3	472
5.31607	1	5	3	340
5.31607	3	3	3	868
5.31607	3	4	3	633
5.31707	1	2	3	917
5.31707	1	4	3	795
5.31807	1	4	3	472
5.31907	1	4	3	795
5.32007	1	4	3	472
5.32107	1	4	3	795
5.32107	3	3	3	868
5.32207	1	4	3	1440
5.32207	3	2	3	2912
5.32207	3	4	3	5192
5.32307	1	4	3	948
5.32407	1	5	3	692
5.32707	1	5	3	692
5.32707	3	1	3	736
5.32707	3	3	3	1744
5.32807	1	5	3	1396
5.32807	3	2	3	4022
5.33007	1	5	3	1396
5.33107	1	5	3	1396
5.33207	3	1	3	7440
5.33307	3	1	3	2018
5.33407	3	2	3	4022
5.33707	1	1	3	106
5.33707	1	2	3	267
5.33707	1	3	3	736
5.33707	1	4	3	135
5.33807	3	3	3	1484
5.33907	1	5	3	1396
5.34007	1	5	3	558
5.34007	3	2	3	3605
5.34107	3	4	3	531
5.34207	1	2	3	1102
5.34207	1	3	3	2562
5.34207	1	4	3	472
5.34307	1	2	3	824
5.34307	1	3	3	1920
5.34307	1	4	3	472
5.34407	3	3	3	1484
5.34507	1	2	3	545
5.34507	1	3	3	1278
5.34507	1	4	3	472
5.34507	3	1	3	736
5.34607	1	2	3	824
5.34607	1	3	3	791
5.34607	1	4	3	472
5.34607	1	5	3	340
5.34707	1	2	3	1102
5.34707	1	4	3	633
5.34707	3	4	3	6749
5.34807	1	1	3	223
5.34807	1	2	3	545
5.34807	1	4	3	472
5.34807	3	2	3	4022
5.35007	1	1	3	223
5.35007	1	2	3	545
5.35007	1	4	3	150
5.35007	3	3	3	1484
5.35107	1	1	3	340
5.35107	1	2	3	824
5.35107	1	4	3	472
5.35107	3	1	3	5089
5.35207	1	1	3	458
5.35207	1	2	3	1102
5.35207	1	4	3	472
5.35207	1	5	3	106
5.35307	1	2	3	1102
5.35307	1	4	3	472
5.35407	1	1	3	223
5.35407	1	2	3	1381
5.35407	1	4	3	795
5.35407	3	2	3	4022
5.35507	1	2	3	53
5.35507	1	5	3	575
5.35607	1	4	3	472
5.35607	3	3	3	1484
5.35707	1	4	3	472
5.35807	1	4	3	633
5.35807	1	5	3	340
5.35907	1	4	3	575
5.35907	1	5	3	575
5.36007	1	1	3	458
5.36007	1	4	3	575
5.36007	1	5	3	458
5.36007	3	2	3	4022
5.36107	1	1	3	458
5.36107	1	4	3	633
5.36107	1	5	3	458
5.36207	1	1	3	692
5.36207	1	4	3	795
5.36207	3	1	3	736
5.36207	3	3	3	622
5.36307	1	1	3	458
5.36307	1	4	3	586
5.36407	1	1	3	458
5.36607	3	2	3	3952
5.36607	3	4	3	633
5.36707	1	5	3	340
5.36707	3	1	3	8929
5.36807	3	1	3	528
5.36907	3	3	3	736
5.37007	1	1	3	927
5.37107	1	1	3	927
5.37207	1	1	3	1044
5.37207	3	4	3	5192
5.37307	1	1	3	313
5.37307	1	5	3	692
5.37407	1	5	3	575
5.37507	1	5	3	458
5.37507	3	2	3	4022
5.37507	3	3	3	1484
5.37607	1	2	3	267
5.37607	1	3	3	736
5.37607	1	4	3	135
5.37607	1	5	3	106
5.38007	3	2	3	6169
5.38107	1	2	3	1102
5.38107	1	3	3	2973
5.38107	1	4	3	472
5.38107	3	1	3	736
5.38107	3	3	3	1484
5.38207	1	2	3	824
5.38207	1	3	3	2118
5.38207	1	4	3	472
5.38207	1	5	3	340
5.38307	1	2	3	545
5.38307	1	4	3	472
5.38407	1	2	3	1102
5.38407	1	4	3	472
5.38607	1	2	3	1102
5.38607	1	4	3	472
5.38607	3	1	3	8184
5.38607	3	4	3	633
5.38707	1	1	3	106
5.38707	1	2	3	1102
5.38707	1	4	3	633
5.38707	3	1	3	1273
5.38707	3	3	3	1484
5.38807	1	2	3	1102
5.38807	1	4	3	633
5.38807	1	5	3	458
5.38807	3	2	3	2912
5.38907	1	2	3	1102
5.38907	1	4	3	633
5.38907	1	5	3	458
5.39007	1	2	3	1102
5.39007	1	4	3	633
5.39007	1	5	3	458
5.39107	1	1	3	340
5.39107	1	2	3	824
5.39107	1	4	3	472
5.39107	1	5	3	340
5.39207	1	2	3	40
5.39207	1	4	3	575
5.39207	3	4	3	5192
5.39307	1	1	3	223
5.39307	1	4	3	472
5.39307	3	3	3	1484
5.39407	1	1	3	223
5.39407	1	4	3	472
5.39507	1	1	3	223
5.39507	1	4	3	472
5.39507	3	2	3	4022
5.39607	1	4	3	795
5.39707	1	1	3	351
5.39707	1	4	3	483
5.39707	1	5	3	458
5.39907	3	3	3	498
5.40107	3	2	3	7625
5.40307	1	5	3	927
5.40407	1	5	3	1396
5.40507	1	5	3	1396
5.40507	3	1	3	736
5.40607	1	5	3	809
5.40607	3	3	3	736
5.40907	1	5	3	869
5.40907	3	2	3	2912
5.41107	1	1	3	106
5.41107	1	2	3	267
5.41107	1	3	3	736
5.41107	1	4	3	150
5.41107	3	1	3	6695
5.41107	3	3	3	1484
5.41107	3	4	3	531
5.41207	1	1	3	692
5.41207	1	5	3	692
5.41207	3	1	3	1307
5.41307	1	1	3	458
5.41407	1	1	3	106
5.41507	3	2	3	4022
5.41607	1	2	3	545
5.41607	1	3	3	736
5.41607	1	4	3	150
5.41607	3	3	3	1484
5.41707	3	4	3	6475
5.41807	1	2	3	545
5.41807	1	3	3	1484
5.41807	1	4	3	472
5.41807	1	5	3	106
5.41807	3	4	3	276
5.42007	1	2	3	545
5.42007	1	3	3	2228
5.42007	1	4	3	472
5.42007	1	5	3	340
5.42107	1	1	3	102
5.42107	1	2	3	545
5.42107	1	3	3	648
5.42107	1	4	3	472
5.42107	1	5	3	340
5.42107	3	2	3	8052
5.42207	1	2	3	545
5.42207	1	4	3	150
5.42207	3	3	3	598
5.42307	1	2	3	1102
5.42307	1	4	3	472
5.42407	1	2	3	288
5.42407	1	4	3	472
5.42407	1	5	3	340
5.42407	3	1	3	736
5.42507	1	4	3	472
5.42607	1	4	3	472
5.42707	1	4	3	633
5.42707	1	5	3	340
5.42707	3	2	3	3941
5.42807	1	4	3	1278
5.42807	3	3	3	736
5.42907	1	4	3	1278
5.43007	1	4	3	1278
5.43007	3	1	3	8929
5.43107	1	4	3	1440
5.43107	3	1	3	528
5.43107	3	4	3	633
5.43207	1	4	3	561
5.43307	1	5	3	692
5.43407	3	3	3	1484
5.43507	1	5	3	1278
5.43507	3	2	3	4022
5.43607	1	5	3	809
5.44007	3	3	3	1484
5.44107	3	2	3	8052
5.44207	1	5	3	1396
5.44207	3	4	3	6475
5.44307	3	4	3	1630
5.44407	1	5	3	847
5.44407	3	1	3	736
5.44507	1	4	3	150
5.44607	1	1	3	106
5.44607	1	2	3	267
5.44607	1	3	3	736
5.44607	3	2	3	3941
5.44607	3	3	3	1484
5.45007	1	4	3	956
5.45007	1	5	3	692
5.45007	3	1	3	5089
5.45107	1	2	3	1102
5.45107	1	3	3	2973
5.45107	1	4	3	472
5.45207	3	3	3	548
5.45307	1	2	3	1102
5.45307	1	3	3	2973
5.45307	1	4	3	633
5.45407	1	2	3	267
5.45407	1	4	3	150
5.45507	1	2	3	545
5.45507	1	3	3	602
5.45507	1	4	3	311
5.45507	3	2	3	4022
5.45607	1	2	3	1102
5.45607	1	4	3	472
5.45607	1	5	3	106
5.45607	3	4	3	531
5.45707	1	1	3	458
5.45707	1	2	3	824
5.45707	1	4	3	472
5.45807	1	1	3	223
5.45807	1	2	3	545
5.45807	1	4	3	472
5.45807	1	5	3	340
5.45807	3	3	3	868
5.45907	1	1	3	340
5.45907	1	2	3	86
5.45907	1	4	3	472
5.45907	1	5	3	340
5.46007	1	1	3	223
5.46007	1	4	3	311
5.46107	1	1	3	458
5.46107	1	4	3	472
5.46107	3	2	3	6169
5.46207	1	4	3	472
5.46207	1	5	3	340
5.46207	3	4	3	6475
5.46307	1	4	3	35
5.46307	3	4	3	3187
5.46407	3	1	3	736
5.46507	1	5	3	340
5.46707	1	1	3	927
5.46807	1	1	3	1044
5.46907	1	1	3	1044
5.46907	3	2	3	2912
5.46907	3	3	3	2228
5.47007	1	1	3	1019
5.47007	3	1	3	5089
5.47107	1	5	3	692
5.47307	1	5	3	340
5.47407	1	3	3	736
5.47407	1	4	3	150
5.47507	3	2	3	4022
5.47507	3	3	3	1203
5.47607	3	4	3	531
5.47707	1	1	3	692
5.47707	1	2	3	267
5.47707	1	5	3	575
5.47907	1	4	3	956
5.47907	1	5	3	575
5.48007	1	1	3	106
5.48007	1	4	3	956
5.48007	1	5	3	575
5.48007	3	2	3	4022
5.48107	1	1	3	340
5.48107	1	4	3	472
5.48107	3	3	3	736
5.48207	1	4	3	150
5.48207	3	4	3	5936
5.48307	1	1	3	340
5.48307	1	2	3	824
5.48307	1	4	3	472
5.48307	3	4	3	2271
5.48407	1	1	3	223
5.48407	1	2	3	545
5.48407	1	4	3	472
5.48507	1	2	3	545
5.48507	1	3	3	1484
5.48507	1	4	3	311
5.48607	1	2	3	545
5.48607	1	3	3	1484
5.48607	1	4	3	311
5.48607	1	5	3	340
5.48607	3	2	3	4022
5.48707	1	1	3	223
5.48707	1	2	3	545
5.48707	1	3	3	1484
5.48707	1	4	3	150
5.48707	3	3	3	1484
5.48807	1	2	3	545
5.48807	1	3	3	1484
5.48807	1	4	3	311
5.48807	1	5	3	340
5.48907	1	3	3	1484
5.48907	1	4	3	311
5.48907	3	1	3	868
5.49007	1	1	3	223
5.49007	1	2	3	545
5.49007	1	3	3	592
5.49007	1	4	3	150
5.49107	1	1	3	223
5.49107	1	2	3	545
5.49107	1	4	3	472
5.49107	3	2	3	4022
5.49207	1	2	3	545
5.49207	1	4	3	208
5.49207	1	5	3	340
5.49307	1	1	3	223
5.49307	1	2	3	393
5.49407	1	1	3	223
5.49407	1	5	3	340
5.49507	1	5	3	340
5.49507	3	1	3	6412
5.49507	3	4	3	531
5.49707	1	1	3	116
5.49707	3	2	3	4022
5.49807	3	3	3	2973
5.50107	1	1	3	223
5.50107	1	5	3	1161
5.50107	3	4	3	6475
5.50207	3	4	3	3187
5.50307	1	1	3	223
5.50307	1	5	3	1161
5.50307	3	2	3	4022
5.50407	1	3	3	736
5.50407	3	3	3	540
5.50707	1	1	3	106
5.50707	1	2	3	267
5.50707	1	4	3	150
5.50707	1	5	3	1044
5.50907	1	1	3	458
5.50907	1	3	3	2973
5.50907	1	5	3	458
5.50907	3	2	3	4022
5.51007	1	1	3	458
5.51007	1	3	3	2973
5.51007	1	5	3	458
5.51107	1	1	3	106
5.51107	1	3	3	736
5.51107	3	3	3	736
5.51207	1	3	3	736
5.51207	1	4	3	150
5.51307	1	3	3	736
5.51307	1	4	3	150
5.51407	1	2	3	545
5.51407	1	3	3	736
5.51407	1	4	3	150
5.51507	1	2	3	545
5.51507	1	3	3	578
5.51507	3	2	3	4022
5.51507	3	4	3	531
5.51607	1	2	3	545
5.51607	1	4	3	472
5.51607	1	5	3	340
5.51707	1	2	3	267
5.51707	1	4	3	150
5.51707	3	3	3	1484
5.51807	1	1	3	223
5.51807	1	2	3	545
5.51807	1	4	3	311
5.51807	1	5	3	340
5.51907	1	1	3	223
5.51907	1	2	3	545
5.51907	1	4	3	311
5.51907	3	1	3	868
5.52007	1	1	3	223
5.52007	1	2	3	824
5.52007	1	4	3	472
5.52007	3	2	3	4022
5.52107	1	1	3	340
5.52107	1	2	3	824
5.52107	1	4	3	472
5.52207	1	1	3	340
5.52207	1	2	3	824
5.52207	1	4	3	472
5.52207	1	5	3	340
5.52207	3	4	3	6475
5.52307	1	2	3	1102
5.52307	1	4	3	472
5.52307	3	3	3	1484
5.52307	3	4	3	3187
5.52407	1	2	3	469
5.52407	1	4	3	472
5.52407	1	5	3	340
5.52507	1	4	3	472
5.52507	1	5	3	340
5.52507	3	1	3	4957
5.52607	1	4	3	472
5.52607	3	2	3	4022
5.52707	1	4	3	472
5.52807	1	1	3	458
5.52807	1	4	3	472
5.52807	3	3	3	1484
5.52907	1	1	3	458
5.52907	1	4	3	795
5.53007	1	1	3	458
5.53007	1	4	3	429
5.53107	1	1	3	458
5.53107	1	5	3	458
5.53207	1	1	3	458
5.53207	3	2	3	4022
5.53307	1	5	3	458
5.53307	3	3	3	548
5.53607	3	4	3	531
5.53707	1	5	3	927
5.53807	1	1	3	927
5.53807	3	2	3	4022
5.53907	1	1	3	692
5.53907	1	5	3	692
5.54007	1	1	3	106
5.54007	1	5	3	1278
5.54007	3	3	3	736
5.54107	1	1	3	809
5.54207	1	1	3	458
5.54207	3	4	3	6475
5.54307	3	4	3	3187
5.54407	3	1	3	736
5.54407	3	2	3	4022
5.54607	1	2	3	267
5.54607	1	3	3	736
5.54607	1	4	3	150
5.54607	1	5	3	223
5.54607	3	3	3	1484
5.54807	1	1	3	573
5.54807	1	5	3	692
5.54907	3	1	3	5089
5.55007	3	2	3	4022
5.55107	1	2	3	545
5.55107	1	3	3	2228
5.55107	1	4	3	472
5.55207	1	2	3	545
5.55207	1	3	3	1484
5.55207	1	4	3	472
5.55207	1	5	3	340
5.55207	3	3	3	1484
5.55407	1	2	3	545
5.55407	1	3	3	1484
5.55407	1	4	3	150
5.55507	1	2	3	545
5.55507	1	3	3	2228
5.55507	1	4	3	472
5.55507	1	5	3	340
5.55607	1	2	3	545
5.55607	1	4	3	472
5.55607	3	2	3	7768
5.55707	1	2	3	545
5.55707	1	3	3	585
5.55707	1	4	3	472
5.55807	1	2	3	545
5.55807	1	4	3	150
5.55807	3	3	3	1484
5.55907	1	2	3	824
5.55907	1	4	3	472
5.55907	1	5	3	340
5.56007	1	2	3	936
5.56007	1	4	3	472
5.56107	1	4	3	472
5.56107	1	5	3	340
5.56107	3	4	3	531
5.56207	1	4	3	795
5.56307	1	4	3	472
5.56307	1	5	3	340
5.56407	1	4	3	357
5.56407	3	2	3	2912
5.56407	3	3	3	548
5.56707	1	5	3	692
5.56707	3	4	3	6475
5.56807	3	4	3	3187
5.57007	1	5	3	1396
5.57007	3	2	3	4022
5.57007	3	3	3	736
5.57307	3	1	3	868
5.57407	1	5	3	1396
5.57507	3	2	3	7625
5.57607	1	2	3	267
5.57607	1	3	3	736
5.57607	1	4	3	150
5.57607	1	5	3	1044
5.57607	3	3	3	1484
5.57807	1	5	3	1396
5.57807	3	1	3	6412
5.58007	1	5	3	913
5.58107	3	4	3	531
5.58207	1	1	3	106
5.58207	1	2	3	545
5.58207	1	3	3	2228
5.58207	1	4	3	472
5.58207	3	3	3	1484
5.58307	3	2	3	4022
5.58507	1	4	3	150
5.58607	1	2	3	824
5.58607	1	3	3	2228
5.58607	1	4	3	472
5.58607	1	5	3	340
5.58707	1	2	3	545
5.58707	1	3	3	2228
5.58707	1	4	3	472
5.58807	3	2	3	4022
5.58807	3	3	3	1484
5.58907	1	2	3	1102
5.58907	1	3	3	2778
5.58907	1	4	3	472
5.58907	1	5	3	106
5.59007	1	4	3	150
5.59107	1	2	3	824
5.59107	1	4	3	472
5.59207	1	2	3	824
5.59207	1	4	3	472
5.59207	3	4	3	3838
5.59307	1	1	3	223
5.59307	1	2	3	545
5.59307	1	4	3	472
5.59307	1	5	3	340
5.59307	3	2	3	7972
5.59407	1	1	3	223
5.59407	1	2	3	364
5.59407	1	4	3	472
5.59407	3	3	3	548
5.59507	1	1	3	340
5.59507	1	5	3	340
5.59607	1	1	3	340
5.59607	1	4	3	472
5.59707	1	1	3	340
5.59707	1	4	3	472
5.59707	1	5	3	340
5.59807	1	4	3	633
5.59907	1	4	3	49
5.60007	3	3	3	106
5.60107	1	5	3	575
5.60107	3	2	3	4022
5.60207	3	1	3	868
5.60307	1	1	3	927
5.60307	1	4	3	150
5.60407	1	1	3	692
5.60407	1	5	3	692
5.60507	1	1	3	1044
5.60507	3	3	3	1484
5.60607	1	1	3	809
5.60607	3	2	3	4022
5.60607	3	3	3	1278
5.60607	3	4	3	340
5.60707	1	1	3	800
5.60807	1	4	3	150
5.60807	3	1	3	7868
5.61007	1	2	3	267
5.61007	1	3	3	633
5.61007	1	5	3	106
5.61107	3	2	3	7972
5.61207	1	5	3	340
5.61207	3	4	3	5250
5.61307	1	4	3	633
5.61307	1	5	3	458
5.61407	1	4	3	795
5.61407	3	4	3	237
5.61507	1	2	3	1102
5.61507	1	3	3	2562
5.61507	1	4	3	472
5.61507	3	3	3	736
5.61607	1	2	3	824
5.61607	1	3	3	1920
5.61607	1	4	3	472
5.61607	1	5	3	340
5.61707	1	2	3	824
5.61707	1	3	3	1920
5.61707	1	4	3	472
5.61807	1	2	3	545
5.61807	1	3	3	633
5.61807	1	4	3	150
5.61907	1	2	3	824
5.61907	1	3	3	1920
5.61907	1	4	3	472
5.61907	1	5	3	340
5.61907	3	2	3	2912
5.62007	1	2	3	1102
5.62007	1	3	3	615
5.62007	1	4	3	472
5.62107	1	2	3	824
5.62107	1	4	3	150
5.62107	3	3	3	1484
5.62207	1	2	3	824
5.62307	1	2	3	162
5.62507	1	5	3	575
5.62507	3	2	3	4022
5.62607	3	4	3	428
5.62707	1	5	3	1278
5.62707	3	1	3	736
5.62707	3	3	3	1484
5.62807	1	5	3	1396
5.63107	1	5	3	1396
5.63107	3	2	3	8052
5.63207	3	1	3	5250
5.63207	3	4	3	2621
5.63307	3	1	3	4207
5.63307	3	3	3	1484
5.63307	3	4	3	2184
5.63407	1	2	3	267
5.63407	1	3	3	633
5.63407	1	4	3	150
5.63407	3	4	3	596
5.63707	3	2	3	4022
5.63807	3	3	3	548
5.63907	1	2	3	824
5.63907	1	3	3	1920
5.63907	1	4	3	472
5.63907	1	5	3	340
5.64007	1	1	3	106
5.64007	1	2	3	545
5.64007	1	3	3	1920
5.64007	1	4	3	472
5.64007	1	5	3	340
5.64207	1	2	3	824
5.64207	1	3	3	1920
5.64207	1	4	3	472
5.64207	1	5	3	340
5.64207	3	2	3	4022
5.64307	1	2	3	824
5.64307	1	3	3	1920
5.64307	1	4	3	472
5.64307	1	5	3	340
5.64407	1	2	3	824
5.64407	1	3	3	1888
5.64407	1	4	3	472
5.64507	1	2	3	545
5.64507	1	4	3	472
5.64507	3	3	3	736
5.64607	1	2	3	824
5.64607	1	4	3	472
5.64607	1	5	3	340
5.64707	1	2	3	824
5.64707	1	4	3	472
5.64707	3	2	3	6090
5.64707	3	4	3	428
5.64807	1	2	3	824
5.64807	1	4	3	472
5.64907	1	4	3	1278
5.65007	1	2	3	1102
5.65007	1	4	3	795
5.65107	1	1	3	340
5.65107	1	2	3	531
5.65107	1	4	3	472
5.65107	3	1	3	868
5.65107	3	3	3	868
5.65207	1	1	3	340
5.65207	1	4	3	472
5.65307	1	1	3	340
5.65307	1	4	3	472
5.65307	3	4	3	5250
5.65407	1	1	3	338
5.65407	1	4	3	472
5.65407	1	5	3	340
5.65407	3	4	3	1605
5.65507	1	1	3	458
5.65507	1	4	3	409
5.65507	1	5	3	340
5.65507	3	2	3	4022
5.65607	3	1	3	7868
5.65707	1	5	3	575
5.65707	3	3	3	1744
5.65807	1	5	3	575
5.66107	1	1	3	692
5.66107	1	5	3	692
5.66107	3	2	3	6169
5.66207	1	1	3	809
5.66307	1	1	3	809
5.66407	1	1	3	1044
5.66507	1	1	3	1044
5.66707	3	4	3	531
5.66807	3	3	3	2386
5.66907	1	3	3	633
5.66907	1	4	3	150
5.66907	1	5	3	106
5.67007	1	2	3	267
5.67007	1	5	3	223
5.67007	3	1	3	736
5.67107	1	1	3	692
5.67207	1	1	3	290
5.67207	1	5	3	692
5.67307	1	5	3	692
5.67307	3	4	3	5294
5.67407	1	3	3	2562
5.67407	1	4	3	472
5.67507	1	2	3	824
5.67507	1	3	3	1920
5.67507	3	2	3	4022
5.67507	3	3	3	868
5.67607	1	2	3	545
5.67607	1	3	3	1278
5.67607	1	4	3	150
5.67607	1	5	3	106
5.67607	3	1	3	8929
5.67707	3	1	3	528
5.67807	1	2	3	545
5.67807	1	3	3	633
5.67807	1	4	3	150
5.67807	1	5	3	106
5.67907	1	4	3	150
5.68007	1	2	3	545
5.68007	1	3	3	1278
5.68007	1	4	3	472
5.68007	3	2	3	3258
5.68107	1	2	3	648
5.68107	1	3	3	1899
5.68107	1	4	3	472
5.68107	3	3	3	1484
5.68207	1	2	3	428
5.68207	1	4	3	311
5.68307	1	2	3	1102
5.68307	1	4	3	472
5.68407	1	2	3	545
5.68507	1	2	3	648
5.68507	1	4	3	472
5.68507	1	5	3	340
5.68607	1	2	3	868
5.68607	1	4	3	795
5.68607	3	3	3	736
5.68707	1	2	3	868
5.68707	1	4	3	633
5.68707	1	5	3	458
5.68807	1	2	3	1308
5.68807	1	4	3	795
5.68807	3	2	3	2912
5.68907	1	2	3	868
5.68907	1	4	3	633
5.68907	1	5	3	458
5.69007	1	2	3	211
5.69007	1	4	3	795
5.69007	3	1	3	736
5.69107	1	4	3	633
5.69107	1	5	3	458
5.69207	1	4	3	633
5.69207	3	3	3	1744
5.69307	1	4	3	633
5.69307	1	5	3	458
5.69307	3	4	3	531
5.69407	1	4	3	956
5.69507	1	4	3	453
5.69507	3	2	3	2912
5.69607	3	1	3	8929
5.69707	3	1	3	528
5.69907	3	4	3	5294
5.70007	1	5	3	1396
5.70207	1	5	3	1396
5.70207	3	2	3	2912
5.70307	3	3	3	1484
5.70407	1	5	3	1396
5.70607	1	5	3	1396
5.70807	1	2	3	208
5.70807	1	3	3	633
5.70807	1	4	3	150
5.70807	1	5	3	1044
5.70907	3	2	3	2912
5.70907	3	3	3	1484
5.71307	1	2	3	208
5.71307	1	3	3	633
5.71307	1	4	3	150
5.71307	3	4	3	531
5.71407	1	2	3	868
5.71407	1	3	3	2562
5.71407	1	4	3	472
5.71507	3	3	3	1484
5.71607	3	2	3	2912
5.71707	1	2	3	868
5.71707	1	3	3	545
5.71707	1	4	3	472
5.71707	1	5	3	340
5.71807	1	2	3	208
5.71807	1	4	3	150
5.71907	1	2	3	868
5.71907	1	4	3	472
5.71907	1	5	3	340
5.71907	3	4	3	6475
5.72007	1	2	3	868
5.72007	1	4	3	633
5.72007	1	5	3	458
5.72007	3	4	3	276
5.72107	1	2	3	868
5.72107	1	4	3	633
5.72107	1	5	3	458
5.72107	3	3	3	754
5.72207	1	2	3	1102
5.72207	1	4	3	795
5.72207	3	2	3	2912
5.72307	1	2	3	1102
5.72307	1	4	3	633
5.72307	1	5	3	458
5.72407	1	2	3	1102
5.72407	1	4	3	795
5.72507	1	2	3	488
5.72507	1	4	3	633
5.72507	3	1	3	736
5.72607	1	4	3	633
5.72707	1	4	3	795
5.72807	1	4	3	633
5.72807	3	3	3	736
5.72907	1	4	3	717
5.73007	3	1	3	8184
5.73007	3	2	3	4022
5.73107	3	1	3	1273
5.73207	1	5	3	692
5.73307	3	4	3	531
5.73407	1	5	3	1396
5.73407	3	3	3	1484
5.73507	1	5	3	1396
5.73607	1	5	3	725
5.73607	3	2	3	1803
5.73907	3	4	3	6475
5.74007	1	5	3	1278
5.74007	3	3	3	1484
5.74007	3	4	3	1732
5.74207	1	1	3	106
5.74207	1	2	3	208
5.74207	1	3	3	633
5.74407	3	2	3	4022
5.74507	1	4	3	150
5.74507	3	3	3	1484
5.74707	1	2	3	1381
5.74707	1	3	3	3204
5.74707	1	5	3	106
5.74907	1	2	3	1656
5.74907	1	3	3	1990
5.74907	1	5	3	223
5.75007	1	4	3	150
5.75007	3	2	3	3258
5.75007	3	3	3	548
5.75107	1	2	3	1381
5.75107	1	4	3	795
5.75107	1	5	3	223
5.75207	1	2	3	868
5.75207	1	4	3	472
5.75307	1	1	3	458
5.75307	1	2	3	648
5.75307	1	4	3	472
5.75307	1	5	3	223
5.75307	3	1	3	736
5.75307	3	4	3	531
5.75407	1	1	3	458
5.75407	1	2	3	824
5.75407	1	4	3	472
5.75507	1	1	3	458
5.75507	1	2	3	824
5.75507	1	5	3	340
5.75607	1	1	3	458
5.75607	1	2	3	824
5.75607	1	4	3	472
5.75707	1	1	3	458
5.75707	1	2	3	1102
5.75707	1	4	3	472
5.75707	3	3	3	736
5.75807	1	2	3	496
5.75807	1	4	3	472
5.75807	3	1	3	8184
5.75807	3	2	3	4022
5.75907	1	4	3	472
5.75907	3	1	3	1273
5.75907	3	4	3	4315
5.76007	1	4	3	472
5.76007	3	4	3	5348
5.76107	1	4	3	472
5.76207	1	4	3	472
5.76207	1	5	3	340
5.76307	1	1	3	575
5.76307	1	4	3	795
5.76307	3	3	3	868
5.76407	1	1	3	458
5.76407	1	4	3	633
5.76407	1	5	3	458
5.76407	3	2	3	4714
5.76507	1	1	3	458
5.76507	1	4	3	795
5.76607	1	1	3	458
5.76607	1	4	3	633
5.76607	1	5	3	458
5.76707	1	1	3	458
5.76707	1	4	3	795
5.76807	1	4	3	762
5.76907	3	3	3	1484
5.77007	1	5	3	458
5.77107	3	1	3	736
5.77207	3	2	3	4022
5.77307	1	1	3	692
5.77307	1	5	3	692
5.77307	3	4	3	531
5.77407	1	1	3	809
5.77507	1	1	3	927
5.77507	3	3	3	1744
5.77607	1	1	3	927
5.77707	1	1	3	608
5.77707	1	5	3	692
5.77707	3	1	3	3633
5.77807	3	2	3	4022
5.77907	1	5	3	575
5.77907	3	4	3	7701
5.78007	3	4	3	506
5.78107	1	5	3	458
5.78407	3	2	3	4022
5.78507	1	5	3	1396
5.78607	3	3	3	1744
5.78807	1	5	3	692
5.79007	3	2	3	3952
5.79107	3	1	3	736
5.79207	1	1	3	106
5.79207	1	2	3	267
5.79207	1	3	3	633
5.79207	1	4	3	150
5.79207	1	5	3	927
5.79307	3	4	3	633
5.79407	1	1	3	1278
5.79607	1	1	3	692
5.79607	1	5	3	692
5.79607	3	1	3	5089
5.79707	1	2	3	208
5.79707	1	3	3	633
5.79707	1	4	3	150
5.79707	3	3	3	3457
5.79807	1	1	3	223
5.79807	1	2	3	428
5.79807	1	3	3	633
5.79807	1	4	3	150
5.79807	3	2	3	4022
5.79907	1	5	3	106
5.79907	3	4	3	7701
5.80007	1	1	3	223
5.80007	1	2	3	428
5.80007	1	3	3	1278
5.80007	1	4	3	472
5.80007	1	5	3	340
5.80007	3	4	3	1860
5.80207	1	1	3	106
5.80207	1	2	3	208
5.80207	1	3	3	633
5.80207	1	4	3	150
5.80307	1	2	3	428
5.80307	1	3	3	1278
5.80307	1	4	3	472
5.80307	1	5	3	340
5.80407	1	1	3	223
5.80407	1	2	3	648
5.80407	1	3	3	748
5.80407	1	4	3	472
5.80407	3	2	3	4022
5.80507	1	2	3	428
5.80507	1	4	3	472
5.80607	1	1	3	223
5.80607	1	2	3	428
5.80607	1	4	3	150
5.80707	1	2	3	428
5.80707	1	4	3	472
5.80707	1	5	3	340
5.80807	1	1	3	223
5.80807	1	2	3	428
5.80807	1	4	3	472
5.80907	1	4	3	1278
5.80907	3	3	3	736
5.81007	1	1	3	340
5.81007	1	2	3	648
5.81007	1	4	3	472
5.81007	3	1	3	736
5.81007	3	2	3	4022
5.81107	1	2	3	868
5.81107	1	4	3	472
5.81107	1	5	3	340
5.81207	1	1	3	340
5.81207	1	2	3	648
5.81207	1	4	3	472
5.81307	1	2	3	868
5.81307	1	4	3	472
5.81307	3	4	3	633
5.81407	1	1	3	340
5.81407	1	2	3	648
5.81407	1	4	3	472
5.81407	1	5	3	340
5.81507	1	2	3	648
5.81507	1	4	3	472
5.81507	1	5	3	340
5.81507	3	1	3	5089
5.81507	3	3	3	868
5.81607	1	1	3	340
5.81607	1	2	3	648
5.81607	1	4	3	472
5.81607	3	2	3	4022
5.81707	1	2	3	648
5.81707	1	4	3	472
5.81807	1	1	3	340
5.81807	1	2	3	279
5.81807	1	4	3	472
5.81807	1	5	3	340
5.81907	1	4	3	472
5.81907	3	4	3	7701
5.82007	1	4	3	633
5.82007	3	4	3	1860
5.82107	3	3	3	1484
5.82207	1	1	3	458
5.82207	1	5	3	340
5.82207	3	2	3	4022
5.82407	1	1	3	458
5.82507	1	1	3	1044
5.82607	1	1	3	692
5.82607	1	5	3	692
5.82707	3	3	3	1484
5.82807	1	1	3	1044
5.82807	3	1	3	736
5.82807	3	2	3	4022
5.82907	1	5	3	927
5.83007	1	5	3	340
5.83207	1	1	3	1044
5.83307	1	5	3	340
5.83307	3	1	3	6544
5.83307	3	3	3	1164
5.83307	3	4	3	736
5.83407	1	1	3	458
5.83407	3	2	3	4022
5.83507	1	1	3	692
5.83507	1	2	3	208
5.83507	1	3	3	633
5.83607	1	1	3	575
5.83607	1	4	3	150
5.83707	1	5	3	340
5.83807	1	1	3	927
5.83907	3	3	3	868
5.83907	3	4	3	8184
5.84007	1	2	3	545
5.84007	1	3	3	633
5.84007	3	2	3	4022
5.84007	3	4	3	1273
5.84107	1	2	3	545
5.84107	1	3	3	1278
5.84107	1	4	3	311
5.84107	1	5	3	106
5.84207	1	1	3	223
5.84207	1	2	3	545
5.84207	1	3	3	1278
5.84207	1	4	3	472
5.84307	1	4	3	150
5.84407	1	1	3	223
5.84407	1	2	3	545
5.84407	1	3	3	1278
5.84407	1	4	3	472
5.84407	1	5	3	340
5.84407	3	3	3	868
5.84507	1	1	3	223
5.84507	1	2	3	428
5.84507	1	3	3	1278
5.84507	1	4	3	472
5.84507	1	5	3	340
5.84507	3	2	3	4022
5.84607	1	1	3	100
5.84607	1	2	3	648
5.84607	1	3	3	914
5.84607	1	4	3	472
5.84607	3	1	3	736
5.84707	1	2	3	428
5.84707	1	4	3	472
5.84807	1	2	3	428
5.84807	1	4	3	472
5.84807	1	5	3	340
5.84907	1	2	3	428
5.84907	1	4	3	472
5.85007	1	2	3	428
5.85007	1	4	3	472
5.85007	3	2	3	7489
5.85107	1	2	3	868
5.85107	1	4	3	795
5.85207	1	2	3	648
5.85207	1	4	3	472
5.85207	1	5	3	340
5.85207	3	1	3	5089
5.85307	1	2	3	868
5.85307	1	4	3	472
5.85307	3	4	3	736
5.85407	1	2	3	868
5.85407	1	4	3	633
5.85507	1	2	3	868
5.85507	1	4	3	795
5.85507	3	3	3	2564
5.85607	1	2	3	868
5.85607	1	4	3	633
5.85607	1	5	3	458
5.85707	1	2	3	62
5.85707	1	4	3	472
5.85807	1	4	3	795
5.85807	3	2	3	2912
5.85907	1	4	3	633
5.85907	1	5	3	458
5.85907	3	4	3	8929
5.86007	1	4	3	170
5.86007	1	5	3	458
5.86007	3	4	3	528
5.86207	3	3	3	736
5.86307	1	5	3	692
5.86407	3	2	3	4022
5.86607	3	1	3	736
5.86607	3	3	3	1484
5.86707	1	5	3	1396
5.86807	3	3	3	648
5.87007	3	2	3	8052
5.87107	1	5	3	1396
5.87107	3	1	3	5089
5.87107	3	3	3	1432
5.87307	1	2	3	208
5.87307	1	3	3	633
5.87307	1	4	3	150
5.87307	3	4	3	736
5.87507	1	5	3	1396
5.87607	3	2	3	3941
5.87807	1	1	3	106
5.87807	1	2	3	428
5.87807	1	3	3	1920
5.87807	1	4	3	472
5.87807	1	5	3	340
5.87907	1	2	3	648
5.87907	1	3	3	1920
5.87907	1	4	3	472
5.87907	1	5	3	340
5.87907	3	4	3	3633
5.88207	1	2	3	648
5.88207	1	3	3	1356
5.88207	1	4	3	472
5.88207	1	5	3	340
5.88307	1	2	3	428
5.88307	1	4	3	472
5.88407	1	2	3	648
5.88407	1	4	3	472
5.88407	3	2	3	4022
5.88407	3	3	3	736
5.88607	1	2	3	868
5.88607	1	4	3	633
5.88607	1	5	3	458
5.88707	1	2	3	868
5.88707	1	4	3	795
5.88807	1	2	3	868
5.88807	1	4	3	795
5.88907	1	1	3	458
5.88907	1	4	3	633
5.88907	3	1	3	736
5.88907	3	2	3	6169
5.89007	1	1	3	340
5.89007	1	2	3	648
5.89007	1	4	3	472
5.89007	1	5	3	340
5.89007	3	3	3	1484
5.89107	1	1	3	223
5.89107	1	2	3	648
5.89107	1	4	3	472
5.89207	1	1	3	340
5.89207	1	2	3	648
5.89207	1	4	3	472
5.89307	1	1	3	340
5.89307	1	2	3	648
5.89307	1	4	3	472
5.89307	1	5	3	340
5.89307	3	4	3	736
5.89407	1	2	3	428
5.89407	1	4	3	472
5.89407	1	5	3	340
5.89407	3	1	3	6544
5.89507	1	2	3	648
5.89507	1	4	3	472
5.89607	1	2	3	648
5.89607	1	4	3	472
5.89607	3	3	3	1484
5.89707	1	2	3	296
5.89707	1	4	3	472
5.89707	1	5	3	340
5.89707	3	2	3	2912
5.89807	1	4	3	472
5.89907	1	1	3	340
5.89907	1	4	3	472
5.89907	3	4	3	5089
5.90007	1	4	3	146
5.90107	1	1	3	458
5.90107	1	5	3	340
5.90207	1	1	3	458
5.90207	3	3	3	1484
5.90307	1	1	3	458
5.90307	3	2	3	4022
5.90507	1	1	3	692
5.90507	1	5	3	692
5.90807	1	5	3	927
5.90807	3	1	3	736
5.90807	3	3	3	548
5.90907	1	1	3	692
5.90907	1	5	3	692
5.90907	3	2	3	4022
5.91107	1	1	3	1044
5.91207	1	1	3	458
5.91207	1	2	3	208
5.91207	1	3	3	633
5.91207	1	4	3	150
5.91207	1	5	3	575
5.91307	1	1	3	458
5.91307	3	1	3	8000
5.91307	3	4	3	736
5.91407	3	3	3	736
5.91507	1	1	3	575
5.91507	3	2	3	4022
5.91607	1	5	3	340
5.91707	1	2	3	208
5.91707	1	3	3	633
5.91707	1	4	3	150
5.91807	1	2	3	428
5.91807	1	3	3	1278
5.91807	1	4	3	311
5.91807	1	5	3	106
5.91907	1	1	3	106
5.91907	1	2	3	208
5.91907	1	3	3	633
5.91907	1	4	3	150
5.91907	3	4	3	5089
5.92007	1	4	3	150
5.92007	3	3	3	1484
5.92107	1	1	3	223
5.92107	1	2	3	428
5.92107	1	3	3	1278
5.92107	1	4	3	472
5.92107	3	2	3	4022
5.92207	1	1	3	223
5.92207	1	2	3	428
5.92207	1	3	3	1278
5.92207	1	4	3	150
5.92307	1	1	3	223
5.92307	1	2	3	648
5.92307	1	3	3	103
5.92307	1	4	3	472
5.92407	1	2	3	428
5.92407	1	4	3	472
5.92407	1	5	3	340
5.92507	1	1	3	223
5.92507	1	2	3	428
5.92507	1	4	3	472
5.92507	1	5	3	340
5.92607	1	2	3	428
5.92607	1	4	3	472
5.92607	3	1	3	736
5.92607	3	2	3	4022
5.92607	3	3	3	1484
5.92707	1	2	3	548
5.92707	1	4	3	472
5.92707	1	5	3	340
5.92807	1	4	3	499
5.92907	1	1	3	340
5.93107	1	5	3	340
5.93107	3	1	3	8184
5.93107	3	2	3	4022
5.93207	3	1	3	1273
5.93207	3	3	3	1484
5.93307	1	5	3	927
5.93507	1	1	3	458
5.93707	3	2	3	4022
5.93807	3	3	3	548
5.93807	3	4	3	736
5.93907	1	5	3	1396
5.94007	1	5	3	927
5.94107	1	1	3	106
5.94207	1	1	3	458
5.94207	1	2	3	208
5.94207	1	3	3	633
5.94207	1	4	3	150
5.94207	1	5	3	575
5.94307	1	1	3	458
5.94307	3	2	3	4022
5.94407	3	1	3	736
5.94407	3	3	3	736
5.94407	3	4	3	6544
5.94507	1	1	3	458
5.94607	1	5	3	1278
5.94707	1	2	3	208
5.94707	1	3	3	633
5.94707	1	4	3	150
5.94807	1	2	3	428
5.94807	1	3	3	1278
5.94807	1	4	3	311
5.94807	1	5	3	223
5.94907	3	1	3	6695
5.94907	3	2	3	4022
5.94907	3	3	3	1484
5.95007	3	1	3	1307
5.95107	1	4	3	150
5.95207	1	1	3	223
5.95207	1	2	3	428
5.95207	1	3	3	1278
5.95207	1	4	3	150
5.95307	1	1	3	223
5.95307	1	2	3	428
5.95307	1	3	3	1920
5.95307	1	4	3	472
5.95407	1	1	3	223
5.95407	1	2	3	648
5.95407	1	3	3	1548
5.95407	1	4	3	472
5.95407	3	2	3	4022
5.95507	1	1	3	223
5.95507	1	2	3	428
5.95507	1	4	3	472
5.95507	1	5	3	340
5.95507	3	3	3	1484
5.95607	1	4	3	150
5.95707	1	2	3	428
5.95707	1	4	3	472
5.95707	1	5	3	340
5.95807	1	2	3	428
5.95807	1	4	3	472
5.95807	3	4	3	736
5.95907	1	2	3	868
5.95907	1	4	3	472
5.95907	1	5	3	340
5.96007	1	2	3	868
5.96007	1	4	3	472
5.96007	3	2	3	4022
5.96107	1	1	3	340
5.96107	1	2	3	478
5.96107	1	4	3	472
5.96107	1	5	3	340
5.96107	3	3	3	1484
5.96207	1	1	3	340
5.96207	1	4	3	472
5.96307	1	1	3	340
5.96307	1	4	3	472
5.96307	1	5	3	340
5.96407	1	1	3	340
5.96407	1	4	3	75
5.96407	3	4	3	5089
5.96507	1	1	3	340
5.96607	3	2	3	4022
5.96707	3	1	3	736
5.96707	3	3	3	548
5.97007	1	5	3	1044
5.97107	1	1	3	1044
5.97107	3	2	3	4022
5.97207	1	1	3	692
5.97207	1	5	3	692
5.97207	3	1	3	8929
5.97307	1	1	3	1044
5.97307	3	1	3	528
5.97407	1	1	3	692
5.97407	1	5	3	692
5.97407	3	3	3	736
5.97507	1	1	3	223
5.97507	1	3	3	633
5.97607	1	2	3	208
5.97607	1	4	3	150
5.97607	1	5	3	106
5.97707	3	2	3	4022
5.97807	1	5	3	340
5.97807	3	4	3	736
5.98007	3	3	3	1484
5.98107	1	1	3	223
5.98107	1	2	3	648
5.98107	1	3	3	1920
5.98107	1	4	3	472
5.98207	1	1	3	223
5.98207	1	2	3	428
5.98207	1	3	3	633
5.98207	1	4	3	150
5.98307	1	1	3	223
5.98307	1	2	3	428
5.98307	1	3	3	1278
5.98307	1	4	3	472
5.98307	3	2	3	7768
5.98407	1	1	3	223
5.98407	1	2	3	428
5.98407	1	3	3	633
5.98407	1	4	3	150
5.98407	3	4	3	5089
5.98507	1	1	3	223
5.98507	1	2	3	428
5.98507	1	3	3	1278
5.98507	1	4	3	472
5.98507	1	5	3	340
5.98607	1	2	3	648
5.98607	1	3	3	1920
5.98607	1	4	3	472
5.98607	3	3	3	1484
5.98707	1	2	3	428
5.98707	1	3	3	455
5.98707	1	4	3	472
5.98707	1	5	3	340
5.98807	1	2	3	428
5.98807	1	4	3	472
5.98907	1	2	3	428
5.98907	1	4	3	472
5.98907	1	5	3	340
5.99007	1	2	3	428
5.99007	1	4	3	472
5.99107	1	1	3	223
5.99107	1	2	3	648
5.99107	1	4	3	164
5.99107	1	5	3	340
5.99107	3	1	3	736
5.99107	3	2	3	2912
5.99207	1	1	3	340
5.99207	1	2	3	272
5.99207	3	3	3	1484
5.99307	1	1	3	340
5.99307	1	5	3	340
5.99607	3	1	3	8929
5.99707	3	1	3	528
5.99707	3	2	3	4022
5.99807	3	3	3	1484
5.99807	3	4	3	736
6.00007	1	5	3	927
6.00107	1	1	3	1044
6.00207	1	5	3	1396
6.00307	3	2	3	7625
6.00307	3	3	3	498
6.00407	1	1	3	106
6.00407	1	3	3	633
6.00407	1	5	3	1161
6.00407	3	4	3	6544
6.00507	1	1	3	340
6.00507	1	4	3	150
6.00607	1	5	3	340
6.00807	1	1	3	692
6.00807	1	5	3	692
6.00907	1	3	3	633
6.01007	1	4	3	150
6.01107	1	1	3	340
6.01107	1	3	3	1920
6.01107	1	4	3	472
6.01107	3	2	3	4022
6.01107	3	3	3	736
6.01407	1	4	3	150
6.01507	1	1	3	403
6.01507	1	3	3	2155
6.01507	1	5	3	340
6.01507	3	1	3	736
6.01607	1	3	3	1612
6.01607	1	4	3	472
6.01607	3	2	3	6169
6.01707	1	3	3	1612
6.01707	1	4	3	472
6.01707	1	5	3	340
6.01707	3	3	3	1484
6.01807	1	3	3	1073
6.01807	1	4	3	311
6.01907	1	3	3	567
6.01907	1	4	3	472
6.01907	1	5	3	340
6.02007	1	4	3	472
6.02107	1	4	3	472
6.02107	1	5	3	340
6.02207	1	4	3	472
6.02307	1	4	3	633
6.02307	1	5	3	458
6.02307	3	3	3	1484
6.02307	3	4	3	736
6.02407	1	4	3	956
6.02407	3	2	3	2912
6.02507	1	4	3	196
6.02607	3	1	3	8929
6.02707	3	1	3	528
6.02807	3	3	3	1484
6.02907	3	4	3	8000
6.03007	1	5	3	1396
6.03007	3	2	3	4022
6.03207	1	5	3	1396
6.03507	3	2	3	7625
6.03507	3	3	3	548
6.03607	1	5	3	1396
6.03807	1	2	3	208
6.03807	1	3	3	531
6.03807	1	4	3	150
6.03807	1	5	3	1044
6.03907	1	1	3	106
6.03907	1	5	3	1278
6.04107	3	3	3	736
6.04307	1	2	3	208
6.04307	1	3	3	531
6.04307	1	4	3	150
6.04307	3	2	3	4022
6.04507	1	2	3	648
6.04507	1	3	3	1612
6.04507	1	4	3	472
6.04507	1	5	3	340
6.04507	3	1	3	736
6.04707	1	2	3	648
6.04707	1	3	3	1612
6.04707	1	4	3	472
6.04707	1	5	3	340
6.04707	3	3	3	1484
6.04807	1	2	3	208
6.04807	1	3	3	531
6.04807	1	4	3	150
6.04807	3	4	3	736
6.04907	3	2	3	6169
6.05007	1	1	3	223
6.05007	1	2	3	428
6.05007	1	3	3	1073
6.05007	1	4	3	472
6.05107	1	1	3	223
6.05107	1	2	3	428
6.05107	1	3	3	1073
6.05107	1	4	3	472
6.05107	1	5	3	340
6.05107	3	1	3	8929
6.05207	1	1	3	223
6.05207	1	2	3	428
6.05207	1	3	3	1073
6.05207	1	4	3	472
6.05207	3	1	3	528
6.05307	1	1	3	223
6.05307	1	2	3	428
6.05307	1	3	3	716
6.05307	1	4	3	472
6.05307	1	5	3	340
6.05307	3	3	3	1484
6.05407	1	1	3	223
6.05407	1	2	3	428
6.05407	1	4	3	472
6.05407	1	5	3	340
6.05407	3	4	3	8929
6.05507	1	2	3	428
6.05507	1	4	3	472
6.05507	3	4	3	528
6.05607	1	2	3	428
6.05607	1	4	3	472
6.05707	1	2	3	428
6.05707	1	4	3	472
6.05707	3	2	3	4022
6.05807	1	2	3	868
6.05807	1	4	3	472
6.05907	1	2	3	868
6.05907	1	4	3	210
6.06007	1	2	3	230
6.06007	1	5	3	340
6.06007	3	3	3	1484
6.06107	1	1	3	340
6.06207	1	1	3	340
6.06207	1	5	3	340
6.06307	1	1	3	458
6.06307	3	2	3	4022
6.06407	1	1	3	809
6.06507	1	1	3	1044
6.06607	1	5	3	1044
6.06607	3	3	3	1484
6.06807	1	5	3	927
6.06907	1	5	3	575
6.06907	3	2	3	4022
6.07007	3	1	3	633
6.07107	1	1	3	340
6.07207	1	1	3	1044
6.07207	3	3	3	498
6.07307	1	1	3	458
6.07307	3	4	3	633
6.07407	1	1	3	809
6.07507	1	1	3	458
6.07507	1	2	3	208
6.07507	1	3	3	531
6.07507	1	5	3	575
6.07507	3	2	3	4022
6.07607	3	1	3	3736
6.07707	1	4	3	150
6.07707	1	5	3	223
6.07807	1	5	3	809
6.07807	3	3	3	736
6.07907	1	1	3	458
6.07907	3	4	3	7701
6.08007	3	4	3	404
6.08107	1	1	3	340
6.08107	1	2	3	648
6.08107	1	3	3	1612
6.08107	1	5	3	340
6.08107	3	2	3	4022
6.08207	1	1	3	223
6.08207	1	2	3	428
6.08207	1	3	3	1612
6.08207	1	4	3	472
6.08307	1	1	3	223
6.08307	1	2	3	208
6.08307	1	3	3	531
6.08307	1	4	3	150
6.08407	1	2	3	428
6.08407	1	3	3	1073
6.08407	1	4	3	311
6.08407	1	5	3	223
6.08407	3	3	3	1484
6.08507	1	1	3	223
6.08507	1	2	3	428
6.08507	1	3	3	1073
6.08507	1	4	3	472
6.08507	1	5	3	340
6.08607	1	2	3	428
6.08607	1	3	3	1073
6.08607	1	4	3	311
6.08607	3	2	3	4022
6.08707	1	2	3	428
6.08707	1	3	3	1612
6.08707	1	4	3	472
6.08807	1	2	3	208
6.08807	1	3	3	531
6.08807	1	4	3	150
6.08907	1	1	3	223
6.08907	1	2	3	428
6.08907	1	3	3	562
6.08907	1	4	3	472
6.09007	1	2	3	428
6.09007	1	4	3	472
6.09007	3	1	3	736
6.09007	3	3	3	1484
6.09107	1	1	3	223
6.09107	1	2	3	428
6.09107	1	4	3	472
6.09207	1	1	3	223
6.09207	1	2	3	428
6.09207	1	4	3	472
6.09207	1	5	3	340
6.09207	3	2	3	4022
6.09307	1	1	3	223
6.09307	1	2	3	428
6.09307	1	4	3	472
6.09307	1	5	3	340
6.09307	3	4	3	633
6.09407	1	2	3	300
6.09407	1	4	3	472
6.09507	1	1	3	340
6.09507	1	4	3	472
6.09507	3	1	3	5089
6.09607	1	4	3	62
6.09607	1	5	3	340
6.09607	3	3	3	1484
6.09807	3	2	3	4022
6.09907	1	1	3	458
6.09907	1	5	3	458
6.09907	3	4	3	7701
6.10007	1	5	3	927
6.10007	3	4	3	1860
6.10107	1	1	3	1044
6.10207	1	1	3	182
6.10207	1	5	3	692
6.10207	3	3	3	548
6.10407	3	2	3	4022
6.10807	1	5	3	340
6.10807	3	3	3	736
6.11007	3	2	3	7489
6.11107	1	5	3	692
6.11307	3	4	3	633
6.11407	3	3	3	1484
6.11507	1	5	3	1396
6.11707	1	5	3	1396
6.11807	3	2	3	2912
6.11907	1	5	3	1396
6.11907	3	1	3	736
6.11907	3	4	3	7059
6.12007	3	3	3	1484
6.12007	3	4	3	2502
6.12107	1	1	3	106
6.12107	1	2	3	208
6.12107	1	3	3	531
6.12107	1	4	3	150
6.12307	1	1	3	692
6.12307	1	5	3	692
6.12407	3	1	3	5089
6.12407	3	2	3	4022
6.12507	3	3	3	1484
6.12607	1	2	3	545
6.12607	1	3	3	1612
6.12607	1	4	3	472
6.12607	1	5	3	340
6.12907	1	1	3	223
6.12907	1	3	3	1612
6.12907	1	4	3	472
6.12907	1	5	3	340
6.13007	3	2	3	8052
6.13007	3	3	3	548
6.13107	1	1	3	223
6.13107	1	2	3	428
6.13107	1	3	3	1073
6.13107	1	4	3	472
6.13207	1	1	3	223
6.13207	1	2	3	428
6.13207	1	3	3	1073
6.13207	1	4	3	472
6.13207	1	5	3	340
6.13307	1	1	3	223
6.13307	1	2	3	428
6.13307	1	3	3	531
6.13307	1	4	3	150
6.13307	3	4	3	633
6.13407	1	2	3	428
6.13407	1	3	3	1073
6.13407	1	4	3	472
6.13507	1	1	3	223
6.13507	1	2	3	428
6.13507	1	3	3	1073
6.13507	1	4	3	472
6.13507	1	5	3	340
6.13507	3	2	3	3941
6.13607	1	2	3	545
6.13607	1	3	3	1073
6.13607	1	4	3	472
6.13707	1	2	3	545
6.13707	1	3	3	559
6.13707	1	4	3	472
6.13707	3	1	3	736
6.13807	1	2	3	545
6.13807	1	4	3	472
6.13807	1	5	3	340
6.13807	3	3	3	736
6.13907	1	1	3	223
6.13907	1	2	3	545
6.13907	1	4	3	472
6.13907	3	4	3	7701
6.14007	1	2	3	545
6.14007	1	4	3	311
6.14007	3	4	3	1860
6.14107	1	1	3	223
6.14107	1	2	3	230
6.14107	1	4	3	472
6.14107	1	5	3	340
6.14207	1	1	3	340
6.14207	1	4	3	472
6.14307	1	1	3	340
6.14307	1	4	3	472
6.14307	3	1	3	6544
6.14307	3	2	3	4022
6.14407	1	4	3	472
6.14407	1	5	3	340
6.14507	1	1	3	458
6.14507	1	4	3	95
6.14507	3	3	3	1484
6.14707	1	5	3	575
6.14907	1	1	3	927
6.14907	3	2	3	8052
6.15007	1	5	3	927
6.15107	1	1	3	1044
6.15107	3	3	3	1484
6.15207	1	1	3	809
6.15307	1	1	3	692
6.15307	1	5	3	692
6.15507	1	1	3	340
6.15507	3	2	3	3941
6.15607	1	2	3	267
6.15607	1	5	3	223
6.15607	3	1	3	736
6.15707	3	3	3	1484
6.15807	1	5	3	575
6.15807	3	4	3	531
6.16107	1	2	3	1656
6.16207	1	2	3	1656
6.16207	1	3	3	531
6.16207	1	5	3	575
6.16207	3	1	3	5089
6.16307	1	2	3	1935
6.16307	3	2	3	4022
6.16307	3	3	3	1484
6.16407	3	4	3	6475
6.16507	1	2	3	1656
6.16507	1	5	3	692
6.16507	3	4	3	3187
6.16607	1	2	3	120
6.16707	1	3	3	1612
6.16807	1	3	3	1612
6.16807	1	4	3	150
6.16807	3	2	3	8052
6.16907	1	3	3	2155
6.16907	1	5	3	458
6.16907	3	3	3	498
6.17007	1	3	3	2694
6.17107	1	1	3	5
6.17107	1	3	3	1597
6.17107	1	5	3	692
6.17307	1	4	3	633
6.17307	1	5	3	458
6.17407	1	4	3	1117
6.17507	1	4	3	472
6.17507	3	2	3	4022
6.17507	3	3	3	736
6.17607	1	4	3	795
6.17707	1	4	3	956
6.17707	1	5	3	575
6.17807	1	4	3	1278
6.17807	3	4	3	531
6.17907	1	4	3	437
6.18007	1	5	3	692
6.18007	3	2	3	4022
6.18107	3	1	3	736
6.18107	3	3	3	1484
6.18407	1	5	3	1396
6.18407	3	4	3	3838
6.18607	1	5	3	1396
6.18607	3	1	3	5089
6.18607	3	2	3	8052
6.18707	1	5	3	1396
6.18707	3	3	3	1484
6.18807	1	5	3	1396
6.19007	1	5	3	377
6.19207	3	2	3	3862
6.19307	3	3	3	1484
6.19407	1	2	3	208
6.19407	1	3	3	531
6.19407	1	4	3	150
6.19807	3	4	3	531
6.19907	1	2	3	648
6.19907	1	3	3	1612
6.19907	1	4	3	472
6.19907	1	5	3	340
6.19907	3	3	3	548
6.20007	1	2	3	868
6.20007	1	3	3	2155
6.20007	1	4	3	472
6.20007	1	5	3	106
6.20007	3	2	3	4022
6.20107	1	2	3	648
6.20107	1	3	3	1612
6.20107	1	4	3	472
6.20107	1	5	3	340
6.20207	1	2	3	648
6.20207	1	3	3	1612
6.20207	1	4	3	472
6.20207	1	5	3	340
6.20307	1	2	3	648
6.20307	1	3	3	1612
6.20307	1	4	3	472
6.20307	1	5	3	340
6.20407	1	2	3	648
6.20407	1	3	3	1069
6.20407	1	4	3	472
6.20407	3	4	3	5294
6.20507	1	2	3	868
6.20507	1	4	3	472
6.20507	3	3	3	736
6.20607	1	2	3	648
6.20607	1	4	3	472
6.20607	3	2	3	4022
6.20707	1	2	3	648
6.20707	1	4	3	472
6.20807	1	2	3	648
6.20807	1	4	3	472
6.20907	1	4	3	1278
6.20907	3	1	3	736
6.21007	1	2	3	1308
6.21007	1	4	3	795
6.21107	1	2	3	324
6.21107	1	4	3	795
6.21107	3	2	3	4022
6.21107	3	3	3	1484
6.21207	1	4	3	795
6.21307	1	4	3	233
6.21307	1	5	3	458
6.21407	1	5	3	458
6.21507	1	5	3	575
6.21607	1	5	3	692
6.21607	3	2	3	3880
6.21707	1	5	3	665
6.21707	3	3	3	1484
6.22007	3	1	3	6544
6.22307	3	3	3	1484
6.22307	3	4	3	340
6.22407	3	2	3	1440
6.22607	1	1	3	106
6.22607	1	2	3	208
6.22607	1	3	3	531
6.22607	1	4	3	150
6.22807	3	3	3	548
6.22907	1	5	3	106
6.22907	3	4	3	5485
6.23007	1	5	3	1396
6.23107	1	2	3	428
6.23107	1	3	3	1612
6.23107	1	4	3	472
6.23107	1	5	3	340
6.23207	1	2	3	648
6.23207	1	3	3	1612
6.23207	1	4	3	472
6.23207	1	5	3	340
6.23307	1	2	3	868
6.23307	1	3	3	619
6.23307	1	4	3	472
6.23307	1	5	3	340
6.23407	1	2	3	1308
6.23407	1	4	3	795
6.23407	3	1	3	736
6.23507	1	2	3	1308
6.23507	1	5	3	575
6.23507	3	3	3	736
6.23707	1	1	3	223
6.23707	1	2	3	428
6.23707	1	4	3	472
6.23807	1	1	3	223
6.23807	1	2	3	648
6.23807	1	4	3	472
6.23907	1	1	3	458
6.23907	1	2	3	868
6.23907	1	4	3	472
6.24007	1	1	3	223
6.24007	1	2	3	428
6.24007	1	4	3	472
6.24007	3	1	3	8000
6.24107	3	3	3	1484
6.24207	1	2	3	868
6.24207	1	4	3	472
6.24307	1	2	3	868
6.24307	1	4	3	472
6.24307	3	4	3	531
6.24407	1	2	3	428
6.24407	1	4	3	472
6.24407	1	5	3	340
6.24507	1	2	3	428
6.24507	1	4	3	472
6.24607	1	1	3	340
6.24607	1	2	3	488
6.24607	1	4	3	472
6.24607	1	5	3	340
6.24607	3	3	3	1484
6.24707	1	1	3	340
6.24707	1	4	3	472
6.24707	1	5	3	340
6.24807	1	1	3	340
6.24807	1	4	3	472
6.24807	1	5	3	340
6.24907	1	1	3	340
6.24907	1	4	3	472
6.24907	3	4	3	6475
6.25007	1	1	3	340
6.25007	1	4	3	472
6.25007	1	5	3	340
6.25007	3	4	3	276
6.25107	1	4	3	956
6.25207	1	4	3	777
6.25207	3	3	3	1484
6.25607	1	1	3	458
6.25607	1	5	3	458
6.25707	1	1	3	692
6.25707	1	5	3	692
6.25807	1	1	3	692
6.25807	1	5	3	692
6.25807	3	3	3	548
6.25907	1	1	3	692
6.25907	1	5	3	692
6.25907	3	1	3	736
6.26007	1	1	3	692
6.26007	1	5	3	692
6.26507	3	1	3	8184
6.26507	3	3	3	736
6.26607	1	1	3	692
6.26607	1	5	3	692
6.26607	3	1	3	1273
6.26707	1	1	3	692
6.26707	1	5	3	692
6.26807	1	1	3	692
6.26807	1	5	3	653
6.26907	1	1	3	458
6.26907	1	2	3	208
6.26907	1	3	3	531
6.26907	1	4	3	150
6.26907	3	4	3	428
6.27007	1	1	3	81
6.27007	1	5	3	692
6.27107	3	3	3	1484
6.27407	1	3	3	531
6.27407	1	4	3	150
6.27507	3	4	3	5397
6.27607	1	2	3	648
6.27607	1	3	3	1612
6.27607	1	4	3	472
6.27607	1	5	3	106
6.27707	1	2	3	428
6.27707	1	3	3	1073
6.27707	1	4	3	311
6.27707	3	3	3	1484
6.27807	1	2	3	428
6.27807	1	3	3	1073
6.27807	1	4	3	311
6.27907	1	2	3	648
6.27907	1	3	3	1014
6.27907	1	4	3	472
6.27907	1	5	3	340
6.28007	1	2	3	428
6.28007	1	4	3	311
6.28107	1	2	3	648
6.28107	1	4	3	472
6.28207	1	2	3	648
6.28207	1	4	3	472
6.28207	1	5	3	340
6.28307	1	2	3	868
6.28307	1	4	3	472
6.28307	1	5	3	340
6.28307	3	1	3	736
6.28307	3	3	3	1484
6.28407	1	2	3	868
6.28407	1	4	3	795
6.28507	1	2	3	868
6.28507	1	4	3	633
6.28507	1	5	3	458
6.28607	1	2	3	868
6.28607	1	4	3	633
6.28607	1	5	3	458
6.28707	1	2	3	868
6.28707	1	4	3	194
6.28807	1	2	3	338
6.28807	3	1	3	8000
6.28907	3	3	3	1484
6.29407	1	5	3	1396
6.29407	3	4	3	428
6.29507	1	5	3	692
6.29507	3	3	3	498
6.29707	1	5	3	924
6.30007	1	2	3	208
6.30007	1	3	3	633
6.30007	1	4	3	150
6.30007	3	4	3	5250
6.30107	1	1	3	106
6.30107	1	5	3	1278
6.30107	3	4	3	149
6.30207	3	3	3	736
6.30407	1	5	3	156
6.30507	1	2	3	868
6.30507	1	3	3	2562
6.30507	1	4	3	472
6.30707	1	2	3	868
6.30707	1	3	3	2562
6.30707	1	4	3	633
6.30707	3	1	3	736
6.30807	3	3	3	1484
6.30907	1	2	3	208
6.30907	1	3	3	72
6.30907	1	4	3	150
6.31007	1	2	3	868
6.31007	1	4	3	472
6.31107	1	4	3	150
6.31207	1	1	3	458
6.31207	1	2	3	648
6.31207	1	4	3	472
6.31207	1	5	3	106
6.31307	1	1	3	458
6.31307	1	2	3	868
6.31307	1	4	3	633
6.31307	3	1	3	8929
6.31407	1	1	3	106
6.31407	1	2	3	267
6.31407	1	4	3	150
6.31407	3	1	3	528
6.31407	3	3	3	1484
6.31507	1	1	3	458
6.31507	1	2	3	868
6.31507	1	5	3	340
6.31607	1	1	3	458
6.31607	1	2	3	868
6.31607	1	5	3	340
6.31707	1	2	3	648
6.31707	1	4	3	472
6.31807	1	2	3	428
6.31807	1	4	3	311
6.31807	1	5	3	340
6.31907	1	2	3	868
6.31907	1	4	3	633
6.31907	1	5	3	340
6.31907	3	4	3	428
6.32007	1	2	3	428
6.32007	1	4	3	472
6.32007	3	3	3	1484
6.32107	1	2	3	428
6.32107	1	4	3	472
6.32207	1	1	3	340
6.32207	1	2	3	648
6.32207	1	4	3	472
6.32207	1	5	3	340
6.32307	1	1	3	340
6.32307	1	2	3	237
6.32307	1	4	3	472
6.32407	1	1	3	340
6.32407	1	4	3	472
6.32507	1	1	3	340
6.32507	1	4	3	472
6.32507	1	5	3	340
6.32507	3	4	3	5250
6.32607	1	1	3	340
6.32607	1	4	3	472
6.32607	3	3	3	548
6.32607	3	4	3	1605
6.32707	1	4	3	633
6.32707	3	1	3	736
6.32807	1	4	3	633
6.32807	1	5	3	575
6.32907	1	4	3	633
6.32907	1	5	3	575
6.33007	1	4	3	335
6.33107	1	5	3	575
6.33207	1	1	3	458
6.33207	3	3	3	736
6.33307	1	1	3	458
6.33307	3	1	3	8929
6.33407	1	1	3	340
6.33407	3	1	3	528
6.33507	1	1	3	692
6.33507	1	5	3	692
6.33607	1	1	3	809
6.33707	1	5	3	927
6.33807	1	5	3	927
6.33807	3	3	3	1484
6.34207	1	1	3	458
6.34307	1	1	3	458
6.34407	1	1	3	692
6.34407	1	5	3	692
6.34407	3	3	3	1484
6.34407	3	4	3	428
6.34507	1	1	3	692
6.34607	1	1	3	692
6.34607	1	5	3	692
6.34707	1	2	3	208
6.34707	1	3	3	531
6.34707	1	5	3	340
6.34707	3	1	3	736
6.34907	3	3	3	1484
6.35007	1	5	3	483
6.35007	3	4	3	6475
6.35107	3	4	3	1835
6.35207	1	1	3	340
6.35207	1	2	3	648
6.35207	1	3	3	1612
6.35307	1	1	3	340
6.35307	1	2	3	648
6.35307	1	3	3	1612
6.35307	1	5	3	340
6.35307	3	1	3	8929
6.35407	1	1	3	458
6.35407	1	2	3	868
6.35407	1	3	3	1612
6.35407	3	1	3	528
6.35507	1	1	3	223
6.35507	1	2	3	428
6.35507	1	3	3	531
6.35507	1	4	3	150
6.35507	3	3	3	548
6.35607	1	1	3	458
6.35607	1	2	3	868
6.35607	1	3	3	1392
6.35707	1	2	3	868
6.35707	1	5	3	106
6.35807	1	2	3	648
6.35907	1	2	3	428
6.35907	1	5	3	340
6.36007	1	2	3	428
6.36007	1	4	3	472
6.36007	1	5	3	340
6.36107	1	2	3	428
6.36107	1	4	3	311
6.36107	1	5	3	340
6.36207	1	1	3	458
6.36207	1	2	3	868
6.36207	1	4	3	472
6.36307	1	1	3	340
6.36307	1	2	3	648
6.36307	1	4	3	472
6.36307	1	5	3	340
6.36307	3	3	3	736
6.36407	1	1	3	340
6.36407	1	2	3	824
6.36407	1	4	3	472
6.36407	3	4	3	208
6.36507	1	1	3	340
6.36507	1	2	3	824
6.36507	1	4	3	472
6.36607	1	1	3	340
6.36607	1	2	3	590
6.36607	1	4	3	472
6.36707	1	4	3	472
6.36707	1	5	3	340
6.36707	3	4	3	6475
6.36807	1	4	3	472
6.36807	3	4	3	3510
6.36907	1	4	3	633
6.36907	1	5	3	458
6.36907	3	3	3	1484
6.37007	1	4	3	472
6.37007	1	5	3	340
6.37107	1	4	3	506
6.37107	1	5	3	575
6.37207	1	1	3	458
6.37307	1	1	3	458
6.37307	1	5	3	458
6.37407	1	1	3	458
6.37507	1	1	3	575
6.37507	3	3	3	1484
6.37607	1	1	3	809
6.37707	1	5	3	927
6.37907	1	5	3	848
6.37907	3	1	3	736
6.38107	3	3	3	1484
6.38107	3	4	3	531
6.38207	1	1	3	458
6.38307	1	1	3	223
6.38307	1	5	3	1044
6.38407	1	1	3	223
6.38507	1	1	3	223
6.38507	3	1	3	8929
6.38607	1	2	3	267
6.38607	1	3	3	531
6.38607	1	4	3	150
6.38607	3	1	3	528
6.38607	3	3	3	548
6.38707	1	5	3	106
6.38707	3	4	3	6475
6.38807	3	4	3	1732
6.38907	1	5	3	1161
6.39007	1	5	3	559
6.39107	1	1	3	223
6.39107	1	2	3	545
6.39107	1	3	3	1073
6.39107	1	4	3	472
6.39207	1	1	3	223
6.39207	1	2	3	824
6.39207	1	3	3	1612
6.39207	1	4	3	472
6.39207	3	3	3	736
6.39307	1	1	3	223
6.39307	1	2	3	545
6.39307	1	3	3	1073
6.39307	1	4	3	472
6.39407	1	3	3	531
6.39407	1	4	3	150
6.39507	1	1	3	223
6.39507	1	2	3	545
6.39507	1	3	3	1014
6.39607	1	2	3	428
6.39607	1	4	3	472
6.39707	1	2	3	648
6.39707	1	4	3	472
6.39707	1	5	3	106
6.39807	1	2	3	428
6.39807	1	4	3	311
6.39807	3	3	3	1484
6.39907	1	1	3	458
6.39907	1	2	3	868
6.39907	1	4	3	472
6.39907	3	1	3	736
6.40007	1	2	3	1088
6.40007	1	4	3	795
6.40107	1	1	3	458
6.40107	1	2	3	868
6.40107	1	4	3	633
6.40207	1	1	3	458
6.40207	1	2	3	868
6.40207	1	4	3	472
6.40207	3	4	3	531
6.40307	1	1	3	340
6.40307	1	2	3	648
6.40307	1	4	3	472
6.40307	1	5	3	340
6.40407	1	2	3	428
6.40407	1	4	3	472
6.40407	1	5	3	340
6.40407	3	3	3	1484
6.40507	1	1	3	340
6.40507	1	2	3	648
6.40507	1	4	3	472
6.40507	1	5	3	340
6.40607	1	2	3	428
6.40607	1	4	3	472
6.40607	1	5	3	340
6.40707	1	2	3	150
6.40707	1	4	3	472
6.40707	1	5	3	106
6.40807	1	4	3	472
6.40807	3	4	3	6475
6.40907	1	1	3	340
6.40907	1	4	3	472
6.40907	3	3	3	1484
6.40907	3	4	3	3187
6.41007	1	4	3	472
6.41007	3	1	3	3633
6.41107	1	1	3	458
6.41107	1	4	3	633
6.41207	1	1	3	692
6.41207	1	4	3	482
6.41307	1	1	3	458
6.41307	1	5	3	458
6.41407	1	5	3	458
6.41407	3	3	3	548
6.41507	1	1	3	458
6.41507	1	5	3	458
6.41607	1	5	3	458
6.41707	1	5	3	692
6.41907	1	1	3	927
6.42107	1	1	3	927
6.42207	1	1	3	692
6.42207	3	3	3	736
6.42307	1	1	3	1044
6.42307	1	5	3	340
6.42407	3	1	3	736
6.42507	1	1	3	692
6.42507	1	5	3	692
6.42607	1	3	3	531
6.42607	1	4	3	150
6.42607	1	5	3	223
6.42707	1	5	3	692
6.42707	3	4	3	531
6.42807	3	3	3	1484
6.42907	1	1	3	692
6.42907	1	5	3	692
6.43007	3	1	3	5089
6.43107	1	1	3	458
6.43107	1	3	3	1612
6.43107	1	4	3	472
6.43207	1	1	3	223
6.43207	1	2	3	208
6.43207	1	3	3	1073
6.43207	1	4	3	150
6.43307	1	1	3	340
6.43307	1	3	3	1612
6.43307	1	4	3	472
6.43307	1	5	3	340
6.43307	3	4	3	6475
6.43407	1	3	3	1004
6.43407	1	4	3	472
6.43407	3	3	3	1484
6.43407	3	4	3	3187
6.43507	1	1	3	223
6.43507	1	4	3	472
6.43607	1	4	3	472
6.43607	1	5	3	340
6.43707	1	2	3	428
6.43707	1	4	3	472
6.43707	1	5	3	340
6.43807	1	2	3	428
6.43807	1	4	3	311
6.43907	1	1	3	340
6.43907	1	2	3	648
6.43907	1	4	3	472
6.43907	1	5	3	340
6.43907	3	3	3	1484
6.44007	1	2	3	868
6.44007	1	4	3	633
6.44007	1	5	3	223
6.44107	1	1	3	340
6.44107	1	2	3	648
6.44107	1	4	3	472
6.44207	1	1	3	340
6.44207	1	2	3	648
6.44207	1	4	3	472
6.44307	1	1	3	340
6.44307	1	2	3	648
6.44307	1	4	3	472
6.44307	1	5	3	340
6.44407	1	2	3	648
6.44407	1	4	3	472
6.44407	3	1	3	736
6.44407	3	3	3	548
6.44507	1	1	3	458
6.44507	1	2	3	648
6.44507	1	4	3	472
6.44607	1	2	3	648
6.44607	1	4	3	472
6.44607	1	5	3	340
6.44707	1	2	3	648
6.44707	1	4	3	472
6.44707	1	5	3	340
6.44707	3	4	3	531
6.44807	1	2	3	648
6.44807	1	4	3	472
6.44907	1	1	3	311
6.44907	1	4	3	633
6.44907	1	5	3	340
6.44907	3	1	3	5089
6.45007	1	2	3	428
6.45007	1	4	3	472
6.45007	1	5	3	340
6.45107	1	2	3	648
6.45107	1	4	3	472
6.45107	3	3	3	736
6.45207	1	2	3	648
6.45207	1	4	3	335
6.45307	1	2	3	648
6.45307	1	5	3	340
6.45307	3	4	3	6475
6.45407	1	2	3	90
6.45407	3	4	3	2155
6.45507	3	4	3	1034
6.45607	1	5	3	340
6.45707	1	5	3	575
6.45707	3	3	3	1484
6.45907	1	5	3	1396
6.46007	1	5	3	106
6.46307	1	5	3	175
6.46307	3	3	3	1484
6.46607	1	1	3	106
6.46607	1	2	3	208
6.46607	1	3	3	531
6.46607	1	4	3	150
6.46607	1	5	3	692
6.46707	1	5	3	223
6.46707	3	4	3	633
6.46807	3	1	3	736
6.46907	1	5	3	106
6.46907	3	3	3	1484
6.47107	1	2	3	428
6.47107	1	3	3	1073
6.47107	1	4	3	150
6.47207	1	2	3	868
6.47207	1	3	3	1612
6.47207	1	4	3	472
6.47307	1	2	3	648
6.47307	1	3	3	1612
6.47307	1	4	3	472
6.47307	1	5	3	340
6.47307	3	4	3	7701
6.47407	1	2	3	868
6.47407	1	3	3	2155
6.47407	1	4	3	472
6.47407	3	1	3	5206
6.47407	3	4	3	1860
6.47507	1	2	3	868
6.47507	1	3	3	307
6.47507	1	5	3	458
6.47507	3	1	3	1340
6.47507	3	3	3	548
6.47607	1	2	3	492
6.47607	1	4	3	472
6.47607	1	5	3	340
6.47707	1	1	3	223
6.47707	1	4	3	472
6.47707	1	5	3	223
6.47807	1	1	3	223
6.47807	1	4	3	311
6.47907	1	1	3	223
6.47907	1	4	3	472
6.47907	1	5	3	340
6.48007	1	1	3	223
6.48007	1	4	3	472
6.48107	1	1	3	458
6.48107	1	4	3	795
6.48107	3	3	3	736
6.48207	1	4	3	1278
6.48307	1	4	3	795
6.48307	1	5	3	575
6.48407	1	4	3	1117
6.48507	1	4	3	1598
6.48607	1	4	3	633
6.48607	1	5	3	458
6.48607	3	3	3	1484
6.48707	1	1	3	458
6.48707	1	4	3	93
6.48707	1	5	3	458
6.48807	1	1	3	458
6.48907	1	1	3	458
6.48907	1	5	3	458
6.49007	1	1	3	458
6.49007	1	5	3	458
6.49107	1	1	3	809
6.49207	3	3	3	1484
6.49207	3	4	3	633
6.49307	1	5	3	106
6.49607	1	5	3	575
6.49707	1	1	3	692
6.49707	1	5	3	692
6.49707	3	3	3	598
6.49807	1	1	3	1278
6.49807	3	1	3	736
6.49807	3	4	3	3736
6.49907	1	1	3	692
6.49907	1	5	3	690
6.50007	1	1	3	458
6.50007	1	2	3	208
6.50007	1	3	3	531
6.50007	1	4	3	150
6.50107	1	1	3	809
6.50307	1	5	3	106
6.50307	3	1	3	5089
6.50407	3	3	3	736
6.50507	1	2	3	208
6.50507	1	3	3	531
6.50507	1	4	3	150
6.50607	1	2	3	428
6.50607	1	3	3	531
6.50607	1	4	3	150
6.50607	1	5	3	106
6.50707	1	1	3	223
6.50707	1	2	3	648
6.50707	1	3	3	1612
6.50707	1	4	3	472
6.50707	1	5	3	106
6.50807	1	1	3	223
6.50807	1	2	3	648
6.50807	1	3	3	1612
6.50807	1	4	3	472
6.50907	1	1	3	223
6.50907	1	2	3	428
6.50907	1	3	3	1073
6.50907	1	4	3	472
6.50907	1	5	3	340
6.51007	1	1	3	223
6.51007	1	2	3	428
6.51007	1	3	3	1073
6.51007	1	4	3	472
6.51007	1	5	3	340
6.51007	3	3	3	1484
6.51107	1	1	3	223
6.51107	1	2	3	648
6.51107	1	3	3	1612
6.51107	1	4	3	472
6.51207	1	2	3	648
6.51207	1	3	3	177
6.51207	1	4	3	472
6.51207	3	4	3	633
6.51307	1	2	3	428
6.51307	1	4	3	472
6.51307	1	5	3	340
6.51407	1	2	3	428
6.51407	1	4	3	311
6.51507	1	2	3	428
6.51507	1	4	3	325
6.51607	1	2	3	272
6.51607	1	5	3	340
6.51607	3	3	3	1484
6.51707	1	1	3	340
6.51707	1	5	3	340
6.51707	3	1	3	736
6.51807	1	1	3	340
6.51807	3	4	3	5192
6.51907	1	1	3	340
6.51907	1	5	3	340
6.52007	1	1	3	79
6.52007	1	5	3	575
6.52307	1	5	3	1044
6.52307	3	1	3	5089
6.52307	3	3	3	1484
6.52607	1	5	3	340
6.52707	1	1	3	692
6.52707	1	5	3	692
6.52907	1	5	3	745
6.52907	3	3	3	1484
6.53007	1	1	3	106
6.53007	1	2	3	208
6.53007	1	3	3	531
6.53007	1	4	3	150
6.53107	1	1	3	1044
6.53207	3	4	3	633
6.53307	1	1	3	692
6.53307	1	5	3	692
6.53407	1	1	3	106
6.53507	1	2	3	208
6.53507	1	3	3	531
6.53507	1	4	3	150
6.53507	3	3	3	498
6.53607	1	3	3	531
6.53607	1	4	3	150
6.53607	1	5	3	106
6.53607	3	1	3	736
6.53707	1	1	3	223
6.53707	1	2	3	428
6.53707	1	3	3	1073
6.53707	1	4	3	472
6.53707	1	5	3	340
6.53807	3	4	3	5192
6.53907	1	2	3	428
6.53907	1	3	3	1612
6.53907	1	4	3	472
6.53907	1	5	3	340
6.54007	1	2	3	428
6.54007	1	3	3	1612
6.54007	1	4	3	472
6.54007	1	5	3	340
6.54107	1	1	3	223
6.54107	1	2	3	648
6.54107	1	3	3	1612
6.54107	1	4	3	472
6.54107	3	3	3	736
6.54207	1	2	3	428
6.54207	1	3	3	1073
6.54207	1	4	3	472
6.54207	3	1	3	6544
6.54307	1	1	3	223
6.54307	1	2	3	428
6.54307	1	3	3	1073
6.54307	1	4	3	472
6.54307	1	5	3	340
6.54407	1	1	3	223
6.54407	1	2	3	428
6.54407	1	3	3	561
6.54407	1	4	3	472
6.54507	1	1	3	223
6.54507	1	2	3	428
6.54507	1	4	3	472
6.54607	1	2	3	648
6.54607	1	4	3	472
6.54607	1	5	3	106
6.54707	1	1	3	223
6.54707	1	2	3	428
6.54707	1	4	3	472
6.54707	1	5	3	340
6.54707	3	3	3	736
6.54807	1	2	3	428
6.54807	1	4	3	472
6.54807	3	3	3	736
6.54907	1	2	3	286
6.54907	1	4	3	210
6.54907	1	5	3	340
6.55007	1	5	3	340
6.55107	1	1	3	458
6.55207	3	3	3	1484
6.55207	3	4	3	633
6.55307	1	1	3	458
6.55307	1	5	3	458
6.55407	1	1	3	1044
6.55407	3	3	3	612
6.55507	1	1	3	927
6.55607	1	5	3	927
6.55707	1	1	3	692
6.55707	1	5	3	692
6.55807	3	4	3	6647
6.55907	1	5	3	340
6.56007	1	5	3	55
6.56107	1	1	3	458
6.56307	1	1	3	809
6.56307	1	5	3	575
6.56307	3	3	3	633
6.56407	1	1	3	692
6.56507	1	1	3	927
6.56507	3	3	3	801
6.56607	1	2	3	208
6.56607	1	5	3	106
6.56607	3	1	3	531
6.56707	1	1	3	692
6.56707	1	5	3	692
6.56807	3	3	3	1278
6.56907	1	5	3	692
6.57007	1	5	3	458
6.57107	1	1	3	1161
6.57107	3	3	3	156
6.57207	3	1	3	8205
6.57307	1	1	3	1044
6.57307	1	3	3	531
6.57307	1	4	3	150
6.57307	1	5	3	106
6.57407	1	1	3	575
6.57407	3	3	3	633
6.57507	1	1	3	927
6.57607	1	5	3	223
6.57707	1	1	3	458
6.57707	1	2	3	868
6.57707	1	5	3	458
6.57707	3	4	3	736
6.57807	1	3	3	531
6.57807	1	4	3	150
6.57807	3	3	3	633
6.57907	1	2	3	428
6.57907	1	3	3	1073
6.57907	1	4	3	311
6.57907	1	5	3	106
6.57907	3	3	3	170
6.58007	1	2	3	208
6.58007	1	3	3	531
6.58007	1	4	3	150
6.58007	1	5	3	106
6.58107	1	1	3	223
6.58107	1	2	3	428
6.58107	1	3	3	1612
6.58107	1	4	3	472
6.58207	1	2	3	428
6.58207	1	3	3	531
6.58207	1	4	3	150
6.58307	1	1	3	223
6.58307	1	2	3	428
6.58307	1	3	3	1073
6.58307	1	4	3	472
6.58307	1	5	3	340
6.58307	3	3	3	633
6.58307	3	4	3	5089
6.58407	1	1	3	223
6.58407	1	2	3	648
6.58407	1	3	3	1612
6.58407	1	4	3	472
6.58507	1	1	3	223
6.58507	1	2	3	648
6.58507	1	3	3	1258
6.58507	1	4	3	472
6.58607	1	2	3	428
6.58607	1	4	3	472
6.58607	1	5	3	340
6.58607	3	1	3	736
6.58607	3	3	3	633
6.58707	1	1	3	223
6.58707	1	2	3	428
6.58707	1	4	3	472
6.58707	1	5	3	340
6.58807	1	2	3	428
6.58807	1	4	3	472
6.58807	3	3	3	1278
6.58907	1	2	3	428
6.58907	1	4	3	472
6.58907	1	5	3	340
6.59007	1	2	3	868
6.59007	1	4	3	472
6.59007	1	5	3	340
6.59107	1	1	3	340
6.59107	1	2	3	436
6.59107	1	4	3	472
6.59107	3	1	3	8929
6.59207	1	4	3	223
6.59207	3	1	3	528
6.59207	3	3	3	326
6.59307	1	1	3	340
6.59307	1	5	3	340
6.59407	1	1	3	223
6.59507	1	1	3	340
6.59607	1	5	3	809
6.59707	1	1	3	692
6.59707	1	5	3	692
6.59907	1	5	3	1161
6.60007	1	5	3	406
6.60107	1	1	3	575
6.60107	3	3	3	633
6.60207	3	4	3	736
6.60307	1	1	3	1161
6.60407	1	1	3	223
6.60507	1	1	3	458
6.60607	1	2	3	208
6.60607	1	3	3	531
6.60607	1	4	3	150
6.60707	1	1	3	809
6.60707	3	3	3	1278
6.60707	3	4	3	5089
6.61007	3	1	3	736
6.61107	1	1	3	223
6.61107	1	2	3	648
6.61107	1	3	3	1612
6.61107	1	4	3	472
6.61107	1	5	3	106
6.61207	1	2	3	428
6.61207	1	3	3	1073
6.61207	1	4	3	150
6.61207	3	3	3	1278
6.61307	1	1	3	223
6.61307	1	2	3	428
6.61307	1	3	3	1073
6.61307	1	4	3	472
6.61307	1	5	3	340
6.61407	1	1	3	223
6.61407	1	2	3	428
6.61407	1	3	3	1073
6.61407	1	4	3	472
6.61407	1	5	3	340
6.61507	1	1	3	223
6.61507	1	2	3	428
6.61507	1	3	3	1073
6.61507	1	4	3	472
6.61507	1	5	3	340
6.61607	1	2	3	648
6.61607	1	3	3	1612
6.61607	1	4	3	472
6.61607	3	1	3	8000
6.61707	1	1	3	223
6.61707	1	2	3	428
6.61707	1	3	3	1073
6.61707	1	4	3	472
6.61707	1	5	3	340
6.61807	1	2	3	428
6.61807	1	3	3	1073
6.61807	1	4	3	472
6.61807	3	3	3	1920
6.61907	1	2	3	428
6.61907	1	4	3	472
6.62007	1	2	3	428
6.62007	1	4	3	311
6.62107	1	1	3	223
6.62107	1	2	3	428
6.62107	1	4	3	472
6.62107	1	5	3	340
6.62207	1	2	3	428
6.62207	1	4	3	472
6.62207	3	4	3	736
6.62307	1	1	3	340
6.62307	1	2	3	66
6.62307	1	4	3	472
6.62307	1	5	3	340
6.62407	1	1	3	340
6.62407	1	4	3	472
6.62407	1	5	3	340
6.62407	3	3	3	627
6.62507	1	1	3	340
6.62507	1	4	3	472
6.62507	1	5	3	340
6.62607	1	4	3	565
6.62707	1	1	3	458
6.62707	1	5	3	340
6.62807	3	4	3	6544
6.63107	1	1	3	692
6.63107	1	5	3	692
6.63107	3	3	3	633
6.63307	1	1	3	692
6.63307	1	5	3	692
6.63407	1	1	3	692
6.63407	1	3	3	531
6.63407	1	5	3	575
6.63507	1	1	3	692
6.63507	1	5	3	575
6.63507	3	1	3	633
6.63707	1	1	3	692
6.63707	1	5	3	692
6.63707	3	3	3	1278
6.63807	1	5	3	575
6.64007	1	4	3	150
6.64107	1	1	3	458
6.64107	1	2	3	208
6.64107	1	3	3	2155
6.64107	1	5	3	225
6.64207	3	4	3	736
6.64307	1	1	3	458
6.64307	1	3	3	1612
6.64307	3	3	3	1278
6.64407	1	1	3	458
6.64407	1	3	3	2155
6.64407	1	5	3	458
6.64507	1	1	3	340
6.64507	1	3	3	1612
6.64507	1	4	3	472
6.64507	1	5	3	340
6.64607	1	2	3	428
6.64607	1	3	3	697
6.64607	1	4	3	150
6.64607	3	1	3	8929
6.64707	1	1	3	340
6.64707	1	2	3	648
6.64707	1	4	3	472
6.64707	3	1	3	631
6.64807	1	2	3	428
6.64807	1	4	3	472
6.64807	1	5	3	106
6.64807	3	4	3	8000
6.64907	1	2	3	428
6.64907	1	4	3	150
6.64907	3	3	3	1920
6.65007	1	2	3	428
6.65007	1	4	3	311
6.65107	1	1	3	340
6.65107	1	2	3	648
6.65107	1	4	3	472
6.65107	1	5	3	340
6.65207	1	2	3	648
6.65207	1	4	3	472
6.65207	1	5	3	340
6.65307	1	1	3	458
6.65307	1	2	3	868
6.65307	1	4	3	472
6.65407	1	1	3	223
6.65407	1	2	3	648
6.65407	1	4	3	472
6.65407	1	5	3	340
6.65407	3	3	3	627
6.65507	1	1	3	340
6.65507	1	2	3	464
6.65507	1	4	3	472
6.65507	1	5	3	340
6.65607	1	4	3	472
6.65707	1	1	3	340
6.65707	1	4	3	472
6.65707	1	5	3	340
6.65807	1	4	3	371
6.65807	1	5	3	340
6.66007	3	3	3	633
6.66107	1	1	3	458
6.66107	1	5	3	458
6.66307	1	1	3	1044
6.66407	1	1	3	515
6.66407	1	5	3	692
6.66507	1	5	3	224
6.66507	3	1	3	736
6.66607	3	3	3	1278
6.66707	1	5	3	692
6.66807	1	5	3	340
6.67107	1	1	3	927
6.67107	1	2	3	208
6.67107	1	3	3	531
6.67107	1	4	3	150
6.67107	1	5	3	106
6.67107	3	1	3	8929
6.67207	3	1	3	528
6.67207	3	3	3	1278
6.67207	3	4	3	736
6.67407	1	1	3	106
6.67507	1	1	3	809
6.67507	1	5	3	575
6.67607	1	2	3	208
6.67607	1	3	3	531
6.67607	1	4	3	150
6.67707	1	1	3	223
6.67707	1	2	3	428
6.67707	1	3	3	1073
6.67707	1	4	3	472
6.67707	1	5	3	340
6.67707	3	3	3	1113
6.67807	1	1	3	223
6.67807	1	2	3	648
6.67807	1	3	3	1612
6.67807	1	4	3	472
6.67807	1	5	3	106
6.67807	3	4	3	8929
6.67907	1	2	3	428
6.67907	1	3	3	1612
6.67907	1	4	3	472
6.67907	1	5	3	340
6.67907	3	4	3	528
6.68107	1	1	3	223
6.68107	1	2	3	428
6.68107	1	3	3	1073
6.68107	1	4	3	472
6.68107	1	5	3	340
6.68207	1	2	3	428
6.68207	1	3	3	1073
6.68207	1	4	3	472
6.68307	1	2	3	648
6.68307	1	3	3	1612
6.68307	1	4	3	472
6.68407	1	1	3	223
6.68407	1	2	3	428
6.68407	1	3	3	1073
6.68407	1	4	3	472
6.68407	3	3	3	633
6.68507	1	1	3	223
6.68507	1	2	3	428
6.68507	1	3	3	20
6.68507	1	4	3	472
6.68507	1	5	3	340
6.68507	3	1	3	736
6.68607	1	2	3	428
6.68607	1	4	3	472
6.68707	1	1	3	223
6.68707	1	2	3	428
6.68707	1	4	3	472
6.68707	1	5	3	340
6.68807	1	1	3	223
6.68807	1	2	3	428
6.68807	1	4	3	472
6.68807	1	5	3	340
6.68907	1	4	3	358
6.68907	1	5	3	458
6.69007	1	2	3	868
6.69007	3	3	3	1278
6.69107	1	1	3	340
6.69107	1	2	3	648
6.69107	1	5	3	340
6.69107	3	1	3	8929
6.69207	1	2	3	230
6.69207	3	1	3	528
6.69407	1	1	3	458
6.69507	1	1	3	458
6.69507	1	5	3	458
6.69607	3	3	3	1278
6.69707	1	1	3	692
6.69707	1	5	3	692
6.69707	3	4	3	633
6.69807	1	1	3	692
6.69807	1	5	3	692
6.69907	1	5	3	693
6.70107	1	1	3	692
6.70207	3	3	3	1920
6.70307	3	4	3	8103
6.70407	1	1	3	223
6.70407	1	2	3	208
6.70407	1	3	3	531
6.70407	1	4	3	150
6.70507	1	1	3	1396
6.70507	3	1	3	736
6.70707	1	1	3	1396
6.70807	1	1	3	1278
6.70807	1	5	3	106
6.70807	3	3	3	1278
6.70907	1	3	3	2155
6.70907	1	4	3	795
6.71107	1	1	3	340
6.71107	1	3	3	1612
6.71107	1	4	3	472
6.71107	1	5	3	340
6.71107	3	1	3	8929
6.71207	3	1	3	528
6.71407	1	1	3	223
6.71407	1	2	3	428
6.71407	1	3	3	1073
6.71407	1	4	3	472
6.71407	1	5	3	340
6.71407	3	3	3	783
6.71507	1	1	3	223
6.71507	1	2	3	648
6.71507	1	3	3	1612
6.71507	1	5	3	340
6.71607	1	2	3	428
6.71607	1	3	3	1073
6.71607	1	4	3	311
6.71707	1	1	3	223
6.71707	1	2	3	428
6.71707	1	3	3	692
6.71707	1	4	3	472
6.71707	1	5	3	340
6.71707	3	4	3	736
6.71807	1	1	3	223
6.71807	1	2	3	428
6.71807	1	4	3	311
6.71807	1	5	3	340
6.71907	1	2	3	311
6.71907	1	4	3	472
6.72007	1	2	3	311
6.72007	1	4	3	472
6.72007	3	3	3	633
6.72107	1	1	3	223
6.72107	1	2	3	311
6.72107	1	4	3	472
6.72107	1	5	3	340
6.72207	1	2	3	868
6.72207	1	4	3	472
6.72307	1	2	3	868
6.72307	1	4	3	472
6.72307	3	4	3	8929
6.72407	1	1	3	340
6.72407	1	2	3	648
6.72407	1	4	3	428
6.72407	1	5	3	340
6.72407	3	4	3	528
6.72507	1	1	3	340
6.72507	1	2	3	648
6.72507	1	4	3	428
6.72507	1	5	3	340
6.72607	1	2	3	868
6.72607	1	4	3	428
6.72607	3	3	3	1278
6.72707	1	1	3	340
6.72707	1	2	3	648
6.72707	1	4	3	428
6.72707	1	5	3	340
6.72807	1	1	3	340
6.72807	1	2	3	648
6.72807	1	4	3	257
6.72807	1	5	3	340
6.72907	1	2	3	71
6.73007	3	1	3	633
6.73107	1	1	3	340
6.73107	1	5	3	340
6.73207	3	3	3	1278
6.73407	1	1	3	439
6.73407	1	5	3	575
6.73507	1	5	3	692
6.73607	3	1	3	3736
6.73707	1	1	3	692
6.73707	1	5	3	692
6.73807	1	1	3	575
6.73807	1	5	3	809
6.73807	3	3	3	1920
6.74107	1	1	3	106
6.74107	1	2	3	208
6.74107	1	3	3	633
6.74107	1	4	3	135
6.74107	1	5	3	927
6.74407	1	1	3	692
6.74407	1	5	3	692
6.74507	1	1	3	692
6.74507	1	5	3	395
6.74607	1	2	3	208
6.74607	1	3	3	633
6.74607	1	4	3	135
6.74707	1	1	3	223
6.74707	1	2	3	428
6.74707	1	3	3	1278
6.74707	1	4	3	428
6.74707	3	4	3	633
6.74807	1	1	3	223
6.74807	1	2	3	428
6.74807	1	3	3	1278
6.74807	1	4	3	428
6.74807	1	5	3	340
6.74907	3	3	3	1278
6.75107	1	1	3	340
6.75107	1	2	3	648
6.75107	1	3	3	1920
6.75107	1	4	3	428
6.75207	1	2	3	428
6.75207	1	4	3	428
6.75307	1	2	3	428
6.75307	1	3	3	1278
6.75307	1	4	3	428
6.75307	3	4	3	7701
6.75407	1	1	3	223
6.75407	1	2	3	648
6.75407	1	3	3	1728
6.75407	1	4	3	428
6.75407	3	4	3	1860
6.75507	1	1	3	223
6.75507	1	2	3	428
6.75507	1	4	3	428
6.75507	1	5	3	340
6.75507	3	1	3	736
6.75507	3	3	3	1278
6.75607	1	2	3	428
6.75607	1	4	3	282
6.75607	1	5	3	223
6.75707	1	1	3	223
6.75707	1	2	3	428
6.75707	1	4	3	428
6.75707	1	5	3	340
6.75807	1	1	3	223
6.75807	1	2	3	428
6.75807	1	4	3	428
6.75807	1	5	3	340
6.75907	1	2	3	868
6.75907	1	4	3	428
6.75907	1	5	3	340
6.76007	1	2	3	868
6.76007	1	4	3	428
6.76007	3	1	3	5089
6.76107	1	1	3	458
6.76107	1	2	3	648
6.76107	1	4	3	428
6.76107	3	3	3	1278
6.76207	1	2	3	868
6.76207	1	4	3	428
6.76307	1	2	3	868
6.76307	1	4	3	428
6.76407	1	1	3	340
6.76407	1	2	3	472
6.76407	1	4	3	428
6.76507	1	1	3	340
6.76507	1	2	3	500
6.76507	1	4	3	428
6.76507	1	5	3	340
6.76607	1	4	3	428
6.76607	1	5	3	340
6.76707	1	1	3	340
6.76707	1	4	3	428
6.76707	1	5	3	340
6.76707	3	3	3	1920
6.76707	3	4	3	633
6.76807	1	1	3	340
6.76807	1	4	3	428
6.76807	1	5	3	340
6.76907	1	4	3	96
6.76907	1	5	3	458
6.77107	1	1	3	458
6.77207	3	3	3	609
6.77307	3	1	3	736
6.77307	3	4	3	5775
6.77407	1	1	3	927
6.77507	1	1	3	692
6.77507	1	5	3	692
6.77607	1	5	3	927
6.77707	1	1	3	692
6.77707	1	5	3	394
6.77807	1	1	3	692
6.77807	1	5	3	692
6.77807	3	1	3	5089
6.77907	1	5	3	458
6.77907	3	4	3	3785
6.78007	1	3	3	633
6.78007	1	4	3	135
6.78007	1	5	3	286
6.78007	3	3	3	633
6.78107	1	1	3	575
6.78107	1	2	3	208
6.78207	1	1	3	458
6.78407	1	1	3	927
6.78507	1	1	3	458
6.78507	1	4	3	575
6.78607	1	2	3	648
6.78607	1	4	3	428
6.78607	1	5	3	106
6.78607	3	3	3	1278
6.78707	1	2	3	868
6.78707	1	4	3	575
6.78707	3	4	3	633
6.78807	1	1	3	458
6.78807	1	2	3	868
6.78807	1	4	3	575
6.78907	1	2	3	428
6.78907	1	4	3	282
6.79007	1	2	3	868
6.79007	1	4	3	428
6.79007	1	5	3	106
6.79107	1	1	3	223
6.79107	1	2	3	648
6.79107	1	3	3	1612
6.79107	1	4	3	428
6.79207	1	1	3	340
6.79207	1	2	3	648
6.79207	1	3	3	1612
6.79207	1	4	3	428
6.79207	3	1	3	736
6.79207	3	3	3	1278
6.79307	1	2	3	428
6.79307	1	3	3	1612
6.79307	1	4	3	428
6.79307	3	4	3	7701
6.79407	1	1	3	340
6.79407	1	2	3	648
6.79407	1	3	3	1612
6.79407	1	4	3	428
6.79407	3	4	3	1860
6.79507	1	1	3	458
6.79507	1	2	3	648
6.79507	1	3	3	1612
6.79607	1	2	3	633
6.79607	1	3	3	55
6.79607	1	4	3	428
6.79707	1	2	3	311
6.79707	1	4	3	282
6.79707	1	5	3	340
6.79807	1	1	3	223
6.79807	1	2	3	311
6.79807	1	4	3	282
6.79807	1	5	3	340
6.79907	1	2	3	428
6.79907	1	4	3	282
6.79907	1	5	3	340
6.80007	1	2	3	175
6.80007	1	4	3	282
6.80007	1	5	3	340
6.80107	1	1	3	340
6.80107	1	4	3	428
6.80107	1	5	3	340
6.80207	1	1	3	340
6.80207	1	4	3	428
6.80207	3	3	3	2545
6.80307	1	4	3	194
6.80307	1	5	3	340
6.80307	3	1	3	6544
6.80407	1	1	3	458
6.80507	1	1	3	458
6.80707	1	1	3	575
6.80707	1	5	3	575
6.80807	1	1	3	1044
6.80907	1	5	3	927
6.81007	1	5	3	927
6.81007	3	3	3	633
6.81107	1	1	3	159
6.81107	1	5	3	692
6.81207	3	4	3	633
6.81307	1	5	3	340
6.81607	3	3	3	1278
6.81707	1	5	3	458
6.81807	3	4	3	3736
6.81907	1	5	3	106
6.82007	1	3	3	531
6.82007	1	4	3	135
6.82107	1	5	3	913
6.82207	3	1	3	736
6.82207	3	3	3	1278
6.82307	1	1	3	106
6.82307	1	2	3	208
6.82307	1	5	3	692
6.82507	1	1	3	340
6.82507	1	3	3	1920
6.82507	1	4	3	428
6.82507	1	5	3	340
6.82707	1	1	3	458
6.82707	1	3	3	2562
6.82707	1	4	3	575
6.82707	3	1	3	5089
6.82807	1	2	3	428
6.82807	1	3	3	1278
6.82807	1	4	3	135
6.82807	3	3	3	1920
6.82907	1	1	3	223
6.82907	1	2	3	648
6.82907	1	3	3	1920
6.82907	1	4	3	428
6.82907	1	5	3	106
6.83007	1	2	3	428
6.83007	1	3	3	534
6.83007	1	4	3	282
6.83107	1	1	3	223
6.83107	1	2	3	428
6.83107	1	4	3	428
6.83107	1	5	3	340
6.83207	1	2	3	428
6.83207	1	4	3	282
6.83207	1	5	3	223
6.83207	3	4	3	633
6.83307	1	1	3	223
6.83307	1	2	3	428
6.83307	1	4	3	428
6.83307	1	5	3	340
6.83407	1	2	3	868
6.83407	1	4	3	428
6.83407	3	3	3	627
6.83507	1	1	3	340
6.83507	1	2	3	648
6.83507	1	4	3	428
6.83507	1	5	3	340
6.83607	1	2	3	868
6.83607	1	4	3	428
6.83707	1	1	3	223
6.83707	1	2	3	648
6.83707	1	4	3	428
6.83807	1	2	3	868
6.83807	1	4	3	428
6.83907	1	1	3	340
6.83907	1	2	3	648
6.83907	1	4	3	428
6.83907	1	5	3	340
6.84007	1	2	3	648
6.84007	1	4	3	472
6.84007	3	3	3	633
6.84107	1	1	3	340
6.84107	1	2	3	648
6.84107	1	4	3	472
6.84107	1	5	3	340
6.84207	1	2	3	868
6.84207	1	4	3	428
6.84207	1	5	3	340
6.84307	1	1	3	340
6.84307	1	2	3	516
6.84307	1	4	3	428
6.84307	1	5	3	340
6.84407	1	4	3	428
6.84507	1	1	3	340
6.84507	1	4	3	428
6.84507	1	5	3	340
6.84607	1	4	3	428
6.84607	3	3	3	1278
6.84707	1	1	3	340
6.84707	3	1	3	736
6.84707	3	4	3	5192
6.84907	1	1	3	458
6.84907	1	5	3	340
6.85107	1	1	3	102
6.85107	1	5	3	692
6.85107	3	3	3	1278
6.85207	1	5	3	1044
6.85207	3	1	3	5089
6.85307	1	5	3	692
6.85507	1	5	3	343
6.85707	3	3	3	1920
6.85907	1	2	3	208
6.85907	1	3	3	633
6.86107	3	4	3	531
6.86207	1	4	3	135
6.86307	3	3	3	627
6.86407	1	2	3	868
6.86407	1	3	3	2562
6.86507	1	2	3	1308
6.86507	1	3	3	3204
6.86507	1	5	3	106
6.86607	1	2	3	1308
6.86607	1	3	3	2341
6.86707	1	2	3	868
6.86707	1	4	3	428
6.86707	1	5	3	340
6.86707	3	4	3	5294
6.86807	1	2	3	868
6.86807	1	4	3	575
6.86807	1	5	3	458
6.86907	1	2	3	648
6.86907	1	4	3	428
6.86907	1	5	3	340
6.87007	1	2	3	868
6.87007	1	4	3	428
6.87007	3	3	3	633
6.87107	1	2	3	868
6.87107	1	4	3	575
6.87107	1	5	3	340
6.87107	3	1	3	736
6.87207	1	2	3	868
6.87207	1	4	3	721
6.87307	1	2	3	868
6.87307	1	4	3	575
6.87407	1	2	3	666
6.87407	1	4	3	721
6.87507	1	5	3	340
6.87607	1	4	3	721
6.87607	3	3	3	1278
6.87707	1	4	3	575
6.87707	1	5	3	458
6.87707	3	1	3	6544
6.87807	1	4	3	575
6.87807	1	5	3	340
6.87907	1	4	3	868
6.87907	1	5	3	692
6.88007	1	4	3	1308
6.88107	1	4	3	868
6.88107	1	5	3	692
6.88207	1	4	3	728
6.88207	3	3	3	1278
6.88207	3	4	3	531
6.88507	1	5	3	692
6.88707	1	5	3	952
6.88707	3	3	3	1920
6.88807	3	4	3	6475
6.88907	3	4	3	276
6.89107	1	5	3	1396
6.89307	3	3	3	627
6.89407	1	5	3	38
6.89707	1	2	3	208
6.89707	1	3	3	633
6.89707	1	4	3	135
6.89707	1	5	3	106
6.89707	3	1	3	736
6.89807	1	5	3	106
6.89907	3	3	3	633
6.90007	1	1	3	106
6.90007	1	5	3	106
6.90207	1	2	3	868
6.90207	1	3	3	2562
6.90207	1	4	3	428
6.90207	3	4	3	531
6.90307	1	2	3	868
6.90307	1	3	3	2562
6.90307	1	4	3	428
6.90307	3	1	3	8000
6.90407	1	2	3	868
6.90407	1	3	3	2562
6.90407	1	4	3	428
6.90407	1	5	3	106
6.90507	1	2	3	868
6.90507	1	3	3	1879
6.90507	1	4	3	428
6.90507	3	3	3	1278
6.90607	1	2	3	868
6.90607	1	4	3	428
6.90607	1	5	3	340
6.90707	1	2	3	648
6.90707	1	4	3	428
6.90707	1	5	3	340
6.90807	1	2	3	648
6.90807	1	4	3	428
6.90807	1	5	3	340
6.90907	1	2	3	868
6.90907	1	4	3	428
6.90907	3	4	3	5294
6.91007	1	2	3	868
6.91007	1	4	3	575
6.91007	1	5	3	458
6.91107	1	1	3	340
6.91107	1	2	3	648
6.91107	1	4	3	428
6.91107	3	3	3	1278
6.91207	1	1	3	340
6.91207	1	2	3	648
6.91207	1	4	3	428
6.91307	1	1	3	340
6.91307	1	2	3	648
6.91307	1	4	3	428
6.91407	1	1	3	458
6.91407	1	2	3	694
6.91407	1	4	3	428
6.91507	1	1	3	223
6.91507	1	4	3	428
6.91607	1	4	3	428
6.91607	1	5	3	340
6.91707	1	4	3	428
6.91707	1	5	3	340
6.91707	3	3	3	1920
6.91807	1	4	3	428
6.91807	1	5	3	340
6.91907	1	4	3	575
6.91907	1	5	3	458
6.92007	1	4	3	721
6.92007	1	5	3	575
6.92107	1	1	3	458
6.92107	1	4	3	721
6.92207	1	1	3	458
6.92207	1	4	3	659
6.92207	3	1	3	633
6.92307	1	1	3	458
6.92307	3	3	3	627
6.92407	1	1	3	458
6.92507	1	1	3	458
6.92607	1	5	3	458
6.92707	1	5	3	927
6.92707	3	1	3	8929
6.92807	1	5	3	927
6.92807	3	1	3	631
6.92807	3	4	3	531
6.92907	1	5	3	809
6.92907	3	3	3	633
6.93007	1	5	3	116
6.93107	1	1	3	927
6.93207	1	1	3	458
6.93307	1	1	3	458
6.93407	1	1	3	575
6.93407	3	4	3	5294
6.93507	1	1	3	458
6.93507	3	3	3	1278
6.93607	1	5	3	458
6.94007	1	5	3	106
6.94107	1	1	3	927
6.94107	3	1	3	736
6.94207	1	1	3	692
6.94207	1	5	3	692
6.94307	1	1	3	692
6.94307	1	5	3	692
6.94407	1	1	3	1278
6.94407	1	5	3	106
6.94507	1	1	3	927
6.94507	1	2	3	208
6.94507	1	3	3	633
6.94507	1	4	3	135
6.94607	3	3	3	2389
6.94707	3	1	3	8000
6.94807	3	4	3	531
6.95007	1	2	3	208
6.95007	1	3	3	633
6.95007	1	4	3	135
6.95007	1	5	3	106
6.95107	1	1	3	223
6.95107	1	2	3	428
6.95107	1	3	3	1278
6.95107	1	4	3	428
6.95107	1	5	3	340
6.95207	1	1	3	223
6.95207	1	2	3	428
6.95207	1	3	3	1278
6.95207	1	4	3	428
6.95207	1	5	3	340
6.95207	3	3	3	633
6.95307	1	1	3	223
6.95307	1	2	3	428
6.95307	1	3	3	1278
6.95307	1	4	3	428
6.95307	1	5	3	340
6.95407	1	1	3	223
6.95407	1	2	3	428
6.95407	1	3	3	1278
6.95407	1	4	3	428
6.95407	1	5	3	340
6.95407	3	4	3	6475
6.95507	1	1	3	458
6.95507	1	2	3	648
6.95507	1	3	3	1920
6.95507	3	4	3	276
6.95607	1	2	3	428
6.95607	1	3	3	1278
6.95607	1	4	3	428
6.95707	1	2	3	428
6.95707	1	3	3	632
6.95707	1	4	3	428
6.95807	1	2	3	428
6.95807	1	4	3	282
6.95807	3	3	3	1278
6.95907	1	2	3	428
6.95907	1	4	3	428
6.96007	1	2	3	428
6.96007	1	4	3	282
6.96007	1	5	3	223
6.96107	1	1	3	223
6.96107	1	2	3	428
6.96107	1	4	3	428
6.96107	1	5	3	340
6.96107	3	1	3	736
6.96207	1	1	3	340
6.96207	1	2	3	648
6.96207	1	4	3	428
6.96207	1	5	3	340
6.96307	1	1	3	340
6.96307	1	2	3	648
6.96307	1	4	3	428
6.96307	1	5	3	340
6.96407	1	1	3	340
6.96407	1	2	3	648
6.96407	1	4	3	428
6.96407	1	5	3	340
6.96407	3	3	3	1278
6.96507	1	1	3	458
6.96507	1	2	3	648
6.96507	1	4	3	428
6.96607	1	2	3	868
6.96607	1	4	3	428
6.96607	3	1	3	8929
6.96707	1	2	3	648
6.96707	1	4	3	428
6.96707	3	1	3	528
6.96807	1	2	3	648
6.96807	1	4	3	428
6.96907	1	2	3	132
6.96907	1	4	3	428
6.97007	1	4	3	428
6.97007	1	5	3	340
6.97007	3	3	3	1920
6.97107	1	1	3	340
6.97107	1	4	3	428
6.97107	1	5	3	340
6.97207	1	1	3	340
6.97207	1	4	3	242
6.97207	1	5	3	340
6.97307	1	1	3	458
6.97307	1	5	3	340
6.97307	3	4	3	531
6.97407	1	1	3	406
6.97407	1	5	3	340
6.97607	3	3	3	1278
6.97907	3	4	3	6475
6.98007	1	5	3	927
6.98007	3	1	3	736
6.98007	3	4	3	1732
6.98107	1	5	3	692
6.98207	1	5	3	1396
6.98207	3	3	3	783
6.98307	1	5	3	252
6.98407	1	2	3	208
6.98407	1	3	3	633
6.98407	1	4	3	135
6.98507	3	1	3	5951
6.98607	3	1	3	3506
6.98907	1	2	3	208
6.98907	1	3	3	633
6.98907	1	4	3	135
6.98907	3	3	3	633
6.99007	1	2	3	648
6.99007	1	3	3	1920
6.99007	1	4	3	428
6.99007	1	5	3	340
6.99107	1	2	3	868
6.99107	1	3	3	2562
6.99107	1	4	3	575
6.99207	1	2	3	868
6.99207	1	3	3	2562
6.99207	1	4	3	428
6.99207	1	5	3	106
6.99307	1	1	3	106
6.99307	1	2	3	428
6.99307	1	3	3	1890
6.99307	1	4	3	428
6.99307	1	5	3	340
6.99407	1	2	3	868
6.99407	1	4	3	428
6.99407	3	4	3	428
6.99507	1	2	3	286
6.99507	1	4	3	340
6.99507	3	3	3	1278
6.99607	1	4	3	428
6.99607	1	5	3	340
6.99707	1	4	3	428
6.99807	1	4	3	575
6.99807	3	1	3	736
6.99907	1	4	3	721
6.99907	1	5	3	575
7.00007	1	4	3	1015
7.00007	1	5	3	575
7.00007	3	4	3	5250
7.00107	1	4	3	1308
7.00107	3	3	3	1278
7.00107	3	4	3	4374
7.00207	1	4	3	868
7.00207	1	5	3	692
7.00207	3	4	3	144
7.00307	1	4	3	868
7.00307	1	5	3	692
7.00407	1	1	3	458
7.00407	1	4	3	428
7.00407	3	1	3	8929
7.00507	1	1	3	458
7.00507	1	4	3	428
7.00507	3	1	3	528
7.00607	1	1	3	458
7.00607	1	4	3	264
7.00607	1	5	3	458
7.00707	1	1	3	340
7.00807	1	1	3	340
7.00907	1	5	3	340
7.01007	1	5	3	692
7.01107	3	3	3	2545
7.01207	1	5	3	600
7.01407	1	1	3	1044
7.01507	1	1	3	692
7.01507	3	4	3	633
7.01607	1	1	3	692
7.01707	1	1	3	575
7.01807	1	1	3	1161
7.01807	3	1	3	736
7.01907	1	2	3	208
7.01907	1	3	3	633
7.01907	1	5	3	106
7.01907	3	3	3	633
7.02107	3	4	3	7701
7.02207	1	5	3	106
7.02207	3	4	3	404
7.02307	1	5	3	223
7.02407	1	1	3	458
7.02407	1	2	3	868
7.02407	1	3	3	1920
7.02407	3	1	3	9455
7.02507	1	1	3	340
7.02507	1	2	3	648
7.02507	1	3	3	1920
7.02507	1	5	3	340
7.02507	3	3	3	1278
7.02607	1	1	3	340
7.02607	1	2	3	648
7.02607	1	3	3	1920
7.02607	1	5	3	340
7.02707	1	1	3	458
7.02707	1	2	3	868
7.02707	1	3	3	1920
7.02807	1	1	3	340
7.02807	1	2	3	648
7.02807	1	3	3	1888
7.02807	1	4	3	135
7.02907	1	2	3	428
7.02907	1	5	3	340
7.03007	1	2	3	648
7.03107	1	2	3	648
7.03107	3	3	3	1073
7.03207	1	2	3	230
7.03207	1	5	3	340
7.03307	1	4	3	428
7.03307	1	5	3	340
7.03407	1	1	3	340
7.03407	1	4	3	428
7.03507	1	1	3	458
7.03507	1	5	3	340
7.03507	3	4	3	633
7.03607	1	1	3	458
7.03607	1	4	3	428
7.03607	1	5	3	340
7.03707	1	1	3	458
7.03707	1	4	3	721
7.03707	3	3	3	1612
7.03807	1	1	3	258
7.03807	1	4	3	575
7.03907	1	4	3	575
7.03907	1	5	3	575
7.04007	1	4	3	721
7.04107	1	4	3	721
7.04207	1	4	3	575
7.04207	1	5	3	458
7.04307	1	4	3	537
7.04307	1	5	3	458
7.04307	3	3	3	1140
7.04507	1	5	3	692
7.04607	1	5	3	692
7.04607	3	4	3	7701
7.04707	3	4	3	1860
7.04807	3	1	3	736
7.04907	1	5	3	927
7.04907	3	3	3	531
7.05207	1	5	3	575
7.05307	3	1	3	3633
7.05407	3	3	3	1920
7.05507	1	2	3	208
7.05507	1	3	3	633
7.05507	1	4	3	135
7.05507	1	5	3	1044
7.05507	3	3	3	417
7.05607	1	5	3	390
7.05907	3	3	3	633
7.06007	1	2	3	208
7.06007	1	3	3	633
7.06007	1	4	3	135
7.06107	1	2	3	428
7.06107	1	3	3	1278
7.06107	1	4	3	135
7.06207	1	1	3	106
7.06207	1	2	3	868
7.06207	1	3	3	1830
7.06207	1	4	3	428
7.06307	1	2	3	1308
7.06307	1	4	3	868
7.06407	1	2	3	1308
7.06407	1	4	3	721
7.06407	3	3	3	633
7.06507	1	2	3	1308
7.06507	3	3	3	170
7.06507	3	4	3	531
7.06607	1	2	3	202
7.06607	1	4	3	458
7.06707	1	4	3	575
7.06707	1	5	3	106
7.06807	1	4	3	692
7.06907	1	4	3	692
7.07007	1	4	3	692
7.07007	1	5	3	575
7.07107	1	4	3	315
7.07107	1	5	3	692
7.07107	3	3	3	106
7.07107	3	4	3	5936
7.07207	3	1	3	868
7.07207	3	4	3	3726
7.07307	1	1	3	575
7.07307	1	5	3	223
7.07407	1	1	3	692
7.07507	1	1	3	458
7.07607	1	1	3	692
7.07607	3	3	3	1612
7.07707	1	1	3	1396
7.07907	1	5	3	692
7.08007	1	5	3	927
7.08107	1	5	3	692
7.08307	1	1	3	692
7.08307	1	5	3	403
7.08307	3	1	3	4957
7.08307	3	3	3	1920
7.08407	1	1	3	692
7.08507	1	1	3	458
7.08507	3	4	3	531
7.08607	1	1	3	340
7.08607	1	2	3	208
7.08607	1	3	3	633
7.08607	1	4	3	106
7.08707	1	1	3	692
7.08707	1	5	3	692
7.08907	1	5	3	106
7.08907	3	3	3	1073
7.09007	1	5	3	638
7.09107	1	2	3	428
7.09107	1	3	3	1278
7.09107	1	4	3	223
7.09107	1	5	3	340
7.09107	3	4	3	6475
7.09207	3	4	3	3187
7.09307	1	1	3	223
7.09307	1	2	3	428
7.09307	1	3	3	1278
7.09307	1	4	3	340
7.09307	1	5	3	340
7.09407	1	1	3	223
7.09407	1	2	3	648
7.09407	1	3	3	1920
7.09407	1	4	3	340
7.09507	1	1	3	106
7.09507	1	2	3	208
7.09507	1	3	3	633
7.09507	1	4	3	106
7.09507	3	3	3	1025
7.09607	1	1	3	223
7.09607	1	2	3	428
7.09607	1	3	3	92
7.09607	1	4	3	340
7.09707	1	1	3	223
7.09707	1	2	3	428
7.09707	1	4	3	340
7.09707	1	5	3	340
7.09807	1	2	3	428
7.09807	1	4	3	340
7.09907	1	2	3	428
7.09907	1	4	3	340
7.09907	1	5	3	340
7.10007	1	2	3	648
7.10007	1	4	3	340
7.10007	1	5	3	340
7.10107	1	2	3	868
7.10107	1	4	3	340
7.10107	1	5	3	340
7.10107	3	3	3	633
7.10207	1	2	3	868
7.10207	1	4	3	340
7.10207	3	1	3	868
7.10307	1	1	3	340
7.10307	1	2	3	648
7.10307	1	4	3	340
7.10307	1	5	3	340
7.10407	1	1	3	340
7.10407	1	2	3	642
7.10407	1	4	3	340
7.10507	1	1	3	340
7.10507	1	4	3	340
7.10507	3	4	3	428
7.10607	1	1	3	340
7.10607	1	4	3	340
7.10707	1	1	3	340
7.10707	1	4	3	340
7.10707	1	5	3	340
7.10707	3	3	3	1278
7.10807	1	4	3	340
7.10807	3	1	3	4957
7.10907	1	4	3	458
7.10907	1	5	3	575
7.11007	1	4	3	458
7.11007	1	5	3	575
7.11107	1	4	3	458
7.11107	1	5	3	446
7.11107	3	4	3	6475
7.11207	1	4	3	413
7.11207	3	4	3	3290
7.11307	1	1	3	458
7.11407	1	1	3	458
7.11507	1	1	3	692
7.11607	1	1	3	458
7.11707	1	1	3	141
7.11807	3	3	3	3204
7.11907	1	5	3	106
7.12007	1	5	3	692
7.12107	1	5	3	809
7.12307	1	5	3	1263
7.12407	3	3	3	618
7.12507	3	4	3	531
7.12607	1	2	3	208
7.12607	1	3	3	633
7.12607	1	4	3	106
7.12707	3	1	3	868
7.13107	1	2	3	868
7.13107	1	3	3	2562
7.13107	1	4	3	458
7.13107	3	3	3	633
7.13107	3	4	3	3838
7.13207	1	1	3	106
7.13207	1	2	3	868
7.13207	1	3	3	1920
7.13207	1	4	3	340
7.13307	1	2	3	1088
7.13307	1	3	3	714
7.13307	1	4	3	575
7.13307	3	1	3	7868
7.13407	1	2	3	1088
7.13407	1	4	3	575
7.13407	1	5	3	106
7.13507	1	2	3	1308
7.13507	1	4	3	692
7.13607	1	2	3	408
7.13607	1	4	3	458
7.13607	3	3	3	1278
7.13707	1	4	3	575
7.13807	1	4	3	458
7.13807	1	5	3	458
7.13907	1	4	3	575
7.14007	1	4	3	458
7.14007	1	5	3	575
7.14107	1	4	3	576
7.14107	1	5	3	458
7.14107	3	3	3	1278
7.14307	1	1	3	458
7.14407	1	1	3	692
7.14507	1	1	3	458
7.14607	1	1	3	927
7.14707	1	1	3	692
7.14707	1	5	3	692
7.14707	3	3	3	1113
7.14807	1	5	3	927
7.14907	1	5	3	692
7.15007	1	5	3	402
7.15107	1	5	3	458
7.15307	1	1	3	458
7.15307	3	3	3	633
7.15407	1	1	3	575
7.15507	1	1	3	575
7.15507	3	4	3	340
7.15607	1	1	3	927
7.15707	1	1	3	692
7.15707	1	5	3	692
7.15707	3	1	3	736
7.15807	1	5	3	286
7.15907	1	5	3	809
7.15907	3	3	3	1278
7.16007	1	5	3	223
7.16107	1	5	3	404
7.16107	3	4	3	5250
7.16207	3	4	3	237
7.16307	1	1	3	1044
7.16307	3	1	3	8000
7.16407	1	1	3	575
7.16507	1	1	3	583
7.16507	3	3	3	1278
7.16607	1	2	3	208
7.16607	1	3	3	633
7.16607	1	4	3	106
7.17107	1	2	3	428
7.17107	1	3	3	1278
7.17107	1	4	3	282
7.17107	1	5	3	106
7.17107	3	3	3	1920
7.17307	1	1	3	223
7.17307	1	2	3	428
7.17307	1	3	3	1278
7.17307	1	4	3	428
7.17307	1	5	3	340
7.17407	1	2	3	648
7.17407	1	3	3	1920
7.17407	1	4	3	428
7.17407	1	5	3	340
7.17507	1	2	3	648
7.17507	1	3	3	1920
7.17507	1	4	3	428
7.17507	1	5	3	340
7.17507	3	4	3	428
7.17607	1	1	3	106
7.17607	1	2	3	868
7.17607	1	3	3	261
7.17607	1	4	3	428
7.17707	1	1	3	223
7.17707	1	2	3	428
7.17707	1	4	3	428
7.17707	1	5	3	340
7.17707	3	3	3	627
7.17807	1	2	3	428
7.17807	1	4	3	428
7.17907	1	1	3	223
7.17907	1	2	3	428
7.17907	1	4	3	428
7.18007	1	2	3	868
7.18007	1	4	3	428
7.18107	1	2	3	464
7.18107	1	4	3	721
7.18107	1	5	3	106
7.18107	3	4	3	5397
7.18207	1	4	3	428
7.18207	3	1	3	868
7.18307	1	1	3	340
7.18307	1	4	3	428
7.18307	1	5	3	340
7.18307	3	3	3	633
7.18407	1	4	3	428
7.18407	1	5	3	340
7.18507	1	1	3	340
7.18507	1	4	3	35
7.18507	1	5	3	340
7.18607	1	1	3	692
7.18707	1	1	3	458
7.18707	1	5	3	458
7.18907	1	1	3	323
7.18907	3	3	3	1278
7.19107	1	5	3	692
7.19307	1	1	3	692
7.19307	1	5	3	692
7.19307	3	1	3	7868
7.19407	1	5	3	458
7.19507	1	1	3	458
7.19507	1	5	3	809
7.19507	3	3	3	1278
7.19607	1	1	3	106
7.19707	1	1	3	692
7.19707	1	5	3	692
7.19807	1	2	3	208
7.19807	1	3	3	633
7.19807	1	4	3	135
7.19807	1	5	3	223
7.19907	1	1	3	223
7.20007	3	4	3	531
7.20107	1	5	3	576
7.20107	3	3	3	1920
7.20307	1	1	3	223
7.20307	1	2	3	428
7.20307	1	3	3	1920
7.20307	1	4	3	428
7.20407	1	2	3	428
7.20407	1	3	3	1278
7.20407	1	4	3	428
7.20407	1	5	3	340
7.20507	1	1	3	223
7.20507	1	2	3	428
7.20507	1	3	3	1278
7.20507	1	4	3	428
7.20507	1	5	3	340
7.20607	1	4	3	135
7.20607	3	3	3	627
7.20607	3	4	3	5394
7.20707	1	1	3	458
7.20707	1	2	3	648
7.20707	1	3	3	723
7.20707	1	4	3	428
7.20707	3	4	3	1357
7.20807	1	2	3	648
7.20807	1	4	3	428
7.20807	1	5	3	106
7.20907	1	1	3	223
7.20907	1	2	3	428
7.20907	1	4	3	428
7.21007	1	2	3	428
7.21007	1	4	3	428
7.21107	1	1	3	340
7.21107	1	2	3	648
7.21107	1	4	3	340
7.21107	1	5	3	340
7.21207	1	2	3	428
7.21207	1	4	3	340
7.21207	1	5	3	340
7.21207	3	1	3	736
7.21307	1	1	3	458
7.21307	1	2	3	868
7.21307	1	4	3	428
7.21307	3	3	3	531
7.21407	1	2	3	648
7.21407	1	4	3	428
7.21407	1	5	3	340
7.21507	1	1	3	340
7.21507	1	2	3	648
7.21507	1	4	3	428
7.21507	1	5	3	340
7.21607	1	2	3	422
7.21607	1	4	3	428
7.21707	1	1	3	340
7.21707	1	4	3	428
7.21707	3	1	3	7877
7.21707	3	3	3	1920
7.21807	1	4	3	428
7.21807	1	5	3	340
7.21807	3	1	3	125
7.21807	3	3	3	417
7.21907	1	1	3	340
7.21907	1	4	3	428
7.22007	1	4	3	374
7.22007	3	4	3	428
7.22107	1	1	3	458
7.22107	1	5	3	458
7.22207	1	5	3	340
7.22307	1	1	3	280
7.22407	1	5	3	692
7.22507	1	5	3	342
7.22607	3	4	3	5397
7.22807	1	5	3	927
7.22807	3	3	3	531
7.22907	1	1	3	340
7.23107	1	5	3	106
7.23407	1	2	3	208
7.23407	1	3	3	633
7.23407	3	3	3	1278
7.23507	1	1	3	106
7.23507	1	5	3	575
7.23607	1	1	3	1278
7.23707	1	1	3	1396
7.23807	1	1	3	1396
7.23907	1	1	3	223
7.23907	1	2	3	648
7.23907	1	3	3	1920
7.23907	1	4	3	135
7.23907	1	5	3	340
7.24007	1	2	3	648
7.24007	1	3	3	1920
7.24007	3	3	3	1920
7.24007	3	4	3	428
7.24107	1	5	3	106
7.24107	3	1	3	736
7.24407	1	2	3	428
7.24407	1	3	3	1278
7.24407	1	4	3	428
7.24507	1	2	3	428
7.24507	1	3	3	80
7.24507	1	4	3	428
7.24507	1	5	3	340
7.24507	3	3	3	1278
7.24607	1	1	3	458
7.24607	1	2	3	868
7.24607	1	4	3	428
7.24607	3	4	3	5397
7.24707	1	1	3	340
7.24707	1	2	3	648
7.24707	1	4	3	428
7.24707	1	5	3	340
7.24707	3	1	3	8000
7.24807	1	1	3	340
7.24807	1	2	3	648
7.24807	1	4	3	428
7.24807	1	5	3	340
7.24907	1	1	3	458
7.24907	1	4	3	428
7.24907	1	5	3	340
7.25007	1	1	3	340
7.25007	1	2	3	648
7.25007	1	4	3	428
7.25107	1	2	3	428
7.25107	1	4	3	428
7.25107	1	5	3	340
7.25107	3	3	3	633
7.25207	1	2	3	648
7.25207	1	4	3	428
7.25307	1	2	3	648
7.25307	1	4	3	428
7.25307	3	3	3	633
7.25407	1	2	3	428
7.25407	1	4	3	428
7.25507	1	2	3	648
7.25507	1	4	3	428
7.25507	1	5	3	340
7.25607	1	1	3	340
7.25607	1	2	3	648
7.25607	1	4	3	428
7.25607	3	3	3	633
7.25707	1	1	3	289
7.25707	1	2	3	146
7.25707	1	4	3	428
7.25707	1	5	3	340
7.25807	1	4	3	428
7.25807	1	5	3	340
7.25907	1	4	3	428
7.25907	1	5	3	340
7.25907	3	3	3	268
7.26007	1	4	3	575
7.26107	1	4	3	575
7.26107	1	5	3	458
7.26207	1	4	3	641
7.26207	3	3	3	633
7.26507	1	5	3	458
7.26507	3	3	3	633
7.26507	3	4	3	531
7.26707	1	5	3	1396
7.26807	1	5	3	1200
7.26807	3	3	3	1278
7.27007	3	3	3	326
7.27107	1	5	3	1044
7.27107	3	1	3	736
7.27107	3	4	3	5936
7.27207	3	4	3	815
7.27607	3	1	3	736
7.27707	1	5	3	106
7.27707	3	1	3	8722
7.27807	1	1	3	106
7.27807	1	2	3	208
7.27807	1	3	3	633
7.27807	1	4	3	135
7.27807	1	5	3	575
7.27907	1	5	3	575
7.28007	1	5	3	572
7.28007	3	3	3	531
7.28307	1	2	3	428
7.28307	1	3	3	1278
7.28307	1	4	3	282
7.28407	1	2	3	428
7.28407	1	3	3	1278
7.28407	1	4	3	428
7.28507	1	2	3	428
7.28507	1	3	3	1278
7.28507	1	4	3	428
7.28607	1	2	3	648
7.28607	1	3	3	1920
7.28607	1	4	3	428
7.28607	1	5	3	340
7.28607	3	3	3	1073
7.28707	1	2	3	868
7.28707	1	3	3	903
7.28707	1	4	3	428
7.28707	1	5	3	223
7.28807	1	2	3	868
7.28807	1	4	3	575
7.28907	1	1	3	340
7.28907	1	2	3	648
7.28907	1	4	3	428
7.29007	1	1	3	340
7.29007	1	2	3	648
7.29007	1	4	3	428
7.29007	3	4	3	531
7.29107	1	1	3	223
7.29107	1	2	3	428
7.29107	1	4	3	428
7.29107	3	1	3	736
7.29207	1	1	3	458
7.29207	1	2	3	648
7.29207	1	4	3	428
7.29207	3	3	3	1612
7.29307	1	1	3	458
7.29307	1	2	3	868
7.29307	1	4	3	428
7.29307	1	5	3	106
7.29407	1	2	3	868
7.29407	1	4	3	575
7.29507	1	2	3	868
7.29507	1	4	3	721
7.29607	1	2	3	1088
7.29607	1	4	3	721
7.29607	3	4	3	6475
7.29707	1	2	3	282
7.29707	1	4	3	428
7.29707	1	5	3	340
7.29707	3	1	3	4462
7.29707	3	4	3	1732
7.29807	1	4	3	428
7.29807	3	1	3	3540
7.29807	3	3	3	1612
7.29907	1	1	3	340
7.29907	1	4	3	428
7.29907	1	5	3	340
7.30007	1	1	3	340
7.30007	1	4	3	428
7.30007	1	5	3	340
7.30107	1	1	3	458
7.30107	1	4	3	428
7.30107	1	5	3	340
7.30207	1	1	3	458
7.30207	1	4	3	721
7.30307	1	1	3	458
7.30307	1	4	3	512
7.30307	1	5	3	458
7.30307	3	3	3	908
7.30707	1	5	3	458
7.30907	1	1	3	692
7.30907	1	5	3	692
7.31007	1	1	3	692
7.31007	1	5	3	692
7.31007	3	1	3	736
7.31007	3	3	3	531
7.31007	3	4	3	531
7.31107	1	1	3	692
7.31107	1	5	3	692
7.31207	1	1	3	927
7.31307	1	1	3	692
7.31307	1	5	3	692
7.31507	3	1	3	7440
7.31507	3	3	3	1073
7.31607	3	1	3	2018
7.31607	3	4	3	3776
7.31707	1	2	3	208
7.31707	1	3	3	633
7.31707	1	4	3	135
7.31707	1	5	3	106
7.31707	3	4	3	5886
7.31907	1	1	3	692
7.31907	1	5	3	692
7.32007	1	1	3	1278
7.32007	1	5	3	106
7.32107	1	1	3	223
7.32107	1	5	3	575
7.32107	3	3	3	1612
7.32207	1	1	3	223
7.32207	1	2	3	648
7.32207	1	3	3	1920
7.32207	1	4	3	428
7.32307	1	1	3	223
7.32307	1	2	3	428
7.32307	1	3	3	1278
7.32307	1	4	3	428
7.32307	1	5	3	340
7.32707	1	2	3	428
7.32707	1	3	3	1484
7.32707	1	4	3	428
7.32707	1	5	3	340
7.32707	3	3	3	1612
7.32807	1	2	3	428
7.32807	1	3	3	1484
7.32807	1	4	3	428
7.32807	3	1	3	736
7.32907	1	1	3	223
7.32907	1	3	3	1947
7.32907	1	4	3	428
7.32907	1	5	3	340
7.33007	1	1	3	223
7.33007	1	2	3	428
7.33007	1	4	3	428
7.33007	1	5	3	340
7.33107	1	1	3	223
7.33107	1	2	3	648
7.33107	1	4	3	428
7.33107	1	5	3	340
7.33107	3	4	3	531
7.33207	1	1	3	223
7.33207	1	2	3	428
7.33207	1	4	3	428
7.33307	1	1	3	223
7.33307	1	2	3	428
7.33307	1	4	3	428
7.33307	1	5	3	340
7.33307	3	3	3	908
7.33407	1	2	3	868
7.33407	1	4	3	428
7.33407	1	5	3	340
7.33407	3	1	3	8929
7.33507	1	2	3	868
7.33507	1	4	3	428
7.33507	3	1	3	528
7.33607	1	2	3	868
7.33607	1	4	3	428
7.33707	1	2	3	868
7.33707	1	4	3	575
7.33707	1	5	3	223
7.33707	3	4	3	6475
7.33807	1	2	3	868
7.33807	1	4	3	428
7.33807	3	4	3	1732
7.33907	1	1	3	272
7.33907	1	2	3	352
7.33907	1	4	3	428
7.34007	1	4	3	575
7.34007	1	5	3	340
7.34007	3	3	3	531
7.34107	1	4	3	428
7.34107	1	5	3	340
7.34207	1	4	3	428
7.34307	1	4	3	633
7.34307	1	5	3	340
7.34407	1	5	3	575
7.34607	3	3	3	1073
7.34707	1	5	3	575
7.34807	3	1	3	736
7.35007	1	5	3	981
7.35107	3	4	3	531
7.35207	3	3	3	1612
7.35307	1	5	3	1044
7.35407	3	1	3	8929
7.35507	3	1	3	528
7.35707	1	2	3	208
7.35707	1	3	3	736
7.35707	1	4	3	150
7.35707	1	5	3	390
7.35707	3	4	3	7701
7.35807	3	3	3	1612
7.36007	1	5	3	575
7.36107	1	1	3	106
7.36207	1	2	3	208
7.36207	1	3	3	633
7.36207	1	4	3	135
7.36307	1	2	3	868
7.36307	1	3	3	2562
7.36307	1	4	3	575
7.36307	3	4	3	1962
7.36407	1	2	3	868
7.36407	1	3	3	2562
7.36407	1	4	3	428
7.36407	3	3	3	908
7.36507	1	2	3	428
7.36507	1	3	3	1278
7.36507	1	4	3	428
7.36607	1	2	3	868
7.36607	1	3	3	1920
7.36607	1	4	3	428
7.36607	1	5	3	106
7.36707	1	2	3	868
7.36707	1	3	3	511
7.36707	1	4	3	575
7.36807	1	2	3	648
7.36807	1	4	3	428
7.36807	1	5	3	340
7.36807	3	1	3	736
7.36907	1	2	3	648
7.36907	1	4	3	428
7.36907	1	5	3	340
7.37007	1	2	3	648
7.37007	1	4	3	428
7.37007	1	5	3	340
7.37007	3	3	3	531
7.37107	1	2	3	1088
7.37107	1	4	3	721
7.37107	3	4	3	531
7.37207	1	1	3	340
7.37207	1	2	3	648
7.37207	1	4	3	428
7.37207	1	5	3	340
7.37307	1	1	3	223
7.37307	1	2	3	428
7.37307	1	4	3	282
7.37407	1	1	3	223
7.37407	1	2	3	648
7.37407	1	4	3	426
7.37407	3	1	3	8184
7.37507	1	1	3	340
7.37507	1	2	3	648
7.37507	1	4	3	428
7.37507	3	1	3	1273
7.37607	1	1	3	340
7.37607	1	2	3	502
7.37607	1	4	3	428
7.37607	1	5	3	340
7.37607	3	3	3	1073
7.37707	1	4	3	428
7.37707	3	4	3	7701
7.37807	1	4	3	428
7.37807	1	5	3	340
7.37807	3	4	3	1962
7.37907	1	4	3	428
7.37907	1	5	3	340
7.38007	1	4	3	428
7.38007	1	5	3	340
7.38107	1	4	3	868
7.38207	1	1	3	458
7.38207	1	4	3	575
7.38207	1	5	3	458
7.38207	3	3	3	1612
7.38307	1	1	3	458
7.38307	1	4	3	373
7.38407	1	1	3	458
7.38507	1	1	3	458
7.38607	1	1	3	458
7.38607	1	5	3	458
7.38807	1	5	3	575
7.38807	3	3	3	1612
7.38907	1	5	3	862
7.39007	1	5	3	927
7.39107	3	4	3	633
7.39207	1	1	3	692
7.39207	1	5	3	507
7.39207	3	1	3	736
7.39307	1	1	3	809
7.39407	1	1	3	340
7.39407	3	3	3	908
7.39507	1	1	3	340
7.39507	1	3	3	633
7.39607	1	1	3	575
7.39607	1	2	3	208
7.39607	1	4	3	135
7.39707	3	4	3	7701
7.39807	3	1	3	3633
7.39807	3	4	3	1860
7.40007	1	3	3	5775
7.40007	3	3	3	531
7.40107	1	3	3	633
7.40107	1	4	3	135
7.40207	1	1	3	223
7.40207	1	2	3	428
7.40207	1	3	3	1278
7.40207	1	4	3	428
7.40207	1	5	3	340
7.40307	1	1	3	223
7.40307	1	2	3	648
7.40307	1	3	3	423
7.40307	1	4	3	428
7.40307	1	5	3	106
7.40407	1	1	3	458
7.40407	1	2	3	648
7.40407	1	4	3	428
7.40507	1	1	3	340
7.40507	1	2	3	648
7.40507	1	4	3	428
7.40607	1	1	3	223
7.40607	1	2	3	428
7.40607	1	4	3	428
7.40607	1	5	3	340
7.40607	3	3	3	1073
7.40707	1	2	3	648
7.40707	1	4	3	428
7.40807	1	2	3	868
7.40807	1	4	3	721
7.40907	1	4	3	575
7.40907	1	5	3	340
7.41007	1	2	3	648
7.41007	1	4	3	428
7.41007	1	5	3	340
7.41107	1	2	3	868
7.41107	1	4	3	428
7.41107	3	1	3	736
7.41107	3	3	3	1612
7.41107	3	4	3	633
7.41207	1	1	3	340
7.41207	1	2	3	648
7.41207	1	4	3	428
7.41207	1	5	3	340
7.41307	1	1	3	340
7.41307	1	2	3	648
7.41307	1	4	3	428
7.41307	1	5	3	340
7.41407	1	1	3	340
7.41407	1	2	3	648
7.41407	1	4	3	428
7.41507	1	1	3	340
7.41507	1	2	3	648
7.41507	1	4	3	428
7.41607	1	1	3	340
7.41607	1	2	3	648
7.41607	1	4	3	428
7.41607	1	5	3	340
7.41607	3	1	3	5089
7.41607	3	3	3	1086
7.41707	1	2	3	648
7.41707	1	4	3	428
7.41707	3	4	3	7701
7.41807	1	2	3	296
7.41807	1	4	3	428
7.41807	3	4	3	1860
7.41907	1	4	3	428
7.41907	1	5	3	340
7.42007	1	4	3	428
7.42007	1	5	3	340
7.42107	1	4	3	428
7.42207	1	1	3	458
7.42207	1	4	3	428
7.42207	1	5	3	340
7.42207	3	3	3	531
7.42307	1	1	3	458
7.42307	1	4	3	540
7.42307	1	5	3	458
7.42407	1	1	3	458
7.42507	1	1	3	458
7.42607	1	1	3	458
7.42607	1	5	3	458
7.42807	3	3	3	1073
7.42907	1	5	3	927
7.42907	3	1	3	736
7.43007	1	5	3	927
7.43107	3	4	3	736
7.43207	1	1	3	692
7.43207	1	5	3	692
7.43307	1	1	3	401
7.43307	1	5	3	224
7.43407	3	3	3	1612
7.43507	1	3	3	633
7.43507	3	1	3	5089
7.43607	1	2	3	208
7.43607	1	4	3	135
7.43607	1	5	3	575
7.43707	3	4	3	3633
7.43807	1	5	3	458
7.44007	1	3	3	5775
7.44007	1	5	3	106
7.44007	3	3	3	1612
7.44107	1	3	3	633
7.44107	1	4	3	135
7.44207	1	1	3	223
7.44207	1	2	3	428
7.44207	1	3	3	1278
7.44207	1	4	3	428
7.44207	1	5	3	340
7.44307	1	2	3	428
7.44307	1	3	3	1879
7.44307	1	4	3	428
7.44407	1	2	3	868
7.44407	1	4	3	428
7.44407	1	5	3	340
7.44507	1	2	3	868
7.44507	1	4	3	428
7.44607	1	1	3	106
7.44607	1	2	3	428
7.44607	1	4	3	428
7.44607	1	5	3	340
7.44707	1	2	3	428
7.44707	1	4	3	428
7.44807	1	1	3	458
7.44807	1	2	3	868
7.44807	1	4	3	428
7.44807	1	5	3	106
7.44907	1	1	3	340
7.44907	1	2	3	648
7.44907	1	4	3	428
7.45007	1	1	3	340
7.45007	1	2	3	648
7.45007	1	4	3	428
7.45007	1	5	3	340
7.45107	1	2	3	868
7.45107	1	4	3	575
7.45107	3	3	3	1073
7.45107	3	4	3	736
7.45207	1	1	3	340
7.45207	1	2	3	648
7.45207	1	4	3	428
7.45207	1	5	3	340
7.45307	1	2	3	868
7.45307	1	4	3	428
7.45407	1	2	3	428
7.45407	1	4	3	428
7.45407	1	5	3	340
7.45407	3	1	3	531
7.45507	1	2	3	648
7.45507	1	4	3	428
7.45607	1	1	3	340
7.45607	1	2	3	648
7.45607	1	4	3	428
7.45607	1	5	3	340
7.45607	3	3	3	1612
7.45707	1	2	3	296
7.45707	1	4	3	428
7.45707	3	4	3	5089
7.45807	1	1	3	340
7.45807	1	4	3	428
7.45807	1	5	3	340
7.45907	1	1	3	340
7.45907	1	4	3	428
7.45907	3	1	3	6749
7.46007	1	1	3	340
7.46007	1	4	3	428
7.46007	1	5	3	340
7.46107	1	4	3	575
7.46207	1	1	3	458
7.46207	1	4	3	575
7.46207	1	5	3	458
7.46207	3	3	3	1612
7.46307	1	4	3	539
7.46407	1	5	3	575
7.46607	1	1	3	458
7.46607	1	5	3	458
7.46807	1	1	3	692
7.46807	1	5	3	692
7.46807	3	3	3	913
7.46907	1	1	3	809
7.47007	1	1	3	268
7.47007	1	5	3	692
7.47207	1	5	3	692
7.47407	3	3	3	633
7.47607	1	5	3	106
7.47607	3	4	3	736
7.47807	1	5	3	654
7.47807	3	1	3	868
7.47907	1	2	3	208
7.47907	1	3	3	633
7.47907	1	4	3	135
7.48007	1	5	3	1044
7.48007	3	3	3	1278
7.48207	1	5	3	390
7.48207	3	4	3	5089
7.48407	1	2	3	1308
7.48407	1	3	3	3846
7.48407	3	1	3	4957
7.48507	1	2	3	208
7.48507	1	3	3	633
7.48507	1	4	3	135
7.48607	1	1	3	106
7.48607	1	2	3	428
7.48607	1	3	3	1920
7.48607	1	4	3	428
7.48607	3	3	3	1278
7.48707	1	1	3	223
7.48707	1	2	3	208
7.48707	1	3	3	633
7.48707	1	4	3	135
7.48807	1	1	3	223
7.48807	1	2	3	428
7.48807	1	3	3	1920
7.48807	1	4	3	428
7.48807	1	5	3	223
7.48907	1	1	3	458
7.48907	1	3	3	618
7.48907	1	4	3	575
7.49007	1	1	3	340
7.49007	1	2	3	648
7.49007	1	4	3	340
7.49107	1	2	3	428
7.49107	3	3	3	1113
7.49207	1	2	3	648
7.49207	1	4	3	428
7.49207	1	5	3	106
7.49307	1	2	3	648
7.49307	1	4	3	428
7.49407	1	2	3	428
7.49407	1	4	3	340
7.49407	1	5	3	340
7.49507	1	2	3	648
7.49507	1	4	3	340
7.49507	1	5	3	340
7.49507	3	4	3	736
7.49607	1	1	3	340
7.49607	1	2	3	648
7.49607	1	4	3	340
7.49607	1	5	3	340
7.49707	1	1	3	458
7.49707	1	2	3	868
7.49707	1	4	3	340
7.49707	3	3	3	531
7.49807	1	1	3	340
7.49807	1	2	3	648
7.49807	1	4	3	340
7.49807	1	5	3	340
7.49907	1	2	3	428
7.49907	1	4	3	340
7.50007	1	2	3	868
7.50007	1	4	3	575
7.50107	1	2	3	530
7.50107	1	4	3	428
7.50107	3	4	3	8000
7.50207	1	4	3	428
7.50207	1	5	3	340
7.50207	3	3	3	1612
7.50307	1	4	3	428
7.50307	3	3	3	725
7.50407	1	1	3	340
7.50407	1	4	3	428
7.50407	1	5	3	340
7.50507	1	1	3	340
7.50507	1	4	3	428
7.50507	1	5	3	340
7.50607	1	1	3	458
7.50607	1	4	3	575
7.50607	1	5	3	458
7.50707	1	1	3	458
7.50707	1	4	3	721
7.50707	3	3	3	1278
7.50807	1	1	3	458
7.50807	1	4	3	575
7.50807	1	5	3	458
7.50807	3	1	3	868
7.50907	1	4	3	580
7.51207	1	5	3	458
7.51207	3	3	3	156
7.51407	1	1	3	692
7.51407	1	5	3	692
7.51407	3	1	3	4957
7.51507	1	1	3	692
7.51507	1	5	3	575
7.51607	1	1	3	692
7.51607	1	5	3	406
7.51807	1	1	3	692
7.51807	1	5	3	575
7.51907	3	3	3	633
7.52007	3	4	3	736
7.52207	1	1	3	1278
7.52207	1	5	3	106
7.52407	1	5	3	692
7.52407	3	3	3	1278
7.52507	1	1	3	458
7.52507	1	2	3	208
7.52507	1	3	3	633
7.52507	1	4	3	135
7.52507	1	5	3	575
7.52607	1	5	3	692
7.52607	3	4	3	8000
7.52807	1	1	3	692
7.52807	1	5	3	234
7.52907	1	1	3	692
7.53007	1	2	3	208
7.53007	1	3	3	633
7.53007	1	4	3	135
7.53007	3	3	3	1278
7.53107	1	1	3	223
7.53107	1	2	3	428
7.53107	1	3	3	633
7.53107	1	4	3	135
7.53207	1	1	3	223
7.53207	1	2	3	428
7.53207	1	3	3	1278
7.53207	1	4	3	428
7.53207	1	5	3	340
7.53307	3	1	3	868
7.53407	1	2	3	428
7.53407	1	4	3	428
7.53507	1	1	3	340
7.53507	1	2	3	648
7.53507	1	3	3	1920
7.53507	1	4	3	340
7.53607	1	2	3	868
7.53607	1	3	3	1920
7.53607	1	4	3	340
7.53607	3	3	3	1920
7.53707	1	2	3	428
7.53707	1	3	3	1278
7.53707	1	4	3	340
7.53807	1	1	3	223
7.53807	1	2	3	428
7.53807	1	3	3	1278
7.53807	1	4	3	340
7.53807	1	5	3	340
7.53907	1	1	3	223
7.53907	1	2	3	314
7.53907	1	3	3	635
7.53907	1	4	3	309
7.53907	1	5	3	340
7.53907	3	1	3	6412
7.54007	1	5	3	340
7.54007	3	4	3	736
7.54107	1	5	3	340
7.54207	1	5	3	340
7.54207	3	3	3	627
7.54507	1	1	3	1044
7.54607	1	1	3	452
7.54607	3	4	3	8000
7.54707	1	1	3	1044
7.54807	1	5	3	1044
7.54907	1	5	3	1044
7.54907	3	3	3	633
7.55107	1	5	3	184
7.55207	1	2	3	208
7.55207	1	4	3	106
7.55307	1	1	3	106
7.55407	1	1	3	223
7.55507	1	1	3	692
7.55507	1	5	3	692
7.55507	3	3	3	1278
7.55707	1	1	3	458
7.55707	1	2	3	648
7.55707	1	3	3	633
7.55707	1	4	3	340
7.55807	1	2	3	868
7.55807	1	4	3	458
7.55807	1	5	3	340
7.55807	3	1	3	868
7.55907	1	2	3	868
7.55907	1	4	3	340
7.55907	1	5	3	340
7.56107	1	1	3	458
7.56107	1	2	3	868
7.56107	1	4	3	340
7.56107	1	5	3	66
7.56107	3	3	3	1278
7.56207	1	2	3	545
7.56207	1	3	3	1278
7.56207	1	4	3	223
7.56207	1	5	3	223
7.56307	1	1	3	223
7.56307	1	2	3	545
7.56307	1	3	3	1278
7.56307	1	4	3	340
7.56407	1	1	3	223
7.56407	1	2	3	545
7.56407	1	3	3	1278
7.56407	1	4	3	340
7.56407	3	1	3	7868
7.56507	1	2	3	545
7.56507	1	3	3	1278
7.56507	1	4	3	106
7.56507	1	5	3	106
7.56507	3	4	3	736
7.56607	1	2	3	202
7.56607	1	3	3	1278
7.56607	1	4	3	340
7.56707	1	3	3	1484
7.56707	1	4	3	223
7.56707	3	3	3	1612
7.56807	1	3	3	1699
7.56807	1	4	3	340
7.56807	1	5	3	106
7.56907	1	4	3	340
7.56907	1	5	3	340
7.57007	1	1	3	458
7.57007	1	4	3	340
7.57107	1	4	3	340
7.57107	1	5	3	340
7.57107	3	4	3	8000
7.57207	1	1	3	458
7.57207	1	4	3	340
7.57207	1	5	3	340
7.57307	1	1	3	692
7.57307	1	4	3	575
7.57307	3	3	3	935
7.57407	1	4	3	427
7.57507	1	5	3	458
7.57607	1	1	3	458
7.57807	1	5	3	340
7.57907	1	1	3	355
7.57907	1	5	3	692
7.57907	3	3	3	531
7.58107	1	5	3	927
7.58207	1	5	3	444
7.58307	1	1	3	458
7.58307	3	1	3	736
7.58407	3	3	3	1920
7.58507	1	5	3	1396
7.58507	3	3	3	417
7.58807	1	2	3	267
7.58807	1	3	3	633
7.58807	1	5	3	38
7.58907	1	1	3	106
7.58907	3	1	3	9455
7.59007	3	3	3	633
7.59007	3	4	3	736
7.59107	1	1	3	1278
7.59107	1	4	3	106
7.59207	1	1	3	1278
7.59207	1	5	3	106
7.59307	1	2	3	1102
7.59307	1	3	3	2228
7.59407	1	2	3	1935
7.59407	1	3	3	1511
7.59407	3	3	3	633
7.59507	1	1	3	692
7.59507	1	2	3	1381
7.59507	3	3	3	170
7.59607	1	2	3	267
7.59607	3	4	3	8000
7.59807	1	1	3	223
7.59807	1	2	3	545
7.59807	1	4	3	340
7.59807	1	5	3	106
7.59907	1	1	3	340
7.59907	1	2	3	338
7.59907	1	4	3	340
7.59907	1	5	3	340
7.60007	1	4	3	223
7.60007	1	5	3	223
7.60107	1	1	3	340
7.60107	1	4	3	340
7.60107	1	5	3	340
7.60107	3	3	3	531
7.60207	1	5	3	106
7.60307	1	4	3	809
7.60307	3	1	3	956
7.60407	1	4	3	692
7.60507	1	1	3	575
7.60507	1	4	3	575
7.60607	1	4	3	692
7.60607	3	3	3	1278
7.60707	1	1	3	552
7.60707	1	4	3	575
7.60807	1	4	3	575
7.60807	1	5	3	575
7.60907	1	4	3	458
7.60907	1	5	3	458
7.61007	1	4	3	123
7.61007	1	5	3	340
7.61007	3	4	3	736
7.61107	1	5	3	458
7.61207	1	5	3	340
7.61207	3	3	3	1920
7.61407	3	1	3	7780
7.61607	3	4	3	8929
7.61707	3	4	3	528
7.61807	1	5	3	926
7.61907	1	5	3	927
7.62007	1	5	3	507
7.62107	1	5	3	1396
7.62207	1	1	3	106
7.62207	1	5	3	38
7.62307	3	3	3	1278
7.62407	1	2	3	267
7.62407	1	3	3	736
7.62407	1	4	3	106
7.62807	1	1	3	1278
7.62907	1	1	3	340
7.62907	1	2	3	824
7.62907	1	3	3	2228
7.62907	1	4	3	340
7.62907	3	3	3	1278
7.63007	1	1	3	340
7.63007	1	2	3	824
7.63007	1	3	3	2228
7.63007	1	4	3	340
7.63007	3	4	3	736
7.63107	1	1	3	458
7.63107	1	2	3	824
7.63107	1	3	3	637
7.63107	1	4	3	340
7.63207	1	2	3	1656
7.63207	1	4	3	575
7.63407	1	2	3	545
7.63407	1	4	3	340
7.63507	1	2	3	824
7.63507	1	4	3	340
7.63507	1	5	3	106
7.63607	1	2	3	1102
7.63607	1	4	3	458
7.63707	1	1	3	458
7.63707	1	2	3	429
7.63707	1	4	3	458
7.63807	1	5	3	106
7.63807	3	1	3	956
7.63907	1	1	3	340
7.63907	1	4	3	340
7.63907	1	5	3	340
7.64007	1	4	3	458
7.64007	3	3	3	2317
7.64107	1	4	3	340
7.64107	1	5	3	340
7.64107	3	4	3	8000
7.64207	1	4	3	458
7.64207	1	5	3	458
7.64307	1	1	3	692
7.64307	1	4	3	575
7.64407	1	4	3	384
7.64407	3	1	3	9235
7.64507	1	1	3	575
7.64507	1	5	3	223
7.64607	1	1	3	458
7.64607	3	3	3	531
7.64807	1	5	3	340
7.64907	1	5	3	927
7.65107	1	5	3	927
7.65107	3	3	3	1278
7.65207	1	1	3	692
7.65207	1	5	3	692
7.65407	1	1	3	458
7.65507	1	5	3	809
7.65507	3	4	3	736
7.65707	3	3	3	1920
7.65807	1	1	3	458
7.65807	1	2	3	267
7.65807	1	3	3	736
7.65807	1	4	3	106
7.65807	1	5	3	482
7.65807	3	1	3	868
7.65907	1	5	3	927
7.66107	1	1	3	692
7.66107	1	5	3	507
7.66107	3	4	3	8929
7.66207	3	4	3	528
7.66307	1	2	3	267
7.66307	1	3	3	736
7.66307	1	4	3	106
7.66307	3	3	3	1278
7.66407	3	1	3	9323
7.66507	1	1	3	223
7.66507	1	2	3	824
7.66507	1	3	3	2228
7.66507	1	4	3	340
7.66707	1	1	3	223
7.66707	1	2	3	545
7.66707	1	3	3	1484
7.66707	1	4	3	106
7.66807	1	2	3	545
7.66807	1	3	3	648
7.66807	1	4	3	340
7.66907	1	1	3	340
7.66907	1	2	3	824
7.66907	1	4	3	340
7.67007	1	2	3	824
7.67007	1	4	3	340
7.67107	1	2	3	545
7.67107	1	4	3	106
7.67107	1	5	3	106
7.67207	1	2	3	868
7.67207	1	4	3	458
7.67307	1	1	3	340
7.67307	1	2	3	333
7.67307	1	4	3	340
7.67307	1	5	3	340
7.67407	1	4	3	340
7.67407	1	5	3	340
7.67407	3	3	3	1278
7.67507	1	1	3	458
7.67507	1	5	3	458
7.67507	3	4	3	736
7.67607	1	1	3	458
7.67607	1	4	3	340
7.67707	1	4	3	458
7.67707	1	5	3	458
7.67807	1	4	3	575
7.67807	3	1	3	956
7.67907	1	4	3	692
7.68007	1	4	3	458
7.68007	3	3	3	1278
7.68107	1	4	3	411
7.68107	1	5	3	458
7.68207	1	1	3	458
7.68207	3	4	3	7701
7.68307	1	5	3	575
7.68307	3	4	3	1757
7.68407	1	1	3	458
7.68407	1	5	3	458
7.68407	3	1	3	9235
7.68507	1	5	3	458
7.68607	3	3	3	1920
7.68707	1	5	3	663
7.68807	1	1	3	809
7.69007	1	1	3	927
7.69107	1	1	3	692
7.69107	1	5	3	692
7.69207	3	3	3	555
7.69307	1	5	3	575
7.69407	1	2	3	267
7.69407	1	4	3	106
7.69407	1	5	3	106
7.69507	1	3	3	736
7.69607	3	4	3	633
7.69707	1	1	3	692
7.69707	1	5	3	692
7.69807	3	3	3	531
7.69907	1	1	3	458
7.69907	1	2	3	1102
7.69907	1	4	3	340
7.70007	1	2	3	267
7.70007	1	3	3	736
7.70007	1	4	3	106
7.70007	1	5	3	106
7.70107	1	2	3	545
7.70107	1	3	3	1484
7.70107	1	4	3	106
7.70107	1	5	3	106
7.70207	3	4	3	8929
7.70307	1	1	3	223
7.70307	1	2	3	545
7.70307	1	3	3	1484
7.70307	1	4	3	340
7.70307	1	5	3	340
7.70307	3	1	3	956
7.70307	3	4	3	631
7.70407	1	2	3	545
7.70407	1	3	3	1484
7.70407	1	4	3	223
7.70407	1	5	3	223
7.70407	3	3	3	1278
7.70507	1	1	3	223
7.70507	1	2	3	824
7.70507	1	3	3	1366
7.70507	1	4	3	340
7.70607	1	1	3	340
7.70607	1	2	3	824
7.70607	1	4	3	340
7.70707	1	2	3	545
7.70707	1	4	3	106
7.70707	1	5	3	106
7.70807	1	2	3	378
7.70807	1	4	3	340
7.70907	1	1	3	223
7.70907	1	4	3	340
7.71007	1	4	3	340
7.71007	1	5	3	340
7.71007	3	3	3	1920
7.71107	1	4	3	340
7.71107	1	5	3	340
7.71207	1	1	3	458
7.71207	1	4	3	575
7.71307	1	4	3	458
7.71307	1	5	3	458
7.71407	1	4	3	1044
7.71407	3	1	3	9235
7.71507	1	4	3	412
7.71607	3	3	3	1278
7.71607	3	4	3	736
7.71707	1	5	3	458
7.71807	1	1	3	458
7.71907	1	5	3	575
7.72007	1	1	3	692
7.72007	1	5	3	692
7.72107	1	1	3	692
7.72107	1	5	3	692
7.72107	3	3	3	729
7.72207	3	4	3	8184
7.72307	1	5	3	691
7.72307	3	4	3	1273
7.72407	1	1	3	809
7.72707	1	1	3	692
7.72707	1	5	3	692
7.72807	3	1	3	956
7.72807	3	3	3	531
7.72907	1	5	3	458
7.73007	1	2	3	208
7.73007	1	3	3	736
7.73107	1	5	3	106
7.73307	1	1	3	1396
7.73307	3	1	3	3413
7.73407	3	3	3	1073
7.73507	1	1	3	340
7.73507	1	2	3	648
7.73507	1	3	3	2228
7.73507	1	5	3	340
7.73607	1	1	3	458
7.73607	1	2	3	868
7.73607	1	3	3	2228
7.73707	1	2	3	428
7.73707	1	3	3	637
7.73707	1	5	3	223
7.73907	1	1	3	692
7.73907	1	2	3	1088
7.73907	1	4	3	106
7.74007	1	2	3	428
7.74007	3	3	3	1612
7.74107	1	2	3	648
7.74107	1	5	3	340
7.74107	3	4	3	736
7.74207	1	1	3	575
7.74207	1	2	3	1088
7.74407	1	2	3	648
7.74407	1	5	3	340
7.74507	1	2	3	648
7.74507	1	4	3	340
7.74507	1	5	3	340
7.74607	1	2	3	428
7.74607	1	4	3	340
7.74607	3	3	3	1920
7.74707	1	2	3	174
7.74707	1	4	3	223
7.74707	1	5	3	340
7.74707	3	1	3	956
7.74707	3	4	3	3633
7.74807	1	1	3	340
7.74807	1	4	3	340
7.74807	1	5	3	340
7.74907	1	4	3	106
7.75007	1	1	3	340
7.75007	1	4	3	340
7.75107	1	1	3	458
7.75107	1	4	3	458
7.75107	1	5	3	340
7.75207	1	4	3	458
7.75207	3	1	3	4869
7.75307	1	4	3	692
7.75407	1	1	3	458
7.75407	1	4	3	458
7.75407	1	5	3	458
7.75507	1	5	3	927
7.75607	1	4	3	575
7.75707	1	1	3	458
7.75707	1	4	3	458
7.75707	1	5	3	458
7.75707	3	3	3	1073
7.75807	1	4	3	458
7.75807	1	5	3	458
7.75907	1	4	3	458
7.76007	1	4	3	106
7.76107	1	4	3	458
7.76107	1	5	3	458
7.76207	1	4	3	458
7.76307	1	1	3	458
7.76307	1	4	3	458
7.76307	3	3	3	1073
7.76407	1	5	3	458
7.76507	1	1	3	184
7.76507	1	5	3	458
7.76607	3	1	3	956
7.76607	3	4	3	736
7.76707	1	5	3	458
7.76807	1	5	3	340
7.76907	3	3	3	1612
7.77107	1	5	3	1044
7.77107	3	1	3	4869
7.77207	1	1	3	223
7.77407	1	5	3	458
7.77507	1	5	3	234
7.77507	3	3	3	1612
7.77707	1	2	3	208
7.77707	1	3	3	736
7.77707	1	4	3	106
7.77707	3	4	3	5089
7.77807	1	1	3	692
7.77807	1	5	3	692
7.78007	1	1	3	927
7.78107	1	1	3	692
7.78107	1	5	3	692
7.78107	3	3	3	966
7.78207	1	2	3	868
7.78207	1	3	3	2228
7.78207	1	4	3	340
7.78407	1	1	3	223
7.78407	1	2	3	648
7.78407	1	3	3	2228
7.78407	1	4	3	340
7.78407	1	5	3	52
7.78407	3	1	3	956
7.78507	1	2	3	208
7.78507	1	3	3	637
7.78507	1	4	3	106
7.78707	1	1	3	223
7.78707	1	2	3	428
7.78707	1	4	3	340
7.78707	1	5	3	340
7.78807	1	2	3	428
7.78807	1	4	3	106
7.78807	1	5	3	106
7.78807	3	3	3	531
7.78907	1	2	3	868
7.78907	1	4	3	340
7.79007	1	2	3	428
7.79007	1	4	3	106
7.79007	3	1	3	6324
7.79107	1	2	3	428
7.79107	1	4	3	340
7.79107	1	5	3	106
7.79107	3	4	3	633
7.79207	1	2	3	868
7.79207	1	4	3	340
7.79307	1	1	3	458
7.79307	1	2	3	868
7.79307	1	4	3	340
7.79407	1	1	3	458
7.79407	1	2	3	868
7.79407	1	4	3	340
7.79407	3	3	3	1073
7.79507	1	1	3	340
7.79507	1	2	3	648
7.79507	1	4	3	340
7.79507	1	5	3	340
7.79607	1	1	3	458
7.79607	1	2	3	868
7.79607	1	4	3	340
7.79707	1	2	3	132
7.79707	1	4	3	340
7.79707	1	5	3	340
7.79707	3	4	3	5192
7.79807	1	4	3	340
7.79807	1	5	3	340
7.79907	1	4	3	340
7.79907	1	5	3	340
7.80007	1	4	3	428
7.80007	3	3	3	1612
7.80107	1	4	3	458
7.80107	1	5	3	340
7.80207	1	1	3	458
7.80207	1	4	3	160
7.80307	1	1	3	458
7.80507	1	5	3	575
7.80607	1	1	3	809
7.80607	3	3	3	1612
7.80707	1	5	3	458
7.80807	1	5	3	927
7.80907	1	1	3	692
7.80907	1	5	3	575
7.80907	3	1	3	956
7.81007	1	1	3	809
7.81107	1	5	3	575
7.81107	3	3	3	908
7.81107	3	4	3	633
7.81207	1	1	3	927
7.81507	1	2	3	208
7.81507	1	3	3	736
7.81507	1	4	3	106
7.81507	1	5	3	223
7.81507	3	1	3	4869
7.81607	1	1	3	809
7.81707	1	5	3	458
7.81707	3	4	3	6647
7.81807	1	1	3	809
7.81807	1	5	3	575
7.81807	3	3	3	633
7.81907	1	1	3	692
7.81907	1	5	3	574
7.82007	1	3	3	736
7.82007	1	4	3	106
7.82107	1	2	3	428
7.82107	1	3	3	1484
7.82107	1	4	3	106
7.82207	1	1	3	223
7.82207	1	2	3	428
7.82207	1	3	3	1484
7.82207	1	4	3	223
7.82407	1	4	3	106
7.82407	3	3	3	1278
7.82507	1	1	3	340
7.82507	1	2	3	648
7.82507	1	3	3	2228
7.82507	1	4	3	340
7.82607	1	2	3	428
7.82607	1	3	3	622
7.82607	1	4	3	106
7.82707	1	2	3	868
7.82707	1	4	3	340
7.82807	1	1	3	223
7.82807	1	2	3	648
7.82807	1	4	3	340
7.82807	1	5	3	106
7.82907	1	1	3	340
7.82907	1	2	3	648
7.82907	1	4	3	340
7.82907	1	5	3	340
7.82907	3	1	3	956
7.83007	1	2	3	428
7.83007	1	4	3	223
7.83007	1	5	3	340
7.83007	3	3	3	1278
7.83107	1	1	3	340
7.83107	1	2	3	648
7.83107	1	4	3	340
7.83107	1	5	3	340
7.83107	3	4	3	633
7.83207	1	2	3	868
7.83207	1	4	3	340
7.83207	1	5	3	340
7.83307	1	2	3	868
7.83307	1	4	3	575
7.83407	1	2	3	648
7.83407	1	4	3	340
7.83507	1	1	3	458
7.83507	1	2	3	868
7.83507	3	1	3	4869
7.83607	1	2	3	648
7.83607	1	4	3	340
7.83607	3	3	3	1920
7.83707	1	1	3	340
7.83707	1	2	3	648
7.83707	1	4	3	340
7.83707	3	4	3	5192
7.83807	1	1	3	223
7.83807	1	2	3	296
7.83807	1	4	3	340
7.83807	1	5	3	340
7.83907	1	1	3	340
7.83907	1	4	3	340
7.83907	1	5	3	340
7.84007	1	4	3	340
7.84007	1	5	3	340
7.84107	1	1	3	340
7.84107	1	4	3	340
7.84107	1	5	3	340
7.84207	1	4	3	458
7.84207	1	5	3	340
7.84207	3	3	3	627
7.84307	1	4	3	809
7.84407	1	4	3	692
7.84507	1	1	3	294
7.84507	1	4	3	575
7.84607	1	4	3	281
7.84807	1	5	3	575
7.84807	3	3	3	633
7.84907	1	5	3	458
7.84907	3	1	3	956
7.85007	1	5	3	575
7.85107	1	5	3	927
7.85207	1	5	3	55
7.85507	3	1	3	6324
7.85607	3	4	3	633
7.85807	1	5	3	106
7.85907	1	5	3	927
7.85907	3	3	3	3233
7.86007	1	5	3	575
7.86107	1	2	3	208
7.86107	1	3	3	736
7.86107	1	4	3	106
7.86107	1	5	3	1044
7.86207	1	5	3	220
7.86207	3	4	3	5192
7.86507	3	3	3	531
7.86607	1	2	3	208
7.86607	1	3	3	736
7.86607	1	4	3	106
7.86707	1	1	3	106
7.86707	1	2	3	428
7.86707	1	3	3	1484
7.86707	1	4	3	340
7.86807	1	2	3	648
7.86807	1	3	3	2228
7.86807	1	4	3	340
7.86807	1	5	3	340
7.86907	1	2	3	868
7.86907	1	3	3	2973
7.86907	1	4	3	458
7.86907	3	1	3	956
7.87007	1	2	3	868
7.87007	1	3	3	588
7.87007	1	4	3	458
7.87107	1	2	3	1308
7.87107	3	3	3	1336
7.87207	1	2	3	868
7.87207	1	4	3	340
7.87307	1	2	3	648
7.87307	1	4	3	340
7.87407	1	2	3	868
7.87407	1	4	3	575
7.87507	1	2	3	1308
7.87507	1	4	3	575
7.87507	1	5	3	106
7.87607	1	2	3	530
7.87607	1	4	3	692
7.87707	1	4	3	692
7.87807	1	1	3	458
7.87807	1	4	3	458
7.87807	3	3	3	208
7.87907	1	1	3	340
7.87907	1	4	3	340
7.87907	1	5	3	340
7.88007	1	1	3	458
7.88007	1	4	3	458
7.88007	3	1	3	7780
7.88107	1	1	3	458
7.88107	1	4	3	458
7.88107	1	5	3	458
7.88107	3	4	3	531
7.88207	1	1	3	458
7.88207	1	4	3	458
7.88207	1	5	3	458
7.88307	1	4	3	692
7.88307	1	5	3	223
7.88307	3	3	3	1612
7.88407	1	4	3	692
7.88407	3	3	3	1048
7.88507	1	4	3	927
7.88607	1	4	3	458
7.88707	1	4	3	271
7.88707	3	4	3	6475
7.88807	1	1	3	575
7.88807	3	4	3	276
7.88907	1	5	3	458
7.88907	3	3	3	1432
7.89007	1	1	3	458
7.89007	1	5	3	458
7.89107	1	1	3	458
7.89107	1	5	3	575
7.89207	1	1	3	692
7.89207	1	5	3	692
7.89307	1	5	3	809
7.89407	1	1	3	927
7.89807	1	1	3	575
7.89907	1	5	3	458
7.89907	3	1	3	956
7.90007	1	5	3	1044
7.90007	3	3	3	633
7.90107	1	1	3	692
7.90107	1	5	3	692
7.90107	3	4	3	531
7.90207	1	1	3	692
7.90207	1	5	3	77
7.90307	1	2	3	208
7.90307	1	3	3	736
7.90307	1	4	3	106
7.90507	1	1	3	340
7.90507	3	1	3	9235
7.90607	3	3	3	1278
7.90707	3	4	3	6475
7.90807	1	1	3	223
7.90807	1	2	3	428
7.90807	1	3	3	1484
7.90807	1	4	3	340
7.90807	3	4	3	1732
7.90907	1	1	3	223
7.90907	1	2	3	428
7.90907	1	3	3	1484
7.90907	1	4	3	340
7.90907	1	5	3	340
7.91007	1	2	3	428
7.91007	1	3	3	2228
7.91007	1	4	3	340
7.91007	1	5	3	106
7.91107	1	1	3	223
7.91107	1	2	3	428
7.91107	1	3	3	1484
7.91107	1	4	3	338
7.91107	1	5	3	340
7.91207	1	1	3	223
7.91207	1	2	3	428
7.91207	1	3	3	1484
7.91207	1	4	3	340
7.91207	1	5	3	340
7.91207	3	3	3	1278
7.91307	1	2	3	428
7.91307	1	3	3	1303
7.91307	1	4	3	340
7.91307	1	5	3	340
7.91407	1	2	3	428
7.91407	1	4	3	340
7.91507	1	1	3	458
7.91507	1	2	3	648
7.91607	1	2	3	428
7.91607	1	4	3	340
7.91707	1	2	3	428
7.91707	1	4	3	340
7.91807	1	2	3	648
7.91807	1	4	3	340
7.91807	3	3	3	1920
7.91907	1	1	3	340
7.91907	1	2	3	648
7.91907	1	4	3	340
7.91907	1	5	3	340
7.91907	3	1	3	956
7.92007	1	2	3	428
7.92007	1	4	3	340
7.92007	1	5	3	340
7.92107	1	1	3	340
7.92107	1	2	3	648
7.92107	1	4	3	340
7.92107	1	5	3	340
7.92207	1	1	3	340
7.92207	1	2	3	648
7.92207	1	4	3	340
7.92207	1	5	3	340
7.92207	3	4	3	633
7.92307	1	1	3	340
7.92307	1	2	3	648
7.92307	1	4	3	340
7.92307	1	5	3	340
7.92407	1	2	3	648
7.92407	1	4	3	340
7.92407	3	3	3	627
7.92507	1	1	3	340
7.92507	1	2	3	648
7.92507	1	4	3	340
7.92507	3	1	3	7780
7.92607	1	2	3	558
7.92607	1	4	3	340
7.92707	1	4	3	340
7.92807	1	4	3	340
7.92807	3	4	3	7701
7.92907	1	1	3	340
7.92907	1	4	3	340
7.92907	1	5	3	340
7.92907	3	4	3	1860
7.93007	1	4	3	340
7.93007	1	5	3	340
7.93007	3	3	3	633
7.93107	1	1	3	458
7.93107	1	4	3	458
7.93107	1	5	3	458
7.93207	1	1	3	458
7.93207	1	4	3	458
7.93207	1	5	3	458
7.93307	1	1	3	458
7.93307	1	4	3	284
7.93307	1	5	3	458
7.93607	3	3	3	1278
7.93907	1	5	3	809
7.93907	3	1	3	868
7.94007	1	1	3	809
7.94107	1	5	3	1163
7.94207	1	1	3	692
7.94207	3	3	3	1278
7.94307	1	5	3	927
7.94407	1	1	3	575
7.94507	1	5	3	507
7.94507	3	1	3	9323
7.94707	3	4	3	633
7.94807	1	1	3	97
7.94807	1	2	3	208
7.94807	1	3	3	736
7.94807	1	4	3	106
7.94807	3	3	3	1920
7.95107	1	5	3	575
7.95307	1	2	3	1102
7.95307	1	3	3	2973
7.95307	1	4	3	340
7.95307	3	4	3	5775
7.95407	1	2	3	545
7.95407	1	3	3	1484
7.95407	1	4	3	106
7.95407	3	4	3	2330
7.95507	1	2	3	1102
7.95507	1	3	3	2973
7.95507	1	4	3	340
7.95507	1	5	3	106
7.95707	1	1	3	106
7.95707	1	2	3	545
7.95707	1	3	3	576
7.95707	1	4	3	340
7.95707	1	5	3	340
7.95807	1	2	3	428
7.95807	1	4	3	340
7.95807	1	5	3	340
7.95907	1	1	3	223
7.95907	1	2	3	428
7.95907	1	4	3	340
7.95907	1	5	3	340
7.95907	3	1	3	956
7.95907	3	3	3	1073
7.96007	1	1	3	340
7.96007	1	2	3	648
7.96007	1	4	3	340
7.96107	1	2	3	428
7.96107	1	4	3	223
7.96107	1	5	3	106
7.96207	1	2	3	868
7.96207	1	4	3	458
7.96307	1	1	3	340
7.96307	1	2	3	648
7.96307	1	4	3	340
7.96407	1	2	3	868
7.96407	1	4	3	340
7.96407	3	1	3	9235
7.96507	1	2	3	824
7.96507	1	4	3	340
7.96507	1	5	3	340
7.96507	3	3	3	1073
7.96607	1	1	3	458
7.96607	1	2	3	1102
7.96607	1	4	3	340
7.96707	1	2	3	476
7.96707	1	4	3	458
7.96707	1	5	3	340
7.96807	1	4	3	340
7.96807	1	5	3	340
7.96907	1	1	3	458
7.96907	1	4	3	458
7.96907	1	5	3	340
7.97007	1	4	3	340
7.97107	1	4	3	340
7.97107	1	5	3	340
7.97107	3	3	3	1920
7.97207	1	1	3	458
7.97207	1	4	3	575
7.97207	3	4	3	531
7.97307	1	4	3	692
7.97407	1	4	3	575
7.97507	1	1	3	458
7.97507	1	4	3	458
7.97507	1	5	3	458
7.97607	1	1	3	458
7.97607	1	4	3	575
7.97707	1	4	3	458
7.97707	1	5	3	458
7.97707	3	3	3	1073
7.97807	1	1	3	458
7.97807	1	4	3	458
7.97807	1	5	3	458
7.97807	3	1	3	868
7.97807	3	4	3	7059
7.97907	1	4	3	224
7.97907	1	5	3	458
7.97907	3	4	3	2604
7.98107	1	5	3	458
7.98307	3	3	3	531
7.98407	1	1	3	927
7.98407	3	1	3	9323
7.98407	3	3	3	1073
7.98507	1	5	3	927
7.98607	1	1	3	927
7.98707	1	1	3	692
7.98707	1	5	3	692
7.98807	1	1	3	692
7.98807	1	5	3	692
7.98807	3	3	3	1056
7.98907	1	5	3	458
7.99007	1	1	3	458
7.99107	1	3	3	736
7.99107	1	5	3	66
7.99507	1	5	3	575
7.99607	1	3	3	736
7.99707	1	1	3	692
7.99707	1	3	3	4462
7.99707	3	3	3	531
7.99707	3	4	3	531
7.99807	1	1	3	623
7.99807	1	3	3	3717
7.99907	1	3	3	547
8.00107	1	5	3	106
8.00207	1	5	3	340
8.00207	3	1	3	956
8.00307	1	2	3	267
8.00307	1	4	3	106
8.00307	1	5	3	223
8.00407	1	5	3	340
8.00507	1	5	3	223
8.00707	3	1	3	5775
8.00707	3	4	3	5775
8.00807	1	2	3	545
8.00807	1	4	3	223
8.00807	3	1	3	3462
8.00807	3	3	3	2562
8.00807	3	4	3	3846
8.00907	1	2	3	1102
8.00907	1	4	3	575
8.00907	3	3	3	633
8.00907	3	4	3	43
8.01007	1	2	3	1381
8.01007	1	4	3	575
8.01107	1	2	3	1102
8.01107	1	4	3	458
8.01107	1	5	3	458
8.01207	1	2	3	545
8.01207	1	4	3	223
8.01207	1	5	3	106
8.01307	1	2	3	1102
8.01307	1	3	3	736
8.01307	1	4	3	458
8.01307	1	5	3	340
8.01307	3	3	3	575
8.01407	1	2	3	1102
8.01407	1	4	3	458
8.01407	1	5	3	340
8.01507	1	2	3	1102
8.01507	1	4	3	458
8.01507	1	5	3	458
8.01607	1	2	3	1102
8.01607	1	4	3	458
8.01707	1	2	3	862
8.01707	1	4	3	575
8.01807	1	3	3	2228
8.01807	1	4	3	340
8.01907	1	3	3	2228
8.01907	1	4	3	340
8.01907	3	3	3	633
8.02007	1	3	3	2228
8.02007	1	4	3	340
8.02007	3	1	3	956
8.02107	1	3	3	2228
8.02107	1	4	3	340
8.02107	1	5	3	340
8.02207	1	3	3	552
8.02207	1	4	3	458
8.02207	1	5	3	575
8.02207	3	4	3	868
8.02307	1	4	3	458
8.02307	1	5	3	458
8.02407	1	4	3	458
8.02407	1	5	3	458
8.02407	3	4	3	9323
8.02507	1	4	3	458
8.02507	1	5	3	458
8.02507	3	3	3	1073
8.02607	1	4	3	809
8.02607	3	1	3	3413
8.02707	1	4	3	809
8.02807	1	4	3	857
8.03007	3	3	3	1920
8.03107	1	5	3	692
8.03207	1	5	3	692
8.03307	1	5	3	1396
8.03507	1	5	3	52
8.03507	3	3	3	676
8.04007	3	1	3	956
8.04107	1	5	3	106
8.04207	1	2	3	267
8.04207	1	3	3	736
8.04207	1	4	3	106
8.04307	3	3	3	633
8.04307	3	4	3	868
8.04507	1	1	3	106
8.04507	1	5	3	106
8.04707	1	2	3	1102
8.04707	1	3	3	2973
8.04707	1	5	3	458
8.04707	3	1	3	4869
8.04807	1	2	3	824
8.04807	1	3	3	2228
8.04807	1	4	3	340
8.04807	1	5	3	340
8.04807	3	3	3	1278
8.04907	1	3	3	2973
8.04907	1	4	3	458
8.04907	1	5	3	340
8.04907	3	4	3	9323
8.05007	1	2	3	1102
8.05007	1	3	3	1287
8.05007	1	4	3	340
8.05107	1	2	3	1102
8.05107	1	4	3	458
8.05107	1	5	3	340
8.05207	1	2	3	545
8.05207	1	4	3	340
8.05307	1	2	3	824
8.05307	1	4	3	340
8.05407	1	2	3	1102
8.05407	1	4	3	340
8.05507	1	2	3	1102
8.05507	1	4	3	458
8.05507	1	5	3	340
8.05507	3	3	3	1278
8.05607	1	2	3	1102
8.05607	1	4	3	575
8.05707	1	2	3	1102
8.05707	1	4	3	458
8.05707	1	5	3	458
8.05807	1	2	3	40
8.05807	1	4	3	458
8.05807	1	5	3	458
8.05907	1	4	3	458
8.05907	1	5	3	458
8.06007	1	4	3	458
8.06107	1	1	3	340
8.06107	1	4	3	340
8.06107	1	5	3	340
8.06107	3	3	3	1920
8.06207	1	1	3	458
8.06207	1	4	3	340
8.06307	1	1	3	458
8.06307	1	4	3	458
8.06407	1	1	3	458
8.06407	1	4	3	458
8.06507	1	1	3	458
8.06507	1	4	3	458
8.06507	1	5	3	458
8.06607	1	4	3	692
8.06607	3	1	3	956
8.06707	1	4	3	458
8.06707	1	5	3	458
8.06707	3	3	3	1278
8.06807	1	4	3	458
8.06807	1	5	3	458
8.06807	3	4	3	736
8.06907	1	4	3	458
8.06907	1	5	3	458
8.07007	1	4	3	458
8.07107	1	1	3	458
8.07107	1	4	3	75
8.07107	1	5	3	458
8.07207	1	1	3	458
8.07207	3	1	3	4869
8.07307	1	1	3	458
8.07307	3	3	3	783
8.07407	1	1	3	458
8.07407	3	4	3	3633
8.07507	1	1	3	692
8.07507	1	5	3	575
8.07707	1	5	3	927
8.07807	1	5	3	809
8.07907	1	5	3	285
8.07907	3	3	3	633
8.08107	1	1	3	692
8.08207	1	1	3	458
8.08307	1	1	3	575
8.08407	1	1	3	106
8.08407	1	2	3	267
8.08407	1	3	3	736
8.08407	1	4	3	106
8.08507	1	1	3	1396
8.08507	3	3	3	1278
8.08807	3	4	3	736
8.08907	1	2	3	1102
8.08907	1	3	3	2973
8.08907	1	4	3	340
8.09107	1	1	3	223
8.09107	1	2	3	824
8.09107	1	3	3	2228
8.09107	1	4	3	340
8.09107	1	5	3	106
8.09107	3	1	3	1073
8.09107	3	3	3	1278
8.09207	1	1	3	340
8.09207	1	2	3	824
8.09207	1	3	3	2228
8.09207	1	4	3	340
8.09307	1	1	3	340
8.09307	1	2	3	824
8.09307	1	3	3	2033
8.09307	1	4	3	338
8.09407	1	1	3	458
8.09407	1	2	3	537
8.09407	1	4	3	340
8.09407	3	4	3	5089
8.09507	1	1	3	340
8.09507	1	4	3	340
8.09607	1	4	3	340
8.09707	1	4	3	340
8.09807	1	4	3	809
8.09907	1	4	3	927
8.10007	1	4	3	1044
8.10107	1	1	3	458
8.10107	1	4	3	458
8.10107	1	5	3	458
8.10107	3	3	3	2545
8.10207	1	1	3	48
8.10207	1	4	3	458
8.10207	1	5	3	458
8.10207	3	1	3	6207
8.10307	1	4	3	458
8.10307	1	5	3	458
8.10407	1	4	3	458
8.10407	1	5	3	458
8.10507	1	4	3	458
8.10507	1	5	3	458
8.10607	1	4	3	458
8.10707	1	4	3	458
8.10807	1	4	3	458
8.10907	1	4	3	458
8.10907	3	3	3	531
8.11007	1	4	3	458
8.11107	1	4	3	50
8.11107	1	5	3	458
8.11207	1	5	3	692
8.11207	3	4	3	736
8.11307	1	5	3	692
8.11507	1	5	3	1278
8.11507	3	3	3	1278
8.11807	3	4	3	5089
8.11907	1	5	3	1396
8.12107	1	5	3	270
8.12107	3	1	3	1073
8.12107	3	3	3	1920
8.12207	1	2	3	267
8.12207	1	4	3	106
8.12207	1	5	3	692
8.12307	1	5	3	742
8.12707	1	2	3	824
8.12707	1	4	3	340
8.12707	3	1	3	4752
8.12707	3	3	3	1278
8.12907	1	3	3	736
8.12907	1	4	3	1044
8.12907	1	5	3	106
8.13107	1	1	3	106
8.13107	1	2	3	1656
8.13107	1	4	3	575
8.13207	1	2	3	1656
8.13207	1	4	3	692
8.13207	3	4	3	736
8.13307	1	2	3	1428
8.13307	1	4	3	692
8.13307	3	3	3	729
8.13407	1	3	3	2973
8.13407	1	4	3	340
8.13507	1	3	3	662
8.13507	1	4	3	575
8.13507	1	5	3	106
8.13607	1	4	3	20
8.13607	1	5	3	340
8.13707	1	5	3	458
8.13807	1	5	3	692
8.13907	3	3	3	531
8.14007	3	1	3	1073
8.14307	3	4	3	6544
8.14407	1	5	3	1396
8.14407	3	3	3	1612
8.14507	1	5	3	1210
8.14507	3	3	3	725
8.14607	1	1	3	1278
8.14607	3	1	3	4752
8.14707	1	1	3	458
8.14707	1	2	3	267
8.14707	1	3	3	736
8.14707	1	4	3	106
8.14807	1	1	3	692
8.15007	3	3	3	1278
8.15207	1	2	3	267
8.15207	1	3	3	736
8.15207	1	4	3	106
8.15407	1	1	3	223
8.15407	1	2	3	545
8.15407	1	3	3	1484
8.15407	1	4	3	340
8.15407	1	5	3	340
8.15407	3	3	3	156
8.15507	1	1	3	458
8.15507	1	2	3	1102
8.15507	1	3	3	2228
8.15607	1	1	3	458
8.15607	1	2	3	824
8.15607	1	3	3	648
8.15607	1	4	3	340
8.15607	3	3	3	633
8.15707	1	1	3	223
8.15707	1	2	3	824
8.15707	1	4	3	340
8.15707	1	5	3	106
8.15707	3	4	3	736
8.15807	1	1	3	223
8.15807	1	2	3	545
8.15807	1	4	3	223
8.15807	1	5	3	340
8.15907	1	2	3	545
8.15907	1	4	3	340
8.16007	1	2	3	545
8.16007	1	4	3	223
8.16007	1	5	3	223
8.16007	3	1	3	1073
8.16107	1	2	3	378
8.16107	1	4	3	340
8.16107	1	5	3	340
8.16207	1	4	3	575
8.16207	3	3	3	531
8.16307	1	4	3	340
8.16307	3	4	3	5089
8.16407	1	1	3	340
8.16407	1	4	3	340
8.16407	1	5	3	340
8.16507	1	1	3	458
8.16507	1	4	3	458
8.16607	1	1	3	458
8.16607	1	4	3	575
8.16607	3	1	3	6207
8.16607	3	3	3	1278
8.16707	1	1	3	458
8.16707	1	4	3	458
8.16707	1	5	3	458
8.16807	1	4	3	458
8.16807	1	5	3	458
8.16807	3	3	3	428
8.16907	1	4	3	294
8.17007	1	5	3	458
8.17107	1	5	3	458
8.17207	3	3	3	633
8.17407	1	5	3	575
8.17607	3	3	3	633
8.17707	1	5	3	1044
8.17807	1	5	3	612
8.17807	3	3	3	170
8.18107	1	5	3	1396
8.18207	3	3	3	633
8.18207	3	4	3	736
8.18307	1	2	3	208
8.18307	1	3	3	736
8.18307	1	4	3	106
8.18407	1	1	3	106
8.18407	3	3	3	633
8.18507	1	1	3	106
8.18507	3	1	3	1073
8.18707	1	5	3	38
8.18707	3	3	3	1278
8.18807	1	2	3	868
8.18807	1	3	3	2973
8.18807	1	4	3	340
8.18807	3	4	3	5089
8.18907	1	2	3	868
8.18907	1	3	3	2118
8.18907	1	4	3	340
8.18907	1	5	3	106
8.19007	1	2	3	1088
8.19007	1	4	3	575
8.19007	3	3	3	326
8.19107	1	2	3	1308
8.19107	1	4	3	692
8.19107	3	1	3	7663
8.19207	1	2	3	1308
8.19207	1	4	3	575
8.19307	1	2	3	868
8.19307	1	4	3	340
8.19307	3	3	3	633
8.19407	1	2	3	778
8.19407	1	4	3	575
8.19507	1	1	3	458
8.19507	1	4	3	340
8.19507	1	5	3	106
8.19607	1	1	3	458
8.19607	1	4	3	458
8.19707	1	1	3	458
8.19707	1	4	3	458
8.19807	1	1	3	340
8.19807	1	4	3	340
8.19807	1	5	3	340
8.19807	3	3	3	801
8.19907	1	1	3	458
8.19907	1	4	3	458
8.19907	1	5	3	458
8.20007	1	4	3	253
8.20107	1	5	3	458
8.20207	1	5	3	458
8.20507	1	1	3	692
8.20507	1	5	3	692
8.20607	1	1	3	927
8.20607	3	3	3	633
8.20707	1	1	3	400
8.20807	1	5	3	692
8.20907	1	5	3	575
8.21107	1	5	3	458
8.21107	3	3	3	1278
8.21207	1	5	3	458
8.21207	3	4	3	531
8.21507	1	5	3	575
8.21507	3	1	3	956
8.21707	3	3	3	1278
8.21807	1	5	3	376
8.21807	3	4	3	6749
8.21907	1	5	3	1044
8.22107	3	1	3	9235
8.22207	1	2	3	208
8.22207	1	5	3	390
8.22307	3	3	3	1920
8.22407	1	3	3	736
8.22407	1	4	3	106
8.22707	1	2	3	1744
8.22807	1	2	3	1525
8.22807	1	5	3	575
8.22907	1	1	3	106
8.22907	1	2	3	868
8.22907	1	3	3	2973
8.22907	1	4	3	340
8.22907	3	3	3	627
8.23007	1	2	3	868
8.23007	1	3	3	2973
8.23007	1	4	3	340
8.23107	1	2	3	621
8.23107	1	3	3	602
8.23107	1	4	3	458
8.23107	1	5	3	106
8.23207	1	4	3	692
8.23207	3	4	3	736
8.23307	1	4	3	340
8.23407	1	4	3	340
8.23407	1	5	3	340
8.23507	1	5	3	575
8.23507	3	1	3	1073
8.23607	1	4	3	1278
8.23607	3	3	3	531
8.23707	1	4	3	692
8.23707	1	5	3	692
8.23807	1	4	3	927
8.23807	1	5	3	340
8.23907	1	4	3	1044
8.24007	1	1	3	458
8.24007	1	4	3	340
8.24007	3	3	3	1920
8.24107	1	1	3	458
8.24107	1	4	3	407
8.24107	1	5	3	458
8.24207	1	1	3	340
8.24207	3	3	3	417
8.24307	1	1	3	458
8.24307	3	4	3	7701
8.24407	1	1	3	458
8.24407	1	5	3	458
8.24407	3	4	3	301
8.24507	1	5	3	340
8.24607	3	1	3	7663
8.24707	1	5	3	340
8.24807	1	5	3	92
8.25107	1	1	3	809
8.25107	1	5	3	575
8.25107	3	3	3	633
8.25207	1	1	3	1044
8.25307	1	1	3	458
8.25407	1	2	3	208
8.25407	1	4	3	106
8.25407	1	5	3	106
8.25507	1	1	3	1253
8.25507	1	3	3	736
8.25707	1	5	3	340
8.25707	3	3	3	1073
8.25807	1	5	3	927
8.25907	1	2	3	868
8.25907	1	4	3	340
8.26007	1	5	3	106
8.26007	3	1	3	1073
8.26107	1	2	3	428
8.26107	1	3	3	1484
8.26107	1	4	3	340
8.26107	1	5	3	340
8.26207	1	2	3	648
8.26207	1	3	3	2228
8.26207	1	4	3	340
8.26207	3	4	3	633
8.26307	1	2	3	428
8.26307	1	3	3	736
8.26307	1	4	3	106
8.26307	3	3	3	1612
8.26407	1	2	3	428
8.26407	1	3	3	647
8.26407	1	4	3	223
8.26407	1	5	3	223
8.26507	1	2	3	1308
8.26507	1	4	3	575
8.26607	1	2	3	428
8.26607	1	4	3	340
8.26607	3	1	3	9118
8.26707	1	2	3	868
8.26707	1	4	3	340
8.26707	1	5	3	340
8.26807	1	2	3	230
8.26807	1	4	3	340
8.26807	1	5	3	340
8.26807	3	4	3	7701
8.26907	1	4	3	575
8.26907	3	3	3	1073
8.26907	3	4	3	1860
8.27007	1	4	3	458
8.27007	1	5	3	458
8.27107	1	4	3	458
8.27107	1	5	3	458
8.27207	1	4	3	809
8.27307	1	4	3	502
8.27407	3	3	3	1345
8.27707	1	5	3	809
8.27807	1	5	3	730
8.27907	1	5	3	1396
8.28007	1	5	3	38
8.28107	3	3	3	531
8.28507	3	1	3	956
8.28707	1	5	3	106
8.28707	3	3	3	1073
8.28707	3	4	3	633
8.28807	1	2	3	208
8.28807	1	4	3	106
8.29107	1	5	3	106
8.29107	3	1	3	9235
8.29207	3	3	3	1920
8.29307	1	1	3	106
8.29307	1	2	3	1656
8.29307	1	5	3	575
8.29307	3	4	3	7701
8.29407	1	2	3	1102
8.29407	1	4	3	458
8.29407	1	5	3	458
8.29407	3	4	3	404
8.29507	1	2	3	1102
8.29507	1	3	3	736
8.29507	1	4	3	458
8.29507	1	5	3	340
8.29607	1	2	3	1656
8.29607	1	4	3	575
8.29707	1	2	3	1566
8.29707	1	4	3	575
8.29707	1	5	3	106
8.29807	1	4	3	340
8.29907	1	4	3	458
8.30007	1	3	3	2228
8.30007	1	4	3	340
8.30107	1	3	3	2228
8.30107	1	4	3	340
8.30107	1	5	3	340
8.30207	1	3	3	637
8.30207	1	4	3	1044
8.30307	1	4	3	692
8.30307	1	5	3	692
8.30307	3	3	3	1308
8.30407	1	1	3	458
8.30407	1	4	3	458
8.30407	1	5	3	458
8.30507	1	1	3	340
8.30507	1	5	3	340
8.30507	3	1	3	1073
8.30607	1	1	3	458
8.30707	1	1	3	458
8.30707	1	5	3	458
8.30707	3	4	3	633
8.30807	1	1	3	340
8.30907	3	3	3	1073
8.31107	1	5	3	927
8.31107	3	1	3	9118
8.31307	1	5	3	846
8.31307	3	4	3	7701
8.31407	1	1	3	692
8.31407	3	4	3	1860
8.31507	3	3	3	1612
8.31607	1	1	3	458
8.31707	1	1	3	575
8.31707	1	3	3	736
8.31707	1	4	3	106
8.31707	1	5	3	575
8.31807	1	1	3	223
8.31907	1	5	3	340
8.32007	1	1	3	692
8.32107	3	3	3	1612
8.32207	1	3	3	736
8.32207	1	4	3	106
8.32307	1	3	3	2973
8.32307	1	4	3	340
8.32307	1	5	3	340
8.32407	1	1	3	340
8.32407	1	3	3	2228
8.32407	1	4	3	340
8.32507	1	3	3	614
8.32507	1	4	3	223
8.32507	1	5	3	223
8.32507	3	1	3	1073
8.32607	1	1	3	458
8.32607	1	4	3	458
8.32607	1	5	3	340
8.32607	3	3	3	909
8.32707	1	1	3	252
8.32707	1	4	3	340
8.32707	1	5	3	340
8.32707	3	4	3	633
8.32807	1	4	3	340
8.32907	1	4	3	575
8.32907	1	5	3	223
8.33007	1	4	3	575
8.33107	1	4	3	575
8.33107	3	1	3	9118
8.33207	1	4	3	692
8.33307	1	4	3	692
8.33307	1	5	3	692
8.33307	3	3	3	531
8.33307	3	4	3	7059
8.33407	1	4	3	1044
8.33407	3	4	3	2502
8.33507	1	4	3	458
8.33507	1	5	3	340
8.33607	1	4	3	450
8.33607	1	5	3	692
8.33707	1	5	3	211
8.33807	3	3	3	1073
8.33907	1	5	3	692
8.34307	1	5	3	106
8.34407	3	3	3	1920
8.34507	1	5	3	638
8.34507	3	1	3	1073
8.34607	1	5	3	1044
8.34707	1	5	3	390
8.34707	3	4	3	633
8.34907	1	2	3	208
8.34907	1	3	3	736
8.34907	1	4	3	106
8.35007	3	3	3	1073
8.35107	3	1	3	3296
8.35307	1	5	3	106
8.35307	3	4	3	7701
8.35407	1	3	3	736
8.35407	1	4	3	106
8.35407	3	4	3	1860
8.35507	1	1	3	106
8.35507	1	2	3	868
8.35507	1	3	3	2973
8.35507	1	4	3	340
8.35607	1	2	3	868
8.35607	1	3	3	2973
8.35607	1	4	3	458
8.35607	3	3	3	1139
8.35707	1	2	3	868
8.35707	1	3	3	1324
8.35707	1	4	3	458
8.35807	1	2	3	868
8.35807	1	4	3	575
8.35907	1	2	3	648
8.35907	1	4	3	340
8.35907	1	5	3	340
8.36007	1	2	3	428
8.36007	1	4	3	340
8.36007	1	5	3	340
8.36107	1	2	3	868
8.36107	1	4	3	340
8.36107	1	5	3	340
8.36207	1	2	3	868
8.36207	1	4	3	458
8.36207	1	5	3	458
8.36307	1	2	3	1656
8.36307	1	4	3	692
8.36307	3	3	3	531
8.36407	1	2	3	608
8.36407	1	4	3	575
8.36507	1	4	3	575
8.36507	3	1	3	1073
8.36607	1	1	3	340
8.36607	1	4	3	340
8.36707	1	1	3	223
8.36707	1	4	3	340
8.36707	3	4	3	633
8.36807	1	1	3	340
8.36807	1	4	3	340
8.36807	1	5	3	340
8.36907	1	1	3	458
8.36907	1	4	3	458
8.36907	1	5	3	340
8.36907	3	3	3	1073
8.37007	1	1	3	458
8.37007	1	4	3	458
8.37007	1	5	3	458
8.37107	1	4	3	458
8.37107	1	5	3	575
8.37107	3	1	3	4752
8.37207	1	4	3	575
8.37207	1	5	3	575
8.37307	1	4	3	444
8.37307	3	4	3	7701
8.37407	3	4	3	1860
8.37507	3	3	3	1920
8.37607	1	1	3	458
8.37807	1	1	3	809
8.37807	1	5	3	575
8.37907	1	1	3	809
8.37907	1	5	3	575
8.38007	1	5	3	575
8.38107	3	3	3	1278
8.38207	1	1	3	692
8.38207	1	5	3	157
8.38507	1	1	3	809
8.38607	1	1	3	344
8.38607	1	5	3	692
8.38707	3	3	3	934
8.38807	1	2	3	208
8.38807	1	3	3	736
8.38807	1	4	3	106
8.38807	1	5	3	106
8.38907	1	5	3	575
8.39007	1	5	3	65
8.39007	3	1	3	956
8.39207	1	5	3	692
8.39207	3	4	3	633
8.39307	1	2	3	208
8.39307	1	3	3	736
8.39307	1	4	3	106
8.39307	3	3	3	633
8.39407	1	2	3	428
8.39407	1	3	3	1484
8.39407	1	4	3	340
8.39507	1	2	3	648
8.39507	1	3	3	2228
8.39607	1	2	3	868
8.39607	1	3	3	2973
8.39607	1	4	3	340
8.39607	1	5	3	106
8.39607	3	1	3	4869
8.39807	1	3	3	736
8.39807	1	4	3	106
8.39807	1	5	3	106
8.39807	3	4	3	3736
8.39907	1	2	3	824
8.39907	1	3	3	1310
8.39907	1	4	3	340
8.39907	1	5	3	340
8.39907	3	3	3	1278
8.40007	1	2	3	824
8.40007	1	4	3	340
8.40007	1	5	3	340
8.40107	1	2	3	1102
8.40107	1	4	3	340
8.40207	1	2	3	545
8.40207	1	4	3	223
8.40207	1	5	3	223
8.40307	1	2	3	1102
8.40307	1	4	3	575
8.40407	1	2	3	868
8.40407	1	4	3	575
8.40507	1	2	3	868
8.40507	1	4	3	575
8.40507	3	3	3	1278
8.40607	1	2	3	868
8.40607	1	4	3	458
8.40607	1	5	3	458
8.40707	1	2	3	857
8.40707	1	4	3	575
8.40807	1	4	3	458
8.40807	1	5	3	458
8.40907	1	4	3	575
8.40907	1	5	3	458
8.41007	1	4	3	575
8.41007	1	5	3	458
8.41107	1	4	3	458
8.41107	3	3	3	1920
8.41207	1	4	3	868
8.41207	1	5	3	677
8.41207	3	4	3	633
8.41307	1	4	3	1161
8.41407	1	4	3	1015
8.41507	1	4	3	125
8.41607	1	5	3	692
8.41707	3	3	3	1278
8.41807	1	5	3	106
8.41807	3	4	3	5192
8.41907	1	5	3	638
8.42007	1	5	3	223
8.42007	3	1	3	956
8.42207	1	5	3	1211
8.42307	3	3	3	783
8.42607	3	1	3	6324
8.42807	1	2	3	267
8.42807	1	3	3	736
8.42807	1	4	3	106
8.42807	1	5	3	1044
8.43007	3	3	3	633
8.43107	1	1	3	106
8.43307	1	2	3	208
8.43307	1	3	3	736
8.43307	1	4	3	106
8.43407	1	2	3	868
8.43407	1	3	3	2973
8.43407	1	4	3	340
8.43407	3	3	3	1920
8.43507	1	2	3	868
8.43507	1	3	3	2973
8.43507	1	4	3	340
8.43507	1	5	3	106
8.43607	1	2	3	868
8.43607	1	3	3	1324
8.43607	1	4	3	340
8.43607	3	3	3	315
8.43707	1	2	3	868
8.43707	1	4	3	340
8.43707	1	5	3	340
8.43707	3	4	3	633
8.43807	1	2	3	868
8.43807	1	4	3	340
8.43807	1	5	3	223
8.43907	1	2	3	648
8.43907	1	4	3	340
8.43907	1	5	3	340
8.44007	1	2	3	868
8.44007	1	4	3	575
8.44007	3	1	3	956
8.44007	3	3	3	633
8.44107	1	2	3	1088
8.44107	1	4	3	575
8.44107	1	5	3	223
8.44207	1	1	3	340
8.44207	1	2	3	648
8.44207	1	4	3	340
8.44307	1	1	3	458
8.44307	1	2	3	648
8.44307	1	4	3	340
8.44307	3	4	3	5192
8.44407	1	1	3	340
8.44407	1	2	3	45
8.44407	1	4	3	340
8.44507	1	1	3	458
8.44507	1	4	3	458
8.44507	3	1	3	4869
8.44507	3	3	3	633
8.44607	1	1	3	458
8.44607	1	4	3	340
8.44607	3	3	3	170
8.44707	1	4	3	340
8.44707	1	5	3	340
8.44807	1	4	3	458
8.44807	1	5	3	340
8.44907	1	4	3	458
8.44907	1	5	3	458
8.45007	1	4	3	458
8.45007	1	5	3	458
8.45107	1	4	3	458
8.45107	1	5	3	458
8.45207	1	4	3	692
8.45207	3	3	3	633
8.45307	1	4	3	575
8.45407	1	1	3	458
8.45407	1	4	3	121
8.45507	3	3	3	1920
8.45707	1	1	3	458
8.45707	1	5	3	458
8.45807	1	1	3	692
8.45807	1	5	3	575
8.45807	3	3	3	315
8.45907	1	5	3	927
8.46007	1	5	3	898
8.46107	1	1	3	692
8.46207	3	4	3	633
8.46407	1	1	3	458
8.46407	3	1	3	956
8.46507	1	1	3	106
8.46707	1	1	3	824
8.46707	3	3	3	633
8.46807	3	4	3	6647
8.47007	1	2	3	208
8.47007	1	3	3	736
8.47007	1	4	3	135
8.47007	1	5	3	106
8.47007	3	1	3	4869
8.47107	1	5	3	692
8.47307	3	3	3	1278
8.47407	1	5	3	809
8.47507	1	2	3	868
8.47507	1	3	3	3717
8.47707	1	1	3	106
8.47707	1	2	3	868
8.47707	1	3	3	2973
8.47707	1	4	3	428
8.47807	1	1	3	223
8.47807	1	2	3	648
8.47807	1	3	3	2228
8.47807	1	4	3	428
8.47907	1	1	3	223
8.47907	1	2	3	208
8.47907	1	3	3	544
8.47907	1	4	3	135
8.47907	3	3	3	1278
8.48007	1	1	3	223
8.48007	1	2	3	428
8.48007	1	4	3	428
8.48007	1	5	3	340
8.48107	1	1	3	223
8.48107	1	2	3	428
8.48107	1	4	3	428
8.48107	1	5	3	340
8.48207	1	2	3	428
8.48207	1	4	3	428
8.48207	1	5	3	340
8.48207	3	4	3	633
8.48307	1	2	3	428
8.48307	1	4	3	428
8.48307	1	5	3	340
8.48407	1	2	3	868
8.48407	1	4	3	428
8.48407	1	5	3	340
8.48507	1	2	3	868
8.48507	1	4	3	428
8.48507	3	3	3	1920
8.48607	1	2	3	868
8.48607	1	4	3	428
8.48707	1	2	3	868
8.48707	1	4	3	575
8.48807	1	1	3	340
8.48807	1	2	3	648
8.48807	1	4	3	428
8.48807	3	4	3	5192
8.48907	1	1	3	130
8.48907	1	2	3	648
8.48907	1	4	3	428
8.48907	3	1	3	633
8.49007	1	2	3	648
8.49007	1	4	3	428
8.49007	1	5	3	340
8.49107	1	2	3	296
8.49107	1	4	3	428
8.49107	1	5	3	340
8.49107	3	3	3	627
8.49207	1	4	3	428
8.49207	1	5	3	340
8.49307	1	4	3	428
8.49307	1	5	3	340
8.49407	1	4	3	428
8.49407	1	5	3	340
8.49507	1	4	3	575
8.49507	3	1	3	6647
8.49607	1	4	3	868
8.49707	1	4	3	868
8.49707	3	3	3	633
8.49807	1	4	3	232
8.50007	1	5	3	692
8.50107	1	5	3	692
8.50207	1	5	3	799
8.50207	3	4	3	633
8.50307	1	5	3	1161
8.50307	3	3	3	1278
8.50407	1	5	3	273
8.50807	3	4	3	5192
8.50907	3	1	3	956
8.51007	1	5	3	106
8.51307	1	1	3	106
8.51307	1	2	3	208
8.51307	1	3	3	736
8.51307	1	4	3	135
8.51407	3	3	3	2389
8.51507	3	1	3	7780
8.51607	1	5	3	106
8.51807	1	2	3	1308
8.51807	1	3	3	3717
8.51907	1	2	3	868
8.51907	1	3	3	2973
8.51907	1	4	3	575
8.52007	1	2	3	868
8.52007	1	3	3	2770
8.52007	1	4	3	575
8.52007	3	3	3	531
8.52107	1	2	3	868
8.52107	1	4	3	721
8.52107	3	4	3	633
8.52207	1	2	3	868
8.52207	1	4	3	575
8.52207	1	5	3	458
8.52307	1	2	3	428
8.52307	1	4	3	428
8.52307	1	5	3	340
8.52407	1	2	3	648
8.52407	1	4	3	428
8.52407	1	5	3	340
8.52507	1	2	3	868
8.52507	1	4	3	721
8.52507	1	5	3	340
8.52607	1	2	3	1308
8.52607	1	4	3	868
8.52607	3	3	3	1073
8.52707	1	2	3	868
8.52707	1	4	3	575
8.52707	3	4	3	6647
8.52807	1	2	3	648
8.52807	1	4	3	428
8.52907	1	1	3	458
8.52907	1	4	3	575
8.52907	3	1	3	956
8.53007	1	1	3	340
8.53007	1	2	3	460
8.53007	1	4	3	428
8.53107	1	1	3	340
8.53107	1	4	3	428
8.53107	1	5	3	340
8.53107	3	3	3	1612
8.53207	1	1	3	340
8.53207	1	4	3	428
8.53207	1	5	3	340
8.53307	1	1	3	340
8.53307	1	4	3	428
8.53307	1	5	3	340
8.53407	1	4	3	575
8.53407	1	5	3	458
8.53507	1	4	3	575
8.53507	1	5	3	575
8.53507	3	1	3	9235
8.53607	1	4	3	762
8.53707	3	3	3	1612
8.54107	1	1	3	692
8.54107	1	5	3	692
8.54107	3	4	3	633
8.54207	1	1	3	692
8.54207	1	5	3	692
8.54307	1	1	3	692
8.54307	1	5	3	692
8.54307	3	3	3	908
8.54407	1	1	3	692
8.54407	1	5	3	692
8.54507	1	1	3	692
8.54507	1	5	3	679
8.54707	3	4	3	7701
8.54807	3	4	3	404
8.54907	3	1	3	956
8.55007	3	3	3	531
8.55107	1	1	3	462
8.55207	1	5	3	106
8.55307	1	5	3	692
8.55407	1	5	3	638
8.55507	1	5	3	692
8.55507	3	1	3	7780
8.55607	3	3	3	1073
8.56007	1	4	3	150
8.56207	1	2	3	208
8.56207	1	3	3	736
8.56207	1	5	3	1044
8.56207	3	3	3	1612
8.56207	3	4	3	736
8.56307	1	5	3	809
8.56407	1	5	3	223
8.56507	1	1	3	106
8.56507	1	4	3	868
8.56507	1	5	3	104
8.56607	1	1	3	458
8.56607	1	4	3	575
8.56707	1	2	3	208
8.56707	1	3	3	736
8.56707	1	4	3	135
8.56707	3	3	3	1612
8.56807	3	4	3	8929
8.56907	1	1	3	223
8.56907	1	2	3	428
8.56907	1	3	3	2228
8.56907	1	4	3	428
8.56907	3	1	3	956
8.56907	3	4	3	528
8.57007	1	2	3	428
8.57007	1	3	3	1484
8.57007	1	4	3	282
8.57107	1	2	3	428
8.57107	1	3	3	736
8.57107	1	4	3	135
8.57207	1	1	3	340
8.57207	1	2	3	648
8.57207	1	3	3	2228
8.57207	1	4	3	428
8.57307	1	1	3	340
8.57307	1	2	3	648
8.57307	1	3	3	2056
8.57307	1	4	3	428
8.57307	3	3	3	908
8.57407	1	2	3	868
8.57407	1	4	3	721
8.57407	3	1	3	9235
8.57507	1	2	3	868
8.57507	1	4	3	428
8.57507	1	5	3	106
8.57607	1	2	3	428
8.57607	1	4	3	282
8.57607	1	5	3	223
8.57707	1	2	3	428
8.57707	1	4	3	282
8.57707	1	5	3	223
8.57807	1	2	3	648
8.57807	1	4	3	428
8.57807	1	5	3	340
8.57907	1	1	3	340
8.57907	1	2	3	648
8.57907	1	4	3	428
8.57907	1	5	3	340
8.57907	3	3	3	531
8.58007	1	1	3	458
8.58007	1	2	3	633
8.58007	1	4	3	428
8.58107	1	1	3	458
8.58107	1	2	3	648
8.58107	1	4	3	428
8.58207	1	1	3	205
8.58207	1	2	3	648
8.58207	1	4	3	428
8.58307	1	2	3	648
8.58307	1	4	3	428
8.58307	3	4	3	736
8.58407	1	2	3	648
8.58407	1	4	3	428
8.58407	3	3	3	1278
8.58507	1	2	3	119
8.58507	1	4	3	428
8.58507	1	5	3	340
8.58607	1	4	3	428
8.58607	1	5	3	340
8.58707	1	4	3	428
8.58707	1	5	3	340
8.58807	1	4	3	428
8.58807	1	5	3	340
8.58907	1	4	3	390
8.58907	1	5	3	340
8.58907	3	4	3	8000
8.59007	3	3	3	1920
8.59307	3	1	3	868
8.59507	1	5	3	1396
8.59607	1	5	3	1396
8.59707	1	5	3	28
8.59907	3	1	3	9323
8.60107	3	3	3	1278
8.60307	3	4	3	736
8.60507	1	1	3	106
8.60507	1	2	3	208
8.60507	1	3	3	736
8.60507	1	4	3	135
8.60507	1	5	3	106
8.60607	1	5	3	1328
8.60707	1	5	3	1396
8.60707	3	3	3	1278
8.60807	1	5	3	38
8.60907	3	4	3	8929
8.61007	1	2	3	868
8.61007	1	3	3	2228
8.61007	1	4	3	428
8.61007	3	4	3	528
8.61307	3	1	3	956
8.61307	3	3	3	1278
8.61407	1	4	3	135
8.61507	1	2	3	868
8.61507	1	3	3	2973
8.61507	1	4	3	428
8.61607	1	2	3	868
8.61607	1	3	3	2973
8.61607	1	4	3	575
8.61707	1	2	3	868
8.61707	1	3	3	1287
8.61707	1	4	3	721
8.61807	1	2	3	1308
8.61807	1	4	3	868
8.61807	3	1	3	9235
8.61907	1	2	3	1308
8.61907	1	4	3	868
8.61907	3	3	3	1920
8.62007	1	2	3	633
8.62007	1	4	3	428
8.62007	1	5	3	106
8.62107	1	1	3	458
8.62107	1	2	3	472
8.62107	1	4	3	428
8.62207	1	1	3	458
8.62207	1	2	3	868
8.62207	1	4	3	575
8.62307	1	1	3	458
8.62307	1	2	3	868
8.62307	1	4	3	575
8.62307	3	4	3	736
8.62407	1	1	3	458
8.62407	1	2	3	868
8.62407	1	4	3	575
8.62507	1	1	3	458
8.62507	1	2	3	211
8.62507	1	4	3	428
8.62607	1	4	3	575
8.62707	1	4	3	575
8.62807	1	4	3	575
8.62807	3	4	3	9455
8.62907	1	4	3	1015
8.63007	1	4	3	321
8.63007	3	3	3	1073
8.63107	1	1	3	458
8.63107	1	5	3	458
8.63207	1	1	3	458
8.63207	1	5	3	458
8.63307	1	1	3	458
8.63307	1	5	3	458
8.63407	1	1	3	458
8.63407	1	5	3	458
8.63507	1	1	3	160
8.63507	1	5	3	575
8.63607	3	3	3	1278
8.63707	3	1	3	868
8.64107	1	5	3	692
8.64207	1	5	3	1396
8.64207	3	3	3	1920
8.64307	1	5	3	1143
8.64307	3	1	3	9323
8.64407	1	2	3	150
8.64407	1	3	3	736
8.64407	1	4	3	135
8.64407	1	5	3	1044
8.64507	1	5	3	390
8.64707	3	4	3	868
8.64807	3	3	3	586
8.64907	1	2	3	208
8.64907	1	3	3	736
8.64907	1	4	3	135
8.65107	1	2	3	868
8.65107	1	3	3	2900
8.65107	1	4	3	428
8.65207	1	2	3	1308
8.65207	1	4	3	721
8.65307	1	2	3	1308
8.65307	1	4	3	868
8.65307	3	4	3	9323
8.65407	1	2	3	536
8.65407	1	4	3	721
8.65407	3	3	3	633
8.65507	1	4	3	575
8.65607	1	4	3	721
8.65707	1	4	3	80
8.65707	1	5	3	106
8.65707	3	1	3	956
8.65907	3	3	3	1278
8.66307	1	5	3	1396
8.66307	3	1	3	3413
8.66407	1	5	3	106
8.66707	1	1	3	106
8.66707	1	3	3	736
8.66907	1	2	3	208
8.66907	1	4	3	135
8.67007	1	5	3	1396
8.67007	3	3	3	2389
8.67107	1	5	3	1300
8.67207	3	4	3	868
8.67307	1	3	3	5089
8.67407	1	2	3	956
8.67407	1	4	3	721
8.67607	3	3	3	633
8.67707	1	2	3	795
8.67707	1	4	3	721
8.67707	3	1	3	956
8.67807	1	2	3	633
8.67807	1	4	3	575
8.67807	1	5	3	458
8.67807	3	4	3	9323
8.67907	1	2	3	633
8.67907	1	4	3	575
8.67907	1	5	3	458
8.68007	1	2	3	956
8.68007	1	4	3	721
8.68007	1	5	3	106
8.68107	1	2	3	633
8.68107	1	4	3	575
8.68107	1	5	3	416
8.68207	1	1	3	340
8.68207	1	2	3	472
8.68207	1	4	3	428
8.68207	1	5	3	340
8.68307	1	1	3	223
8.68307	1	2	3	472
8.68307	1	4	3	428
8.68307	3	1	3	4869
8.68307	3	3	3	1278
8.68407	1	1	3	223
8.68407	1	2	3	84
8.68407	1	4	3	428
8.68507	1	1	3	458
8.68507	1	4	3	428
8.68607	1	1	3	223
8.68607	1	4	3	111
8.68807	1	5	3	106
8.68907	1	5	3	575
8.68907	3	3	3	1278
8.69007	1	5	3	809
8.69107	1	5	3	1042
8.69207	1	1	3	692
8.69207	3	4	3	956
8.69307	1	1	3	1278
8.69407	1	1	3	809
8.69507	1	1	3	575
8.69507	3	3	3	1920
8.69607	1	1	3	223
8.69807	1	5	3	106
8.69807	3	4	3	3413
8.70107	3	3	3	1278
8.70207	1	1	3	696
8.70207	1	5	3	106
8.70707	3	1	3	956
8.70707	3	3	3	783
8.70807	1	2	3	150
8.70807	1	3	3	736
8.70807	1	4	3	135
8.70907	1	5	3	575
8.71007	1	5	3	575
8.71107	1	1	3	809
8.71107	1	5	3	340
8.71207	1	1	3	106
8.71207	1	5	3	1278
8.71207	3	1	3	4869
8.71207	3	4	3	956
8.71307	1	1	3	223
8.71307	1	2	3	311
8.71307	1	3	3	1278
8.71307	1	4	3	428
8.71307	1	5	3	340
8.71407	3	3	3	633
8.71507	1	1	3	223
8.71507	1	2	3	311
8.71507	1	3	3	1278
8.71607	1	3	3	633
8.71607	1	4	3	135
8.71807	1	2	3	311
8.71807	1	3	3	1278
8.71807	1	4	3	282
8.71807	3	4	3	4869
8.71907	1	1	3	223
8.71907	1	2	3	311
8.71907	1	3	3	631
8.71907	1	4	3	428
8.71907	1	5	3	340
8.72007	1	2	3	311
8.72007	1	4	3	428
8.72007	1	5	3	340
8.72007	3	3	3	1278
8.72107	1	1	3	223
8.72107	1	2	3	311
8.72107	1	4	3	428
8.72107	1	5	3	340
8.72207	1	2	3	472
8.72207	1	4	3	428
8.72207	1	5	3	340
8.72307	1	2	3	311
8.72307	1	4	3	428
8.72307	1	5	3	340
8.72407	1	2	3	633
8.72407	1	4	3	428
8.72507	1	2	3	633
8.72507	1	4	3	428
8.72607	1	2	3	633
8.72607	1	4	3	428
8.72607	3	3	3	1278
8.72707	1	1	3	340
8.72707	1	2	3	472
8.72707	1	4	3	428
8.72807	1	1	3	340
8.72807	1	2	3	472
8.72807	1	4	3	428
8.72907	1	2	3	210
8.72907	1	4	3	428
8.72907	1	5	3	340
8.73007	1	1	3	340
8.73007	1	4	3	166
8.73007	1	5	3	340
8.73007	3	1	3	956
8.73107	1	1	3	340
8.73107	1	5	3	340
8.73207	1	5	3	340
8.73207	3	3	3	1920
8.73207	3	4	3	956
8.73307	1	5	3	340
8.73407	1	1	3	692
8.73607	3	1	3	6324
8.73707	3	3	3	627
8.73807	3	4	3	4869
8.73907	1	5	3	692
8.74007	1	5	3	1044
8.74107	1	1	3	531
8.74107	1	5	3	692
8.74207	1	5	3	809
8.74307	1	2	3	150
8.74307	1	3	3	633
8.74307	1	4	3	135
8.74307	1	5	3	109
8.74407	3	3	3	633
8.74807	1	2	3	150
8.74807	1	3	3	736
8.74807	1	4	3	135
8.74907	1	2	3	472
8.74907	1	3	3	2228
8.74907	1	4	3	428
8.74907	1	5	3	340
8.75007	1	2	3	633
8.75007	1	3	3	2973
8.75007	1	4	3	428
8.75007	3	1	3	956
8.75007	3	3	3	1278
8.75107	1	2	3	311
8.75107	1	3	3	716
8.75107	1	4	3	282
8.75207	1	2	3	956
8.75207	1	4	3	721
8.75207	3	4	3	956
8.75307	1	1	3	106
8.75307	1	2	3	633
8.75307	1	4	3	428
8.75407	1	1	3	223
8.75407	1	2	3	311
8.75407	1	4	3	282
8.75507	1	2	3	472
8.75507	1	4	3	428
8.75507	1	5	3	106
8.75507	3	1	3	4869
8.75607	1	1	3	458
8.75607	1	2	3	633
8.75607	1	4	3	575
8.75607	3	3	3	1278
8.75707	1	1	3	458
8.75707	1	2	3	633
8.75707	1	4	3	575
8.75807	1	2	3	956
8.75807	1	4	3	721
8.75807	3	4	3	6324
8.75907	1	2	3	633
8.75907	1	4	3	428
8.75907	1	5	3	340
8.76007	1	1	3	458
8.76007	1	2	3	363
8.76007	1	4	3	428
8.76107	1	4	3	428
8.76107	1	5	3	340
8.76207	1	4	3	428
8.76207	1	5	3	340
8.76307	1	4	3	462
8.76307	1	5	3	340
8.76307	3	3	3	1612
8.76507	1	5	3	106
8.76707	1	1	3	575
8.76807	1	1	3	646
8.76907	1	5	3	575
8.76907	3	3	3	1278
8.77107	1	5	3	692
8.77207	1	5	3	809
8.77207	3	4	3	956
8.77307	1	5	3	340
8.77407	3	1	3	736
8.77507	1	5	3	575
8.77807	3	4	3	4869
8.77907	1	2	3	150
8.77907	1	3	3	633
8.77907	1	4	3	135
8.77907	1	5	3	340
8.77907	3	1	3	5089
8.78007	3	3	3	1920
8.78107	1	5	3	575
8.78207	1	5	3	458
8.78307	1	5	3	914
8.78407	1	2	3	472
8.78407	1	3	3	1920
8.78407	1	4	3	428
8.78507	1	2	3	472
8.78507	1	3	3	1920
8.78507	1	4	3	428
8.78607	1	2	3	311
8.78607	1	3	3	1278
8.78607	1	4	3	428
8.78607	3	3	3	1278
8.78707	1	2	3	633
8.78707	1	3	3	80
8.78707	1	4	3	428
8.78807	1	1	3	106
8.78807	1	2	3	150
8.78807	1	4	3	135
8.78907	1	2	3	472
8.78907	1	4	3	428
8.78907	1	5	3	340
8.79007	1	2	3	472
8.79007	1	4	3	428
8.79107	1	2	3	795
8.79107	1	4	3	721
8.79107	1	5	3	106
8.79207	1	2	3	633
8.79207	1	4	3	575
8.79207	1	5	3	458
8.79207	3	3	3	1073
8.79207	3	4	3	956
8.79307	1	2	3	633
8.79307	1	4	3	575
8.79307	1	5	3	340
8.79307	3	1	3	956
8.79407	1	2	3	633
8.79407	1	4	3	721
8.79507	1	5	3	575
8.79607	1	4	3	418
8.79707	3	3	3	1122
8.79807	3	4	3	4869
8.79907	1	5	3	927
8.79907	3	1	3	6324
8.80107	1	5	3	1396
8.80207	1	5	3	168
8.80307	1	1	3	692
8.80307	3	3	3	531
8.80407	1	1	3	458
8.80507	1	1	3	692
8.80907	1	2	3	150
8.80907	1	3	3	633
8.80907	1	4	3	135
8.80907	1	5	3	223
8.80907	3	3	3	1073
8.81107	1	1	3	1396
8.81207	1	1	3	1396
8.81207	3	4	3	956
8.81307	3	1	3	956
8.81407	1	2	3	311
8.81407	1	4	3	428
8.81507	1	2	3	311
8.81507	1	3	3	1278
8.81507	1	4	3	135
8.81507	1	5	3	106
8.81507	3	3	3	1612
8.81807	1	1	3	223
8.81807	1	2	3	311
8.81807	1	3	3	1278
8.81807	1	4	3	428
8.81807	1	5	3	340
8.81807	3	4	3	6324
8.81907	1	1	3	223
8.81907	1	2	3	311
8.81907	1	3	3	1278
8.81907	1	4	3	428
8.81907	1	5	3	340
8.81907	3	1	3	7780
8.82007	1	1	3	223
8.82007	1	2	3	472
8.82007	1	3	3	1365
8.82007	1	4	3	428
8.82107	3	3	3	1612
8.82307	1	2	3	311
8.82307	1	4	3	428
8.82407	1	2	3	311
8.82407	1	4	3	428
8.82507	1	2	3	633
8.82507	1	4	3	428
8.82507	1	5	3	340
8.82607	1	1	3	340
8.82607	1	2	3	472
8.82607	1	4	3	428
8.82607	1	5	3	340
8.82707	1	1	3	95
8.82707	1	2	3	472
8.82707	1	4	3	428
8.82707	1	5	3	340
8.82707	3	3	3	908
8.82807	1	2	3	633
8.82807	1	4	3	428
8.82807	1	5	3	340
8.82907	1	2	3	472
8.82907	1	4	3	428
8.82907	1	5	3	340
8.83007	1	2	3	633
8.83007	1	4	3	428
8.83107	1	2	3	71
8.83107	1	4	3	428
8.83307	3	3	3	531
8.83507	1	5	3	809
8.83607	1	5	3	1044
8.83707	1	5	3	1044
8.83707	3	4	3	956
8.83807	1	5	3	146
8.83807	3	1	3	736
8.83907	1	5	3	1396
8.83907	3	3	3	1073
8.84307	3	4	3	7780
8.84407	3	1	3	9455
8.84507	1	5	3	38
8.84507	3	3	3	1612
8.84607	1	5	3	106
8.84707	1	4	3	135
8.84707	1	5	3	106
8.84807	1	2	3	150
8.84807	1	3	3	633
8.84807	1	5	3	106
8.84907	1	5	3	106
8.85107	3	3	3	1612
8.85207	1	4	3	1598
8.85307	1	1	3	106
8.85307	1	2	3	633
8.85307	1	3	3	1920
8.85307	1	4	3	428
8.85407	1	2	3	633
8.85407	1	3	3	2562
8.85407	1	4	3	428
8.85507	1	2	3	633
8.85507	1	3	3	2170
8.85507	1	4	3	428
8.85507	1	5	3	106
8.85607	1	2	3	633
8.85607	1	4	3	575
8.85607	1	5	3	340
8.85707	1	2	3	633
8.85707	1	4	3	575
8.85707	1	5	3	458
8.85707	3	3	3	908
8.85707	3	4	3	956
8.85807	1	2	3	311
8.85807	1	4	3	428
8.85807	1	5	3	340
8.85807	3	1	3	956
8.85907	1	2	3	472
8.85907	1	4	3	428
8.85907	1	5	3	340
8.86007	1	2	3	795
8.86007	1	4	3	721
8.86107	1	2	3	633
8.86107	1	4	3	721
8.86207	1	2	3	633
8.86207	1	4	3	575
8.86307	1	2	3	633
8.86307	1	4	3	284
8.86307	3	3	3	531
8.86307	3	4	3	9235
8.86407	1	2	3	512
8.86407	3	1	3	7780
8.86507	1	5	3	458
8.86607	1	5	3	458
8.86707	1	5	3	575
8.86807	1	1	3	458
8.86807	1	5	3	458
8.86807	3	3	3	1073
8.86907	1	1	3	692
8.86907	1	5	3	692
8.87007	1	1	3	927
8.87107	1	1	3	927
8.87207	1	1	3	809
8.87407	3	3	3	1612
8.87507	1	5	3	340
8.87607	1	5	3	458
8.87707	1	5	3	575
8.87707	3	4	3	868
8.87807	1	5	3	809
8.87907	1	5	3	365
8.88007	3	3	3	1612
8.88307	1	1	3	223
8.88307	1	2	3	150
8.88307	1	3	3	633
8.88307	1	4	3	135
8.88307	3	4	3	7868
8.88407	1	1	3	692
8.88507	1	1	3	692
8.88507	1	5	3	692
8.88607	1	1	3	1396
8.88607	3	3	3	908
8.88707	1	1	3	378
8.88807	1	2	3	472
8.88807	1	3	3	1920
8.88807	1	4	3	428
8.88807	1	5	3	106
8.88907	1	2	3	311
8.88907	1	3	3	1278
8.88907	1	4	3	135
8.88907	1	5	3	106
8.88907	3	1	3	956
8.89307	1	2	3	472
8.89307	1	3	3	1920
8.89307	1	4	3	428
8.89307	3	3	3	531
8.89407	1	2	3	311
8.89407	1	4	3	282
8.89507	1	2	3	311
8.89507	1	3	3	1278
8.89507	1	4	3	135
8.89507	1	5	3	106
8.89507	3	1	3	9235
8.89807	1	2	3	472
8.89807	1	3	3	1717
8.89807	1	4	3	428
8.89807	1	5	3	340
8.89907	1	2	3	472
8.89907	1	4	3	428
8.89907	1	5	3	340
8.89907	3	3	3	1073
8.90007	1	2	3	633
8.90007	1	4	3	428
8.90107	1	2	3	633
8.90107	1	4	3	575
8.90107	1	5	3	458
8.90207	1	2	3	633
8.90207	1	4	3	575
8.90207	1	5	3	458
8.90207	3	4	3	736
8.90307	1	2	3	633
8.90307	1	4	3	721
8.90407	1	2	3	633
8.90407	1	4	3	721
8.90507	1	2	3	633
8.90507	1	4	3	575
8.90507	1	5	3	458
8.90507	3	3	3	1612
8.90607	1	2	3	633
8.90607	1	4	3	575
8.90707	1	2	3	633
8.90707	1	4	3	575
8.90807	1	2	3	633
8.90807	1	4	3	575
8.90807	1	5	3	458
8.90807	3	4	3	9455
8.90907	1	2	3	102
8.90907	1	4	3	575
8.90907	1	5	3	458
8.91007	1	4	3	478
8.91107	1	5	3	458
8.91107	3	3	3	1612
8.91207	1	5	3	458
8.91407	3	1	3	633
8.91507	1	5	3	1396
8.91707	3	3	3	908
8.91807	1	5	3	896
8.92007	3	1	3	9558
8.92107	1	5	3	1396
8.92207	1	2	3	150
8.92207	1	3	3	633
8.92207	1	5	3	38
8.92307	3	3	3	531
8.92507	1	4	3	135
8.92707	1	2	3	311
8.92707	1	3	3	633
8.92707	3	4	3	736
8.92807	1	2	3	956
8.92807	1	3	3	3204
8.92807	1	5	3	106
8.92907	1	3	3	5726
8.92907	3	3	3	1073
8.93007	1	2	3	311
8.93007	1	4	3	135
8.93107	1	2	3	956
8.93107	1	4	3	868
8.93207	1	2	3	633
8.93207	1	4	3	575
8.93307	1	1	3	106
8.93307	1	2	3	633
8.93307	1	4	3	428
8.93307	3	4	3	8929
8.93407	1	2	3	956
8.93407	1	4	3	721
8.93407	1	5	3	106
8.93407	3	4	3	528
8.93507	1	2	3	956
8.93507	1	4	3	868
8.93607	1	2	3	633
8.93607	1	4	3	575
8.93607	1	5	3	458
8.93707	1	2	3	633
8.93707	1	4	3	575
8.93707	1	5	3	458
8.93807	1	2	3	633
8.93807	1	4	3	575
8.93807	1	5	3	340
8.93907	1	2	3	956
8.93907	1	4	3	721
8.93907	3	1	3	956
8.94007	1	2	3	633
8.94007	1	4	3	575
8.94007	1	5	3	340
8.94007	3	3	3	3233
8.94107	1	2	3	633
8.94107	1	4	3	575
8.94207	1	2	3	239
8.94207	1	4	3	575
8.94307	1	4	3	575
8.94407	1	4	3	575
8.94407	1	5	3	458
8.94507	1	4	3	721
8.94507	3	1	3	9235
8.94607	1	4	3	454
8.94607	1	5	3	575
8.94607	3	3	3	896
8.94707	1	5	3	692
8.94707	3	4	3	736
8.94807	1	1	3	458
8.94807	1	5	3	458
8.94907	1	1	3	458
8.95007	1	1	3	440
8.95007	1	5	3	325
8.95307	3	3	3	531
8.95307	3	4	3	8184
8.95407	1	5	3	927
8.95407	3	4	3	1273
8.95607	1	5	3	106
8.95707	1	5	3	403
8.95807	1	5	3	1278
8.95807	3	3	3	1073
8.96007	1	2	3	150
8.96007	1	3	3	633
8.96007	1	4	3	135
8.96007	1	5	3	156
8.96407	3	1	3	868
8.96407	3	3	3	1612
8.96507	1	2	3	311
8.96507	1	3	3	1278
8.96507	1	4	3	428
8.96607	1	2	3	633
8.96607	1	3	3	1920
8.96607	1	4	3	428
8.96607	1	5	3	223
8.96707	1	2	3	633
8.96707	1	3	3	2562
8.96707	1	4	3	575
8.96707	3	4	3	736
8.96807	1	2	3	633
8.96807	1	3	3	2350
8.96807	1	4	3	575
8.96907	1	2	3	633
8.96907	1	4	3	428
8.96907	3	1	3	9323
8.97007	1	2	3	633
8.97007	1	4	3	575
8.97007	3	3	3	1612
8.97107	1	2	3	633
8.97107	1	4	3	428
8.97207	1	2	3	633
8.97207	1	4	3	428
8.97207	1	5	3	106
8.97307	1	2	3	956
8.97307	1	4	3	868
8.97307	3	4	3	5041
8.97407	1	2	3	956
8.97407	1	4	3	721
8.97507	1	2	3	633
8.97507	1	4	3	575
8.97507	1	5	3	458
8.97607	1	2	3	633
8.97607	1	4	3	575
8.97607	1	5	3	458
8.97607	3	3	3	908
8.97707	1	2	3	692
8.97707	1	4	3	721
8.97807	1	4	3	575
8.97807	1	5	3	458
8.97907	1	4	3	575
8.97907	1	5	3	458
8.98007	1	4	3	158
8.98207	1	5	3	575
8.98307	3	3	3	531
8.98507	1	5	3	1396
8.98607	1	5	3	180
8.98707	3	4	3	56
8.98807	1	5	3	1396
8.98907	1	5	3	38
8.98907	3	3	3	1073
8.99207	1	2	3	150
8.99207	1	3	3	633
8.99207	1	4	3	135
8.99207	3	1	3	868
8.99507	3	3	3	1612
8.99707	1	2	3	150
8.99707	1	3	3	633
8.99707	1	4	3	135
8.99807	1	2	3	633
8.99807	1	3	3	2562
8.99807	1	4	3	575
8.99807	3	1	3	3501
8.99907	1	2	3	633
8.99907	1	3	3	2562
8.99907	1	4	3	575
9.00007	1	2	3	633
9.00007	1	3	3	2562
9.00007	1	4	3	428
9.00007	1	5	3	106
9.00107	1	2	3	472
9.00107	1	3	3	1247
9.00107	1	4	3	428
9.00107	1	5	3	340
9.00107	3	3	3	1612
9.00207	1	2	3	472
9.00207	1	4	3	428
9.00207	1	5	3	340
9.00307	1	2	3	472
9.00307	1	4	3	428
9.00307	1	5	3	340
9.00407	1	2	3	472
9.00407	1	4	3	428
9.00407	1	5	3	340
9.00507	1	2	3	633
9.00507	1	4	3	575
9.00607	1	2	3	633
9.00607	1	4	3	721
9.00707	1	2	3	633
9.00707	1	4	3	721
9.00707	3	3	3	1073
9.00807	1	2	3	633
9.00807	1	4	3	721
9.00907	1	4	3	1161
9.01007	1	2	3	633
9.01007	1	4	3	575
9.01007	1	5	3	458
9.01107	1	2	3	633
9.01107	1	4	3	575
9.01107	1	5	3	458
9.01207	1	2	3	633
9.01207	1	4	3	575
9.01207	1	5	3	458
9.01307	1	2	3	633
9.01307	1	4	3	575
9.01307	1	5	3	458
9.01307	3	3	3	1269
9.01407	1	2	3	633
9.01407	1	4	3	469
9.01407	1	5	3	458
9.01507	1	2	3	444
9.01707	3	1	3	1073
9.02007	1	5	3	1044
9.02007	3	3	3	531
9.02107	1	5	3	809
9.02207	1	5	3	143
9.02307	3	1	3	4752
9.02607	3	3	3	1073
9.02707	1	2	3	150
9.02707	1	3	3	633
9.02707	1	4	3	135
9.03007	1	5	3	106
9.03107	1	5	3	1328
9.03207	1	2	3	648
9.03207	1	3	3	1920
9.03207	1	4	3	428
9.03207	3	3	3	1612
9.03307	1	2	3	648
9.03307	1	3	3	1920
9.03307	1	4	3	428
9.03307	1	5	3	340
9.03407	1	2	3	648
9.03407	1	3	3	1920
9.03407	1	4	3	428
9.03407	1	5	3	340
9.03507	1	2	3	1088
9.03507	1	3	3	3204
9.03707	1	2	3	648
9.03707	1	3	3	603
9.03707	1	4	3	428
9.03807	1	2	3	428
9.03807	1	4	3	428
9.03807	3	3	3	1612
9.03907	1	2	3	648
9.03907	1	4	3	428
9.04007	1	2	3	868
9.04007	1	4	3	428
9.04007	1	5	3	340
9.04107	1	2	3	868
9.04107	1	4	3	575
9.04107	1	5	3	458
9.04207	1	2	3	868
9.04207	1	4	3	575
9.04207	1	5	3	458
9.04207	3	1	3	1073
9.04307	1	2	3	868
9.04307	1	4	3	575
9.04307	1	5	3	458
9.04407	1	2	3	868
9.04407	1	4	3	575
9.04407	1	5	3	458
9.04407	3	3	3	908
9.04507	1	2	3	868
9.04507	1	4	3	721
9.04607	1	2	3	106
9.04607	1	4	3	575
9.04707	1	4	3	575
9.04807	1	4	3	575
9.04807	3	1	3	4752
9.04907	1	4	3	575
9.05007	1	4	3	868
9.05007	1	5	3	575
9.05007	3	3	3	531
9.05107	1	4	3	908
9.05107	1	5	3	106
9.05207	1	5	3	106
9.05307	1	5	3	106
9.05407	1	5	3	573
9.05607	3	3	3	1073
9.06007	1	5	3	106
9.06107	1	5	3	1328
9.06207	3	1	3	1073
9.06207	3	3	3	1612
9.06307	1	5	3	1396
9.06407	1	2	3	150
9.06407	1	3	3	633
9.06407	1	4	3	135
9.06407	1	5	3	38
9.06707	3	1	3	6207
9.06807	3	3	3	1612
9.06907	1	2	3	208
9.06907	1	3	3	633
9.06907	1	4	3	135
9.07007	1	2	3	868
9.07007	1	3	3	2562
9.07007	1	4	3	428
9.07007	1	5	3	106
9.07107	1	2	3	868
9.07107	1	3	3	2562
9.07107	1	4	3	575
9.07207	1	2	3	868
9.07207	1	3	3	2562
9.07207	1	4	3	575
9.07307	1	2	3	868
9.07307	1	3	3	1247
9.07307	1	4	3	575
9.07407	1	2	3	868
9.07407	1	4	3	428
9.07407	3	3	3	908
9.07507	1	2	3	868
9.07507	1	4	3	428
9.07607	1	2	3	868
9.07607	1	4	3	428
9.07607	1	5	3	106
9.07707	1	2	3	868
9.07707	1	4	3	721
9.07807	1	2	3	1308
9.07807	1	4	3	868
9.07907	1	2	3	1308
9.07907	1	4	3	868
9.08007	1	2	3	298
9.08007	1	4	3	868
9.08007	3	3	3	428
9.08107	1	4	3	721
9.08107	3	1	3	1073
9.08207	1	4	3	575
9.08207	1	5	3	458
9.08307	1	4	3	575
9.08307	1	5	3	458
9.08407	1	4	3	721
9.08407	1	5	3	575
9.08507	1	4	3	602
9.08607	3	3	3	1308
9.08707	3	1	3	4752
9.09007	1	5	3	1396
9.09107	1	5	3	1209
9.09107	3	3	3	1744
9.09207	1	5	3	106
9.09307	1	5	3	1328
9.09707	3	3	3	1073
9.10007	1	2	3	208
9.10007	1	3	3	633
9.10007	1	4	3	135
9.10007	1	5	3	106
9.10307	3	3	3	1183
9.10507	1	2	3	868
9.10507	1	3	3	2562
9.10507	1	4	3	428
9.10607	1	2	3	868
9.10607	1	3	3	2562
9.10607	1	4	3	428
9.10607	1	5	3	106
9.10707	1	2	3	868
9.10707	1	3	3	2562
9.10707	1	4	3	575
9.10807	1	2	3	868
9.10807	1	3	3	1879
9.10807	1	4	3	575
9.10907	1	2	3	1308
9.10907	1	4	3	721
9.11007	1	2	3	868
9.11007	1	4	3	575
9.11007	3	3	3	531
9.11107	1	2	3	868
9.11107	1	4	3	428
9.11107	3	1	3	1073
9.11207	1	2	3	472
9.11207	1	4	3	428
9.11207	1	5	3	340
9.11307	1	4	3	575
9.11307	1	5	3	458
9.11407	1	2	3	868
9.11407	1	4	3	575
9.11407	1	5	3	458
9.11507	1	2	3	1440
9.11507	1	5	3	223
9.11607	1	2	3	710
9.11607	1	4	3	868
9.11607	3	3	3	1308
9.11707	1	4	3	721
9.11707	3	1	3	4752
9.11807	1	4	3	428
9.11907	1	4	3	575
9.12007	1	4	3	721
9.12107	1	4	3	868
9.12107	1	5	3	692
9.12207	1	4	3	602
9.12207	1	5	3	692
9.12207	3	3	3	1308
9.12307	1	5	3	692
9.12407	1	5	3	692
9.12507	1	5	3	692
9.12807	3	3	3	1612
9.13107	1	5	3	1396
9.13207	1	5	3	637
9.13407	3	3	3	1073
9.13507	1	2	3	150
9.13507	1	3	3	633
9.13507	1	4	3	135
9.13607	3	1	3	956
9.13807	1	5	3	809
9.13907	3	3	3	1338
9.14007	1	2	3	868
9.14007	1	3	3	2562
9.14007	1	4	3	575
9.14107	1	2	3	868
9.14107	1	3	3	1176
9.14107	1	4	3	721
9.14207	1	2	3	1308
9.14207	1	4	3	721
9.14207	1	5	3	106
9.14207	3	1	3	6324
9.14307	1	2	3	868
9.14307	1	4	3	575
9.14307	1	5	3	458
9.14407	1	2	3	316
9.14407	1	4	3	575
9.14407	1	5	3	65
9.14507	1	4	3	428
9.14507	1	5	3	340
9.14607	1	4	3	575
9.14607	1	5	3	458
9.14707	1	4	3	79
9.14707	3	3	3	531
9.14907	1	5	3	106
9.15007	1	5	3	106
9.15107	1	5	3	430
9.15207	1	5	3	809
9.15207	3	3	3	1073
9.15307	1	5	3	625
9.15707	1	3	3	633
9.15807	1	2	3	208
9.15807	1	4	3	135
9.15807	3	3	3	1612
9.16107	3	1	3	736
9.16207	1	3	3	5192
9.16307	1	2	3	956
9.16307	1	4	3	868
9.16407	1	2	3	956
9.16407	1	4	3	868
9.16407	3	3	3	1612
9.16507	1	2	3	956
9.16507	1	4	3	721
9.16507	1	5	3	106
9.16607	1	2	3	956
9.16607	1	4	3	868
9.16707	1	2	3	956
9.16707	1	4	3	868
9.16707	3	1	3	8000
9.16807	1	2	3	633
9.16807	1	4	3	575
9.16807	1	5	3	458
9.16907	1	4	3	868
9.16907	1	5	3	575
9.17007	1	2	3	217
9.17007	1	4	3	69
9.17007	3	3	3	908
9.17107	1	5	3	458
9.17407	1	5	3	1275
9.17507	1	5	3	809
9.17607	1	5	3	625
9.17707	3	3	3	531
9.18307	1	2	3	150
9.18307	1	3	3	633
9.18307	1	4	3	135
9.18307	3	3	3	1073
9.18607	3	1	3	736
9.18707	1	5	3	106
9.18807	1	1	3	106
9.18807	1	2	3	868
9.18807	1	3	3	2562
9.18807	1	4	3	428
9.18907	1	2	3	648
9.18907	1	3	3	1920
9.18907	1	4	3	428
9.18907	1	5	3	340
9.18907	3	3	3	1612
9.19007	1	2	3	868
9.19007	1	3	3	714
9.19007	1	4	3	428
9.19007	1	5	3	340
9.19107	1	2	3	868
9.19107	1	4	3	575
9.19107	1	5	3	458
9.19207	1	2	3	1308
9.19207	1	4	3	721
9.19207	3	1	3	9455
9.19307	1	2	3	428
9.19307	1	4	3	428
9.19307	1	5	3	340
9.19407	1	2	3	700
9.19407	1	4	3	721
9.19507	1	5	3	575
9.19507	3	3	3	1612
9.19607	1	4	3	575
9.19707	1	4	3	575
9.19707	1	5	3	458
9.19807	1	4	3	575
9.19807	1	5	3	340
9.19907	1	1	3	458
9.19907	1	4	3	257
9.19907	1	5	3	458
9.20007	1	1	3	458
9.20007	1	5	3	458
9.20107	1	1	3	458
9.20107	1	5	3	340
9.20107	3	3	3	1073
9.20207	1	1	3	458
9.20207	1	5	3	105
9.20307	1	1	3	575
9.20407	1	5	3	927
9.20507	1	5	3	507
9.20607	3	3	3	1269
9.20907	1	1	3	411
9.21407	1	2	3	150
9.21407	1	4	3	135
9.21407	3	3	3	531
9.21507	1	3	3	633
9.21607	3	1	3	956
9.21707	1	5	3	106
9.21907	1	2	3	1308
9.21907	1	4	3	868
9.21907	3	3	3	1073
9.22007	1	2	3	648
9.22007	1	3	3	1920
9.22007	1	4	3	428
9.22007	1	5	3	340
9.22107	1	2	3	648
9.22107	1	3	3	1920
9.22107	1	4	3	428
9.22107	1	5	3	340
9.22207	1	2	3	648
9.22207	1	3	3	1920
9.22207	1	4	3	428
9.22207	1	5	3	340
9.22207	3	1	3	7780
9.22307	1	2	3	648
9.22307	1	3	3	894
9.22307	1	4	3	428
9.22307	1	5	3	340
9.22407	1	2	3	868
9.22407	1	4	3	575
9.22407	1	5	3	458
9.22507	1	2	3	648
9.22507	1	4	3	428
9.22507	1	5	3	340
9.22507	3	3	3	1612
9.22607	1	2	3	648
9.22607	1	4	3	428
9.22707	1	2	3	868
9.22707	1	4	3	428
9.22807	1	2	3	216
9.22807	1	4	3	575
9.22807	1	5	3	458
9.22907	1	4	3	575
9.23007	1	4	3	575
9.23007	1	5	3	458
9.23107	1	4	3	575
9.23107	1	5	3	458
9.23107	3	3	3	1612
9.23207	1	4	3	434
9.23207	1	5	3	575
9.23307	1	5	3	105
9.23507	1	5	3	692
9.23607	1	5	3	742
9.23707	3	3	3	908
9.24407	3	3	3	531
9.24507	1	2	3	208
9.24507	1	3	3	633
9.24507	1	4	3	135
9.24707	1	5	3	106
9.24707	3	1	3	736
9.24907	1	5	3	1278
9.25007	1	1	3	106
9.25007	1	2	3	868
9.25007	1	3	3	3204
9.25007	1	5	3	223
9.25007	3	3	3	1073
9.25107	1	2	3	868
9.25107	1	3	3	1990
9.25107	1	4	3	633
9.25207	1	2	3	1308
9.25207	1	4	3	956
9.25307	1	2	3	868
9.25307	1	4	3	633
9.25307	1	5	3	458
9.25307	3	1	3	9455
9.25407	1	2	3	868
9.25407	1	4	3	633
9.25407	1	5	3	458
9.25507	1	2	3	428
9.25507	1	4	3	472
9.25507	1	5	3	340
9.25607	1	2	3	422
9.25607	1	4	3	633
9.25607	1	5	3	13
9.25607	3	3	3	1612
9.25707	1	4	3	633
9.25707	1	5	3	458
9.25807	1	4	3	633
9.25807	1	5	3	458
9.25907	1	4	3	481
9.25907	1	5	3	458
9.26107	1	1	3	458
9.26207	1	1	3	458
9.26207	3	3	3	1612
9.26307	1	1	3	809
9.26307	1	5	3	64
9.26407	1	1	3	927
9.26507	1	1	3	1278
9.26507	1	5	3	106
9.26707	1	5	3	106
9.26807	3	3	3	908
9.26907	1	5	3	106
9.27007	1	5	3	106
9.27107	1	1	3	692
9.27107	1	5	3	692
9.27207	1	1	3	692
9.27207	1	5	3	692
9.27307	1	1	3	420
9.27307	1	5	3	692
9.27407	1	2	3	208
9.27407	1	3	3	633
9.27407	1	4	3	150
9.27407	1	5	3	378
9.27407	3	3	3	531
9.27707	3	1	3	868
9.27907	1	3	3	633
9.27907	1	4	3	150
9.28007	1	3	3	633
9.28007	1	4	3	150
9.28007	3	3	3	1073
9.28107	1	2	3	648
9.28107	1	3	3	1920
9.28107	1	4	3	472
9.28207	1	2	3	868
9.28207	1	3	3	2013
9.28207	1	4	3	633
9.28307	1	2	3	1308
9.28307	1	4	3	956
9.28307	3	1	3	9323
9.28407	1	2	3	868
9.28407	1	4	3	472
9.28407	1	5	3	106
9.28507	1	2	3	648
9.28507	1	4	3	472
9.28507	1	5	3	340
9.28607	1	2	3	428
9.28607	1	4	3	311
9.28607	1	5	3	340
9.28607	3	3	3	1612
9.28707	1	2	3	868
9.28707	1	4	3	633
9.28707	1	5	3	458
9.28807	1	2	3	868
9.28807	1	4	3	795
9.28807	1	5	3	340
9.28907	1	2	3	586
9.28907	1	4	3	652
9.29107	1	5	3	458
9.29207	1	5	3	340
9.29207	3	3	3	1612
9.29307	1	5	3	458
9.29407	1	5	3	1278
9.29507	1	5	3	196
9.29807	3	3	3	908
9.30407	1	1	3	106
9.30407	1	2	3	208
9.30407	1	3	3	633
9.30407	1	4	3	150
9.30407	3	3	3	531
9.30707	1	5	3	106
9.30707	3	1	3	736
9.30907	1	2	3	1308
9.30907	1	3	3	3204
9.31007	1	2	3	868
9.31007	1	3	3	2562
9.31007	1	4	3	633
9.31007	3	3	3	1073
9.31107	1	2	3	868
9.31107	1	3	3	885
9.31107	1	4	3	795
9.31207	1	2	3	1308
9.31207	1	4	3	795
9.31307	1	2	3	1308
9.31307	1	4	3	956
9.31307	3	1	3	9455
9.31407	1	2	3	868
9.31407	1	4	3	472
9.31507	1	1	3	458
9.31507	1	2	3	648
9.31507	1	4	3	472
9.31607	1	1	3	458
9.31607	1	2	3	868
9.31607	1	4	3	633
9.31607	3	3	3	1612
9.31707	1	1	3	458
9.31707	1	2	3	502
9.31707	1	4	3	633
9.31807	1	1	3	340
9.31807	1	4	3	472
9.31807	1	5	3	340
9.31907	1	1	3	340
9.31907	1	4	3	472
9.31907	1	5	3	340
9.32007	1	4	3	472
9.32007	1	5	3	340
9.32107	1	4	3	349
9.32107	1	5	3	340
9.32207	1	5	3	458
9.32307	3	3	3	1612
9.32507	1	1	3	692
9.32607	1	1	3	1044
9.32707	1	1	3	927
9.32807	1	1	3	692
9.32807	1	5	3	692
9.32907	1	1	3	692
9.32907	1	5	3	575
9.32907	3	3	3	1073
9.33007	1	5	3	692
9.33107	1	5	3	340
9.33207	1	5	3	458
9.33207	3	1	3	868
9.33507	1	1	3	692
9.33507	3	3	3	1269
9.33607	1	1	3	405
9.33607	1	5	3	692
9.33807	1	5	3	692
9.33807	3	1	3	9323
9.33907	1	5	3	692
9.34007	1	5	3	575
9.34107	1	5	3	692
9.34107	3	3	3	531
9.34207	1	3	3	633
9.34207	1	5	3	340
9.34307	1	5	3	262
9.34707	1	3	3	5775
9.34707	1	5	3	340
9.34707	3	3	3	1073
9.34807	1	3	3	2330
9.35107	1	5	3	106
9.35307	1	5	3	990
9.35307	3	3	3	1612
9.35407	1	2	3	208
9.35407	1	4	3	150
9.35407	1	5	3	106
9.35707	1	5	3	1328
9.35707	3	1	3	956
9.35907	1	1	3	106
9.35907	1	2	3	795
9.35907	1	4	3	795
9.35907	3	3	3	1612
9.36007	1	2	3	633
9.36007	1	3	3	633
9.36007	1	4	3	633
9.36107	1	2	3	633
9.36107	1	4	3	633
9.36107	1	5	3	458
9.36207	1	2	3	633
9.36207	1	4	3	633
9.36207	1	5	3	458
9.36307	1	2	3	311
9.36307	1	4	3	150
9.36307	3	1	3	3413
9.36407	1	2	3	795
9.36407	1	4	3	795
9.36507	1	2	3	633
9.36507	1	3	3	2562
9.36507	1	4	3	633
9.36507	3	3	3	908
9.36607	1	2	3	633
9.36607	1	3	3	2562
9.36607	1	4	3	472
9.36607	1	5	3	106
9.36707	1	2	3	472
9.36707	1	3	3	1920
9.36707	1	4	3	472
9.36707	1	5	3	340
9.36807	1	2	3	472
9.36807	1	3	3	1920
9.36807	1	4	3	472
9.36807	1	5	3	78
9.36907	1	2	3	472
9.36907	1	3	3	603
9.36907	1	4	3	472
9.36907	1	5	3	340
9.37007	1	1	3	223
9.37007	1	2	3	311
9.37007	1	4	3	472
9.37007	1	5	3	223
9.37107	1	1	3	340
9.37107	1	2	3	472
9.37107	1	4	3	472
9.37107	3	3	3	531
9.37207	1	1	3	223
9.37207	1	2	3	311
9.37207	1	4	3	472
9.37207	1	5	3	340
9.37307	1	1	3	340
9.37307	1	2	3	472
9.37307	1	4	3	472
9.37307	1	5	3	106
9.37407	1	1	3	223
9.37407	1	2	3	472
9.37407	1	4	3	472
9.37507	1	2	3	42
9.37507	1	4	3	100
9.37507	1	5	3	106
9.37607	1	5	3	340
9.37707	1	5	3	340
9.37707	3	1	3	956
9.37707	3	3	3	1073
9.37907	1	5	3	575
9.38007	1	1	3	927
9.38007	1	5	3	458
9.38107	1	1	3	692
9.38107	1	5	3	54
9.38207	1	1	3	1044
9.38207	3	1	3	4869
9.38307	1	1	3	692
9.38307	3	3	3	1612
9.38407	1	1	3	809
9.38507	1	5	3	458
9.38607	1	5	3	106
9.38707	1	2	3	150
9.38707	1	3	3	633
9.38707	1	4	3	150
9.38907	1	5	3	106
9.38907	3	3	3	1612
9.39007	1	1	3	227
9.39007	1	5	3	692
9.39207	1	2	3	311
9.39207	1	3	3	1278
9.39207	1	4	3	472
9.39207	1	5	3	340
9.39307	1	2	3	311
9.39307	1	3	3	1278
9.39307	1	4	3	472
9.39307	1	5	3	340
9.39407	1	2	3	311
9.39407	1	3	3	1920
9.39407	1	4	3	472
9.39507	1	2	3	311
9.39507	1	3	3	1278
9.39507	1	4	3	150
9.39507	1	5	3	106
9.39507	3	3	3	908
9.39607	1	2	3	311
9.39607	1	3	3	1920
9.39607	1	4	3	472
9.39607	1	5	3	106
9.39707	1	2	3	311
9.39707	1	3	3	441
9.39707	1	4	3	472
9.39807	1	2	3	311
9.39807	1	4	3	472
9.39907	1	2	3	311
9.39907	1	4	3	472
9.39907	1	5	3	340
9.40007	1	2	3	472
9.40007	1	4	3	472
9.40107	1	2	3	795
9.40107	1	4	3	795
9.40107	3	1	3	956
9.40107	3	3	3	531
9.40207	1	2	3	633
9.40207	1	4	3	633
9.40207	1	5	3	458
9.40307	1	2	3	633
9.40307	1	4	3	633
9.40307	1	5	3	458
9.40407	1	2	3	633
9.40407	1	4	3	795
9.40507	1	2	3	633
9.40507	1	4	3	472
9.40507	1	5	3	340
9.40607	1	2	3	633
9.40607	1	4	3	633
9.40607	1	5	3	458
9.40707	1	2	3	633
9.40707	1	4	3	633
9.40707	3	1	3	4869
9.40807	1	2	3	633
9.40807	1	4	3	633
9.40907	1	4	3	925
9.40907	1	5	3	575
9.41007	1	2	3	633
9.41107	1	2	3	633
9.41107	3	3	3	3233
9.41207	1	2	3	630
9.41207	1	5	3	458
9.41307	1	5	3	458
9.41507	1	5	3	692
9.41607	1	5	3	703
9.42107	3	1	3	956
9.42207	1	5	3	1396
9.42207	3	3	3	868
9.42507	1	1	3	106
9.42507	1	2	3	150
9.42507	1	3	3	633
9.42507	1	4	3	150
9.42607	1	5	3	38
9.42707	3	1	3	6324
9.42807	1	5	3	1396
9.42807	3	3	3	1744
9.42907	1	5	3	38
9.43007	1	2	3	795
9.43007	1	3	3	3204
9.43107	1	2	3	633
9.43107	1	3	3	2562
9.43107	1	4	3	472
9.43207	1	2	3	633
9.43207	1	3	3	2562
9.43207	1	4	3	633
9.43407	1	2	3	633
9.43407	1	3	3	1236
9.43407	1	4	3	472
9.43407	3	3	3	1308
9.43507	1	2	3	795
9.43607	1	1	3	223
9.43607	1	2	3	472
9.43607	1	4	3	472
9.43607	1	5	3	106
9.43707	1	1	3	340
9.43707	1	2	3	472
9.43707	1	4	3	472
9.43807	1	1	3	458
9.43807	1	2	3	633
9.43807	1	4	3	472
9.43907	1	1	3	458
9.43907	1	2	3	633
9.43907	1	4	3	633
9.44007	1	1	3	458
9.44007	1	2	3	633
9.44007	1	4	3	633
9.44007	3	3	3	1308
9.44107	1	2	3	633
9.44107	1	4	3	795
9.44207	1	2	3	633
9.44207	1	4	3	633
9.44207	1	5	3	106
9.44307	1	2	3	633
9.44307	1	4	3	633
9.44407	1	2	3	383
9.44407	1	4	3	633
9.44507	1	4	3	633
9.44607	1	1	3	340
9.44607	1	4	3	472
9.44607	1	5	3	340
9.44607	3	1	3	956
9.44607	3	3	3	1043
9.44707	1	1	3	458
9.44707	1	4	3	472
9.44807	1	1	3	340
9.44807	1	4	3	88
9.44807	1	5	3	340
9.44907	1	1	3	458
9.44907	1	5	3	458
9.45007	1	1	3	458
9.45007	1	5	3	340
9.45307	3	3	3	428
9.45607	1	1	3	692
9.45607	1	5	3	692
9.45707	1	1	3	692
9.45707	1	5	3	692
9.45707	3	1	3	4869
9.45807	1	1	3	692
9.45807	1	5	3	692
9.45907	1	1	3	692
9.45907	1	3	3	633
9.45907	1	5	3	575
9.45907	3	3	3	1308
9.46007	1	1	3	575
9.46007	1	2	3	150
9.46007	1	4	3	150
9.46007	1	5	3	575
9.46407	1	3	3	633
9.46507	1	3	3	633
9.46507	1	4	3	150
9.46507	3	3	3	1744
9.46607	1	1	3	223
9.46607	1	2	3	311
9.46607	1	3	3	1278
9.46607	1	4	3	472
9.46607	1	5	3	340
9.46707	1	1	3	223
9.46707	1	2	3	311
9.46707	1	3	3	1278
9.46707	1	4	3	472
9.46707	1	5	3	340
9.46807	1	1	3	223
9.46807	1	2	3	311
9.46807	1	3	3	1278
9.46807	1	4	3	472
9.46807	1	5	3	340
9.46907	1	1	3	223
9.46907	1	2	3	311
9.46907	1	3	3	1278
9.46907	1	4	3	472
9.46907	1	5	3	340
9.47007	1	1	3	223
9.47007	1	2	3	472
9.47007	1	3	3	1920
9.47007	1	5	3	340
9.47107	1	2	3	311
9.47107	1	3	3	1276
9.47107	1	4	3	472
9.47107	3	3	3	1308
9.47207	1	2	3	311
9.47207	1	4	3	472
9.47307	1	2	3	311
9.47307	1	4	3	472
9.47407	1	2	3	311
9.47407	1	4	3	311
9.47507	1	2	3	311
9.47507	1	4	3	472
9.47607	1	1	3	223
9.47607	1	2	3	472
9.47607	1	4	3	472
9.47607	1	5	3	340
9.47607	3	1	3	868
9.47707	1	2	3	472
9.47707	1	4	3	472
9.47707	1	5	3	340
9.47707	3	3	3	948
9.47807	1	2	3	472
9.47807	1	4	3	472
9.47807	1	5	3	340
9.47907	1	2	3	472
9.47907	1	4	3	472
9.47907	1	5	3	340
9.48007	1	2	3	633
9.48007	1	4	3	633
9.48007	1	5	3	458
9.48107	1	2	3	472
9.48107	1	4	3	472
9.48207	1	2	3	472
9.48207	1	4	3	472
9.48207	3	1	3	4957
9.48307	1	2	3	472
9.48307	1	4	3	472
9.48307	3	3	3	428
9.48407	1	2	3	472
9.48407	1	4	3	472
9.48507	1	2	3	472
9.48507	1	4	3	472
9.48607	1	2	3	633
9.48607	1	4	3	633
9.48607	1	5	3	340
9.48707	1	2	3	633
9.48707	1	4	3	335
9.48707	1	5	3	458
9.48807	1	2	3	633
9.48807	1	5	3	458
9.48907	1	5	3	575
9.48907	3	3	3	1308
9.49007	1	5	3	340
9.49507	3	1	3	868
9.49507	3	3	3	1744
9.49607	1	5	3	1044
9.49807	1	5	3	1044
9.49907	1	5	3	251
9.50007	1	2	3	150
9.50007	1	3	3	633
9.50007	3	1	3	6412
9.50107	1	4	3	150
9.50107	3	3	3	1308
9.50507	1	1	3	106
9.50507	1	2	3	150
9.50507	1	3	3	633
9.50607	1	2	3	633
9.50607	1	3	3	2562
9.50607	1	4	3	633
9.50707	1	2	3	150
9.50707	1	3	3	633
9.50707	1	4	3	150
9.50707	3	3	3	948
9.50807	1	2	3	633
9.50807	1	3	3	2562
9.50807	1	4	3	472
9.50807	1	5	3	106
9.50907	1	2	3	472
9.50907	1	3	3	1920
9.50907	1	4	3	472
9.50907	1	5	3	340
9.51007	1	2	3	311
9.51007	1	3	3	1259
9.51007	1	4	3	472
9.51007	1	5	3	340
9.51107	1	2	3	472
9.51107	1	4	3	472
9.51107	1	5	3	340
9.51207	1	2	3	472
9.51207	1	4	3	472
9.51207	1	5	3	340
9.51307	1	2	3	633
9.51307	1	4	3	472
9.51307	3	3	3	428
9.51407	1	2	3	472
9.51407	1	4	3	472
9.51407	3	1	3	956
9.51507	1	2	3	1278
9.51607	1	1	3	340
9.51607	1	2	3	472
9.51607	1	4	3	472
9.51707	1	1	3	340
9.51707	1	2	3	472
9.51707	1	4	3	472
9.51807	1	1	3	223
9.51807	1	2	3	472
9.51807	1	4	3	472
9.51807	1	5	3	340
9.51907	1	1	3	340
9.51907	1	2	3	472
9.51907	1	4	3	472
9.51907	1	5	3	340
9.51907	3	3	3	1308
9.52007	1	1	3	340
9.52007	1	2	3	472
9.52007	1	4	3	472
9.52007	1	5	3	340
9.52007	3	1	3	7780
9.52107	1	2	3	472
9.52107	1	4	3	472
9.52107	1	5	3	340
9.52207	1	2	3	153
9.52207	1	4	3	472
9.52207	1	5	3	340
9.52307	1	4	3	472
9.52407	1	4	3	472
9.52507	1	4	3	472
9.52507	3	3	3	428
9.52607	1	1	3	458
9.52607	1	4	3	633
9.52607	3	3	3	1308
9.52707	1	1	3	692
9.52807	1	1	3	458
9.52807	1	4	3	633
9.52807	1	5	3	458
9.52907	1	1	3	458
9.52907	1	5	3	458
9.53007	1	1	3	458
9.53007	1	5	3	458
9.53007	3	3	3	2264
9.53107	1	5	3	458
9.53207	1	5	3	458
9.53607	1	1	3	927
9.53707	1	1	3	708
9.53807	1	5	3	692
9.53907	1	5	3	692
9.53907	3	1	3	868
9.54007	1	5	3	692
9.54107	1	2	3	150
9.54107	1	3	3	633
9.54107	1	4	3	135
9.54107	1	5	3	106
9.54207	1	5	3	458
9.54307	3	3	3	428
9.54507	3	1	3	9323
9.54607	1	2	3	472
9.54607	1	3	3	1920
9.54607	1	4	3	428
9.54707	1	2	3	311
9.54707	1	3	3	1920
9.54707	1	4	3	428
9.54807	1	2	3	472
9.54807	1	3	3	1920
9.54807	1	4	3	428
9.54807	1	5	3	340
9.54907	1	2	3	472
9.54907	1	3	3	1920
9.54907	1	4	3	428
9.54907	1	5	3	340
9.54907	3	3	3	1308
9.55007	1	2	3	472
9.55007	1	3	3	1888
9.55007	1	4	3	428
9.55007	1	5	3	340
9.55107	1	2	3	311
9.55107	1	4	3	428
9.55107	1	5	3	340
9.55207	1	2	3	472
9.55207	1	4	3	428
9.55207	1	5	3	340
9.55307	1	2	3	472
9.55307	1	4	3	428
9.55407	1	2	3	311
9.55407	1	4	3	428
9.55507	1	2	3	633
9.55507	1	4	3	721
9.55507	3	3	3	1744
9.55607	1	2	3	633
9.55607	1	4	3	721
9.55707	1	2	3	633
9.55707	1	4	3	721
9.55807	1	2	3	633
9.55807	1	4	3	575
9.55807	1	5	3	458
9.55907	1	2	3	633
9.55907	1	4	3	721
9.55907	1	5	3	340
9.55907	3	1	3	956
9.56007	1	2	3	956
9.56007	1	4	3	868
9.56107	1	2	3	633
9.56107	1	4	3	575
9.56107	1	5	3	458
9.56107	3	3	3	1308
9.56207	1	2	3	633
9.56207	1	4	3	575
9.56207	1	5	3	458
9.56307	1	2	3	633
9.56307	1	4	3	575
9.56407	1	2	3	295
9.56407	1	4	3	204
9.56507	1	5	3	458
9.56507	3	1	3	7780
9.56707	3	3	3	1308
9.56807	1	5	3	106
9.56907	1	5	3	876
9.57107	1	5	3	1396
9.57207	1	5	3	38
9.57307	3	3	3	1074
9.57707	1	1	3	106
9.57707	1	3	3	633
9.57707	1	4	3	135
9.57807	1	5	3	1396
9.58007	3	3	3	531
9.58107	1	2	3	150
9.58207	1	3	3	3736
9.58207	1	4	3	795
9.58407	1	4	3	1598
9.58407	1	5	3	38
9.58407	3	3	3	1744
9.58507	1	4	3	1759
9.58507	1	5	3	106
9.58607	1	4	3	1920
9.58707	1	2	3	956
9.58707	1	4	3	956
9.58807	1	1	3	458
9.58807	1	2	3	633
9.58807	1	4	3	633
9.58907	1	1	3	458
9.58907	1	2	3	633
9.58907	1	4	3	472
9.58907	3	1	3	956
9.59007	1	1	3	458
9.59007	1	2	3	633
9.59007	1	4	3	472
9.59007	3	3	3	868
9.59107	1	1	3	458
9.59107	1	2	3	633
9.59107	1	4	3	472
9.59107	1	5	3	106
9.59107	3	3	3	868
9.59207	1	1	3	458
9.59207	1	2	3	633
9.59207	1	4	3	633
9.59307	1	2	3	633
9.59307	1	4	3	368
9.59407	1	2	3	633
9.59507	1	2	3	633
9.59507	1	5	3	340
9.59507	3	1	3	9235
9.59607	1	2	3	633
9.59607	3	3	3	293
9.59707	1	2	3	311
9.59707	1	5	3	340
9.59707	3	3	3	428
9.59807	1	1	3	458
9.59807	1	2	3	633
9.59807	1	5	3	340
9.59907	1	1	3	458
9.59907	1	2	3	633
9.59907	1	5	3	458
9.60007	1	1	3	458
9.60007	1	2	3	384
9.60007	1	5	3	458
9.60107	1	1	3	458
9.60107	1	5	3	458
9.60207	1	1	3	458
9.60207	3	3	3	428
9.60307	3	3	3	580
9.60707	1	5	3	927
9.60807	1	1	3	692
9.60807	1	5	3	692
9.60807	3	3	3	868
9.60907	1	1	3	692
9.60907	1	5	3	692
9.60907	3	1	3	956
9.61007	1	1	3	692
9.61007	1	5	3	692
9.61007	3	3	3	428
9.61107	1	1	3	546
9.61107	1	5	3	143
9.61207	1	3	3	633
9.61407	1	2	3	150
9.61407	1	4	3	150
9.61407	3	3	3	868
9.61507	3	1	3	9235
9.61607	3	3	3	428
9.61707	1	3	3	633
9.61807	1	3	3	3846
9.61907	1	2	3	1440
9.61907	1	3	3	717
9.61907	3	3	3	280
9.62007	1	2	3	1759
9.62007	1	5	3	106
9.62107	1	2	3	956
9.62107	1	5	3	692
9.62207	1	2	3	633
9.62207	1	5	3	458
9.62207	3	3	3	428
9.62307	1	2	3	311
9.62307	1	5	3	223
9.62407	1	2	3	956
9.62407	1	5	3	692
9.62507	1	2	3	956
9.62507	1	4	3	795
9.62507	3	3	3	208
9.62607	1	2	3	956
9.62607	1	4	3	795
9.62607	1	5	3	106
9.62707	1	2	3	633
9.62707	1	4	3	633
9.62807	1	4	3	795
9.62807	3	3	3	1308
9.62907	1	4	3	472
9.62907	3	1	3	956
9.63007	1	4	3	633
9.63007	1	5	3	458
9.63007	3	3	3	926
9.63107	1	4	3	109
9.63207	1	5	3	692
9.63307	1	5	3	692
9.63507	1	5	3	195
9.63507	3	1	3	9235
9.63907	1	5	3	1396
9.64007	3	3	3	428
9.64107	1	5	3	38
9.64207	1	1	3	106
9.64207	1	2	3	150
9.64207	1	3	3	633
9.64207	1	4	3	150
9.64507	1	5	3	1396
9.64607	1	5	3	38
9.64607	3	3	3	1308
9.64707	1	2	3	956
9.64707	1	3	3	3204
9.64807	1	2	3	633
9.64807	1	3	3	1990
9.64807	1	4	3	472
9.64907	1	4	3	1759
9.64907	3	1	3	956
9.65007	1	2	3	956
9.65007	1	4	3	795
9.65107	1	2	3	956
9.65107	1	4	3	795
9.65107	3	3	3	1744
9.65207	1	2	3	633
9.65207	1	4	3	633
9.65307	1	1	3	458
9.65307	1	2	3	633
9.65307	1	4	3	633
9.65407	1	1	3	458
9.65407	1	2	3	633
9.65407	1	4	3	601
9.65507	1	1	3	458
9.65507	1	2	3	633
9.65507	3	1	3	9235
9.65607	1	1	3	458
9.65607	1	2	3	633
9.65707	1	1	3	458
9.65707	1	2	3	633
9.65707	3	3	3	1308
9.65807	1	2	3	633
9.65807	1	5	3	106
9.65907	1	2	3	633
9.66007	1	2	3	53
9.66207	1	5	3	458
9.66307	1	1	3	692
9.66307	3	3	3	948
9.66407	1	1	3	692
9.66407	1	5	3	575
9.66507	1	1	3	927
9.66507	1	5	3	458
9.66607	1	1	3	1396
9.66707	1	1	3	692
9.66707	1	5	3	692
9.66807	1	5	3	692
9.66907	1	5	3	692
9.67007	1	5	3	458
9.67007	3	3	3	428
9.67207	1	5	3	181
9.67307	1	1	3	692
9.67407	1	1	3	692
9.67407	3	1	3	956
9.67507	1	1	3	583
9.67507	1	5	3	223
9.67607	3	3	3	1308
9.68007	1	5	3	106
9.68007	3	1	3	3413
9.68207	3	3	3	1744
9.68607	1	1	3	106
9.68607	1	2	3	150
9.68607	1	3	3	633
9.68607	1	4	3	150
9.68707	1	1	3	1396
9.68807	1	1	3	1396
9.68807	3	3	3	1308
9.68907	1	1	3	1396
9.69007	1	1	3	1396
9.69107	1	2	3	633
9.69107	1	3	3	2562
9.69107	1	5	3	340
9.69407	1	1	3	223
9.69407	1	2	3	472
9.69407	1	4	3	472
9.69407	1	5	3	340
9.69407	3	1	3	956
9.69407	3	3	3	1308
9.69607	1	1	3	223
9.69607	1	2	3	311
9.69607	1	3	3	1278
9.69607	1	4	3	472
9.69607	1	5	3	340
9.69707	1	1	3	223
9.69707	1	2	3	311
9.69707	1	3	3	1278
9.69707	1	4	3	472
9.69707	1	5	3	340
9.69807	1	1	3	223
9.69807	1	2	3	311
9.69807	1	3	3	1278
9.69807	1	4	3	472
9.69807	1	5	3	340
9.69907	1	2	3	311
9.69907	1	3	3	1278
9.69907	1	4	3	472
9.69907	1	5	3	340
9.69907	3	1	3	4869
9.69907	3	3	3	1074
9.70007	1	1	3	223
9.70007	1	2	3	311
9.70007	1	3	3	440
9.70007	1	4	3	472
9.70007	1	5	3	340
9.70107	1	2	3	311
9.70107	1	4	3	472
9.70107	1	5	3	340
9.70207	1	2	3	311
9.70207	1	4	3	472
9.70207	1	5	3	340
9.70307	1	2	3	311
9.70307	1	4	3	472
9.70307	1	5	3	340
9.70407	1	1	3	223
9.70407	1	2	3	472
9.70407	1	4	3	472
9.70407	1	5	3	340
9.70507	1	2	3	633
9.70507	1	4	3	472
9.70507	1	5	3	340
9.70607	1	1	3	340
9.70607	1	2	3	472
9.70607	1	4	3	472
9.70607	1	5	3	340
9.70707	1	1	3	340
9.70707	1	2	3	472
9.70707	1	4	3	36
9.70707	1	5	3	340
9.70707	3	3	3	428
9.70807	1	1	3	340
9.70807	1	2	3	472
9.70807	1	5	3	340
9.70907	1	2	3	633
9.70907	1	5	3	340
9.71007	1	1	3	340
9.71007	1	2	3	472
9.71007	1	5	3	340
9.71107	1	2	3	633
9.71107	1	5	3	458
9.71207	1	2	3	633
9.71207	1	5	3	575
9.71307	1	2	3	141
9.71307	1	5	3	575
9.71307	3	3	3	1308
9.71407	1	1	3	692
9.71507	1	5	3	575
9.71607	1	1	3	458
9.71607	1	5	3	346
9.71707	1	1	3	688
9.71907	3	3	3	1744
9.72007	1	5	3	458
9.72307	3	1	3	736
9.72507	1	5	3	106
9.72507	3	3	3	1308
9.72607	1	1	3	692
9.72607	1	5	3	692
9.72707	1	5	3	340
9.72807	1	1	3	106
9.72807	1	2	3	150
9.72807	1	3	3	633
9.72807	1	4	3	150
9.72907	1	1	3	1278
9.72907	3	1	3	5089
9.73007	1	1	3	842
9.73107	3	3	3	948
9.73207	1	5	3	223
9.73307	1	2	3	633
9.73307	1	3	3	2562
9.73307	1	5	3	340
9.73407	1	5	3	106
9.73507	1	5	3	106
9.73607	1	2	3	311
9.73607	1	3	3	1278
9.73607	1	4	3	472
9.73607	1	5	3	340
9.73707	1	4	3	150
9.73707	1	5	3	106
9.73707	3	3	3	428
9.73807	1	2	3	472
9.73807	1	3	3	1920
9.73807	1	4	3	472
9.73807	1	5	3	340
9.73907	1	2	3	633
9.73907	1	3	3	2350
9.73907	1	4	3	472
9.74007	1	2	3	311
9.74007	1	4	3	472
9.74007	1	5	3	340
9.74107	1	2	3	311
9.74107	1	4	3	472
9.74107	1	5	3	340
9.74207	1	2	3	633
9.74207	1	4	3	472
9.74307	1	2	3	472
9.74307	1	4	3	472
9.74307	1	5	3	340
9.74307	3	3	3	1308
9.74407	1	2	3	633
9.74407	1	4	3	633
9.74407	1	5	3	458
9.74507	1	2	3	633
9.74507	1	4	3	795
9.74607	1	2	3	633
9.74607	1	4	3	633
9.74607	1	5	3	458
9.74707	1	2	3	956
9.74707	1	4	3	795
9.74707	1	5	3	106
9.74807	1	2	3	633
9.74807	1	4	3	795
9.74807	3	1	3	956
9.74907	1	2	3	633
9.74907	1	4	3	633
9.74907	1	5	3	458
9.74907	3	3	3	1744
9.75007	1	2	3	633
9.75007	1	4	3	633
9.75007	1	5	3	458
9.75107	1	2	3	88
9.75107	1	4	3	247
9.75107	1	5	3	458
9.75307	1	5	3	458
9.75407	1	5	3	171
9.75407	3	1	3	6324
9.75507	3	3	3	1308
9.75707	1	5	3	809
9.75807	1	5	3	625
9.76107	3	3	3	948
9.76307	1	2	3	150
9.76307	1	3	3	633
9.76307	1	4	3	150
9.76707	3	3	3	428
9.76807	1	2	3	956
9.76807	1	3	3	3846
9.76907	1	2	3	633
9.76907	1	3	3	2562
9.76907	1	4	3	633
9.77007	1	2	3	633
9.77007	1	3	3	1700
9.77007	1	4	3	472
9.77007	1	5	3	106
9.77107	1	2	3	633
9.77107	1	4	3	795
9.77207	1	2	3	956
9.77207	1	4	3	956
9.77307	1	2	3	956
9.77307	1	4	3	956
9.77307	3	1	3	956
9.77307	3	3	3	1308
9.77407	1	2	3	956
9.77407	1	4	3	795
9.77507	1	2	3	956
9.77507	1	4	3	795
9.77607	1	2	3	956
9.77607	1	4	3	956
9.77707	1	2	3	956
9.77707	1	4	3	956
9.77807	1	2	3	956
9.77807	1	4	3	956
9.77807	3	1	3	4869
9.77907	1	2	3	519
9.77907	1	4	3	338
9.77907	3	3	3	1744
9.78107	1	5	3	458
9.78207	1	5	3	458
9.78307	1	5	3	458
9.78407	1	5	3	1044
9.78507	1	5	3	458
9.78707	1	5	3	1396
9.78807	1	5	3	1364
9.79007	3	3	3	2254
9.79307	1	2	3	150
9.79307	1	3	3	633
9.79307	1	4	3	150
9.79607	3	3	3	428
9.79807	1	2	3	633
9.79807	1	3	3	2562
9.79807	1	4	3	633
9.79907	1	2	3	633
9.79907	1	3	3	2562
9.79907	1	4	3	633
9.80007	1	2	3	633
9.80007	1	3	3	2562
9.80007	1	4	3	472
9.80007	1	5	3	106
9.80107	1	2	3	633
9.80107	1	3	3	423
9.80107	1	4	3	633
9.80207	1	2	3	956
9.80207	1	4	3	795
9.80207	3	1	3	956
9.80307	1	2	3	633
9.80307	1	4	3	633
9.80307	3	3	3	1308
9.80407	1	2	3	633
9.80407	1	4	3	633
9.80507	1	2	3	795
9.80507	1	4	3	795
9.80607	1	2	3	956
9.80607	1	4	3	956
9.80707	1	2	3	956
9.80707	1	4	3	956
9.80707	3	1	3	4869
9.80807	1	2	3	956
9.80807	1	4	3	956
9.80907	1	4	3	515
9.80907	3	3	3	1744
9.81007	1	2	3	956
9.81107	1	2	3	633
9.81107	1	5	3	458
9.81207	1	2	3	64
9.81207	1	5	3	458
9.81307	1	5	3	458
9.81407	1	5	3	692
9.81507	1	5	3	809
9.81507	3	3	3	1044
9.81707	1	5	3	1396
9.81807	1	5	3	1365
9.82107	3	3	3	1744
9.82407	1	1	3	106
9.82407	1	2	3	150
9.82407	1	3	3	633
9.82407	1	4	3	150
9.82707	3	3	3	902
9.82907	1	2	3	795
9.82907	1	3	3	3204
9.82907	1	5	3	106
9.83007	1	2	3	633
9.83007	1	3	3	2562
9.83007	1	4	3	633
9.83107	1	2	3	633
9.83107	1	3	3	2341
9.83107	1	4	3	633
9.83107	3	1	3	956
9.83207	1	2	3	633
9.83207	1	4	3	633
9.83307	1	2	3	956
9.83307	1	4	3	956
9.83407	1	2	3	633
9.83407	1	4	3	472
9.83407	3	3	3	428
9.83507	1	1	3	458
9.83507	1	2	3	633
9.83607	1	1	3	458
9.83607	1	2	3	633
9.83607	1	4	3	633
9.83707	1	1	3	458
9.83707	1	2	3	633
9.83707	1	4	3	633
9.83807	1	1	3	458
9.83807	1	2	3	633
9.83807	1	4	3	472
9.83907	1	1	3	458
9.83907	1	2	3	633
9.83907	1	4	3	633
9.84007	1	2	3	311
9.84007	1	4	3	472
9.84007	1	5	3	340
9.84007	3	3	3	1308
9.84107	1	2	3	311
9.84107	1	4	3	472
9.84107	1	5	3	340
9.84207	1	2	3	311
9.84207	1	4	3	472
9.84207	1	5	3	340
9.84207	3	1	3	6324
9.84307	1	2	3	311
9.84307	1	4	3	472
9.84307	1	5	3	340
9.84407	1	2	3	311
9.84407	1	4	3	472
9.84407	1	5	3	340
9.84507	1	1	3	340
9.84507	1	2	3	472
9.84507	1	4	3	472
9.84507	1	5	3	340
9.84607	1	1	3	340
9.84607	1	2	3	472
9.84607	1	4	3	88
9.84607	1	5	3	340
9.84607	3	3	3	1744
9.84707	1	1	3	340
9.84707	1	2	3	133
9.84707	1	5	3	340
9.84807	1	1	3	340
9.84807	1	5	3	340
9.84907	1	1	3	340
9.84907	1	5	3	340
9.85007	1	5	3	458
9.85107	1	5	3	927
9.85207	1	5	3	863
9.85207	3	3	3	1308
9.85407	1	5	3	927
9.85507	1	1	3	692
9.85507	1	5	3	507
9.85607	1	1	3	692
9.85607	3	1	3	956
9.85707	1	1	3	370
9.85807	3	3	3	948
9.86207	3	1	3	7780
9.86407	3	3	3	428
9.86707	1	5	3	106
9.86807	1	2	3	150
9.86807	1	3	3	633
9.86807	1	4	3	150
9.87007	3	3	3	1308
9.87307	1	1	3	106
9.87307	1	2	3	633
9.87307	1	3	3	2562
9.87307	1	5	3	340
9.87407	1	2	3	633
9.87407	1	3	3	2562
9.87407	1	4	3	472
9.87507	1	2	3	472
9.87507	1	3	3	1920
9.87507	1	4	3	472
9.87507	1	5	3	340
9.87607	1	1	3	223
9.87607	1	2	3	311
9.87607	1	3	3	1278
9.87607	1	4	3	472
9.87607	1	5	3	340
9.87607	3	1	3	956
9.87607	3	3	3	1744
9.87707	1	1	3	223
9.87707	1	2	3	311
9.87707	1	3	3	1245
9.87707	1	4	3	472
9.87707	1	5	3	340
9.87807	1	2	3	633
9.87807	1	4	3	472
9.87807	1	5	3	106
9.87907	1	1	3	223
9.87907	1	2	3	311
9.87907	1	4	3	472
9.87907	1	5	3	340
9.88007	1	1	3	223
9.88007	1	2	3	311
9.88007	1	4	3	472
9.88007	1	5	3	340
9.88107	1	2	3	311
9.88107	1	4	3	472
9.88107	1	5	3	340
9.88207	1	2	3	633
9.88207	1	4	3	472
9.88207	1	5	3	340
9.88307	1	1	3	458
9.88307	1	2	3	633
9.88307	1	4	3	472
9.88307	3	3	3	1044
9.88407	1	2	3	633
9.88407	1	4	3	472
9.88407	1	5	3	340
9.88507	1	2	3	633
9.88507	1	4	3	472
9.88507	1	5	3	340
9.88607	1	1	3	340
9.88607	1	2	3	472
9.88607	1	4	3	472
9.88607	1	5	3	340
9.88707	1	1	3	340
9.88707	1	2	3	472
9.88707	1	4	3	472
9.88707	1	5	3	340
9.88707	3	1	3	9235
9.88807	1	2	3	311
9.88807	1	4	3	472
9.88807	1	5	3	340
9.88907	1	1	3	458
9.88907	1	4	3	633
9.88907	1	5	3	340
9.88907	3	3	3	1744
9.89007	1	1	3	340
9.89007	1	2	3	472
9.89007	1	4	3	472
9.89007	1	5	3	340
9.89107	1	2	3	472
9.89107	1	4	3	437
9.89107	1	5	3	340
9.89207	1	2	3	472
9.89207	1	5	3	340
9.89307	1	1	3	340
9.89307	1	2	3	472
9.89307	1	5	3	340
9.89407	1	2	3	311
9.89407	1	5	3	340
9.89507	1	2	3	174
9.89507	1	5	3	340
9.89507	3	3	3	902
9.89607	1	1	3	458
9.89607	1	5	3	192
9.89707	1	1	3	458
9.89907	1	1	3	204
9.89907	1	5	3	575
9.90007	1	5	3	223
9.90107	3	3	3	340
9.90307	1	1	3	1396
9.90407	1	5	3	106
9.90507	1	1	3	223
9.90507	1	5	3	534
9.90607	3	1	3	868
9.90707	3	3	3	1744
9.90907	1	1	3	106
9.90907	1	2	3	150
9.90907	1	3	3	633
9.90907	1	4	3	150
9.90907	1	5	3	809
9.91107	1	1	3	1278
9.91107	1	5	3	106
9.91207	1	1	3	809
9.91207	3	1	3	7868
9.91307	3	3	3	1044
9.91407	1	2	3	633
9.91407	1	3	3	2562
9.91407	1	4	3	472
9.91507	1	1	3	223
9.91507	1	2	3	472
9.91507	1	3	3	1920
9.91507	1	5	3	340
9.91607	1	5	3	106
9.91707	1	2	3	311
9.91707	1	3	3	633
9.91707	1	4	3	150
9.91707	1	5	3	106
9.91807	1	1	3	223
9.91807	1	2	3	311
9.91807	1	3	3	1278
9.91807	1	4	3	311
9.91807	1	5	3	340
9.91907	1	1	3	223
9.91907	1	2	3	472
9.91907	1	3	3	1719
9.91907	1	4	3	472
9.91907	1	5	3	106
9.91907	3	3	3	1744
9.92007	1	2	3	311
9.92007	1	4	3	472
9.92007	1	5	3	340
9.92107	1	1	3	223
9.92107	1	2	3	311
9.92107	1	4	3	472
9.92107	1	5	3	340
9.92207	1	1	3	223
9.92207	1	2	3	311
9.92207	1	4	3	472
9.92207	1	5	3	340
9.92307	1	2	3	311
9.92307	1	4	3	472
9.92307	1	5	3	340
9.92407	1	2	3	633
9.92407	1	4	3	472
9.92407	1	5	3	340
9.92507	1	1	3	340
9.92507	1	2	3	164
9.92507	1	4	3	472
9.92507	1	5	3	340
9.92607	1	4	3	472
9.92607	1	5	3	340
9.92607	3	1	3	956
9.92707	1	4	3	472
9.92707	1	5	3	31
9.92807	1	1	3	340
9.92807	1	4	3	472
9.92907	1	1	3	241
9.92907	1	4	3	472
9.92907	1	5	3	340
9.93007	1	4	3	795
9.93007	1	5	3	458
9.93007	3	3	3	1044
9.93107	1	4	3	795
9.93107	1	5	3	106
9.93207	1	4	3	956
9.93207	3	1	3	9235
9.93307	1	4	3	1407
9.93407	1	5	3	106
9.93507	1	5	3	430
9.93607	1	5	3	340
9.93607	3	3	3	1744
9.93707	1	5	3	340
9.93807	1	5	3	458
9.93907	1	5	3	300
9.94207	3	3	3	1044
9.94407	1	5	3	458
9.94607	1	1	3	106
9.94607	1	2	3	150
9.94607	1	3	3	633
9.94607	1	4	3	150
9.94807	3	3	3	1744
9.94907	1	5	3	106
9.95007	1	5	3	872
9.95107	1	2	3	956
9.95107	1	3	3	3204
9.95107	3	1	3	868
9.95207	1	2	3	633
9.95207	1	3	3	2562
9.95207	1	4	3	633
9.95307	1	2	3	633
9.95307	1	3	3	2562
9.95307	1	4	3	633
9.95407	1	2	3	633
9.95407	1	3	3	1236
9.95407	1	4	3	472
9.95407	3	3	3	1024
9.95507	1	2	3	633
9.95507	1	4	3	633
9.95507	1	5	3	458
9.95607	1	2	3	633
9.95607	1	4	3	472
9.95607	1	5	3	106
9.95707	1	1	3	340
9.95707	1	2	3	472
9.95707	1	4	3	472
9.95707	3	1	3	9323
9.95807	1	1	3	340
9.95807	1	2	3	472
9.95807	1	4	3	472
9.95907	1	1	3	458
9.95907	1	2	3	627
9.95907	1	4	3	633
9.96007	1	1	3	458
9.96007	1	4	3	633
9.96107	1	1	3	340
9.96107	1	4	3	472
9.96107	1	5	3	340
9.96107	3	3	3	340
9.96207	1	4	3	472
9.96207	1	5	3	340
9.96307	1	4	3	472
9.96307	1	5	3	340
9.96407	1	4	3	795
9.96407	1	5	3	340
9.96507	1	4	3	1278
9.96607	1	4	3	74
9.96707	1	1	3	458
9.96707	1	5	3	458
9.96707	3	3	3	1744
9.96807	1	1	3	458
9.96807	1	5	3	458
9.96907	1	1	3	458
9.96907	1	5	3	340
9.97007	1	1	3	692
9.97007	1	5	3	575
9.97107	1	1	3	1278
9.97107	1	5	3	106
9.97307	1	5	3	457
9.97307	3	3	3	1044
9.97407	1	5	3	927
9.97507	1	5	3	507
9.97707	1	1	3	460
9.97907	3	3	3	1744
9.98007	1	2	3	150
9.98007	1	3	3	633
9.98007	1	4	3	150
9.98107	1	1	3	575
9.98207	3	1	3	736
9.98507	1	1	3	340
9.98507	1	2	3	472
9.98507	1	3	3	1920
9.98507	1	4	3	472
9.98507	3	3	3	864
9.98607	1	2	3	311
9.98607	1	3	3	1278
9.98607	1	4	3	311
9.98607	1	5	3	106
9.98707	1	1	3	106
9.98707	1	2	3	633
9.98707	1	3	3	2562
9.98707	1	4	3	472
9.98807	1	1	3	340
9.98807	1	2	3	472
9.98807	1	3	3	1920
9.98807	1	4	3	472
9.98807	3	1	3	9455
9.98907	1	1	3	340
9.98907	1	2	3	472
9.98907	1	3	3	1888
9.98907	1	4	3	472
9.99007	1	2	3	472
9.99007	1	4	3	472
9.99107	1	1	3	223
9.99107	1	2	3	311
9.99107	1	4	3	472
9.99107	1	5	3	340
9.99107	3	3	3	340
9.99207	1	2	3	311
9.99207	1	4	3	472
9.99207	1	5	3	340
9.99307	1	2	3	311
9.99307	1	4	3	311
9.99307	1	5	3	340
9.99407	1	2	3	472
9.99407	1	4	3	472
9.99407	1	5	3	340
9.99507	1	1	3	575
9.99507	1	2	3	795
9.99507	1	5	3	106
9.99607	1	2	3	666
9.99607	1	4	3	795
9.99707	1	1	3	340
9.99707	1	4	3	472
9.99707	1	5	3	340
9.99707	3	3	3	1744
9.99807	1	1	3	89
9.99807	1	4	3	472
9.99807	1	5	3	340
9.99907	1	4	3	472
9.99907	1	5	3	340
