time(s)	cellId	rnti	lcid	packetSize	delay(s)
1.01303	1	1	3	60	0.00795714
1.03703	1	1	3	106	0.00795714
1.04803	1	1	3	1396	0.00795714
1.04903	1	1	3	1396	0.00795714
1.05003	1	1	3	1396	0.00795714
1.05103	1	1	3	1396	0.00795714
1.05203	1	1	3	1396	0.00795714
1.05803	1	1	3	1396	0.00795714
1.05903	1	1	3	1396	0.00795714
1.06003	1	1	3	386	0.00795714
1.08003	1	1	3	106	0.00795714
1.09103	1	1	3	1396	0.00795714
1.09303	1	1	3	1396	0.00895714
1.09403	1	1	3	1396	0.00795714
1.09503	1	1	3	1396	0.00795714
1.09703	1	1	3	1278	0.00795714
1.10103	1	1	3	1396	0.00795714
1.10403	1	1	3	448	0.00895714
1.10503	1	1	3	1396	0.00795714
1.10703	1	1	3	62	0.00795714
1.10803	1	2	3	60	0.00295714
1.12203	1	2	3	208	0.00295714
1.12803	1	2	3	2621	0.00295714
1.12903	1	2	3	2621	0.00295714
1.13003	1	2	3	2621	0.00295714
1.13103	1	2	3	2183	0.00295714
1.14503	1	2	3	208	0.00295714
1.15103	1	2	3	2621	0.00295714
1.15203	1	2	3	2621	0.00295714
1.15303	1	2	3	2621	0.00295714
1.15403	1	2	3	2127	0.00295714
1.16803	1	2	3	208	0.00295714
1.17403	1	2	3	2621	0.00295714
1.17503	1	2	3	2621	0.00295714
1.17603	1	2	3	2621	0.00295714
1.17703	1	2	3	2127	0.00295714
1.19103	1	2	3	208	0.00295714
1.19703	1	2	3	2621	0.00295714
1.19796	1	2	3	2401	0.00288571
1.19903	1	2	3	2621	0.00295714
1.20003	1	2	3	2347	0.00295714
1.20803	1	3	3	60	0.00295714
1.21403	1	2	3	208	0.00295714
1.21903	1	1	3	106	0.00795714
1.22003	1	2	3	2621	0.00295714
1.22103	1	2	3	2621	0.00295714
1.22196	1	2	3	2401	0.00288571
1.22203	1	3	3	428	0.00295714
1.22303	1	2	3	2347	0.00295714
1.22746	1	1	3	458	0.00238571
1.22803	1	3	3	1744	0.00295714
1.22903	1	3	3	2621	0.00295714
1.23003	1	1	3	1396	0.00795714
1.2306	1	3	3	2621	0.00252857
1.23103	1	1	3	692	0.00795714
1.2316	1	3	3	2621	0.00252857
1.23203	1	1	3	692	0.00795714
1.23303	1	3	3	221	0.00295714
1.23403	1	1	3	692	0.00795714
1.23803	1	1	3	1044	0.00795714
1.24003	1	1	3	692	0.00795714
1.24103	1	1	3	68	0.00795714
1.24603	1	3	3	428	0.00295714
1.25196	1	3	3	4810	0.00288571
1.25303	1	3	3	4956	0.00295714
1.25603	1	1	3	106	0.00795714
1.25903	1	1	3	1161	0.00795714
1.26003	1	1	3	1396	0.00795714
1.26203	1	1	3	692	0.00795714
1.26296	1	1	3	692	0.00788571
1.26703	1	3	3	428	0.00295714
1.26903	1	1	3	1396	0.00795714
1.27003	1	1	3	393	0.00795714
1.27403	1	3	3	2621	0.00295714
1.27503	1	3	3	5250	0.00295714
1.27603	1	3	3	1897	0.00295714
1.28903	1	3	3	428	0.00295714
1.29003	1	1	3	106	0.0129571
1.29103	1	1	3	1396	0.00795714
1.29203	1	1	3	692	0.00795714
1.29503	1	3	3	5250	0.00295714
1.29603	1	3	3	2621	0.00295714
1.29803	1	3	3	1897	0.00295714
1.30103	1	1	3	692	0.00795714
1.30203	1	1	3	1278	0.00795714
1.30303	1	1	3	692	0.00795714
1.30403	1	1	3	1278	0.00795714
1.30503	1	1	3	1396	0.00795714
1.30803	1	4	3	60	0.00295714
1.31103	1	1	3	1396	0.00795714
1.31203	1	1	3	1284	0.00795714
1.31224	1	3	3	428	0.00217143
1.31803	1	3	3	5250	0.00295714
1.32403	1	3	3	4516	0.00795714
1.32503	1	4	3	106	0.00295714
1.33003	1	1	3	106	0.00795714
1.33103	1	4	3	1396	0.00295714
1.33196	1	4	3	1278	0.00288571
1.33303	1	1	3	1352	0.00895714
1.33403	1	4	3	1278	0.00295714
1.33503	1	4	3	1396	0.00295714
1.33603	1	4	3	692	0.00295714
1.33703	1	4	3	692	0.00295714
1.33803	1	4	3	692	0.00295714
1.33896	1	4	3	1278	0.00288571
1.33903	1	1	3	106	0.00795714
1.34003	1	4	3	692	0.00295714
1.3406	1	4	3	692	0.00252857
1.34103	1	1	3	692	0.00795714
1.3416	1	4	3	76	0.00252857
1.34203	1	1	3	692	0.00795714
1.34296	1	1	3	692	0.00788571
1.34503	1	1	3	692	0.00795714
1.34703	1	1	3	1396	0.00295714
1.34903	1	1	3	692	0.00795714
1.35103	1	1	3	1278	0.00795714
1.35303	1	1	3	1396	0.00795714
1.35503	1	1	3	1396	0.00795714
1.35703	1	1	3	1180	0.00795714
1.36003	1	4	3	106	0.00295714
1.36603	1	4	3	1396	0.00295714
1.36703	1	4	3	1396	0.00295714
1.36803	1	4	3	1278	0.00295714
1.36903	1	4	3	692	0.00295714
1.37003	1	4	3	692	0.00295714
1.37103	1	4	3	692	0.00295714
1.37203	1	4	3	692	0.00295714
1.37296	1	4	3	1278	0.00288571
1.37303	1	1	3	106	0.00795714
1.3736	1	4	3	692	0.00252857
1.37403	1	1	3	692	0.00795714
1.3746	1	4	3	692	0.00252857
1.37503	1	1	3	692	0.00795714
1.3756	1	4	3	608	0.00252857
1.37603	1	1	3	692	0.00795714
1.37696	1	1	3	692	0.00788571
1.38303	1	1	3	48	0.00795714
1.38903	1	4	3	106	0.00295714
1.39403	1	1	3	1278	0.00795714
1.39503	1	4	3	692	0.00295714
1.39603	1	1	3	1396	0.00795714
1.39696	1	4	3	575	0.00288571
1.39803	1	1	3	1396	0.00895714
1.39903	1	4	3	692	0.00295714
1.3996	1	4	3	692	0.00252857
1.40003	1	1	3	692	0.00795714
1.40103	1	4	3	692	0.00295714
1.4016	1	4	3	692	0.00252857
1.40203	1	1	3	692	0.00795714
1.40303	1	4	3	692	0.00295714
1.4036	1	4	3	692	0.00252857
1.40403	1	1	3	692	0.00795714
1.40503	1	4	3	692	0.00295714
1.4056	1	4	3	692	0.00252857
1.40603	1	1	3	692	0.00795714
1.40703	1	4	3	692	0.00295714
1.4076	1	4	3	692	0.00252857
1.40803	1	1	3	692	0.00795714
1.40803	3	1	3	60	0.00295714
1.40903	1	4	3	692	0.00295714
1.4096	1	4	3	692	0.00252857
1.41003	1	1	3	692	0.00795714
1.4106	1	1	3	504	0.00252857
1.41103	1	4	3	545	0.00295714
1.41196	1	1	3	692	0.00788571
1.41903	1	1	3	692	0.0129571
1.42203	3	1	3	736	0.00295714
1.42403	1	4	3	106	0.00295714
1.42803	3	1	3	7701	0.00295714
1.42903	3	1	3	1813	0.00295714
1.43003	1	4	3	1396	0.00295714
1.43103	1	1	3	1352	0.00795714
1.4316	1	4	3	692	0.00252857
1.43303	1	4	3	692	0.00295714
1.43396	1	4	3	1278	0.00288571
1.43403	1	1	3	106	0.0129571
1.43503	1	4	3	692	0.00295714
1.43603	1	4	3	1278	0.00295714
1.43703	1	4	3	1396	0.00295714
1.43903	1	4	3	1396	0.00295714
1.4396	1	4	3	692	0.00252857
1.44089	1	4	3	1161	0.00281428
1.44203	1	4	3	891	0.00295714
1.44203	3	1	3	531	0.00295714
1.44603	3	1	3	1962	0.00295714
1.45003	3	1	3	7701	0.00795714
1.45303	1	4	3	106	0.00295714
1.45903	1	4	3	1396	0.00295714
1.46003	1	4	3	1396	0.00295714
1.46103	1	4	3	1396	0.00295714
1.46203	1	4	3	1396	0.00295714
1.46303	1	4	3	1396	0.00295714
1.46403	1	4	3	1396	0.00295714
1.46503	1	4	3	1396	0.00295714
1.46603	1	4	3	330	0.00295714
1.46903	3	1	3	736	0.00795714
1.47503	3	1	3	7701	0.00295714
1.47603	3	1	3	1757	0.00295714
1.49003	3	1	3	633	0.00295714
1.49603	3	1	3	7701	0.00295714
1.49703	3	1	3	1860	0.00295714
1.50803	3	2	3	60	0.00295714
1.51503	3	1	3	633	0.00295714
1.52103	3	1	3	7701	0.00295714
1.52196	3	1	3	1860	0.00288571
1.52203	3	2	3	4022	0.00295714
1.52303	1	1	3	106	0.0129571
1.52803	3	2	3	6225	0.00295714
1.53603	3	2	3	2912	0.00295714
1.53903	1	1	3	1396	0.0129571
1.54003	1	1	3	1396	0.0129571
1.54103	1	1	3	1396	0.0129571
1.54203	3	2	3	4022	0.00295714
1.54303	1	1	3	1396	0.0139571
1.54703	1	1	3	1278	0.0129571
1.54803	3	2	3	8052	0.00295714
1.55403	1	1	3	1396	0.0129571
1.55403	3	2	3	4022	0.00295714
1.55503	1	1	3	448	0.0129571
1.56003	3	2	3	4022	0.00295714
1.56603	3	2	3	8052	0.00295714
1.57003	1	1	3	106	0.00795714
1.57203	3	2	3	2407	0.00295714
1.57903	1	1	3	82	0.00295714
1.58003	3	2	3	4022	0.00295714
1.58603	1	1	3	1396	0.0129571
1.58603	3	2	3	4022	0.00295714
1.58703	1	1	3	1396	0.0129571
1.58903	1	1	3	1396	0.0139571
1.59203	3	2	3	7972	0.00295714
1.60003	3	2	3	4022	0.00295714
1.60603	3	2	3	4022	0.00295714
1.61203	3	2	3	4022	0.00295714
1.61603	3	3	3	106	0.00295714
1.61803	3	2	3	4022	0.00295714
1.62203	3	3	3	2155	0.00295714
1.62403	3	2	3	4022	0.00295714
1.62803	3	3	3	1073	0.00295714
1.63003	3	2	3	4022	0.00295714
1.63403	3	3	3	1073	0.00295714
1.63603	3	2	3	4022	0.00295714
1.64003	3	3	3	1329	0.00295714
1.64203	3	2	3	4022	0.00295714
1.64603	3	3	3	1073	0.00295714
1.64803	3	2	3	4022	0.00295714
1.65203	3	3	3	1073	0.00295714
1.65403	3	2	3	4022	0.00295714
1.65803	3	3	3	1073	0.00295714
1.66003	3	2	3	4022	0.00295714
1.66403	3	3	3	2155	0.00295714
1.66603	3	2	3	4022	0.00295714
1.67003	3	3	3	362	0.00295714
1.67203	3	2	3	4022	0.00295714
1.67603	3	3	3	1073	0.00295714
1.67603	1	1	3	106	0.0129571
1.67803	3	2	3	4022	0.00295714
1.68203	3	3	3	1073	0.00295714
1.68396	3	2	3	4022	0.00288571
1.68803	3	3	3	1073	0.00295714
1.68903	3	2	3	4022	0.00295714
1.69203	1	1	3	1396	0.0129571
1.69303	1	1	3	1396	0.0129571
1.69403	1	1	3	1396	0.0129571
1.69403	3	3	3	2155	0.00295714
1.69503	1	1	3	1396	0.0129571
1.69503	3	2	3	7006	0.00295714
1.69603	1	1	3	1396	0.0129571
1.70003	3	3	3	1073	0.00295714
1.70303	3	2	3	4022	0.00295714
1.70603	3	3	3	723	0.00295714
1.70703	1	1	3	206	0.0129571
1.70903	3	2	3	4022	0.00295714
1.71303	3	3	3	1073	0.00295714
1.71503	3	2	3	7972	0.00295714
1.71903	3	3	3	1073	0.00295714
1.72003	1	1	3	1396	0.00795714
1.72096	1	1	3	106	0.0128857
1.72103	1	5	3	106	0.00795714
1.72303	1	1	3	1396	0.0139571
1.72303	3	2	3	4022	0.00295714
1.72403	1	1	3	1396	0.0129571
1.72603	3	3	3	1073	0.00295714
1.72624	1	5	3	106	0.00217143
1.72703	1	1	3	144	0.0129571
1.72896	3	2	3	4022	0.00288571
1.73203	3	3	3	2155	0.00295714
1.73303	1	5	3	1396	0.00795714
1.73396	1	5	3	1278	0.00788571
1.73403	3	2	3	7972	0.00295714
1.73503	1	1	3	1396	0.0129571
1.73524	1	5	3	106	0.00717143
1.7366	1	5	3	575	0.00752857
1.73803	3	3	3	1073	0.00295714
1.73903	1	1	3	62	0.0129571
1.74203	3	2	3	2912	0.00295714
1.74403	1	5	3	1278	0.00895714
1.74403	3	3	3	723	0.00295714
1.74503	1	5	3	897	0.00895714
1.74703	1	5	3	38	0.00795714
1.74803	3	2	3	4022	0.00295714
1.75003	3	3	3	1073	0.00295714
1.75403	3	2	3	8052	0.00295714
1.75403	1	5	3	106	0.00795714
1.75603	3	3	3	1073	0.00295714
1.75796	1	5	3	106	0.00788571
1.76003	1	5	3	1224	0.00795714
1.76003	3	2	3	4022	0.00295714
1.76096	1	5	3	106	0.00788571
1.76203	3	3	3	956	0.00295714
1.76203	1	1	3	106	0.0129571
1.76403	1	5	3	106	0.00295714
1.76603	3	2	3	4022	0.00295714
1.76703	1	5	3	106	0.00795714
1.76803	1	5	3	1396	0.00795714
1.76803	3	3	3	2155	0.00295714
1.77103	1	5	3	1158	0.00795714
1.77203	3	2	3	8052	0.00295714
1.77403	1	1	3	1278	0.00795714
1.77403	3	3	3	479	0.00295714
1.77696	1	5	3	340	0.00788571
1.77803	3	2	3	951	0.00295714
1.78003	1	1	3	76	0.0129571
1.78003	3	3	3	1073	0.00295714
1.78103	1	5	3	106	0.00795714
1.78303	1	5	3	1396	0.00795714
1.78403	1	5	3	1028	0.00795714
1.78596	3	2	3	4022	0.00288571
1.78603	3	3	3	1073	0.00295714
1.79103	3	2	3	7625	0.00295714
1.79203	3	3	3	1073	0.00295714
1.79603	1	5	3	106	0.00795714
1.79803	1	5	3	1396	0.00795714
1.79803	3	3	3	2155	0.00295714
1.79903	3	2	3	1456	0.00295714
1.79903	1	5	3	106	0.00795714
1.80403	3	3	3	362	0.00295714
1.80496	3	2	3	4022	0.00288571
1.80703	1	5	3	1396	0.00795714
1.80803	1	5	3	106	0.00795714
1.80903	1	5	3	1196	0.00795714
1.81003	3	2	3	7625	0.00295714
1.81103	3	3	3	1073	0.00295714
1.81703	3	3	3	956	0.00295714
1.81803	3	2	3	2912	0.00295714
1.81803	1	5	3	106	0.00795714
1.81903	1	5	3	1328	0.00795714
1.82003	1	5	3	1396	0.00795714
1.82103	1	5	3	38	0.00795714
1.82303	3	3	3	1073	0.00295714
1.82403	3	2	3	4022	0.00295714
1.82803	1	5	3	106	0.00795714
1.82903	3	3	3	2155	0.00295714
1.83003	3	2	3	7625	0.00295714
1.83403	1	5	3	106	0.00795714
1.83503	3	3	3	1073	0.00295714
1.83803	3	2	3	2912	0.00295714
1.84003	1	5	3	1396	0.00795714
1.84096	1	5	3	106	0.00788571
1.84103	3	3	3	840	0.00295714
1.84396	3	2	3	4022	0.00288571
1.84703	1	5	3	1396	0.00795714
1.84703	3	3	3	1073	0.00295714
1.84803	1	5	3	1196	0.00795714
1.84896	1	1	3	106	0.0128857
1.84903	3	2	3	8052	0.00295714
1.85103	1	5	3	1396	0.00795714
1.85303	3	3	3	1073	0.00295714
1.85503	1	5	3	38	0.00795714
1.85503	3	2	3	3941	0.00295714
1.85803	1	5	3	106	0.00795714
1.85824	1	5	3	106	0.00717143
1.85903	1	1	3	1278	0.00795714
1.85903	3	3	3	956	0.00295714
1.86024	1	5	3	106	0.00717143
1.86303	1	1	3	616	0.00795714
1.86303	3	2	3	4022	0.00295714
1.86496	1	1	3	1278	0.0128857
1.86503	3	3	3	2155	0.00295714
1.86503	1	5	3	106	0.00795714
1.86603	1	1	3	1278	0.0129571
1.86696	1	1	3	1278	0.0128857
1.86703	1	5	3	106	0.00795714
1.86803	1	5	3	106	0.00795714
1.8686	1	5	3	692	0.00752857
1.86903	3	2	3	7625	0.00295714
1.87103	3	3	3	479	0.00295714
1.87103	1	5	3	106	0.00795714
1.87503	1	5	3	1396	0.00795714
1.87696	3	2	3	2912	0.00288571
1.87703	3	3	3	1073	0.00295714
1.87803	1	5	3	1396	0.00895714
1.88103	1	5	3	1396	0.00795714
1.88296	3	2	3	4022	0.00288571
1.88303	3	3	3	1073	0.00295714
1.88503	1	5	3	38	0.00795714
1.88803	3	2	3	8052	0.00295714
1.88803	1	5	3	106	0.00795714
1.88896	3	3	3	956	0.00288571
1.88903	1	5	3	106	0.00795714
1.88996	1	5	3	106	0.00288571
1.89003	1	1	3	106	0.00795714
1.89103	1	5	3	106	0.00795714
1.89389	3	2	3	3941	0.00281428
1.89403	3	3	3	1200	0.00295714
1.89703	1	5	3	1278	0.00795714
1.89803	1	5	3	1172	0.00795714
1.90003	3	3	3	956	0.00295714
1.90203	3	2	3	4022	0.00295714
1.90603	1	1	3	692	0.0129571
1.90603	3	3	3	1073	0.00295714
1.90624	1	1	3	106	0.0121714
1.90703	1	5	3	1278	0.00795714
1.90803	3	2	3	6169	0.00295714
1.90803	1	5	3	106	0.00795714
1.9086	1	5	3	52	0.00752857
1.9096	1	5	3	692	0.00752857
1.91103	1	5	3	692	0.00795714
1.91203	3	3	3	1073	0.00295714
1.91403	1	1	3	692	0.0129571
1.91503	1	1	3	692	0.0129571
1.91603	3	2	3	4022	0.00295714
1.91624	1	5	3	106	0.00717143
1.91796	1	5	3	106	0.00788571
1.91803	3	3	3	2155	0.00295714
1.91824	1	5	3	106	0.00717143
1.91903	1	1	3	1278	0.0139571
1.92003	1	5	3	106	0.00795714
1.92096	1	1	3	692	0.0128857
1.92203	1	1	3	1278	0.0129571
1.92203	3	2	3	4022	0.00295714
1.92396	3	3	3	1073	0.00288571
1.92603	1	5	3	106	0.00795714
1.92703	1	5	3	106	0.00795714
1.92789	1	1	3	304	0.0128143
1.92803	1	5	3	223	0.00795714
1.92803	3	2	3	4022	0.00295714
1.92874	1	5	3	927	0.00767142
1.92903	3	3	3	840	0.00295714
1.93003	1	5	3	575	0.00795714
1.93403	3	2	3	4022	0.00295714
1.93603	1	5	3	1396	0.00795714
1.93696	1	5	3	611	0.00788571
1.93696	3	3	3	1073	0.00288571
1.9396	1	5	3	692	0.00752857
1.94003	3	2	3	4022	0.00295714
1.94203	1	1	3	458	0.00795714
1.94203	3	3	3	1073	0.00295714
1.94303	1	1	3	106	0.0129571
1.94503	1	1	3	692	0.0129571
1.94546	1	5	3	106	0.00738571
1.94603	1	1	3	927	0.00795714
1.94603	3	2	3	4022	0.00295714
1.94703	1	5	3	927	0.00795714
1.94803	1	5	3	1044	0.00795714
1.94803	3	3	3	1073	0.00295714
1.95003	1	5	3	103	0.00795714
1.95203	3	2	3	4022	0.00295714
1.95403	3	3	3	1920	0.00295714
1.95603	1	1	3	1048	0.00795714
1.95803	3	2	3	4022	0.00295714
1.95903	1	1	3	809	0.0129571
1.95924	1	5	3	106	0.00717143
1.96003	3	3	3	597	0.00295714
1.96303	1	1	3	1396	0.0139571
1.96403	1	5	3	575	0.00795714
1.96403	3	2	3	4022	0.00295714
1.96503	1	1	3	62	0.0129571
1.96603	1	5	3	927	0.00795714
1.97003	1	5	3	106	0.00795714
1.97003	3	2	3	4022	0.00295714
1.9706	1	1	3	692	0.00252857
1.97196	1	5	3	1278	0.00788571
1.97203	3	3	3	1073	0.00795714
1.97303	1	5	3	1314	0.00795714
1.97603	3	2	3	4022	0.00295714
1.97803	3	3	3	2885	0.00295714
1.97903	1	1	3	106	0.0129571
1.9796	1	5	3	692	0.00752857
1.98196	1	5	3	106	0.00788571
1.98203	3	2	3	4022	0.00295714
1.98403	1	5	3	638	0.00795714
1.98403	3	3	3	1073	0.00295714
1.98503	1	1	3	662	0.0129571
1.98603	1	5	3	223	0.00795714
1.98803	1	5	3	1044	0.00795714
1.98803	3	2	3	4022	0.00295714
1.99003	3	3	3	702	0.00295714
1.99003	1	5	3	106	0.00795714
1.99203	1	5	3	1278	0.00795714
1.99403	1	5	3	221	0.00795714
1.99403	3	2	3	4022	0.00295714
2.00003	1	5	3	340	0.00795714
2.00003	3	2	3	7768	0.00295714
2.00203	3	3	3	1073	0.00795714
2.00703	1	5	3	1396	0.00795714
2.00781	3	2	3	2912	0.00274285
2.00796	3	3	3	2155	0.00288571
2.00803	1	5	3	1028	0.00795714
2.00803	3	4	3	60	0.00295714
2.01103	1	5	3	106	0.0129571
2.01303	3	3	3	1071	0.00295714
2.01403	3	2	3	4022	0.00295714
2.01503	1	5	3	1396	0.00795714
2.01903	3	3	3	1073	0.00295714
2.02003	3	2	3	7625	0.00295714
2.02203	3	4	3	633	0.00295714
2.02203	1	5	3	38	0.0129571
2.02303	1	5	3	106	0.00795714
2.02503	3	3	3	1073	0.00295714
2.02724	3	2	3	2912	0.00217143
2.02803	3	4	3	7059	0.00295714
2.02903	3	4	3	2558	0.00295714
2.02903	1	5	3	106	0.00795714
2.03103	3	3	3	1073	0.00295714
2.03203	1	5	3	1396	0.00795714
2.03303	1	5	3	1262	0.00795714
2.03367	3	2	3	4022	0.0026
2.03703	3	3	3	2155	0.00295714
2.03903	3	2	3	8052	0.00295714
2.04203	3	4	3	633	0.00295714
2.04303	1	5	3	1396	0.00795714
2.04303	3	3	3	362	0.00295714
2.04403	1	5	3	1396	0.00795714
2.04496	3	2	3	3941	0.00288571
2.0486	3	3	3	1073	0.00252857
2.05003	1	5	3	76	0.0129571
2.05303	3	4	3	7701	0.00795714
2.0536	3	2	3	4022	0.00252857
2.05367	3	3	3	1073	0.0026
2.05403	3	4	3	1860	0.00795714
2.05703	1	5	3	106	0.00795714
2.05803	1	5	3	1328	0.00795714
2.05896	3	2	3	6169	0.00288571
2.05903	3	3	3	1073	0.00295714
2.05903	1	5	3	106	0.00795714
2.06103	1	5	3	1328	0.00795714
2.06503	3	3	3	1083	0.00295714
2.06696	3	2	3	4022	0.00288571
2.06703	3	4	3	531	0.00295714
2.07103	3	3	3	1073	0.00295714
2.07203	3	2	3	4714	0.00295714
2.07203	1	5	3	106	0.00795714
2.07303	3	4	3	6475	0.00295714
2.07403	3	4	3	3187	0.00295714
2.07603	1	5	3	1396	0.00795714
2.07703	3	3	3	1073	0.00295714
2.07796	1	5	3	106	0.00788571
2.08003	1	1	3	106	0.00795714
2.08003	3	2	3	4022	0.00295714
2.08303	3	3	3	1073	0.00295714
2.08403	1	5	3	1396	0.00795714
2.08503	1	5	3	106	0.00795714
2.08603	3	2	3	4022	0.00295714
2.08703	1	5	3	1196	0.00795714
2.08703	3	4	3	531	0.00295714
2.08903	3	3	3	2155	0.00295714
2.0906	1	5	3	692	0.00752857
2.09103	1	1	3	692	0.00795714
2.09203	3	2	3	4022	0.00295714
2.09303	3	4	3	6475	0.00295714
2.0946	1	5	3	638	0.00752857
2.09503	1	1	3	692	0.00795714
2.09503	3	3	3	362	0.00295714
2.09696	1	1	3	692	0.00788571
2.0976	1	1	3	692	0.00752857
2.09803	1	5	3	692	0.00895714
2.09803	3	2	3	4022	0.00295714
2.09896	1	1	3	1278	0.0128857
2.09903	3	4	3	3187	0.00795714
2.09903	1	5	3	106	0.0129571
2.10103	1	1	3	228	0.00795714
2.10103	3	3	3	1073	0.00295714
2.10203	1	5	3	52	0.00795714
2.10403	3	2	3	4022	0.00295714
2.10424	1	5	3	106	0.00717143
2.10696	3	3	3	956	0.00288571
2.10703	3	4	3	428	0.00295714
2.10903	1	5	3	106	0.00795714
2.11003	3	2	3	4022	0.00295714
2.11103	3	4	3	5250	0.00295714
2.11103	1	5	3	1224	0.00795714
2.11131	3	3	3	1920	0.00224286
2.11203	3	4	3	4374	0.00295714
2.11203	1	5	3	106	0.00795714
2.11303	3	4	3	144	0.00295714
2.11603	3	2	3	4022	0.00295714
2.11624	3	3	3	353	0.00217143
2.11803	1	5	3	1328	0.0129571
2.12203	3	2	3	4022	0.00295714
2.12403	3	3	3	956	0.00295714
2.12403	1	5	3	106	0.0129571
2.12603	1	5	3	106	0.00795714
2.12703	1	1	3	106	0.0129571
2.12803	3	2	3	4022	0.00295714
2.13003	3	3	3	956	0.00295714
2.13403	3	2	3	4022	0.00295714
2.13603	1	5	3	1197	0.00795714
2.13603	3	3	3	1920	0.00295714
2.13703	1	5	3	1278	0.0129571
2.13731	1	5	3	223	0.0122429
2.13803	1	1	3	1161	0.00795714
2.13903	1	1	3	692	0.00795714
2.14003	1	5	3	1396	0.0129571
2.14003	3	2	3	4022	0.00295714
2.14203	3	3	3	956	0.00295714
2.1456	1	5	3	692	0.00752857
2.14603	1	1	3	692	0.00795714
2.14603	3	2	3	4022	0.00295714
2.14696	1	1	3	106	0.0128857
2.14703	1	5	3	106	0.00795714
2.14803	1	5	3	638	0.00795714
2.14803	3	3	3	1920	0.00295714
2.1486	1	5	3	692	0.00752857
2.14903	1	1	3	692	0.00795714
2.1496	1	5	3	692	0.00752857
2.15003	1	1	3	692	0.00795714
2.15203	3	2	3	4022	0.00295714
2.15303	1	1	3	106	0.00795714
2.15403	3	3	3	462	0.00295714
2.15603	1	1	3	137	0.00795714
2.15796	1	5	3	106	0.00788571
2.15803	3	2	3	4022	0.00295714
2.15903	1	5	3	106	0.00795714
2.15989	1	5	3	106	0.00781428
2.16003	1	1	3	223	0.00795714
2.16096	1	5	3	106	0.0128857
2.16103	3	3	3	956	0.00295714
2.16303	1	1	3	223	0.00795714
2.16396	3	2	3	7768	0.00288571
2.16603	1	1	3	106	0.00795714
2.16703	1	1	3	910	0.00795714
2.16703	3	3	3	956	0.00295714
2.16803	1	5	3	1161	0.00795714
2.16839	1	5	3	340	0.00731428
2.16903	1	1	3	1044	0.00795714
2.17003	1	1	3	414	0.00795714
2.17103	1	5	3	1278	0.00795714
2.17203	3	2	3	4022	0.00295714
2.17303	3	3	3	1920	0.00295714
2.17503	1	5	3	927	0.0129571
2.17803	1	5	3	234	0.00895714
2.17803	3	2	3	6169	0.00295714
2.17903	1	5	3	340	0.00795714
2.17903	3	3	3	956	0.00295714
2.18203	1	5	3	340	0.00795714
2.18503	3	3	3	948	0.00295714
2.18503	1	5	3	106	0.00795714
2.18596	1	5	3	1278	0.00788571
2.18603	1	1	3	106	0.00795714
2.18603	3	2	3	4022	0.00295714
2.18703	1	1	3	1044	0.00795714
2.18739	1	5	3	223	0.00731428
2.18803	1	1	3	1044	0.00795714
2.18903	1	5	3	587	0.00795714
2.19103	1	2	3	208	0.00295714
2.19103	3	3	3	956	0.00295714
2.19203	3	2	3	4022	0.00295714
2.19503	1	5	3	1044	0.00795714
2.19603	1	5	3	692	0.00295714
2.19631	1	2	3	545	0.00224286
2.19696	1	1	3	1044	0.00788571
2.19703	3	3	3	956	0.00295714
2.19803	1	1	3	1138	0.00795714
2.19803	3	2	3	7972	0.00295714
2.19946	1	2	3	707	0.00238571
2.20303	3	3	3	1920	0.00295714
2.20403	1	5	3	106	0.0129571
2.20503	1	5	3	575	0.00795714
2.20603	3	2	3	4022	0.00295714
2.20896	3	3	3	956	0.00288571
2.21103	1	5	3	455	0.0129571
2.21203	3	2	3	4022	0.00295714
2.21224	1	2	3	267	0.00217143
2.21403	3	3	3	948	0.00295714
2.21503	1	5	3	1328	0.00795714
2.21803	3	2	3	5061	0.00295714
2.21889	1	2	3	2382	0.00281428
2.21896	1	5	3	106	0.0128857
2.21903	1	1	3	106	0.00795714
2.22103	3	3	3	956	0.00295714
2.22103	1	5	3	106	0.00795714
2.22296	1	2	3	267	0.00788571
2.22403	1	5	3	1278	0.0139571
2.22603	3	2	3	2912	0.00295714
2.22703	1	5	3	52	0.0129571
2.22703	3	3	3	956	0.00295714
2.22803	1	5	3	223	0.00795714
2.22924	1	5	3	106	0.0121714
2.23003	1	1	3	1278	0.00795714
2.23103	1	1	3	1278	0.00795714
2.23203	3	2	3	4022	0.00295714
2.23303	1	1	3	1161	0.00795714
2.23303	3	3	3	1920	0.00295714
2.23403	1	1	3	553	0.00795714
2.23603	1	5	3	106	0.0129571
2.23803	3	2	3	4022	0.00295714
2.23903	1	5	3	692	0.0129571
2.23903	3	3	3	956	0.00295714
2.24203	1	5	3	692	0.0129571
2.24303	1	5	3	223	0.0129571
2.24396	3	2	3	2150	0.00288571
2.24503	1	5	3	1044	0.0129571
2.24503	3	3	3	948	0.00295714
2.24903	1	2	3	267	0.00795714
2.25103	1	5	3	1044	0.0129571
2.25103	3	3	3	956	0.00295714
2.25203	3	2	3	4022	0.00295714
2.25403	1	5	3	1278	0.0129571
2.25589	1	2	3	2184	0.00281428
2.25603	1	1	3	106	0.00795714
2.25696	1	2	3	1921	0.00288571
2.25696	3	3	3	956	0.00288571
2.25803	1	5	3	338	0.0139571
2.25803	3	2	3	3258	0.00295714
2.26003	1	5	3	38	0.0129571
2.26203	3	3	3	1920	0.00295714
2.26603	3	2	3	2912	0.00295714
2.26603	1	5	3	106	0.0129571
2.26703	1	1	3	1278	0.00795714
2.26803	1	1	3	1396	0.00795714
2.26803	3	3	3	956	0.00295714
2.26903	1	1	3	138	0.00795714
2.27024	1	2	3	208	0.00217143
2.27203	1	5	3	106	0.0129571
2.27203	3	2	3	4022	0.00295714
2.27303	1	5	3	1315	0.00295714
2.27403	1	5	3	692	0.0129571
2.27403	3	3	3	948	0.00295714
2.27503	1	5	3	809	0.0129571
2.27524	1	2	3	208	0.00217143
2.27696	1	2	3	2401	0.00288571
2.2776	1	2	3	1308	0.00252857
2.27803	3	2	3	4022	0.00295714
2.27903	1	2	3	1707	0.00295714
2.28103	1	5	3	1278	0.0129571
2.28103	3	3	3	956	0.00295714
2.28403	3	2	3	3605	0.00295714
2.28703	3	3	3	956	0.00295714
2.28803	1	5	3	692	0.0129571
2.28896	1	3	3	340	0.00288571
2.29203	3	2	3	2912	0.00295714
2.29303	3	3	3	1920	0.00295714
2.29303	1	2	3	208	0.00295714
2.29396	1	3	3	1118	0.00288571
2.29403	1	5	3	106	0.0129571
2.29696	1	5	3	1044	0.0128857
2.29703	1	1	3	106	0.00795714
2.29803	3	2	3	4022	0.00295714
2.29903	1	2	3	2621	0.00295714
2.29903	3	3	3	956	0.00295714
2.29939	1	2	3	648	0.00231428
2.3006	1	2	3	1308	0.00252857
2.3016	1	2	3	1308	0.00252857
2.3026	1	2	3	1308	0.00252857
2.30389	1	2	3	1088	0.00281428
2.30403	3	2	3	4022	0.00295714
2.30439	1	2	3	208	0.00231428
2.30503	1	5	3	1044	0.0129571
2.30503	3	3	3	1920	0.00295714
2.3056	1	2	3	55	0.00252857
2.30903	1	1	3	575	0.00795714
2.31003	1	1	3	223	0.00795714
2.31003	3	2	3	4022	0.00295714
2.31081	1	5	3	692	0.0127429
2.31103	1	1	3	340	0.00795714
2.31103	3	3	3	462	0.00295714
2.31181	1	5	3	692	0.0127429
2.31203	1	1	3	340	0.00795714
2.31274	1	5	3	575	0.0126714
2.31303	1	1	3	458	0.00795714
2.31403	1	5	3	223	0.0129571
2.31603	3	2	3	3952	0.00295714
2.3166	1	2	3	208	0.00252857
2.31667	1	3	3	531	0.0026
2.31803	3	3	3	956	0.00295714
2.31903	1	1	3	882	0.00795714
2.32124	1	3	3	531	0.00217143
2.32224	1	3	3	531	0.00217143
2.32346	1	2	3	428	0.00238571
2.32353	1	3	3	531	0.00245714
2.32389	3	2	3	4022	0.00281428
2.32396	3	3	3	956	0.00288571
2.32403	1	5	3	575	0.00895714
2.32439	1	2	3	648	0.00231428
2.3246	1	3	3	796	0.00252857
2.32503	1	5	3	692	0.0129571
2.32567	1	2	3	1525	0.0026
2.32639	1	2	3	648	0.00231428
2.32703	1	5	3	692	0.0139571
2.32746	1	2	3	868	0.00238571
2.32803	1	5	3	575	0.0139571
2.3286	1	2	3	1308	0.00252857
2.32889	1	5	3	223	0.0128143
2.32896	3	2	3	4022	0.00288571
2.32903	3	3	3	1073	0.00295714
2.3296	1	2	3	1308	0.00252857
2.33067	1	2	3	1525	0.0026
2.33103	1	5	3	575	0.0129571
2.3316	1	2	3	1308	0.00252857
2.3326	1	2	3	438	0.00252857
2.33403	3	2	3	4022	0.00295714
2.33503	3	3	3	2155	0.00295714
2.34003	1	5	3	692	0.0129571
2.34003	3	2	3	4022	0.00295714
2.34103	3	3	3	596	0.00295714
2.34203	1	5	3	692	0.0129571
2.34303	1	5	3	692	0.0129571
2.34403	1	5	3	692	0.0129571
2.34489	1	2	3	208	0.00281428
2.34496	1	3	3	531	0.00288571
2.34603	1	5	3	324	0.0129571
2.34603	3	2	3	4022	0.00295714
2.34803	3	3	3	1073	0.00295714
2.3496	1	2	3	1088	0.00252857
2.34996	1	3	3	2694	0.00288571
2.35046	1	2	3	868	0.00238571
2.35067	1	3	3	1146	0.0026
2.35203	3	2	3	4022	0.00295714
2.35403	3	3	3	1073	0.00295714
2.35467	1	2	3	1525	0.0026
2.35496	1	5	3	106	0.0128857
2.35503	1	1	3	106	0.00795714
2.35567	1	2	3	1525	0.0026
2.35696	1	2	3	2401	0.00288571
2.35803	1	5	3	1396	0.0139571
2.35803	3	2	3	4022	0.00295714
2.35996	1	2	3	2588	0.00288571
2.36003	3	3	3	1073	0.00295714
2.36403	3	2	3	4022	0.00295714
2.36603	1	1	3	458	0.00795714
2.36603	3	3	3	2155	0.00295714
2.36703	1	1	3	692	0.00795714
2.36803	1	1	3	809	0.00795714
2.36903	1	1	3	692	0.00795714
2.36924	1	5	3	106	0.0121714
2.37003	1	1	3	1278	0.00795714
2.37003	3	2	3	4022	0.00295714
2.37203	3	3	3	1073	0.00295714
2.37403	1	5	3	692	0.0129571
2.37503	1	5	3	927	0.00295714
2.37574	1	5	3	927	0.0126714
2.37603	1	1	3	345	0.00795714
2.37603	3	2	3	7489	0.00295714
2.37674	1	5	3	692	0.0126714
2.37774	1	5	3	575	0.0126714
2.37803	3	3	3	723	0.00295714
2.37924	1	3	3	531	0.00217143
2.38053	1	2	3	208	0.00245714
2.38403	3	2	3	2912	0.00295714
2.38453	1	3	3	2694	0.00245714
2.38503	3	3	3	1073	0.00295714
2.38524	1	3	3	531	0.00217143
2.38724	1	3	3	531	0.00217143
2.38846	1	2	3	868	0.00238571
2.38867	1	3	3	1544	0.0026
2.38903	1	5	3	575	0.0129571
2.38931	1	2	3	428	0.00224286
2.39003	1	5	3	809	0.0129571
2.39003	3	2	3	4022	0.00295714
2.39031	1	2	3	428	0.00224286
2.39103	1	5	3	441	0.0129571
2.39103	3	3	3	1073	0.00295714
2.39303	1	5	3	1278	0.0129571
2.39396	1	2	3	2184	0.00288571
2.39489	1	2	3	2184	0.00281428
2.3956	1	2	3	1308	0.00252857
2.39603	3	2	3	8052	0.00295714
2.3966	1	2	3	1141	0.00252857
2.39703	3	3	3	1073	0.00295714
2.39903	1	1	3	106	0.00795714
2.40203	3	2	3	3941	0.00295714
2.40303	3	3	3	2155	0.00295714
2.40403	1	5	3	106	0.0129571
2.40503	1	5	3	223	0.0129571
2.40603	1	5	3	692	0.0129571
2.40703	1	5	3	573	0.0129571
2.40803	1	5	3	575	0.0129571
2.40903	3	3	3	362	0.00295714
2.40924	1	2	3	208	0.00217143
2.41003	1	1	3	1161	0.00795714
2.41003	3	2	3	4022	0.00295714
2.41103	1	1	3	692	0.00795714
2.41203	1	1	3	692	0.00795714
2.41303	1	1	3	809	0.00795714
2.41403	1	1	3	1278	0.00795714
2.41496	1	2	3	1381	0.00288571
2.41503	3	3	3	1073	0.00295714
2.4156	1	2	3	824	0.00252857
2.41603	3	2	3	8052	0.00295714
2.41653	1	2	3	824	0.00245714
2.41767	1	2	3	824	0.0026
2.41896	1	2	3	1381	0.00288571
2.41903	1	5	3	106	0.0129571
2.41953	1	2	3	1381	0.00245714
2.4196	1	5	3	106	0.0125286
2.42003	1	1	3	692	0.00795714
2.42039	1	2	3	824	0.00231428
2.42081	1	5	3	692	0.0127429
2.42103	1	1	3	340	0.00795714
2.42103	3	3	3	1073	0.00295714
2.42146	1	2	3	1102	0.00238571
2.42189	1	5	3	692	0.0128143
2.42203	1	1	3	70	0.00795714
2.42203	3	2	3	3941	0.00295714
2.42239	1	2	3	824	0.00231428
2.42274	1	5	3	575	0.0126714
2.42331	1	2	3	545	0.00224286
2.42474	1	2	3	96	0.00267142
2.42703	3	3	3	1073	0.00295714
2.42903	1	4	3	106	0.00795714
2.43003	3	2	3	4022	0.00295714
2.43103	1	5	3	692	0.00795714
2.43203	1	5	3	692	0.00795714
2.43303	3	3	3	2155	0.00295714
2.43403	1	5	3	340	0.0129571
2.43474	1	4	3	927	0.00267142
2.43503	1	5	3	458	0.0129571
2.43553	1	4	3	427	0.00245714
2.43603	3	2	3	8052	0.00295714
2.43689	1	2	3	267	0.00281428
2.43696	1	3	3	531	0.00288571
2.43803	1	5	3	1044	0.0129571
2.43903	3	3	3	362	0.00295714
2.44153	1	2	3	868	0.00245714
2.44181	1	3	3	2155	0.00274285
2.44203	3	2	3	4022	0.00295714
2.44246	1	2	3	868	0.00238571
2.44274	1	3	3	2155	0.00267142
2.44431	1	2	3	428	0.00224286
2.44453	1	3	3	1612	0.00245714
2.44531	1	2	3	428	0.00224286
2.44553	1	3	3	1612	0.00245714
2.44603	1	5	3	809	0.0129571
2.44603	3	3	3	1073	0.00295714
2.44646	1	2	3	1102	0.00238571
2.44674	1	3	3	680	0.00267142
2.44703	1	1	3	106	0.00795714
2.44746	1	2	3	1102	0.00238571
2.44803	3	2	3	4022	0.00295714
2.44903	1	5	3	1396	0.0129571
2.44931	1	2	3	545	0.00224286
2.44953	1	4	3	106	0.00245714
2.45003	1	5	3	441	0.0129571
2.45081	1	2	3	232	0.00274285
2.45203	3	3	3	1073	0.00295714
2.45303	1	5	3	458	0.0129571
2.45403	3	2	3	8052	0.00295714
2.4546	1	2	3	545	0.00252857
2.45596	1	4	3	575	0.00288571
2.45674	1	4	3	458	0.00267142
2.45746	1	4	3	458	0.00238571
2.45803	1	1	3	458	0.00795714
2.45803	3	3	3	1073	0.00295714
2.45903	1	1	3	692	0.00795714
2.45924	1	2	3	267	0.00217143
2.45931	1	3	3	531	0.00224286
2.45974	1	4	3	340	0.00767142
2.46003	1	1	3	458	0.00795714
2.46003	3	2	3	3862	0.00295714
2.46053	1	4	3	575	0.00245714
2.4606	1	5	3	106	0.0125286
2.46103	1	1	3	692	0.00795714
2.46146	1	4	3	412	0.00238571
2.46203	1	1	3	458	0.00795714
2.46403	1	5	3	692	0.0129571
2.46403	3	3	3	2155	0.00295714
2.46446	1	2	3	428	0.00238571
2.4646	1	3	3	1073	0.00252857
2.46503	1	5	3	340	0.0129571
2.46546	1	2	3	428	0.00238571
2.4656	1	3	3	1073	0.00252857
2.46653	1	2	3	648	0.00245714
2.46674	1	3	3	1612	0.00267142
2.46703	1	5	3	458	0.0129571
2.46753	1	2	3	648	0.00245714
2.46774	1	3	3	1612	0.00267142
2.46803	1	5	3	458	0.0129571
2.46803	3	2	3	4022	0.00295714
2.46831	1	2	3	428	0.00224286
2.46846	1	3	3	1073	0.00238571
2.46903	1	1	3	458	0.00795714
2.46946	1	2	3	990	0.00238571
2.46967	1	3	3	1612	0.0026
2.47003	1	1	3	223	0.00795714
2.47003	3	3	3	1073	0.00295714
2.47067	1	3	3	1612	0.0026
2.47103	1	1	3	223	0.00795714
2.47203	1	1	3	223	0.00795714
2.47303	1	1	3	223	0.00795714
2.47403	3	2	3	4022	0.00295714
2.47603	1	5	3	340	0.0129571
2.47603	3	3	3	723	0.00295714
2.47874	1	5	3	223	0.0126714
2.47903	1	1	3	458	0.00795714
2.47967	1	5	3	340	0.0126
2.48003	1	1	3	575	0.00795714
2.48003	3	2	3	4022	0.00295714
2.48096	1	1	3	1044	0.00788571
2.48139	1	5	3	340	0.0123143
2.48203	1	1	3	1044	0.00795714
2.48203	3	3	3	1073	0.00295714
2.48246	1	5	3	340	0.0123857
2.48303	1	1	3	927	0.00795714
2.48603	3	2	3	4022	0.00295714
2.48624	1	2	3	267	0.00217143
2.48631	1	3	3	531	0.00224286
2.48803	3	3	3	1073	0.00295714
2.48903	1	1	3	506	0.00795714
2.48903	3	1	3	633	0.00295714
2.49067	1	5	3	223	0.0126
2.49124	1	2	3	267	0.00217143
2.49131	1	3	3	531	0.00224286
2.49203	3	2	3	5755	0.00295714
2.49203	1	4	3	106	0.00795714
2.49339	1	2	3	545	0.00231428
2.4936	1	3	3	1612	0.00252857
2.49403	1	5	3	692	0.0129571
2.49403	3	3	3	1073	0.00295714
2.49446	1	2	3	545	0.00238571
2.49453	1	3	3	531	0.00245714
2.49503	1	5	3	809	0.0129571
2.4956	1	2	3	824	0.00252857
2.49581	1	3	3	1612	0.00274285
2.49631	1	2	3	267	0.00224286
2.49696	1	5	3	1044	0.0128857
2.49739	1	2	3	267	0.00231428
2.49746	1	3	3	531	0.00238571
2.49753	1	4	3	106	0.00245714
2.49803	1	5	3	809	0.0129571
2.49831	1	2	3	545	0.00224286
2.49853	1	3	3	1612	0.00245714
2.49874	1	4	3	340	0.00267142
2.49903	1	1	3	106	0.00795714
2.49931	1	2	3	545	0.00224286
2.49946	1	3	3	1073	0.00238571
2.49967	1	4	3	340	0.0026
2.49974	3	2	3	2912	0.00267142
2.49989	3	3	3	2155	0.00281428
2.50003	3	1	3	825	0.00795714
2.50003	1	1	3	223	0.00795714
2.50031	1	2	3	545	0.00224286
2.50046	1	3	3	728	0.00238571
2.50081	1	5	3	340	0.00774285
2.50103	1	1	3	340	0.00795714
2.50131	1	2	3	545	0.00224286
2.50174	1	4	3	340	0.00267142
2.50203	1	1	3	106	0.00795714
2.50231	1	2	3	545	0.00224286
2.50267	1	4	3	340	0.0026
2.50303	1	1	3	223	0.00795714
2.50346	1	2	3	141	0.00238571
2.50381	1	4	3	340	0.00274285
2.50481	1	4	3	340	0.00274285
2.50503	3	3	3	362	0.00295714
2.50603	1	4	3	223	0.00795714
2.50603	3	2	3	4022	0.00295714
2.50681	1	4	3	340	0.00274285
2.50781	1	4	3	117	0.00274285
2.50889	1	5	3	340	0.0128143
2.50903	1	1	3	223	0.00795714
2.50989	1	5	3	340	0.0128143
2.51003	1	1	3	223	0.00795714
2.51103	1	1	3	458	0.00795714
2.51181	1	5	3	340	0.0127429
2.51196	3	2	3	4022	0.00288571
2.51203	1	1	3	340	0.00795714
2.51203	3	3	3	1073	0.00295714
2.51274	1	5	3	340	0.0126714
2.51303	1	1	3	458	0.00795714
2.51403	3	1	3	736	0.00295714
2.51603	1	5	3	340	0.0129571
2.51703	3	2	3	3605	0.00295714
2.51746	1	3	3	531	0.00238571
2.51803	3	3	3	1073	0.00295714
2.51903	1	1	3	692	0.00795714
2.52003	3	1	3	2178	0.00295714
2.52003	1	1	3	340	0.00795714
2.52024	1	2	3	267	0.00217143
2.52031	1	4	3	106	0.00224286
2.52103	1	1	3	340	0.00795714
2.52203	1	1	3	340	0.00795714
2.52224	1	3	3	531	0.00217143
2.52303	1	1	3	340	0.00795714
2.5236	1	3	3	1612	0.00252857
2.52403	1	5	3	692	0.0129571
2.52403	3	3	3	1073	0.00295714
2.52439	1	3	3	531	0.00231428
2.52496	3	2	3	2912	0.00288571
2.52503	1	5	3	1044	0.0129571
2.52539	1	2	3	267	0.00231428
2.52546	1	3	3	531	0.00238571
2.52553	1	4	3	106	0.00245714
2.52624	1	2	3	267	0.00217143
2.52631	1	3	3	531	0.00224286
2.52639	1	4	3	106	0.00231428
2.52703	1	5	3	1044	0.00795714
2.52731	1	2	3	267	0.00224286
2.52739	1	3	3	531	0.00231428
2.52803	1	5	3	927	0.0129571
2.52831	1	2	3	545	0.00224286
2.52846	1	3	3	1073	0.00238571
2.52903	1	1	3	340	0.00795714
2.52931	1	2	3	545	0.00224286
2.52946	1	3	3	1073	0.00238571
2.52967	1	4	3	340	0.0026
2.53003	3	3	3	2155	0.00295714
2.53003	1	1	3	223	0.00795714
2.53024	1	2	3	267	0.00217143
2.53031	1	3	3	531	0.00224286
2.53089	1	5	3	809	0.0128143
2.53103	1	1	3	223	0.00795714
2.53103	3	2	3	4022	0.00295714
2.53153	1	3	3	1612	0.00245714
2.53246	1	2	3	1102	0.00238571
2.53267	1	3	3	1127	0.0026
2.53296	1	4	3	106	0.00788571
2.53303	1	1	3	106	0.00795714
2.53346	1	2	3	545	0.00238571
2.53403	1	4	3	223	0.00795714
2.53403	3	1	3	633	0.00295714
2.53446	1	2	3	545	0.00238571
2.53481	1	4	3	340	0.00274285
2.53553	1	2	3	824	0.00245714
2.53603	3	3	3	362	0.00295714
2.53603	1	4	3	106	0.00795714
2.53631	1	2	3	405	0.00224286
2.53689	1	4	3	340	0.00781428
2.53703	1	1	3	223	0.00795714
2.53703	3	2	3	4022	0.00295714
2.53781	1	4	3	340	0.00274285
2.53803	1	5	3	340	0.00795714
2.53867	1	4	3	340	0.0026
2.53889	1	5	3	340	0.0128143
2.53903	1	1	3	223	0.00795714
2.53989	1	5	3	340	0.0128143
2.54003	3	1	3	3736	0.00295714
2.54003	1	1	3	223	0.00795714
2.54089	1	5	3	340	0.00781428
2.54103	1	1	3	223	0.00795714
2.54181	1	4	3	575	0.00274285
2.54203	1	5	3	340	0.0129571
2.54203	3	3	3	956	0.00295714
2.54296	1	1	3	340	0.00788571
2.54303	3	2	3	3605	0.00295714
2.54374	1	4	3	458	0.00267142
2.54503	1	4	3	340	0.00795714
2.54603	1	4	3	575	0.00795714
2.54703	1	1	3	458	0.00795714
2.54803	1	4	3	458	0.00795714
2.54874	1	5	3	458	0.00767142
2.54903	1	1	3	458	0.00795714
2.54974	1	5	3	575	0.00767142
2.55003	1	1	3	458	0.00795714
2.55074	1	5	3	340	0.00767142
2.55103	1	1	3	458	0.00795714
2.55103	3	2	3	4022	0.00295714
2.55203	1	4	3	458	0.00795714
2.55274	1	5	3	458	0.0126714
2.55303	1	1	3	458	0.00795714
2.55303	3	3	3	1073	0.00795714
2.55403	1	4	3	458	0.00795714
2.55403	3	1	3	633	0.00295714
2.55503	1	4	3	85	0.00795714
2.55674	1	5	3	458	0.0126714
2.55703	1	1	3	458	0.00795714
2.55703	3	2	3	4022	0.00295714
2.55874	1	5	3	458	0.00767142
2.55903	1	1	3	458	0.00795714
2.55903	3	3	3	3233	0.00295714
2.56003	3	1	3	5192	0.00295714
2.56003	1	1	3	172	0.00795714
2.56203	1	5	3	692	0.00895714
2.56274	1	5	3	340	0.00767142
2.56303	3	2	3	4022	0.00295714
2.56453	1	2	3	340	0.00245714
2.5646	1	3	3	531	0.00252857
2.56503	1	5	3	575	0.0129571
2.56503	3	3	3	471	0.00295714
2.56603	1	5	3	575	0.00795714
2.56703	1	1	3	692	0.00795714
2.56903	1	5	3	1396	0.00795714
2.56903	3	2	3	3952	0.00295714
2.56946	1	2	3	1396	0.00238571
2.56967	1	3	3	1612	0.0026
2.56996	1	4	3	106	0.00788571
2.57003	1	1	3	106	0.00795714
2.57031	1	2	3	692	0.00224286
2.57046	1	3	3	1073	0.00238571
2.57103	1	1	3	809	0.00795714
2.57146	1	2	3	692	0.00238571
2.5716	1	3	3	1073	0.00252857
2.57203	1	5	3	692	0.00795714
2.57203	3	3	3	1073	0.00295714
2.5726	1	5	3	692	0.00752857
2.57303	1	1	3	692	0.00795714
2.5736	1	2	3	1044	0.00252857
2.57381	1	3	3	1612	0.00274285
2.57403	3	1	3	633	0.00295714
2.57446	1	2	3	692	0.00238571
2.5746	1	3	3	1073	0.00252857
2.57481	1	4	3	340	0.00274285
2.57503	1	5	3	340	0.00795714
2.57553	1	2	3	980	0.00245714
2.57574	1	3	3	1612	0.00267142
2.57596	1	4	3	340	0.00288571
2.57696	1	1	3	223	0.00788571
2.5776	1	3	3	163	0.00252857
2.57781	1	4	3	338	0.00274285
2.57796	3	2	3	4022	0.00288571
2.57803	3	3	3	1073	0.00295714
2.57881	1	5	3	340	0.00774285
2.57903	1	1	3	340	0.00795714
2.57967	1	4	3	340	0.0026
2.58003	1	1	3	223	0.00795714
2.58089	1	5	3	106	0.0128143
2.58103	3	1	3	404	0.00295714
2.58103	1	1	3	223	0.00795714
2.58181	1	5	3	340	0.00774285
2.58203	1	4	3	340	0.00795714
2.58289	1	5	3	340	0.00781428
2.58303	1	1	3	223	0.00795714
2.58303	3	2	3	6169	0.00295714
2.58403	1	4	3	223	0.00795714
2.58481	1	4	3	575	0.00274285
2.58503	3	1	3	7701	0.00795714
2.58503	1	5	3	340	0.00795714
2.58603	1	4	3	927	0.00795714
2.58639	1	4	3	340	0.00231428
2.58703	1	1	3	692	0.00795714
2.58803	1	4	3	809	0.00795714
2.58831	1	4	3	223	0.00224286
2.58867	1	5	3	575	0.0076
2.58903	1	1	3	575	0.00795714
2.58903	3	3	3	1073	0.00795714
2.59003	1	1	3	458	0.00795714
2.59074	1	4	3	927	0.00267142
2.59089	1	5	3	223	0.00781428
2.59103	1	1	3	223	0.00795714
2.59103	3	2	3	2912	0.00295714
2.59203	1	5	3	340	0.00795714
2.59289	1	5	3	340	0.00781428
2.59303	1	1	3	223	0.00795714
2.59474	1	5	3	458	0.00767142
2.59503	1	4	3	458	0.00795714
2.59503	3	3	3	2515	0.00295714
2.59574	1	4	3	458	0.00267142
2.59667	1	4	3	575	0.0076
2.59696	1	1	3	458	0.00788571
2.59703	3	2	3	4022	0.00295714
2.59803	1	4	3	809	0.00795714
2.59846	1	5	3	458	0.00738571
2.59874	1	4	3	458	0.00767142
2.59903	1	1	3	458	0.00795714
2.59903	3	1	3	531	0.00295714
2.60003	1	1	3	458	0.00795714
2.60074	1	5	3	458	0.00767142
2.60103	1	1	3	458	0.00795714
2.60174	1	4	3	458	0.00267142
2.60203	3	3	3	956	0.00295714
2.60289	1	5	3	340	0.00781428
2.60303	1	1	3	223	0.00795714
2.60303	3	2	3	7625	0.00295714
2.60446	1	2	3	340	0.00238571
2.60474	1	5	3	458	0.00767142
2.60503	1	4	3	458	0.00795714
2.60603	1	4	3	458	0.00795714
2.60674	1	5	3	458	0.00767142
2.60703	1	1	3	458	0.00795714
2.60803	1	4	3	272	0.00795714
2.60803	3	3	3	1073	0.00295714
2.60874	1	5	3	458	0.00767142
2.60903	1	1	3	458	0.00795714
2.60946	1	2	3	1396	0.00238571
2.61003	3	1	3	7059	0.00795714
2.61003	1	1	3	105	0.00795714
2.61046	1	2	3	1396	0.00238571
2.6106	3	2	3	2912	0.00252857
2.61074	1	5	3	458	0.00767142
2.61103	3	1	3	2604	0.00795714
2.61267	1	2	3	2445	0.0026
2.61289	1	5	3	340	0.00781428
2.6136	1	2	3	1711	0.00252857
2.61403	3	3	3	1920	0.00295714
2.61467	1	3	3	531	0.0026
2.61503	1	5	3	575	0.00795714
2.61674	1	5	3	458	0.00767142
2.61703	3	2	3	4022	0.00295714
2.61903	1	5	3	692	0.00795714
2.6196	1	3	3	3233	0.00252857
2.62003	3	3	3	1073	0.00295714
2.6206	1	3	3	3233	0.00252857
2.6216	1	3	3	3198	0.00252857
2.62203	1	4	3	106	0.00795714
2.62296	1	5	3	692	0.00788571
2.62303	3	2	3	8052	0.00295714
2.62403	3	1	3	633	0.00295714
2.62503	1	5	3	588	0.00795714
2.62603	1	5	3	692	0.0129571
2.62603	3	3	3	1073	0.00295714
2.62667	1	2	3	340	0.0026
2.62703	1	5	3	575	0.00795714
2.6276	1	4	3	692	0.00252857
2.62846	1	4	3	458	0.00238571
2.62903	3	2	3	3941	0.00295714
2.63103	3	1	3	1860	0.00295714
2.6316	1	2	3	2096	0.00252857
2.63196	1	4	3	575	0.00288571
2.63203	3	3	3	1075	0.00295714
2.63203	1	1	3	106	0.00795714
2.63239	1	2	3	1044	0.00231428
2.6326	1	4	3	340	0.00252857
2.63331	1	2	3	692	0.00224286
2.63403	1	5	3	859	0.0129571
2.63503	3	1	3	7701	0.00795714
2.63503	1	4	3	1044	0.00795714
2.63603	1	4	3	1396	0.00795714
2.63653	1	2	3	1744	0.00245714
2.6366	1	3	3	531	0.00252857
2.63696	1	4	3	575	0.00288571
2.63703	3	2	3	4022	0.00295714
2.63796	1	2	3	1744	0.00288571
2.63867	1	2	3	1044	0.0026
2.63903	1	4	3	223	0.00795714
2.63903	3	3	3	1073	0.00295714
2.6396	1	2	3	45	0.00252857
2.63981	1	4	3	340	0.00274285
2.64003	1	5	3	340	0.0129571
2.64074	1	4	3	340	0.00267142
2.64174	1	3	3	1612	0.00267142
2.64196	1	4	3	340	0.00288571
2.64203	1	5	3	106	0.00795714
2.64246	1	3	3	1073	0.00238571
2.64303	1	1	3	692	0.00795714
2.64303	3	2	3	8052	0.00295714
2.64339	1	3	3	1073	0.00231428
2.64374	1	5	3	340	0.00767142
2.64403	1	1	3	458	0.00795714
2.64439	1	3	3	1543	0.00231428
2.6446	1	4	3	340	0.00252857
2.64503	1	1	3	340	0.00795714
2.64503	3	3	3	956	0.00295714
2.64567	1	4	3	692	0.0026
2.64589	1	5	3	340	0.00781428
2.64603	1	1	3	223	0.00795714
2.64667	1	4	3	340	0.0026
2.64703	1	1	3	223	0.00795714
2.64796	1	5	3	106	0.00788571
2.64803	1	4	3	106	0.00795714
2.64903	1	4	3	223	0.00795714
2.64903	3	2	3	3941	0.00295714
2.64981	1	4	3	575	0.00274285
2.65003	1	5	3	340	0.00795714
2.65074	1	4	3	67	0.00267142
2.65103	3	3	3	1073	0.00295714
2.65203	1	5	3	340	0.00795714
2.65303	1	1	3	575	0.00795714
2.65374	1	5	3	340	0.00767142
2.65403	1	1	3	458	0.00795714
2.65403	3	1	3	531	0.00795714
2.65503	1	1	3	458	0.00795714
2.65574	1	5	3	458	0.00767142
2.65603	1	1	3	458	0.00795714
2.65696	1	1	3	458	0.00788571
2.65696	3	3	3	2155	0.00288571
2.65803	1	5	3	575	0.00795714
2.65803	3	2	3	4022	0.00295714
2.65996	1	5	3	809	0.00788571
2.66003	3	1	3	7701	0.00295714
2.66103	3	1	3	506	0.00295714
2.66203	1	5	3	809	0.00795714
2.66203	3	3	3	479	0.00295714
2.66303	1	1	3	809	0.00795714
2.6636	1	5	3	692	0.00752857
2.66403	1	1	3	692	0.00795714
2.66403	3	2	3	6169	0.00295714
2.66424	1	2	3	340	0.00217143
2.66431	1	3	3	531	0.00224286
2.66503	1	1	3	458	0.00795714
2.6656	1	5	3	692	0.00752857
2.66603	1	1	3	692	0.00795714
2.66646	1	4	3	458	0.00238571
2.66703	1	1	3	575	0.00795714
2.66767	1	4	3	340	0.0026
2.66803	1	5	3	575	0.00795714
2.66874	1	4	3	458	0.00267142
2.66903	3	3	3	1073	0.00295714
2.66946	1	2	3	692	0.00238571
2.6696	1	3	3	1073	0.00252857
2.66996	1	5	3	328	0.00788571
2.67003	1	4	3	106	0.00795714
2.6706	1	2	3	1044	0.00252857
2.67081	1	3	3	1612	0.00274285
2.67103	1	4	3	340	0.00295714
2.67146	1	2	3	692	0.00238571
2.6716	1	3	3	1073	0.00252857
2.67181	1	4	3	340	0.00274285
2.67203	1	5	3	340	0.00795714
2.67203	3	2	3	2912	0.00295714
2.67231	1	2	3	692	0.00224286
2.67246	1	3	3	1073	0.00238571
2.67267	1	4	3	340	0.0026
2.67303	1	1	3	458	0.00795714
2.67331	1	2	3	692	0.00224286
2.67339	1	3	3	472	0.00231428
2.67346	1	4	3	106	0.00238571
2.67374	1	5	3	458	0.00767142
2.67403	1	1	3	458	0.00795714
2.67431	1	2	3	692	0.00224286
2.67467	1	4	3	340	0.0026
2.67503	1	1	3	223	0.00795714
2.67503	3	3	3	1073	0.00295714
2.67531	1	2	3	692	0.00224286
2.6756	1	4	3	223	0.00252857
2.67603	1	1	3	340	0.00795714
2.67639	1	2	3	1044	0.00231428
2.67681	1	4	3	340	0.00274285
2.67696	1	1	3	223	0.00788571
2.67767	1	2	3	1044	0.0026
2.67796	1	4	3	340	0.00288571
2.67803	3	2	3	4022	0.00295714
2.6786	1	2	3	1044	0.00252857
2.67881	1	4	3	340	0.00274285
2.67903	3	1	3	633	0.00295714
2.6796	1	2	3	1044	0.00252857
2.67981	1	4	3	323	0.00274285
2.68003	1	5	3	340	0.00795714
2.6806	1	2	3	504	0.00252857
2.68103	1	5	3	340	0.00795714
2.68103	3	3	3	1073	0.00295714
2.68274	1	5	3	106	0.0126714
2.68303	1	1	3	458	0.00795714
2.68381	1	5	3	340	0.00774285
2.68403	1	1	3	340	0.00795714
2.68403	3	2	3	4022	0.00295714
2.68496	3	1	3	7059	0.00288571
2.68503	1	1	3	340	0.00795714
2.68603	3	1	3	2502	0.00295714
2.68603	1	1	3	340	0.00795714
2.68681	1	5	3	340	0.00774285
2.68703	1	1	3	340	0.00795714
2.68703	3	3	3	2155	0.00295714
2.69003	3	2	3	4022	0.00295714
2.69103	1	5	3	1044	0.00795714
2.6926	1	5	3	197	0.00752857
2.69303	1	1	3	505	0.00795714
2.69303	3	3	3	362	0.00295714
2.69367	1	5	3	809	0.0076
2.69467	1	5	3	809	0.0126
2.69503	1	1	3	575	0.00795714
2.6956	1	2	3	340	0.00252857
2.69567	1	3	3	531	0.0026
2.69574	1	4	3	106	0.00267142
2.69603	1	1	3	340	0.00795714
2.69603	3	2	3	4022	0.00295714
2.69667	1	5	3	340	0.0076
2.69703	1	1	3	575	0.00795714
2.69803	3	1	3	633	0.00295714
2.69903	3	3	3	956	0.00295714
2.70053	1	2	3	1044	0.00245714
2.70074	1	3	3	1612	0.00267142
2.70096	1	4	3	340	0.00288571
2.70146	1	2	3	692	0.00238571
2.7016	1	3	3	1073	0.00252857
2.70181	1	4	3	340	0.00274285
2.70203	3	2	3	4022	0.00295714
2.70231	1	2	3	692	0.00224286
2.70246	1	3	3	1073	0.00238571
2.7026	1	4	3	223	0.00252857
2.70289	1	5	3	458	0.00781428
2.70296	1	1	3	106	0.00788571
2.70346	1	5	3	458	0.00738571
2.70403	3	1	3	5192	0.00295714
2.70403	1	1	3	927	0.00795714
2.70446	1	5	3	458	0.00738571
2.70503	1	1	3	927	0.00795714
2.70503	3	3	3	1073	0.00295714
2.70539	1	2	3	824	0.00231428
2.7056	1	3	3	1612	0.00252857
2.70581	1	4	3	340	0.00274285
2.70589	1	5	3	106	0.0128143
2.70603	1	1	3	223	0.00795714
2.70631	1	2	3	545	0.00224286
2.70646	1	3	3	1073	0.00238571
2.70667	1	4	3	340	0.0026
2.70689	1	5	3	247	0.00781428
2.70703	1	1	3	223	0.00795714
2.7076	1	2	3	824	0.00252857
2.70781	1	3	3	317	0.00274285
2.70803	1	4	3	340	0.00295714
2.70803	3	2	3	4022	0.00295714
2.70853	1	2	3	824	0.00245714
2.70896	1	4	3	340	0.00288571
2.70946	1	2	3	545	0.00238571
2.70981	1	4	3	340	0.00274285
2.71046	1	2	3	545	0.00238571
2.71081	1	4	3	340	0.00274285
2.71103	3	3	3	1073	0.00295714
2.71153	1	2	3	824	0.00245714
2.71181	1	4	3	340	0.00274285
2.71239	1	2	3	824	0.00231428
2.7126	1	4	3	340	0.00252857
2.71303	1	1	3	340	0.00795714
2.71346	1	2	3	237	0.00238571
2.71381	1	4	3	575	0.00274285
2.71389	1	5	3	106	0.00781428
2.71403	1	1	3	223	0.00795714
2.71403	3	2	3	4022	0.00295714
2.71467	1	4	3	340	0.0026
2.71489	1	5	3	340	0.00781428
2.71503	1	1	3	223	0.00795714
2.71567	1	4	3	340	0.0026
2.71589	1	5	3	340	0.00781428
2.71603	1	1	3	223	0.00795714
2.71667	1	4	3	340	0.0026
2.71689	1	5	3	340	0.00781428
2.71703	3	3	3	2155	0.00295714
2.71703	1	1	3	223	0.00795714
2.71796	1	5	3	340	0.00788571
2.71874	1	4	3	458	0.00267142
2.71974	1	4	3	458	0.00267142
2.72003	3	2	3	4022	0.00295714
2.72074	1	4	3	458	0.00267142
2.72174	1	4	3	458	0.00267142
2.72239	1	4	3	340	0.00231428
2.72296	3	3	3	1073	0.00288571
2.72303	1	1	3	692	0.00795714
2.72303	3	1	3	633	0.00795714
2.72346	1	4	3	458	0.00238571
2.72374	1	5	3	458	0.00767142
2.72403	1	1	3	458	0.00795714
2.72474	1	5	3	458	0.00767142
2.72503	1	1	3	458	0.00795714
2.72553	1	4	3	575	0.00245714
2.72574	1	5	3	340	0.00767142
2.72603	1	1	3	458	0.00795714
2.72603	3	2	3	4022	0.00295714
2.72646	1	4	3	458	0.00238571
2.72674	1	5	3	458	0.00767142
2.72703	1	1	3	458	0.00795714
2.72781	1	4	3	575	0.00274285
2.72803	1	5	3	340	0.00795714
2.72803	3	3	3	840	0.00295714
2.72874	1	4	3	224	0.00267142
2.73003	1	4	3	458	0.00795714
2.73203	3	2	3	4022	0.00295714
2.73303	1	1	3	458	0.00795714
2.73374	1	5	3	458	0.00767142
2.73403	3	1	3	5192	0.00795714
2.73403	1	1	3	458	0.00795714
2.73474	1	5	3	458	0.00767142
2.73503	1	1	3	208	0.00795714
2.73574	1	5	3	458	0.00767142
2.73603	3	3	3	1073	0.00295714
2.73667	1	5	3	458	0.0076
2.73803	1	5	3	404	0.00795714
2.73803	3	2	3	4022	0.00295714
2.74124	1	2	3	267	0.00217143
2.74131	1	3	3	531	0.00224286
2.74139	1	4	3	106	0.00231428
2.74203	3	3	3	1073	0.00295714
2.74403	3	2	3	4022	0.00295714
2.74503	1	5	3	1328	0.00795714
2.74603	1	5	3	1396	0.00795714
2.74624	1	2	3	267	0.00217143
2.74631	1	3	3	531	0.00224286
2.74639	1	4	3	106	0.00231428
2.74703	1	5	3	38	0.00795714
2.74739	1	2	3	545	0.00231428
2.74753	1	3	3	1073	0.00245714
2.74774	1	4	3	340	0.00267142
2.74803	3	3	3	1073	0.00295714
2.74853	1	2	3	824	0.00245714
2.74874	1	3	3	1612	0.00267142
2.74896	1	4	3	340	0.00288571
2.74903	1	5	3	106	0.0129571
2.74953	1	2	3	824	0.00245714
2.74974	1	3	3	1612	0.00267142
2.74996	1	4	3	340	0.00288571
2.75003	3	2	3	4022	0.00295714
2.75067	1	2	3	824	0.0026
2.75081	1	3	3	475	0.00274285
2.75103	1	4	3	340	0.00295714
2.7516	1	2	3	824	0.00252857
2.75203	1	4	3	340	0.00295714
2.75246	1	2	3	1102	0.00238571
2.75296	1	4	3	340	0.00288571
2.75303	1	1	3	106	0.00795714
2.75339	1	2	3	824	0.00231428
2.75381	1	4	3	340	0.00274285
2.75403	3	3	3	2155	0.00295714
2.75403	1	1	3	223	0.00795714
2.75446	1	2	3	1102	0.00238571
2.75481	1	4	3	458	0.00274285
2.75489	1	5	3	106	0.00781428
2.75503	1	1	3	223	0.00795714
2.75531	1	2	3	545	0.00224286
2.75553	1	4	3	340	0.00245714
2.75603	1	1	3	458	0.00795714
2.75603	3	2	3	4022	0.00295714
2.75646	1	2	3	1102	0.00238571
2.75674	1	4	3	458	0.00267142
2.75696	1	1	3	340	0.00788571
2.7576	1	2	3	824	0.00252857
2.75781	1	4	3	340	0.00274285
2.75803	3	1	3	633	0.00295714
2.75874	1	2	3	344	0.00267142
2.75896	1	4	3	340	0.00288571
2.75903	1	5	3	106	0.00795714
2.75981	1	4	3	340	0.00274285
2.76003	3	3	3	362	0.00295714
2.76081	1	4	3	340	0.00274285
2.76103	1	5	3	340	0.00795714
2.76181	1	4	3	340	0.00274285
2.76203	3	2	3	7768	0.00295714
2.7626	1	4	3	458	0.00252857
2.76281	1	5	3	340	0.00774285
2.76303	1	1	3	340	0.00795714
2.76403	1	1	3	458	0.00795714
2.7646	1	4	3	692	0.00252857
2.76481	1	5	3	340	0.00774285
2.76503	1	1	3	340	0.00795714
2.76546	1	4	3	164	0.00238571
2.76603	1	1	3	340	0.00795714
2.76603	3	3	3	1073	0.00295714
2.76681	1	5	3	340	0.00774285
2.76703	1	1	3	340	0.00795714
2.76874	1	5	3	458	0.00767142
2.76903	1	4	3	458	0.00795714
2.77003	3	1	3	6647	0.00895714
2.77103	1	5	3	575	0.00795714
2.77103	3	2	3	4022	0.00295714
2.77203	3	3	3	1073	0.00295714
2.77274	1	5	3	458	0.00767142
2.77303	1	1	3	458	0.00795714
2.77403	1	1	3	458	0.00795714
2.77467	1	5	3	575	0.0076
2.77503	1	1	3	575	0.00795714
2.77603	1	1	3	809	0.00795714
2.7766	1	5	3	575	0.00752857
2.77703	1	1	3	692	0.00795714
2.77703	3	2	3	6169	0.00295714
2.77803	3	3	3	1073	0.00295714
2.77903	1	5	3	927	0.00795714
2.78053	1	2	3	267	0.00245714
2.7806	1	3	3	531	0.00252857
2.78103	1	5	3	575	0.00795714
2.78296	1	1	3	692	0.00788571
2.7836	1	1	3	458	0.00752857
2.78403	1	5	3	39	0.00895714
2.78403	3	3	3	2155	0.00295714
2.7846	1	5	3	692	0.00752857
2.78503	1	1	3	692	0.00795714
2.78503	3	2	3	2912	0.00295714
2.78531	1	2	3	545	0.00224286
2.78546	1	3	3	1073	0.00238571
2.78574	1	4	3	106	0.00767142
2.78603	1	1	3	458	0.00795714
2.78624	1	5	3	106	0.00717143
2.78703	1	1	3	1278	0.00795714
2.7876	1	2	3	824	0.00252857
2.78781	1	3	3	1612	0.00274285
2.7886	1	2	3	824	0.00252857
2.78881	1	3	3	1612	0.00274285
2.78903	3	1	3	633	0.00295714
2.7896	1	2	3	824	0.00252857
2.78981	1	3	3	1004	0.00274285
2.79003	3	3	3	362	0.00295714
2.79046	1	2	3	545	0.00238571
2.79103	1	5	3	340	0.00795714
2.79103	3	2	3	4022	0.00295714
2.79146	1	2	3	545	0.00238571
2.79181	1	4	3	340	0.00274285
2.79231	1	2	3	545	0.00224286
2.79281	1	5	3	340	0.00774285
2.79303	1	1	3	340	0.00795714
2.79331	1	2	3	545	0.00224286
2.7936	1	4	3	223	0.00252857
2.79381	1	5	3	340	0.00774285
2.79403	1	1	3	340	0.00795714
2.79439	1	2	3	824	0.00231428
2.79481	1	5	3	340	0.00774285
2.79503	3	1	3	5192	0.00295714
2.79503	1	1	3	340	0.00795714
2.79546	1	2	3	1102	0.00238571
2.79589	1	4	3	340	0.00781428
2.79603	1	1	3	223	0.00795714
2.79603	3	3	3	1073	0.00295714
2.79646	1	2	3	1102	0.00238571
2.79689	1	5	3	340	0.00781428
2.79703	1	1	3	223	0.00795714
2.79703	3	2	3	8052	0.00295714
2.7976	1	2	3	824	0.00252857
2.79796	1	4	3	223	0.00788571
2.7986	1	2	3	824	0.00252857
2.79881	1	4	3	340	0.00274285
2.7996	1	2	3	80	0.00252857
2.80003	1	4	3	340	0.00795714
2.80074	1	4	3	340	0.00267142
2.80096	1	5	3	340	0.00788571
2.80203	1	4	3	340	0.00795714
2.80203	3	3	3	1073	0.00295714
2.8026	1	4	3	338	0.00252857
2.80281	1	5	3	340	0.00774285
2.80303	1	1	3	340	0.00795714
2.80303	3	2	3	4022	0.00295714
2.80381	1	5	3	340	0.00774285
2.80403	1	1	3	340	0.00795714
2.8046	1	4	3	692	0.00252857
2.80481	1	5	3	340	0.00774285
2.80503	1	1	3	340	0.00795714
2.80603	1	1	3	223	0.00795714
2.80681	1	5	3	340	0.00774285
2.80703	1	1	3	340	0.00795714
2.80803	3	3	3	1073	0.00295714
2.80896	3	1	3	633	0.00288571
2.80903	1	4	3	575	0.00795714
2.80903	3	2	3	4022	0.00295714
2.81067	1	5	3	575	0.0076
2.81103	1	4	3	575	0.00795714
2.81203	1	4	3	692	0.00795714
2.81246	1	5	3	458	0.00738571
2.81274	1	4	3	386	0.00767142
2.81303	1	1	3	458	0.00795714
2.81374	1	5	3	340	0.00767142
2.81389	3	1	3	5192	0.00281428
2.81403	1	1	3	458	0.00795714
2.81403	3	3	3	2155	0.00295714
2.81474	1	5	3	458	0.00767142
2.81503	1	1	3	458	0.00795714
2.81503	3	2	3	7546	0.00295714
2.81603	1	1	3	223	0.00795714
2.81674	1	5	3	340	0.00767142
2.81696	1	1	3	340	0.00788571
2.82003	3	3	3	1073	0.00295714
2.82103	1	5	3	1161	0.00795714
2.8226	1	5	3	692	0.00752857
2.82303	1	1	3	692	0.00795714
2.82339	1	2	3	267	0.00231428
2.82346	1	3	3	531	0.00238571
2.82353	1	4	3	106	0.00245714
2.82374	1	5	3	340	0.00767142
2.82403	1	1	3	458	0.00795714
2.8246	1	5	3	70	0.00752857
2.82503	1	1	3	692	0.00795714
2.82603	1	1	3	223	0.00795714
2.82603	3	3	3	723	0.00295714
2.82703	1	1	3	692	0.00795714
2.82703	3	1	3	633	0.00295714
2.82853	1	2	3	824	0.00245714
2.82874	1	3	3	1612	0.00267142
2.82903	3	2	3	4022	0.00295714
2.82946	1	2	3	545	0.00238571
2.8296	1	3	3	1073	0.00252857
2.82981	1	4	3	340	0.00274285
2.83024	1	2	3	267	0.00217143
2.83031	1	3	3	531	0.00224286
2.83067	1	5	3	575	0.0076
2.83103	1	4	3	575	0.00795714
2.83146	1	2	3	545	0.00238571
2.8316	1	3	3	1073	0.00252857
2.83246	1	5	3	458	0.00738571
2.83274	1	4	3	458	0.00767142
2.83303	1	1	3	458	0.00795714
2.83303	3	3	3	1073	0.00295714
2.83339	1	2	3	824	0.00231428
2.8336	1	3	3	1612	0.00252857
2.83367	1	5	3	106	0.0076
2.83389	1	4	3	340	0.00781428
2.83403	1	1	3	223	0.00795714
2.83431	1	2	3	545	0.00224286
2.83446	1	3	3	860	0.00238571
2.83467	1	4	3	340	0.0026
2.83489	1	5	3	299	0.00781428
2.83503	1	1	3	223	0.00795714
2.83503	3	2	3	6169	0.00295714
2.83553	1	2	3	824	0.00245714
2.83631	1	2	3	545	0.00224286
2.8366	1	5	3	340	0.00752857
2.83681	1	4	3	340	0.00774285
2.83696	1	1	3	223	0.00788571
2.83746	1	2	3	545	0.00238571
2.83803	3	1	3	6647	0.00795714
2.83846	1	2	3	545	0.00238571
2.83881	1	4	3	340	0.00274285
2.83903	3	3	3	1073	0.00295714
2.8396	1	2	3	824	0.00252857
2.83981	1	4	3	340	0.00274285
2.8406	1	2	3	1656	0.00252857
2.84067	1	5	3	106	0.0076
2.84089	1	4	3	340	0.00781428
2.84103	1	1	3	223	0.00795714
2.8416	1	2	3	824	0.00252857
2.84181	1	4	3	340	0.00274285
2.84246	1	2	3	640	0.00238571
2.84267	1	5	3	340	0.0076
2.84289	1	4	3	340	0.00781428
2.84303	1	1	3	223	0.00795714
2.84303	3	2	3	2912	0.00295714
2.84367	1	4	3	340	0.0026
2.84389	1	5	3	340	0.00781428
2.84403	1	1	3	223	0.00795714
2.8446	1	4	3	340	0.00252857
2.84481	1	5	3	340	0.00774285
2.84503	1	1	3	340	0.00795714
2.84581	1	4	3	340	0.00274285
2.84603	3	3	3	1073	0.00295714
2.8466	1	4	3	340	0.00252857
2.84681	1	5	3	340	0.00774285
2.84703	1	1	3	340	0.00795714
2.84774	1	4	3	297	0.00267142
2.84896	3	2	3	4022	0.00288571
2.85081	1	5	3	340	0.00774285
2.85103	1	1	3	340	0.00795714
2.85189	3	1	3	531	0.00281428
2.85203	3	3	3	2155	0.00295714
2.85274	1	5	3	458	0.00767142
2.85303	1	1	3	458	0.00795714
2.85374	1	5	3	458	0.00767142
2.85403	1	1	3	458	0.00795714
2.85403	3	2	3	6169	0.00295714
2.85474	1	5	3	458	0.00767142
2.85503	1	1	3	458	0.00795714
2.85674	1	5	3	458	0.00767142
2.85703	3	1	3	8205	0.00295714
2.85703	1	1	3	275	0.00795714
2.85803	3	3	3	1073	0.00295714
2.8606	1	5	3	692	0.00752857
2.86124	1	2	3	267	0.00217143
2.86131	1	3	3	531	0.00224286
2.86139	1	4	3	106	0.00231428
2.86203	3	2	3	1456	0.00295714
2.86403	1	5	3	1044	0.00895714
2.86403	3	3	3	723	0.00295714
2.86503	1	5	3	40	0.00895714
2.86624	1	2	3	267	0.00217143
2.86631	1	3	3	531	0.00224286
2.86703	1	5	3	1044	0.00795714
2.86731	1	2	3	545	0.00224286
2.86753	1	3	3	1612	0.00245714
2.86774	1	4	3	340	0.00267142
2.86803	1	5	3	390	0.00795714
2.86803	3	2	3	4022	0.00295714
2.86846	1	2	3	1102	0.00238571
2.86874	1	3	3	2155	0.00267142
2.86903	1	4	3	458	0.00295714
2.86946	1	2	3	1102	0.00238571
2.86974	1	3	3	2155	0.00267142
2.87003	1	4	3	458	0.00295714
2.87053	1	2	3	1102	0.00245714
2.87074	1	3	3	1612	0.00267142
2.87096	1	4	3	340	0.00288571
2.87103	3	1	3	736	0.00295714
2.8716	1	2	3	1656	0.00252857
2.87196	1	3	3	151	0.00288571
2.87203	1	4	3	106	0.00795714
2.87246	1	2	3	1102	0.00238571
2.87296	1	4	3	340	0.00288571
2.87339	1	2	3	824	0.00231428
2.87381	1	4	3	340	0.00274285
2.87403	3	2	3	4022	0.00295714
2.87439	1	2	3	824	0.00231428
2.87481	1	4	3	340	0.00274285
2.87503	3	3	3	1220	0.00795714
2.87546	1	2	3	1102	0.00238571
2.87603	1	1	3	106	0.00795714
2.87646	1	2	3	321	0.00238571
2.87674	1	4	3	458	0.00267142
2.87703	1	5	3	458	0.00295714
2.87796	1	5	3	106	0.00788571
2.87881	1	4	3	575	0.00274285
2.87903	1	5	3	340	0.00795714
2.87981	1	4	3	575	0.00274285
2.88003	1	5	3	340	0.00795714
2.88003	3	2	3	3605	0.00295714
2.88096	1	4	3	575	0.00788571
2.88103	3	3	3	2155	0.00295714
2.88174	1	4	3	458	0.00267142
2.88203	3	1	3	8929	0.00795714
2.88274	1	4	3	383	0.00267142
2.88303	3	1	3	528	0.00795714
2.88603	1	5	3	458	0.00795714
2.88674	1	5	3	458	0.00767142
2.88703	1	1	3	458	0.00795714
2.88703	3	3	3	924	0.00295714
2.88774	1	5	3	458	0.00767142
2.88803	1	1	3	458	0.00795714
2.88803	3	2	3	4022	0.00295714
2.88874	1	5	3	458	0.00767142
2.88903	1	1	3	458	0.00795714
2.88946	1	5	3	458	0.00738571
2.89003	1	1	3	458	0.00795714
2.89103	1	1	3	458	0.00795714
2.89303	3	3	3	1220	0.00295714
2.89403	3	2	3	4022	0.00295714
2.89531	1	2	3	267	0.00224286
2.89539	1	3	3	531	0.00231428
2.89603	1	5	3	927	0.00795714
2.89603	3	1	3	736	0.00295714
2.89696	1	1	3	692	0.00788571
2.8976	1	1	3	692	0.00752857
2.89803	1	5	3	692	0.00895714
2.89903	1	1	3	692	0.00795714
2.89903	3	3	3	1220	0.00295714
2.90003	1	1	3	692	0.00795714
2.90003	3	2	3	4022	0.00295714
2.90053	1	2	3	1381	0.00245714
2.90089	1	3	3	2694	0.00281428
2.90096	1	4	3	106	0.00788571
2.90103	1	1	3	106	0.00795714
2.9016	1	2	3	824	0.00252857
2.90181	1	3	3	1612	0.00274285
2.90274	1	2	3	1102	0.00267142
2.90296	1	3	3	1612	0.00288571
2.9036	1	2	3	802	0.00252857
2.90381	1	3	3	1612	0.00274285
2.90481	1	3	3	1612	0.00274285
2.90503	3	3	3	1220	0.00295714
2.9056	1	3	3	530	0.00252857
2.90581	1	4	3	340	0.00274285
2.90603	3	2	3	3952	0.00295714
2.9066	1	4	3	223	0.00252857
2.90703	3	1	3	8000	0.00795714
2.90703	1	1	3	340	0.00795714
2.90767	1	4	3	340	0.0026
2.90774	1	5	3	106	0.00767142
2.90803	1	1	3	458	0.00795714
2.9086	1	4	3	340	0.00252857
2.90881	1	5	3	340	0.00774285
2.90903	1	1	3	340	0.00795714
2.9096	1	4	3	575	0.00252857
2.90981	1	5	3	340	0.00774285
2.91003	1	1	3	340	0.00795714
2.91067	1	4	3	809	0.0026
2.91089	1	5	3	340	0.00781428
2.91103	1	1	3	223	0.00795714
2.91103	3	3	3	1220	0.00295714
2.91181	1	4	3	575	0.00274285
2.91203	1	5	3	340	0.00795714
2.91274	1	4	3	458	0.00267142
2.91374	1	4	3	458	0.00267142
2.91403	3	2	3	4022	0.00295714
2.91474	1	4	3	458	0.00267142
2.91503	1	5	3	458	0.00295714
2.91574	1	4	3	458	0.00267142
2.91667	1	4	3	708	0.0026
2.91696	1	1	3	458	0.00788571
2.91774	1	5	3	458	0.00767142
2.91803	1	1	3	458	0.00795714
2.91874	1	5	3	458	0.00767142
2.91903	1	1	3	458	0.00795714
2.92003	1	1	3	458	0.00795714
2.92003	3	2	3	4022	0.00295714
2.92074	1	5	3	458	0.00767142
2.92103	1	1	3	458	0.00795714
2.92203	3	3	3	856	0.00795714
2.92303	3	3	3	1073	0.00295714
2.92503	1	5	3	458	0.00795714
2.92596	3	1	3	736	0.00288571
2.92603	3	2	3	4022	0.00295714
2.9266	1	5	3	692	0.00752857
2.92703	1	1	3	692	0.00795714
2.9276	1	5	3	692	0.00752857
2.92803	1	1	3	692	0.00795714
2.92803	3	3	3	1793	0.00295714
2.9286	1	5	3	612	0.00752857
2.92903	1	1	3	692	0.00795714
2.93003	1	1	3	359	0.00795714
2.93103	3	1	3	8929	0.00295714
2.93196	3	1	3	528	0.00288571
2.93203	3	2	3	4022	0.00295714
2.93503	1	5	3	458	0.00795714
2.93796	3	2	3	4022	0.00288571
2.93803	3	3	3	1073	0.00295714
2.93803	1	5	3	106	0.00795714
2.93903	1	5	3	872	0.00795714
2.94024	1	2	3	267	0.00217143
2.94031	1	3	3	531	0.00224286
2.94039	1	4	3	106	0.00231428
2.94103	1	5	3	1044	0.00795714
2.94303	3	2	3	4022	0.00295714
2.94403	3	3	3	1073	0.00295714
2.94503	3	1	3	736	0.00295714
2.9456	1	2	3	824	0.00252857
2.94581	1	3	3	1612	0.00274285
2.94603	1	4	3	340	0.00295714
2.94646	1	2	3	1102	0.00238571
2.94667	1	3	3	1612	0.0026
2.94689	1	4	3	340	0.00281428
2.94696	1	5	3	106	0.00788571
2.94703	1	1	3	106	0.00795714
2.94746	1	2	3	545	0.00238571
2.9476	1	3	3	1073	0.00252857
2.94781	1	4	3	340	0.00274285
2.94853	1	5	3	575	0.00745714
2.94903	1	1	3	809	0.00795714
2.94903	3	2	3	4022	0.00295714
2.94953	1	5	3	575	0.00745714
2.95003	1	1	3	809	0.00795714
2.95003	3	3	3	1073	0.00295714
2.95031	1	2	3	545	0.00224286
2.95046	1	3	3	1073	0.00238571
2.95067	1	4	3	338	0.0026
2.95103	1	1	3	340	0.00795714
2.95146	1	2	3	545	0.00238571
2.9516	1	3	3	1073	0.00252857
2.95181	1	4	3	340	0.00274285
2.95203	3	1	3	528	0.00295714
2.95231	1	2	3	545	0.00224286
2.95246	1	3	3	1073	0.00238571
2.95267	1	4	3	340	0.0026
2.95289	1	5	3	340	0.00781428
2.95303	1	1	3	223	0.00795714
2.95346	1	2	3	545	0.00238571
2.9536	1	3	3	703	0.00252857
2.95381	1	4	3	340	0.00274285
2.95446	1	2	3	545	0.00238571
2.95481	1	4	3	340	0.00274285
2.95503	3	2	3	4022	0.00295714
2.95546	1	2	3	379	0.00238571
2.95589	1	4	3	340	0.00281428
2.95603	3	1	3	8929	0.00795714
2.95603	1	5	3	223	0.00795714
2.95667	1	4	3	340	0.0026
2.95689	1	5	3	340	0.00781428
2.95703	3	3	3	2155	0.00295714
2.95703	1	1	3	223	0.00795714
2.95867	1	4	3	340	0.0026
2.95889	1	5	3	340	0.00781428
2.95903	1	1	3	223	0.00795714
2.95967	1	4	3	575	0.0026
2.95989	1	5	3	340	0.00781428
2.96003	1	1	3	223	0.00795714
2.96046	1	4	3	458	0.00238571
2.96096	1	1	3	223	0.00788571
2.96103	3	2	3	4022	0.00295714
2.96174	1	4	3	458	0.00267142
2.9626	1	4	3	692	0.00252857
2.96281	1	5	3	340	0.00774285
2.96303	1	1	3	340	0.00795714
2.96303	3	3	3	1073	0.00295714
2.96374	1	4	3	458	0.00267142
2.96474	1	4	3	458	0.00267142
2.96567	1	4	3	340	0.0026
2.96603	1	5	3	575	0.00795714
2.96674	1	5	3	458	0.00767142
2.96703	1	1	3	458	0.00795714
2.96703	3	2	3	7489	0.00295714
2.96874	1	5	3	458	0.00767142
2.96903	1	1	3	458	0.00795714
2.96903	3	3	3	723	0.00295714
2.96974	1	5	3	458	0.00767142
2.97003	1	1	3	458	0.00795714
2.97103	1	1	3	458	0.00795714
2.97274	1	5	3	458	0.00767142
2.97303	1	1	3	458	0.00795714
2.97489	3	1	3	531	0.00281428
2.97496	3	2	3	2912	0.00288571
2.97503	3	3	3	1073	0.00295714
2.97603	1	5	3	106	0.00795714
2.97696	1	1	3	692	0.00788571
2.97803	1	5	3	456	0.00895714
2.9786	1	5	3	692	0.00752857
2.97903	1	1	3	692	0.00795714
2.9796	1	5	3	692	0.00752857
2.98003	3	1	3	8929	0.00295714
2.98003	1	1	3	692	0.00795714
2.98089	3	1	3	733	0.00281428
2.98096	3	2	3	4022	0.00288571
2.98103	1	1	3	1278	0.00795714
2.98103	3	3	3	1073	0.00295714
2.98181	1	2	3	267	0.00274285
2.98189	1	3	3	531	0.00281428
2.98196	1	4	3	106	0.00288571
2.98203	1	5	3	52	0.00795714
2.98303	1	1	3	692	0.00795714
2.98603	3	2	3	8052	0.00295714
2.98603	1	5	3	106	0.00795714
2.98631	1	2	3	545	0.00224286
2.98639	1	3	3	531	0.00231428
2.98646	1	4	3	106	0.00238571
2.98703	1	1	3	927	0.00795714
2.98703	3	3	3	1073	0.00295714
2.98753	1	2	3	824	0.00245714
2.98774	1	3	3	1612	0.00267142
2.98796	1	4	3	340	0.00288571
2.98803	1	5	3	106	0.00795714
2.98903	1	1	3	1396	0.00795714
2.98924	1	5	3	106	0.00717143
2.99003	1	1	3	1278	0.00795714
2.99103	1	1	3	1278	0.00795714
2.99146	1	2	3	545	0.00238571
2.9916	1	3	3	1073	0.00252857
2.99181	1	4	3	340	0.00274285
2.99203	3	2	3	3941	0.00295714
2.99231	1	2	3	545	0.00224286
2.99246	1	3	3	1073	0.00238571
2.99267	1	4	3	340	0.0026
2.99303	3	3	3	2155	0.00295714
2.99303	1	1	3	223	0.00795714
2.99346	1	2	3	545	0.00238571
2.9936	1	3	3	1073	0.00252857
2.99381	1	4	3	340	0.00274285
2.99446	1	2	3	545	0.00238571
2.9946	1	3	3	1073	0.00252857
2.99481	1	4	3	340	0.00274285
2.99553	1	2	3	824	0.00245714
2.99574	1	3	3	1612	0.00267142
2.99596	1	4	3	340	0.00288571
2.99603	1	5	3	106	0.00795714
2.99631	1	2	3	545	0.00224286
2.99646	1	3	3	1073	0.00238571
2.9966	1	4	3	223	0.00252857
2.99681	1	5	3	340	0.00774285
2.99696	1	1	3	223	0.00788571
2.99746	1	2	3	545	0.00238571
2.9976	1	3	3	559	0.00252857
2.99781	1	4	3	340	0.00274285
2.99803	1	5	3	340	0.00795714
2.99831	1	2	3	114	0.00224286
2.99867	1	4	3	340	0.0026
2.99889	1	5	3	340	0.00781428
2.99896	3	1	3	736	0.00288571
2.99903	1	1	3	223	0.00795714
2.99903	3	3	3	362	0.00295714
2.99967	1	4	3	340	0.0026
2.99989	1	5	3	340	0.00781428
3.00003	1	1	3	223	0.00795714
3.00003	3	2	3	4022	0.00295714
3.00067	1	4	3	340	0.0026
3.00103	1	1	3	223	0.00795714
3.00181	1	4	3	340	0.00274285
3.00253	1	4	3	458	0.00245714
3.00303	1	1	3	223	0.00795714
3.00367	1	4	3	692	0.0026
3.0046	1	4	3	564	0.00252857
3.00496	3	1	3	528	0.00288571
3.00596	3	2	3	8052	0.00288571
3.00603	1	5	3	340	0.00795714
3.00603	3	3	3	1073	0.00295714
3.00689	1	5	3	340	0.00781428
3.00803	1	5	3	575	0.00795714
3.00896	1	5	3	575	0.00788571
3.01003	3	1	3	8929	0.00895714
3.01003	1	5	3	692	0.00795714
3.01103	3	2	3	3941	0.00295714
3.01203	3	3	3	1073	0.00295714
3.01603	1	5	3	1396	0.00795714
3.01703	1	5	3	1278	0.00795714
3.01746	1	3	3	531	0.00238571
3.01753	1	4	3	106	0.00245714
3.01803	1	5	3	208	0.00795714
3.01803	3	3	3	1073	0.00295714
3.01903	3	2	3	4022	0.00295714
3.01903	1	1	3	4	0.00795714
3.02253	1	3	3	2694	0.00245714
3.02289	1	4	3	575	0.00281428
3.02353	1	3	3	2155	0.00245714
3.02381	1	4	3	458	0.00274285
3.02389	3	1	3	736	0.00281428
3.02403	3	3	3	2155	0.00295714
3.02439	1	2	3	267	0.00231428
3.0246	1	3	3	1612	0.00252857
3.02481	1	4	3	340	0.00274285
3.02503	3	2	3	8052	0.00295714
3.02603	1	5	3	1396	0.00795714
3.0266	1	3	3	1612	0.00252857
3.02681	1	4	3	340	0.00274285
3.02774	1	3	3	1597	0.00267142
3.02796	1	4	3	340	0.00288571
3.02803	1	5	3	38	0.00795714
3.02874	1	4	3	458	0.00267142
3.02903	3	1	3	3633	0.00295714
3.02903	1	1	3	106	0.00795714
3.02931	1	2	3	545	0.00224286
3.02967	1	4	3	340	0.0026
3.02989	1	5	3	340	0.00781428
3.03003	1	1	3	223	0.00795714
3.03003	3	3	3	1073	0.00295714
3.03053	1	2	3	824	0.00245714
3.03096	1	4	3	340	0.00288571
3.03103	3	2	3	4022	0.00295714
3.03131	1	2	3	545	0.00224286
3.0316	1	4	3	223	0.00252857
3.03181	1	5	3	340	0.00774285
3.03203	1	1	3	340	0.00795714
3.03231	1	2	3	545	0.00224286
3.03253	1	4	3	340	0.00245714
3.03303	1	1	3	458	0.00795714
3.0336	1	2	3	824	0.00252857
3.03381	1	4	3	340	0.00274285
3.0346	1	2	3	824	0.00252857
3.03481	1	4	3	340	0.00274285
3.03546	1	2	3	1102	0.00238571
3.03581	1	4	3	575	0.00274285
3.03589	1	5	3	106	0.00781428
3.03603	1	1	3	223	0.00795714
3.03603	3	3	3	723	0.00295714
3.0366	1	2	3	824	0.00252857
3.03681	1	4	3	340	0.00274285
3.03703	3	2	3	4022	0.00295714
3.03774	1	2	3	998	0.00267142
3.03796	1	5	3	340	0.00788571
3.0386	1	4	3	340	0.00252857
3.03881	1	5	3	340	0.00774285
3.03903	1	1	3	340	0.00795714
3.0396	1	4	3	340	0.00252857
3.03981	1	5	3	340	0.00774285
3.04003	1	1	3	340	0.00795714
3.04074	1	4	3	340	0.00267142
3.0416	1	4	3	340	0.00252857
3.04181	1	5	3	340	0.00774285
3.04203	1	1	3	340	0.00795714
3.04203	3	3	3	1073	0.00295714
3.04246	1	4	3	458	0.00238571
3.04289	3	1	3	736	0.00281428
3.04303	1	1	3	458	0.00795714
3.04303	3	2	3	8052	0.00295714
3.04374	1	4	3	458	0.00267142
3.04474	1	4	3	458	0.00267142
3.04567	1	4	3	809	0.0026
3.04589	1	5	3	340	0.00781428
3.04603	1	1	3	223	0.00795714
3.04674	1	4	3	458	0.00267142
3.04774	1	4	3	458	0.00267142
3.04803	1	5	3	458	0.00795714
3.04803	3	3	3	1073	0.00295714
3.04846	1	4	3	328	0.00238571
3.04874	1	5	3	458	0.00767142
3.04903	1	1	3	458	0.00795714
3.04903	3	2	3	3862	0.00295714
3.04974	1	5	3	458	0.00767142
3.05003	1	1	3	458	0.00795714
3.05174	1	5	3	458	0.00767142
3.05203	1	1	3	458	0.00795714
3.05303	3	1	3	5089	0.00795714
3.05303	1	1	3	458	0.00795714
3.05403	3	3	3	1073	0.00295714
3.05574	1	5	3	458	0.00767142
3.05603	1	1	3	458	0.00795714
3.05803	1	5	3	106	0.00795714
3.05803	3	2	3	4022	0.00295714
3.0586	1	5	3	692	0.00752857
3.05903	1	1	3	692	0.00795714
3.0596	1	5	3	692	0.00752857
3.06003	1	1	3	692	0.00795714
3.06003	3	3	3	2155	0.00295714
3.06053	1	2	3	208	0.00245714
3.0606	1	3	3	531	0.00252857
3.06067	1	4	3	106	0.0026
3.0616	1	5	3	575	0.00752857
3.06203	1	1	3	692	0.00795714
3.06303	1	1	3	1278	0.00795714
3.06403	3	2	3	6169	0.00295714
3.06524	1	2	3	208	0.00217143
3.06531	1	3	3	531	0.00224286
3.06539	1	4	3	106	0.00231428
3.06574	1	5	3	351	0.00767142
3.06603	1	1	3	458	0.00795714
3.06603	3	3	3	362	0.00295714
3.06653	1	2	3	648	0.00245714
3.06674	1	3	3	1612	0.00267142
3.06696	1	4	3	340	0.00288571
3.06753	1	2	3	648	0.00245714
3.06774	1	3	3	1612	0.00267142
3.06796	1	4	3	340	0.00288571
3.06803	1	5	3	106	0.00795714
3.06846	1	5	3	458	0.00738571
3.06903	1	1	3	927	0.00795714
3.06946	1	5	3	458	0.00738571
3.07003	1	1	3	154	0.00795714
3.07046	1	2	3	428	0.00238571
3.0706	1	3	3	1073	0.00252857
3.07081	1	4	3	340	0.00274285
3.07139	1	2	3	648	0.00231428
3.0716	1	3	3	1612	0.00252857
3.07181	1	4	3	340	0.00274285
3.07189	3	1	3	736	0.00281428
3.07189	1	5	3	106	0.00781428
3.07196	3	2	3	2912	0.00288571
3.07203	3	3	3	1073	0.00295714
3.07231	1	2	3	428	0.00224286
3.07253	1	3	3	1612	0.00245714
3.07274	1	4	3	340	0.00267142
3.07339	1	2	3	648	0.00231428
3.0736	1	3	3	1612	0.00252857
3.07381	1	4	3	340	0.00274285
3.07439	1	2	3	648	0.00231428
3.07481	1	4	3	340	0.00274285
3.07531	1	2	3	428	0.00224286
3.07567	1	4	3	338	0.0026
3.07589	1	5	3	340	0.00781428
3.07646	1	2	3	868	0.00238571
3.07696	1	4	3	340	0.00288571
3.07746	1	2	3	38	0.00238571
3.07789	1	4	3	340	0.00281428
3.07796	3	2	3	4022	0.00288571
3.07803	1	5	3	223	0.00795714
3.07803	3	3	3	1073	0.00295714
3.07881	1	4	3	575	0.00274285
3.07903	1	5	3	340	0.00795714
3.07981	1	4	3	575	0.00274285
3.08003	1	5	3	340	0.00795714
3.08074	1	4	3	458	0.00267142
3.08196	1	4	3	1161	0.00288571
3.08203	3	1	3	5089	0.00795714
3.08303	1	4	3	1396	0.00295714
3.08303	3	2	3	4022	0.00295714
3.0836	1	4	3	692	0.00252857
3.08403	3	3	3	1073	0.00295714
3.0846	1	4	3	303	0.00252857
3.08603	1	5	3	458	0.00795714
3.08703	3	4	3	428	0.00295714
3.08703	1	5	3	106	0.00795714
3.08896	3	2	3	2150	0.00288571
3.08903	1	5	3	692	0.00795714
3.0896	1	3	3	13	0.00252857
3.09003	1	5	3	691	0.00795714
3.09003	3	3	3	2155	0.00295714
3.09303	1	5	3	692	0.00795714
3.09303	3	4	3	1030	0.00295714
3.09596	3	1	3	736	0.00288571
3.09603	1	5	3	742	0.00795714
3.09603	3	3	3	362	0.00295714
3.09624	1	3	3	531	0.00217143
3.09703	1	5	3	1278	0.00795714
3.09703	3	2	3	4022	0.00295714
3.09789	1	2	3	208	0.00281428
3.09796	1	4	3	106	0.00288571
3.09903	1	5	3	156	0.00795714
3.10103	3	1	3	6544	0.00295714
3.10203	1	3	3	6475	0.00295714
3.10239	1	2	3	648	0.00231428
3.1026	1	3	3	1612	0.00252857
3.10281	1	4	3	340	0.00274285
3.10296	1	1	3	106	0.00788571
3.10303	3	2	3	3258	0.00295714
3.10346	1	2	3	868	0.00238571
3.10374	1	3	3	1578	0.00267142
3.10403	1	4	3	458	0.00295714
3.10453	1	2	3	1088	0.00245714
3.10496	1	4	3	575	0.00288571
3.10553	1	2	3	1088	0.00245714
3.10589	1	4	3	575	0.00281428
3.10603	1	5	3	223	0.00795714
3.10646	1	2	3	868	0.00238571
3.10674	1	4	3	458	0.00267142
3.10703	3	3	3	1073	0.00795714
3.10746	1	2	3	428	0.00238571
3.10781	1	4	3	428	0.00274285
3.1086	1	2	3	642	0.00252857
3.10881	1	4	3	428	0.00274285
3.10996	1	4	3	428	0.00288571
3.11003	1	5	3	106	0.00795714
3.11081	1	4	3	428	0.00274285
3.11103	3	2	3	2912	0.00295714
3.11174	1	4	3	428	0.00267142
3.11203	1	5	3	458	0.00795714
3.11203	3	4	3	531	0.00795714
3.11267	1	4	3	428	0.0026
3.11289	1	5	3	340	0.00781428
3.11303	3	3	3	2155	0.00295714
3.11303	1	1	3	223	0.00795714
3.1136	1	4	3	868	0.00252857
3.11381	1	5	3	340	0.00774285
3.11403	1	1	3	340	0.00795714
3.11446	1	4	3	575	0.00238571
3.11503	1	1	3	458	0.00795714
3.1156	1	4	3	868	0.00252857
3.11581	1	5	3	340	0.00774285
3.11603	1	1	3	340	0.00795714
3.11653	1	4	3	721	0.00245714
3.11703	1	1	3	223	0.00795714
3.11703	3	2	3	4022	0.00295714
3.11803	3	4	3	2383	0.00295714
3.11874	1	4	3	575	0.00267142
3.11903	3	3	3	2155	0.00295714
3.11974	1	4	3	575	0.00267142
3.12003	1	5	3	458	0.00795714
3.12003	3	1	3	736	0.00295714
3.12074	1	4	3	575	0.00267142
3.12167	1	4	3	340	0.0026
3.12203	1	5	3	575	0.00795714
3.12224	1	4	3	55	0.00217143
3.1226	1	5	3	575	0.00752857
3.12303	1	1	3	692	0.00795714
3.12303	3	2	3	4022	0.00295714
3.12374	1	5	3	458	0.00767142
3.12403	1	1	3	458	0.00795714
3.12503	1	1	3	458	0.00795714
3.12503	3	3	3	350	0.00295714
3.12574	1	5	3	340	0.00767142
3.12603	3	1	3	5089	0.00295714
3.12603	1	1	3	458	0.00795714
3.12703	1	1	3	458	0.00795714
3.12903	3	2	3	3605	0.00295714
3.13003	1	5	3	458	0.00795714
3.13196	3	3	3	1073	0.00288571
3.13203	1	5	3	575	0.00795714
3.13203	3	4	3	531	0.00295714
3.1326	1	5	3	508	0.00752857
3.13303	1	1	3	692	0.00795714
3.13403	1	1	3	692	0.00795714
3.13424	1	2	3	208	0.00217143
3.13431	1	3	3	531	0.00224286
3.13439	1	4	3	135	0.00231428
3.13503	1	1	3	927	0.00795714
3.1356	1	5	3	692	0.00752857
3.13603	1	1	3	692	0.00795714
3.13696	1	1	3	809	0.00788571
3.13696	3	3	3	1073	0.00288571
3.13746	3	2	3	4022	0.00238571
3.13803	3	4	3	3838	0.00295714
3.13953	1	2	3	648	0.00245714
3.13974	1	3	3	1612	0.00267142
3.13996	1	4	3	428	0.00288571
3.14003	3	1	3	736	0.00295714
3.14003	1	5	3	106	0.00795714
3.14046	1	2	3	428	0.00238571
3.1406	1	3	3	1073	0.00252857
3.14081	1	4	3	428	0.00274285
3.14146	1	2	3	428	0.00238571
3.1416	1	3	3	1073	0.00252857
3.14174	1	4	3	282	0.00267142
3.14203	1	5	3	458	0.00795714
3.14203	3	3	3	1073	0.00295714
3.1426	1	5	3	692	0.00752857
3.14303	1	1	3	692	0.00795714
3.14303	3	2	3	6169	0.00295714
3.1436	1	5	3	692	0.00752857
3.14403	1	1	3	692	0.00795714
3.14431	1	2	3	428	0.00224286
3.14446	1	3	3	87	0.00238571
3.14467	1	4	3	428	0.0026
3.14503	1	1	3	223	0.00795714
3.14531	1	2	3	428	0.00224286
3.14567	1	4	3	428	0.0026
3.14589	1	5	3	234	0.00781428
3.14603	1	1	3	223	0.00795714
3.14639	1	2	3	648	0.00231428
3.14667	1	4	3	428	0.0026
3.14703	1	1	3	223	0.00795714
3.14774	1	2	3	868	0.00267142
3.14803	1	4	3	575	0.00295714
3.14803	3	3	3	1083	0.00295714
3.1486	1	2	3	648	0.00252857
3.14881	1	4	3	428	0.00274285
3.1496	1	2	3	648	0.00252857
3.14981	1	4	3	428	0.00274285
3.15003	1	5	3	340	0.00795714
3.15046	3	2	3	2912	0.00238571
3.1506	1	2	3	648	0.00252857
3.15081	1	4	3	340	0.00274285
3.15103	3	1	3	5089	0.00795714
3.1516	1	2	3	648	0.00252857
3.15181	1	4	3	428	0.00274285
3.15203	1	5	3	340	0.00795714
3.15203	3	4	3	531	0.00295714
3.15231	1	2	3	428	0.00224286
3.15253	1	4	3	428	0.00245714
3.15303	1	1	3	458	0.00795714
3.15339	1	2	3	202	0.00231428
3.1536	1	4	3	428	0.00252857
3.15381	1	5	3	340	0.00774285
3.15403	1	1	3	340	0.00795714
3.15403	3	3	3	1073	0.00295714
3.1546	1	4	3	240	0.00252857
3.15503	1	1	3	340	0.00795714
3.15581	1	5	3	340	0.00774285
3.15603	1	1	3	340	0.00795714
3.15696	1	1	3	141	0.00788571
3.15703	3	2	3	4022	0.00295714
3.15803	3	4	3	5294	0.00295714
3.15803	1	5	3	340	0.00795714
3.16003	1	5	3	340	0.00795714
3.16003	3	3	3	1073	0.00295714
3.16303	3	2	3	4022	0.00295714
3.16403	1	5	3	1161	0.00795714
3.16496	3	1	3	633	0.00288571
3.16603	1	5	3	1044	0.00795714
3.16603	3	3	3	1073	0.00295714
3.16781	1	2	3	208	0.00274285
3.16789	1	3	3	531	0.00281428
3.16796	1	4	3	135	0.00288571
3.16896	3	2	3	3605	0.00288571
3.17003	3	1	3	6647	0.00295714
3.17003	1	5	3	67	0.00795714
3.17196	3	3	3	2155	0.00288571
3.17203	3	4	3	531	0.00295714
3.17303	1	5	3	1396	0.00895714
3.17403	1	1	3	1396	0.00795714
3.17439	1	2	3	648	0.00231428
3.1746	1	3	3	1612	0.00252857
3.17481	1	4	3	428	0.00274285
3.17503	1	1	3	340	0.00795714
3.17603	1	1	3	1278	0.00795714
3.17624	1	4	3	135	0.00217143
3.17696	3	2	3	4022	0.00288571
3.17703	1	1	3	1161	0.00795714
3.17703	3	3	3	362	0.00295714
3.1776	1	2	3	648	0.00252857
3.17781	1	3	3	1612	0.00274285
3.17803	3	4	3	6475	0.00295714
3.17803	1	4	3	428	0.00295714
3.17853	1	2	3	648	0.00245714
3.17874	1	3	3	1612	0.00267142
3.17896	1	4	3	428	0.00288571
3.17903	3	4	3	1732	0.00295714
3.1796	1	2	3	824	0.00252857
3.17981	1	3	3	465	0.00274285
3.18003	1	4	3	428	0.00295714
3.18046	1	2	3	545	0.00238571
3.18081	1	4	3	428	0.00274285
3.18146	1	2	3	545	0.00238571
3.18181	1	4	3	428	0.00274285
3.18203	3	2	3	6169	0.00295714
3.18231	1	2	3	545	0.00224286
3.1826	1	4	3	282	0.00252857
3.18296	1	1	3	340	0.00788571
3.18346	1	2	3	1102	0.00238571
3.18374	3	3	3	1073	0.00267142
3.18381	1	4	3	575	0.00274285
3.18389	1	5	3	106	0.00781428
3.18403	1	1	3	223	0.00795714
3.18439	1	2	3	824	0.00231428
3.1846	1	4	3	428	0.00252857
3.18481	1	5	3	340	0.00274285
3.18503	1	1	3	340	0.00795714
3.18546	1	2	3	1102	0.00238571
3.18567	1	4	3	428	0.0026
3.18589	1	5	3	340	0.00781428
3.18603	1	1	3	223	0.00795714
3.18646	1	2	3	1102	0.00238571
3.18667	1	4	3	428	0.0026
3.18689	1	5	3	340	0.00781428
3.18703	1	1	3	223	0.00795714
3.18746	1	1	3	458	0.00238571
3.18789	1	4	3	428	0.00281428
3.18803	1	5	3	223	0.00795714
3.18881	1	4	3	428	0.00274285
3.18896	3	1	3	736	0.00288571
3.18903	3	3	3	1073	0.00295714
3.18981	1	4	3	428	0.00274285
3.19003	3	2	3	2912	0.00295714
3.19081	1	4	3	428	0.00274285
3.19174	1	4	3	575	0.00267142
3.19203	3	4	3	633	0.00295714
3.19274	1	4	3	575	0.00267142
3.19381	1	5	3	340	0.00774285
3.19403	1	1	3	340	0.00795714
3.1946	1	4	3	868	0.00252857
3.19481	1	5	3	340	0.00774285
3.19503	1	1	3	340	0.00795714
3.19503	3	3	3	1073	0.00295714
3.1956	1	4	3	657	0.00252857
3.19581	1	5	3	340	0.00774285
3.19603	1	1	3	340	0.00795714
3.19603	3	2	3	4022	0.00295714
3.19674	1	5	3	458	0.00767142
3.19703	1	1	3	458	0.00795714
3.19767	1	5	3	458	0.0076
3.19796	1	1	3	458	0.00788571
3.19803	3	4	3	7701	0.00295714
3.19903	3	1	3	8000	0.00795714
3.19903	1	4	3	868	0.00795714
3.20003	3	4	3	1860	0.00295714
3.20103	3	3	3	2155	0.00295714
3.20203	3	2	3	7625	0.00295714
3.20267	1	2	3	267	0.0026
3.20381	1	5	3	340	0.00774285
3.20403	1	1	3	340	0.00795714
3.20474	1	5	3	458	0.00767142
3.20503	1	1	3	406	0.00795714
3.2056	1	5	3	575	0.00752857
3.2066	1	5	3	692	0.00752857
3.20703	3	3	3	362	0.00295714
3.20724	1	2	3	267	0.00217143
3.2076	1	5	3	406	0.00752857
3.20896	1	2	3	2767	0.00288571
3.2096	1	2	3	1656	0.00252857
3.21003	3	2	3	4022	0.00295714
3.2106	1	2	3	1656	0.00252857
3.21103	1	3	3	531	0.00795714
3.21153	1	2	3	695	0.00245714
3.2116	1	4	3	135	0.00252857
3.21203	3	4	3	633	0.00295714
3.21303	3	1	3	633	0.00295714
3.21396	1	5	3	106	0.00788571
3.21403	3	3	3	1073	0.00295714
3.21503	1	5	3	692	0.00795714
3.21603	1	5	3	575	0.00795714
3.21603	3	2	3	4022	0.00295714
3.21653	1	4	3	721	0.00245714
3.21696	1	5	3	692	0.00788571
3.21739	1	3	3	1612	0.00231428
3.2176	1	4	3	428	0.00252857
3.21803	1	5	3	692	0.00795714
3.21853	1	3	3	2694	0.00245714
3.21889	1	4	3	721	0.00281428
3.21939	1	3	3	992	0.00231428
3.22003	1	4	3	1308	0.00295714
3.22089	1	4	3	1454	0.00281428
3.22189	1	4	3	1454	0.00281428
3.22203	3	2	3	7972	0.00295714
3.22303	3	4	3	7701	0.00795714
3.22303	1	4	3	868	0.00295714
3.22324	1	2	3	267	0.00217143
3.22353	3	4	3	1860	0.00745714
3.22389	1	4	3	1015	0.00281428
3.22403	3	1	3	5206	0.00795714
3.22403	1	5	3	223	0.00795714
3.22446	3	3	3	1073	0.00738571
3.22489	1	4	3	1161	0.00281428
3.22503	3	1	3	4354	0.00795714
3.22589	1	4	3	947	0.00281428
3.22603	1	5	3	223	0.00795714
3.22703	1	5	3	223	0.00795714
3.2286	1	2	3	1656	0.00252857
3.22953	1	2	3	1381	0.00245714
3.22981	3	2	3	2912	0.00274285
3.23003	3	3	3	2154	0.00295714
3.23003	1	5	3	223	0.00795714
3.2306	1	2	3	1656	0.00252857
3.2316	1	2	3	1656	0.00252857
3.2326	1	2	3	1656	0.00252857
3.2336	1	2	3	476	0.00252857
3.23596	3	2	3	4022	0.00288571
3.23603	1	5	3	692	0.00795714
3.23603	3	3	3	956	0.00295714
3.23696	1	5	3	692	0.00788571
3.23703	3	4	3	531	0.00295714
3.23803	1	5	3	692	0.00795714
3.23903	1	5	3	692	0.00795714
3.24003	1	5	3	692	0.00795714
3.24103	3	2	3	8052	0.00295714
3.24203	3	3	3	1073	0.00295714
3.24224	3	1	3	736	0.00217143
3.24303	3	4	3	7059	0.00295714
3.24403	3	4	3	1148	0.00295714
3.24603	1	5	3	79	0.00795714
3.24681	1	2	3	267	0.00274285
3.24689	1	3	3	531	0.00281428
3.24696	1	4	3	135	0.00288571
3.24703	1	5	3	106	0.00795714
3.24703	3	2	3	3941	0.00295714
3.24796	3	1	3	8000	0.00288571
3.24803	3	3	3	1073	0.00295714
3.25003	1	5	3	106	0.00795714
3.25146	1	3	3	2155	0.00238571
3.25174	1	4	3	575	0.00267142
3.25246	1	2	3	1102	0.00238571
3.25274	1	3	3	2155	0.00267142
3.25296	1	4	3	428	0.00288571
3.25303	1	5	3	106	0.00795714
3.25346	1	2	3	1102	0.00238571
3.25374	1	3	3	2155	0.00267142
3.25396	1	4	3	428	0.00288571
3.25403	3	3	3	2155	0.00295714
3.25403	1	5	3	106	0.0129571
3.25439	1	2	3	824	0.00231428
3.2546	1	3	3	291	0.00252857
3.25481	1	4	3	428	0.00274285
3.25503	3	2	3	4022	0.00295714
3.25546	1	2	3	1102	0.00238571
3.25574	1	4	3	575	0.00267142
3.25639	1	2	3	824	0.00231428
3.25681	1	4	3	428	0.00274285
3.25703	1	5	3	340	0.00795714
3.25703	3	4	3	633	0.00295714
3.25739	1	2	3	824	0.00231428
3.25781	1	4	3	428	0.00274285
3.25846	1	2	3	1102	0.00238571
3.25881	1	4	3	575	0.00274285
3.25946	1	2	3	1102	0.00238571
3.25981	1	4	3	721	0.00274285
3.26003	1	5	3	340	0.00795714
3.26003	3	3	3	479	0.00295714
3.26046	1	2	3	1102	0.00238571
3.26074	1	4	3	575	0.00267142
3.26089	3	1	3	736	0.00281428
3.26103	1	5	3	458	0.00795714
3.26103	3	2	3	8052	0.00295714
3.26146	1	2	3	861	0.00238571
3.26174	1	4	3	575	0.00267142
3.26274	1	4	3	575	0.00267142
3.26296	1	5	3	340	0.00788571
3.26303	3	4	3	7701	0.00295714
3.26381	1	4	3	721	0.00274285
3.26403	3	4	3	1860	0.00295714
3.26403	1	5	3	340	0.00795714
3.26474	1	4	3	575	0.00267142
3.26574	1	4	3	575	0.00267142
3.26603	3	3	3	1073	0.00295714
3.26674	1	4	3	1161	0.00267142
3.26696	3	1	3	1273	0.00288571
3.26703	1	5	3	458	0.00795714
3.26703	3	2	3	3941	0.00295714
3.2676	1	4	3	748	0.00252857
3.27003	1	5	3	458	0.00795714
3.27103	3	1	3	8184	0.00795714
3.27103	1	5	3	458	0.00795714
3.27203	3	3	3	1073	0.00295714
3.27303	1	5	3	692	0.00795714
3.27403	1	5	3	692	0.00795714
3.27503	3	2	3	4022	0.00295714
3.27703	1	5	3	692	0.00795714
3.27803	3	3	3	1073	0.00295714
3.28003	1	5	3	1396	0.00795714
3.28031	1	4	3	135	0.00224286
3.28096	1	5	3	104	0.00788571
3.28103	3	2	3	8052	0.00295714
3.28124	1	2	3	208	0.00217143
3.28203	3	4	3	633	0.00295714
3.28396	3	3	3	2155	0.00288571
3.28403	1	5	3	1396	0.00795714
3.28503	3	1	3	736	0.00295714
3.28589	1	4	3	1454	0.00281428
3.28603	1	3	3	531	0.00795714
3.28703	1	5	3	38	0.00795714
3.28703	3	2	3	4022	0.00295714
3.2876	1	2	3	1308	0.00252857
3.28803	3	4	3	5192	0.00295714
3.28803	1	4	3	868	0.00295714
3.2886	1	2	3	1308	0.00252857
3.28903	1	4	3	868	0.00295714
3.28903	3	3	3	362	0.00295714
3.2896	1	2	3	1308	0.00252857
3.28996	1	4	3	721	0.00288571
3.2906	1	2	3	1308	0.00252857
3.29096	1	4	3	199	0.00288571
3.29103	1	5	3	106	0.00795714
3.29153	1	2	3	1088	0.00245714
3.29189	1	3	3	2694	0.00281428
3.29203	1	4	3	135	0.00795714
3.29239	1	2	3	648	0.00231428
3.2926	1	3	3	1612	0.00252857
3.29303	3	2	3	4022	0.00295714
3.29339	1	2	3	648	0.00231428
3.2936	1	3	3	992	0.00252857
3.29453	1	2	3	1088	0.00245714
3.2956	1	2	3	1298	0.00252857
3.29603	3	1	3	8929	0.00795714
3.29674	3	3	3	1073	0.00267142
3.29696	3	1	3	528	0.00788571
3.29696	1	5	3	106	0.00788571
3.29803	1	5	3	340	0.00795714
3.29903	1	5	3	340	0.00795714
3.29903	3	2	3	8052	0.00295714
3.30003	1	5	3	575	0.00795714
3.30103	1	5	3	692	0.00795714
3.30203	3	3	3	1073	0.00295714
3.30503	3	2	3	3862	0.00295714
3.30703	1	5	3	809	0.00795714
3.30703	3	4	3	633	0.00295714
3.30803	3	3	3	956	0.00295714
3.30839	1	2	3	208	0.00231428
3.30846	1	3	3	428	0.00238571
3.30853	1	4	3	135	0.00245714
3.30903	1	5	3	809	0.00795714
3.31003	1	5	3	535	0.00795714
3.31003	3	1	3	736	0.00295714
3.31239	3	2	3	4022	0.00231428
3.31303	3	4	3	5192	0.00295714
3.31346	1	2	3	868	0.00238571
3.31367	1	3	3	1308	0.0026
3.31389	1	4	3	428	0.00281428
3.31403	3	3	3	2155	0.00295714
3.31403	1	1	3	106	0.00795714
3.31439	1	2	3	648	0.00231428
3.3146	1	3	3	1308	0.00252857
3.31481	1	4	3	428	0.00274285
3.31539	1	2	3	648	0.00231428
3.3156	1	3	3	1308	0.00252857
3.31581	1	4	3	428	0.00274285
3.31646	1	2	3	868	0.00238571
3.31674	1	3	3	1480	0.00267142
3.31696	1	4	3	428	0.00288571
3.31703	3	1	3	528	0.00295714
3.31803	1	5	3	1396	0.00895714
3.31803	3	2	3	4022	0.00295714
3.31846	1	2	3	868	0.00238571
3.31896	1	4	3	428	0.00288571
3.31903	1	5	3	38	0.00795714
3.31946	1	2	3	428	0.00238571
3.31981	1	4	3	428	0.00274285
3.32003	3	3	3	479	0.00295714
3.32046	1	2	3	428	0.00238571
3.32081	1	4	3	428	0.00274285
3.32103	3	1	3	8929	0.00795714
3.32103	1	5	3	340	0.00795714
3.32174	1	2	3	868	0.00267142
3.32196	1	4	3	428	0.00288571
3.32274	1	2	3	868	0.00267142
3.32303	1	4	3	575	0.00295714
3.3236	1	2	3	648	0.00252857
3.32381	1	4	3	428	0.00274285
3.32403	3	2	3	4022	0.00295714
3.32446	1	2	3	868	0.00238571
3.32467	1	4	3	428	0.0026
3.32503	1	1	3	223	0.00795714
3.32546	1	2	3	544	0.00238571
3.32567	1	4	3	428	0.0026
3.32603	1	1	3	223	0.00795714
3.32603	3	3	3	1073	0.00295714
3.32667	1	4	3	428	0.0026
3.32674	1	5	3	106	0.00767142
3.32703	1	1	3	458	0.00795714
3.32703	3	4	3	633	0.00295714
3.32803	1	1	3	458	0.00795714
3.32881	1	5	3	340	0.00774285
3.32903	1	1	3	340	0.00795714
3.33003	1	5	3	340	0.00795714
3.33003	3	2	3	4022	0.00295714
3.33103	1	5	3	340	0.00795714
3.33203	3	3	3	1073	0.00295714
3.33303	3	4	3	6647	0.00295714
3.33303	1	5	3	340	0.00795714
3.33503	1	1	3	340	0.00795714
3.33603	1	1	3	575	0.00795714
3.33603	3	2	3	5755	0.00295714
3.3366	1	5	3	575	0.00752857
3.33703	1	1	3	692	0.00795714
3.33803	1	1	3	1044	0.00795714
3.33803	3	3	3	1073	0.00295714
3.3386	1	5	3	692	0.00752857
3.33903	1	1	3	692	0.00795714
3.34003	1	5	3	809	0.00795714
3.34103	1	5	3	432	0.00795714
3.34203	3	1	3	633	0.00295714
3.34267	1	3	3	428	0.0026
3.34274	1	4	3	6	0.00267142
3.34389	3	2	3	2912	0.00281428
3.34403	3	3	3	2155	0.00295714
3.34467	1	2	3	208	0.0026
3.34503	1	1	3	575	0.00795714
3.34603	1	1	3	575	0.00795714
3.34703	1	1	3	1396	0.00795714
3.34703	3	4	3	633	0.00295714
3.34774	1	3	3	2155	0.00267142
3.34824	1	5	3	106	0.00717143
3.34903	1	1	3	1067	0.00795714
3.34903	3	1	3	631	0.00295714
3.3496	1	2	3	648	0.00252857
3.34981	1	3	3	1612	0.00274285
3.34996	3	2	3	4022	0.00288571
3.35003	3	3	3	362	0.00295714
3.35039	1	2	3	428	0.00231428
3.35046	1	3	3	531	0.00238571
3.35053	1	4	3	135	0.00245714
3.35103	1	5	3	809	0.00795714
3.3516	1	2	3	648	0.00252857
3.35231	1	2	3	428	0.00224286
3.35246	1	3	3	952	0.00238571
3.35274	1	5	3	458	0.00767142
3.35303	3	1	3	8929	0.00795714
3.35303	1	1	3	458	0.00795714
3.3536	1	2	3	648	0.00252857
3.35439	1	2	3	648	0.00231428
3.35481	1	5	3	340	0.00774285
3.35503	1	1	3	340	0.00795714
3.35503	3	2	3	4022	0.00295714
3.35531	1	2	3	428	0.00224286
3.35574	1	4	3	428	0.00267142
3.35603	3	3	3	1073	0.00295714
3.35603	1	1	3	106	0.00795714
3.35631	1	2	3	428	0.00224286
3.35639	1	4	3	135	0.00231428
3.3566	1	5	3	340	0.00752857
3.35681	1	3	3	1612	0.00774285
3.35703	1	1	3	340	0.00795714
3.35774	1	2	3	868	0.00267142
3.35839	1	2	3	648	0.00231428
3.3586	1	4	3	428	0.00252857
3.35881	1	5	3	340	0.00774285
3.35903	3	4	3	5192	0.00795714
3.35903	1	1	3	220	0.00795714
3.3596	1	2	3	648	0.00252857
3.35981	1	4	3	428	0.00274285
3.36046	1	2	3	868	0.00238571
3.36074	1	4	3	575	0.00267142
3.36096	1	5	3	340	0.00788571
3.36103	3	2	3	3605	0.00295714
3.36146	1	2	3	868	0.00238571
3.36174	1	4	3	575	0.00267142
3.36203	3	3	3	1073	0.00295714
3.36231	1	2	3	428	0.00224286
3.36253	1	4	3	428	0.00245714
3.36274	1	5	3	340	0.00767142
3.36346	1	2	3	868	0.00238571
3.36374	1	4	3	575	0.00267142
3.36439	1	2	3	516	0.00231428
3.3646	1	4	3	428	0.00252857
3.36481	1	5	3	340	0.00774285
3.36574	1	4	3	253	0.00267142
3.36703	1	5	3	458	0.00795714
3.36703	3	1	3	736	0.00295714
3.36803	3	3	3	1073	0.00295714
3.36903	1	5	3	458	0.00795714
3.36903	3	2	3	2912	0.00295714
3.37103	1	5	3	458	0.00795714
3.37296	3	1	3	3633	0.00288571
3.37303	1	5	3	458	0.00795714
3.37303	3	4	3	633	0.00295714
3.37403	3	3	3	2155	0.00295714
3.37503	1	5	3	1161	0.00795714
3.37503	3	2	3	4022	0.00295714
3.37696	1	5	3	340	0.00788571
3.37824	1	2	3	208	0.00217143
3.37831	1	3	3	531	0.00224286
3.37839	1	4	3	135	0.00231428
3.37903	3	4	3	5192	0.00295714
3.37903	1	5	3	444	0.00795714
3.38003	3	3	3	1073	0.00295714
3.38103	1	5	3	1396	0.00795714
3.38103	3	2	3	4022	0.00295714
3.38303	1	5	3	38	0.00795714
3.38346	1	2	3	868	0.00238571
3.38374	1	3	3	2155	0.00267142
3.38403	1	4	3	575	0.00295714
3.38431	1	2	3	428	0.00224286
3.38446	1	3	3	1073	0.00238571
3.3846	1	4	3	282	0.00252857
3.38503	1	1	3	106	0.00795714
3.38546	1	2	3	868	0.00238571
3.38574	1	3	3	2155	0.00267142
3.38596	3	1	3	736	0.00288571
3.38603	1	4	3	575	0.00295714
3.38603	3	3	3	723	0.00295714
3.38646	1	2	3	868	0.00238571
3.38674	1	3	3	2155	0.00267142
3.38696	1	4	3	428	0.00288571
3.38703	3	2	3	3605	0.00295714
3.38746	1	2	3	868	0.00238571
3.38774	1	3	3	676	0.00267142
3.38803	1	4	3	575	0.00295714
3.38846	1	2	3	868	0.00238571
3.38896	1	4	3	428	0.00288571
3.38939	1	2	3	648	0.00231428
3.38981	1	4	3	428	0.00274285
3.39046	1	2	3	216	0.00238571
3.39081	1	4	3	428	0.00274285
3.39181	1	4	3	428	0.00274285
3.39281	1	4	3	428	0.00274285
3.39303	3	3	3	956	0.00295714
3.39396	1	4	3	428	0.00288571
3.39403	1	5	3	106	0.00795714
3.3946	1	4	3	282	0.00252857
3.39481	1	5	3	340	0.00774285
3.39567	1	4	3	430	0.0026
3.39589	1	5	3	340	0.00781428
3.39603	3	1	3	5089	0.00795714
3.39603	1	1	3	223	0.00795714
3.39681	1	5	3	340	0.00774285
3.39696	1	1	3	223	0.00788571
3.39781	1	5	3	340	0.00774285
3.39803	1	1	3	340	0.00795714
3.39803	3	4	3	633	0.00295714
3.39903	1	1	3	458	0.00795714
3.39903	3	3	3	1073	0.00295714
3.40003	1	1	3	223	0.00795714
3.40003	3	2	3	4022	0.00795714
3.40403	3	4	3	6647	0.00295714
3.40403	1	5	3	458	0.00795714
3.40503	1	5	3	692	0.00795714
3.4056	1	5	3	692	0.00752857
3.40596	3	2	3	6169	0.00288571
3.40603	1	1	3	692	0.00795714
3.40603	3	3	3	1073	0.00295714
3.4066	1	5	3	692	0.00752857
3.40703	1	1	3	692	0.00795714
3.4076	1	5	3	314	0.00752857
3.40803	1	1	3	692	0.00795714
3.40903	1	1	3	927	0.00795714
3.41003	1	1	3	692	0.00795714
3.41203	3	3	3	2155	0.00295714
3.41403	1	5	3	458	0.00795714
3.41403	3	2	3	4022	0.00295714
3.41503	3	1	3	736	0.00295714
3.41524	1	5	3	106	0.00717143
3.41603	1	1	3	578	0.00795714
3.4166	1	5	3	575	0.00752857
3.4176	1	5	3	692	0.00752857
3.41796	3	3	3	1073	0.00288571
3.41803	1	1	3	692	0.00795714
3.41803	3	4	3	633	0.00295714
3.41831	1	2	3	208	0.00224286
3.41839	1	3	3	531	0.00231428
3.41846	1	4	3	135	0.00238571
3.41903	1	1	3	766	0.00795714
3.4196	1	5	3	692	0.00752857
3.42003	3	2	3	4714	0.00295714
3.42103	3	1	3	5089	0.00295714
3.42303	3	3	3	840	0.00295714
3.42353	1	2	3	648	0.00245714
3.42374	1	3	3	1612	0.00267142
3.42396	1	4	3	428	0.00288571
3.42403	1	5	3	106	0.00795714
3.42446	1	2	3	428	0.00238571
3.4246	1	3	3	1073	0.00252857
3.42481	1	4	3	428	0.00274285
3.42503	3	4	3	404	0.00295714
3.42531	1	2	3	428	0.00224286
3.42546	1	3	3	1073	0.00238571
3.42567	1	4	3	428	0.0026
3.42596	1	5	3	458	0.00788571
3.42603	1	1	3	106	0.00795714
3.42631	1	2	3	428	0.00224286
3.42646	1	3	3	1073	0.00238571
3.42667	1	4	3	428	0.0026
3.42696	1	5	3	458	0.00788571
3.42703	1	1	3	106	0.00795714
3.42746	1	2	3	428	0.00238571
3.4276	1	3	3	1073	0.00252857
3.42774	1	4	3	282	0.00267142
3.42803	1	5	3	458	0.00795714
3.42803	3	2	3	2912	0.00295714
3.42846	1	2	3	868	0.00238571
3.42867	1	3	3	1612	0.0026
3.42889	1	4	3	428	0.00281428
3.42903	3	4	3	7701	0.00795714
3.42903	1	1	3	223	0.00795714
3.42931	1	2	3	428	0.00224286
3.42946	1	3	3	1073	0.00238571
3.42967	1	4	3	428	0.0026
3.42989	1	5	3	311	0.00781428
3.43003	1	1	3	223	0.00795714
3.43003	3	3	3	1073	0.00295714
3.4306	1	2	3	648	0.00252857
3.43081	1	3	3	1088	0.00274285
3.43103	1	4	3	428	0.00295714
3.4316	1	2	3	648	0.00252857
3.43203	1	4	3	428	0.00295714
3.43239	1	2	3	648	0.00231428
3.43281	1	4	3	428	0.00274285
3.43303	1	1	3	223	0.00795714
3.43346	1	2	3	38	0.00238571
3.43381	1	4	3	428	0.00274285
3.43403	3	2	3	4022	0.00295714
3.43481	1	4	3	428	0.00274285
3.43503	3	1	3	736	0.00295714
3.4356	1	4	3	428	0.00252857
3.43603	1	1	3	340	0.00795714
3.43603	3	3	3	956	0.00295714
3.4366	1	4	3	299	0.00252857
3.43703	1	1	3	340	0.00795714
3.43774	1	5	3	106	0.00767142
3.43889	1	5	3	340	0.00781428
3.43903	1	1	3	223	0.00795714
3.43974	1	5	3	340	0.00767142
3.44003	1	1	3	223	0.00795714
3.44003	3	2	3	4022	0.00295714
3.44096	1	5	3	340	0.00788571
3.44103	3	1	3	6544	0.00295714
3.44203	1	5	3	340	0.00795714
3.44203	3	3	3	1073	0.00295714
3.44303	1	1	3	692	0.00795714
3.44303	3	4	3	531	0.00295714
3.44603	1	1	3	233	0.00795714
3.44603	3	2	3	4022	0.00295714
3.44803	1	5	3	692	0.00795714
3.44803	3	3	3	1920	0.00295714
3.4486	1	5	3	692	0.00752857
3.44903	3	4	3	7701	0.00295714
3.44981	1	5	3	1044	0.00774285
3.45003	3	4	3	1962	0.00295714
3.45103	1	5	3	418	0.00795714
3.45203	3	2	3	4022	0.00295714
3.45403	3	3	3	714	0.00295714
3.45589	1	2	3	208	0.00281428
3.45596	1	3	3	428	0.00288571
3.45803	1	5	3	1044	0.00795714
3.45803	3	2	3	4022	0.00295714
3.45867	1	4	3	135	0.0026
3.45996	3	1	3	736	0.00288571
3.46003	3	3	3	956	0.00295714
3.46053	1	2	3	1088	0.00245714
3.46089	1	3	3	2184	0.00281428
3.46096	1	5	3	106	0.00788571
3.46103	1	1	3	106	0.00795714
3.46124	1	3	3	428	0.00217143
3.46203	1	5	3	286	0.00795714
3.46274	1	2	3	868	0.00267142
3.46296	1	3	3	1308	0.00288571
3.46303	3	4	3	633	0.00295714
3.4636	1	5	3	575	0.00752857
3.46403	1	1	3	692	0.00795714
3.46403	3	2	3	4022	0.00295714
3.4646	1	5	3	692	0.00752857
3.46503	3	1	3	5089	0.00295714
3.46503	1	1	3	692	0.00795714
3.46546	1	2	3	428	0.00238571
3.46589	1	4	3	428	0.00281428
3.46603	3	3	3	956	0.00295714
3.4666	1	2	3	648	0.00252857
3.46681	1	3	3	1308	0.00274285
3.46703	1	4	3	428	0.00295714
3.46731	1	2	3	428	0.00224286
3.46746	1	3	3	1073	0.00238571
3.46767	1	4	3	428	0.0026
3.46774	1	5	3	106	0.00767142
3.46803	1	1	3	458	0.00795714
3.46867	1	2	3	648	0.0026
3.46889	1	3	3	408	0.00281428
3.46903	1	4	3	135	0.00795714
3.46953	1	2	3	648	0.00245714
3.46996	1	4	3	340	0.00288571
3.47031	1	2	3	428	0.00224286
3.47053	1	4	3	428	0.00245714
3.47067	1	5	3	223	0.0076
3.47089	1	3	3	1612	0.00781428
3.47103	1	1	3	223	0.00795714
3.47139	1	2	3	648	0.00231428
3.47181	1	4	3	428	0.00274285
3.47203	1	1	3	340	0.00795714
3.47203	3	3	3	1920	0.00295714
3.47253	1	2	3	648	0.00245714
3.47281	1	4	3	428	0.00274285
3.47346	1	2	3	614	0.00238571
3.47367	1	4	3	428	0.0026
3.47374	1	5	3	106	0.00767142
3.47403	3	4	3	7701	0.00795714
3.47403	1	1	3	458	0.00795714
3.47481	1	4	3	721	0.00274285
3.47489	3	4	3	404	0.00781428
3.47489	1	5	3	106	0.00781428
3.47503	3	2	3	7904	0.00795714
3.47503	1	1	3	223	0.00795714
3.47581	1	4	3	428	0.00274285
3.47674	1	4	3	428	0.00267142
3.47767	1	4	3	428	0.0026
3.47789	1	5	3	340	0.00781428
3.47796	3	2	3	2912	0.00288571
3.47803	1	1	3	223	0.00795714
3.47803	3	3	3	1073	0.00295714
3.47874	1	4	3	241	0.00267142
3.48081	1	5	3	340	0.00774285
3.48103	1	1	3	340	0.00795714
3.48203	1	1	3	223	0.00795714
3.48374	1	5	3	458	0.00767142
3.48396	3	1	3	736	0.00288571
3.48403	1	1	3	458	0.00795714
3.48403	3	3	3	831	0.00295714
3.48474	1	5	3	458	0.00767142
3.48503	1	1	3	458	0.00795714
3.48703	1	5	3	575	0.00795714
3.48767	1	5	3	575	0.0076
3.48803	1	1	3	575	0.00795714
3.48803	3	4	3	633	0.00295714
3.48896	3	2	3	4022	0.00288571
3.49003	3	1	3	5089	0.00295714
3.4906	1	5	3	692	0.00752857
3.49103	1	1	3	383	0.00795714
3.49103	3	3	3	1073	0.00295714
3.49124	1	3	3	531	0.00217143
3.49131	1	4	3	135	0.00224286
3.49196	1	1	3	809	0.00788571
3.49231	1	2	3	208	0.00224286
3.49331	3	2	3	6169	0.00224286
3.4936	1	5	3	692	0.00752857
3.49403	3	4	3	6417	0.00295714
3.49403	1	1	3	692	0.00795714
3.49474	1	5	3	927	0.00767142
3.49503	3	4	3	3143	0.00295714
3.49503	1	1	3	458	0.00795714
3.49667	1	3	3	1612	0.0026
3.49689	1	4	3	428	0.00281428
3.49703	1	5	3	223	0.00795714
3.49703	3	3	3	1073	0.00295714
3.49724	1	4	3	135	0.00217143
3.49796	1	5	3	104	0.00788571
3.49803	1	1	3	106	0.00795714
3.4986	1	2	3	648	0.00252857
3.49881	1	3	3	1612	0.00274285
3.49903	1	4	3	428	0.00295714
3.49946	1	2	3	428	0.00238571
3.4996	1	3	3	1073	0.00252857
3.49981	1	4	3	428	0.00274285
3.50046	1	5	3	458	0.00738571
3.50103	1	1	3	855	0.00795714
3.50131	1	2	3	428	0.00224286
3.50146	1	3	3	868	0.00238571
3.50167	1	4	3	428	0.0026
3.50231	1	2	3	428	0.00224286
3.50253	1	3	3	1308	0.00245714
3.50274	1	4	3	428	0.00267142
3.50296	3	2	3	4022	0.00288571
3.50303	3	3	3	1073	0.00295714
3.50331	1	2	3	428	0.00224286
3.50346	1	3	3	1073	0.00238571
3.5036	1	4	3	282	0.00252857
3.50403	3	1	3	736	0.00295714
3.50431	1	2	3	428	0.00224286
3.50446	1	3	3	1073	0.00238571
3.50467	1	4	3	428	0.0026
3.50489	1	5	3	340	0.00781428
3.50539	1	2	3	648	0.00231428
3.5056	1	3	3	1058	0.00252857
3.50581	1	4	3	428	0.00274285
3.50646	1	2	3	868	0.00238571
3.50696	1	4	3	428	0.00288571
3.50703	1	5	3	106	0.00795714
3.50739	1	2	3	648	0.00231428
3.50781	1	4	3	428	0.00274285
3.50796	3	2	3	6169	0.00288571
3.50803	1	5	3	340	0.00795714
3.50803	3	4	3	531	0.00295714
3.50839	1	2	3	648	0.00231428
3.50881	1	4	3	428	0.00274285
3.50903	1	5	3	340	0.00795714
3.50903	3	3	3	2155	0.00295714
3.50939	1	2	3	38	0.00231428
3.50981	1	4	3	428	0.00274285
3.51081	1	4	3	721	0.00274285
3.51103	3	4	3	7701	0.00295714
3.51103	1	5	3	340	0.00795714
3.51174	1	4	3	575	0.00267142
3.51203	3	4	3	1962	0.00295714
3.5126	1	4	3	428	0.00252857
3.51367	1	4	3	330	0.0026
3.51503	3	1	3	6544	0.00795714
3.51503	1	5	3	340	0.00795714
3.51567	3	2	3	4022	0.0026
3.51574	3	3	3	1073	0.00267142
3.51703	1	5	3	458	0.00795714
3.51796	1	5	3	340	0.00788571
3.51903	1	5	3	575	0.00795714
3.52067	3	2	3	6169	0.0026
3.52074	3	3	3	723	0.00267142
3.52096	1	5	3	679	0.00788571
3.52503	1	5	3	1396	0.00795714
3.52503	3	4	3	633	0.00295714
3.52589	1	2	3	208	0.00281428
3.52596	1	4	3	135	0.00288571
3.52624	3	3	3	956	0.00217143
3.52703	3	4	3	7059	0.00295714
3.52703	1	5	3	38	0.00795714
3.52803	3	4	3	2502	0.00295714
3.52896	3	1	3	736	0.00288571
3.52903	3	2	3	4022	0.00295714
3.52996	1	3	3	531	0.00288571
3.53053	1	2	3	1088	0.00245714
3.53089	1	4	3	721	0.00281428
3.53096	1	5	3	106	0.00788571
3.53103	1	1	3	106	0.00795714
3.53146	1	2	3	868	0.00238571
3.53167	3	3	3	956	0.0026
3.53174	1	4	3	575	0.00267142
3.53246	1	2	3	868	0.00238571
3.53274	1	4	3	575	0.00267142
3.53346	1	2	3	868	0.00238571
3.53374	1	4	3	575	0.00267142
3.53403	3	1	3	8000	0.00295714
3.53446	1	2	3	868	0.00238571
3.53474	1	3	3	2155	0.00267142
3.53496	1	4	3	428	0.00288571
3.53503	3	2	3	6169	0.00295714
3.53503	1	5	3	106	0.00795714
3.53539	1	2	3	648	0.00231428
3.5356	1	3	3	1612	0.00252857
3.53581	1	4	3	340	0.00274285
3.53646	1	2	3	422	0.00238571
3.53667	1	4	3	340	0.0026
3.53696	1	5	3	458	0.00788571
3.53696	3	3	3	1920	0.00288571
3.5376	1	3	3	1073	0.00252857
3.53774	1	4	3	223	0.00267142
3.53803	1	5	3	458	0.00795714
3.53874	1	4	3	223	0.00267142
3.53903	1	5	3	458	0.00795714
3.5396	1	3	3	1073	0.00252857
3.53981	1	4	3	340	0.00274285
3.5406	1	3	3	1073	0.00252857
3.54081	1	4	3	340	0.00274285
3.54103	1	5	3	340	0.00795714
3.54103	3	4	3	633	0.00295714
3.54146	1	3	3	1616	0.00238571
3.54167	1	4	3	340	0.0026
3.54203	1	1	3	223	0.00795714
3.54203	3	3	3	470	0.00295714
3.54267	1	4	3	340	0.0026
3.54303	1	1	3	223	0.00795714
3.54346	1	4	3	458	0.00238571
3.54389	1	3	3	1073	0.00781428
3.54403	1	1	3	223	0.00795714
3.54467	1	4	3	340	0.0026
3.54489	1	5	3	340	0.00781428
3.54503	3	4	3	1860	0.00295714
3.54503	1	1	3	223	0.00795714
3.54567	1	4	3	428	0.0026
3.54603	1	1	3	223	0.00795714
3.54681	1	4	3	721	0.00274285
3.54703	1	5	3	340	0.00795714
3.54753	1	4	3	428	0.00245714
3.54774	1	5	3	340	0.00767142
3.54874	1	4	3	575	0.00267142
3.54903	3	4	3	7701	0.00795714
3.54903	1	5	3	458	0.00795714
3.54953	1	4	3	331	0.00245714
3.55103	1	5	3	340	0.00795714
3.55203	1	1	3	458	0.00795714
3.55246	3	1	3	736	0.00238571
3.55303	1	1	3	223	0.00795714
3.55403	1	1	3	458	0.00795714
3.55489	1	5	3	340	0.00781428
3.55496	3	3	3	956	0.00788571
3.55503	1	1	3	223	0.00795714
3.55503	3	2	3	4022	0.00795714
3.55603	1	1	3	458	0.00795714
3.55696	1	5	3	458	0.00788571
3.55803	3	1	3	8929	0.00295714
3.55803	1	5	3	575	0.00795714
3.55903	1	5	3	575	0.00795714
3.55903	3	1	3	528	0.00295714
3.56003	3	3	3	2155	0.00295714
3.56103	1	5	3	927	0.00795714
3.56103	3	2	3	6169	0.00295714
3.56203	1	1	3	809	0.00795714
3.56224	1	2	3	208	0.00217143
3.56231	1	3	3	428	0.00224286
3.56239	1	4	3	106	0.00231428
3.56303	1	1	3	809	0.00795714
3.56303	3	4	3	531	0.00295714
3.56403	1	1	3	809	0.00795714
3.5646	1	5	3	573	0.00752857
3.56503	1	1	3	384	0.00795714
3.56603	3	3	3	1188	0.00295714
3.56746	1	2	3	868	0.00238571
3.56767	1	3	3	1308	0.0026
3.56789	1	4	3	340	0.00281428
3.56803	1	5	3	223	0.00795714
3.56831	1	2	3	428	0.00224286
3.56846	1	3	3	868	0.00238571
3.56867	1	4	3	340	0.0026
3.56903	1	5	3	575	0.00795714
3.56939	1	2	3	648	0.00231428
3.5696	1	3	3	1308	0.00252857
3.56981	1	4	3	340	0.00274285
3.57031	1	2	3	428	0.00224286
3.57046	1	3	3	868	0.00238571
3.57053	1	4	3	106	0.00245714
3.57103	1	5	3	638	0.00795714
3.57131	1	3	3	868	0.00224286
3.57139	1	4	3	106	0.00231428
3.57203	3	3	3	1073	0.00295714
3.57246	1	2	3	868	0.00238571
3.57274	1	3	3	2155	0.00267142
3.57303	1	4	3	458	0.00295714
3.57353	1	2	3	633	0.00245714
3.57381	1	3	3	2155	0.00274285
3.57396	3	4	3	3838	0.00788571
3.57403	1	4	3	340	0.00295714
3.57403	3	2	3	2912	0.00795714
3.57439	1	2	3	472	0.00231428
3.5746	1	3	3	249	0.00252857
3.57481	1	4	3	340	0.00274285
3.57503	1	5	3	340	0.00795714
3.57503	3	2	3	1744	0.00295714
3.57546	1	2	3	633	0.00238571
3.57596	1	4	3	340	0.00288571
3.57653	1	2	3	472	0.00245714
3.57696	1	4	3	428	0.00288571
3.57703	3	1	3	736	0.00295714
3.57703	1	5	3	106	0.00795714
3.57746	1	2	3	311	0.00238571
3.57781	1	4	3	428	0.00274285
3.57803	3	3	3	1073	0.00295714
3.57846	1	2	3	633	0.00238571
3.57874	1	4	3	428	0.00267142
3.57903	1	1	3	106	0.00795714
3.5796	1	2	3	472	0.00252857
3.57981	1	4	3	428	0.00274285
3.58003	3	2	3	2626	0.00295714
3.58074	1	2	3	232	0.00267142
3.58096	1	4	3	428	0.00288571
3.58103	1	5	3	106	0.00795714
3.58167	1	4	3	428	0.0026
3.58203	1	1	3	223	0.00795714
3.5826	1	4	3	428	0.00252857
3.58281	1	5	3	340	0.00774285
3.58296	1	1	3	223	0.00788571
3.58303	3	1	3	8000	0.00295714
3.58381	1	4	3	428	0.00274285
3.58403	1	5	3	340	0.00795714
3.5846	1	4	3	575	0.00252857
3.58481	1	5	3	340	0.00774285
3.58503	1	1	3	340	0.00795714
3.58546	1	4	3	575	0.00238571
3.58603	1	1	3	458	0.00795714
3.58681	1	4	3	721	0.00274285
3.58703	1	5	3	340	0.00795714
3.58703	3	4	3	428	0.00295714
3.58767	1	4	3	575	0.0026
3.58803	3	2	3	4022	0.00295714
3.58853	1	4	3	575	0.00245714
3.58903	1	1	3	116	0.00795714
3.58903	3	3	3	1073	0.00795714
3.5896	1	4	3	868	0.00252857
3.59074	1	4	3	111	0.00267142
3.59103	1	5	3	458	0.00795714
3.59289	1	5	3	575	0.00781428
3.59303	3	4	3	5397	0.00295714
3.59403	1	5	3	458	0.00795714
3.59403	3	2	3	1803	0.00295714
3.59503	1	5	3	692	0.00795714
3.59503	3	3	3	1920	0.00295714
3.59703	1	5	3	458	0.00795714
3.59703	3	1	3	736	0.00295714
3.60103	3	3	3	1073	0.00295714
3.60203	1	5	3	1199	0.00895714
3.60203	3	2	3	2912	0.00295714
3.60224	1	4	3	135	0.00217143
3.60303	3	1	3	8929	0.00295714
3.60381	1	2	3	208	0.00274285
3.60389	1	3	3	531	0.00281428
3.60503	1	5	3	1396	0.00795714
3.60603	1	5	3	38	0.00795714
3.60696	3	3	3	1920	0.00288571
3.60703	3	4	3	531	0.00295714
3.60803	1	4	3	1396	0.00295714
3.60803	3	2	3	2912	0.00295714
3.60839	1	2	3	648	0.00231428
3.6086	1	3	3	1612	0.00252857
3.60881	1	4	3	340	0.00274285
3.60903	3	1	3	528	0.00795714
3.60903	1	1	3	106	0.00795714
3.60946	1	2	3	868	0.00238571
3.60974	1	3	3	2155	0.00267142
3.61003	1	4	3	458	0.00295714
3.61046	1	2	3	868	0.00238571
3.61103	1	4	3	458	0.00295714
3.61146	1	2	3	868	0.00238571
3.61174	1	3	3	2155	0.00267142
3.61196	1	4	3	340	0.00288571
3.61203	3	3	3	1073	0.00295714
3.61203	1	5	3	106	0.00795714
3.61246	1	2	3	868	0.00238571
3.61274	1	3	3	1593	0.00267142
3.61296	1	4	3	340	0.00288571
3.61339	1	2	3	648	0.00231428
3.61381	1	4	3	340	0.00274285
3.61446	1	2	3	428	0.00238571
3.61481	1	4	3	340	0.00274285
3.61546	1	2	3	428	0.00238571
3.6156	1	4	3	223	0.00252857
3.61603	1	3	3	2155	0.00795714
3.61653	1	2	3	648	0.00245714
3.61674	1	4	3	340	0.00267142
3.61724	3	3	3	833	0.00217143
3.61774	1	2	3	868	0.00267142
3.61796	1	4	3	340	0.00288571
3.61803	3	4	3	5294	0.00795714
3.61803	1	5	3	106	0.00795714
3.6186	1	2	3	648	0.00252857
3.61881	1	4	3	340	0.00274285
3.61903	1	5	3	340	0.00795714
3.61946	1	2	3	764	0.00238571
3.61967	1	4	3	340	0.0026
3.61989	1	5	3	340	0.00781428
3.62003	1	1	3	223	0.00795714
3.62074	1	4	3	458	0.00267142
3.62089	1	5	3	223	0.00781428
3.62103	1	1	3	223	0.00795714
3.62103	3	2	3	2912	0.00795714
3.62167	1	4	3	340	0.0026
3.62189	1	5	3	340	0.00781428
3.62196	3	1	3	736	0.00288571
3.62203	1	1	3	223	0.00795714
3.62203	3	2	3	2841	0.00295714
3.62253	1	4	3	340	0.00245714
3.62303	1	1	3	458	0.00795714
3.6236	1	4	3	340	0.00252857
3.62403	1	1	3	340	0.00795714
3.62474	1	4	3	458	0.00267142
3.62503	3	3	3	1073	0.00295714
3.62574	1	4	3	458	0.00267142
3.62674	1	4	3	458	0.00267142
3.62696	3	1	3	8184	0.00288571
3.62703	3	2	3	73	0.00295714
3.62781	1	4	3	196	0.00274285
3.62796	3	1	3	1273	0.00288571
3.62803	1	5	3	340	0.00795714
3.62903	1	5	3	340	0.00795714
3.62974	1	5	3	458	0.00767142
3.63003	1	1	3	458	0.00795714
3.63074	1	5	3	458	0.00767142
3.63103	1	1	3	458	0.00795714
3.63103	3	3	3	1073	0.00295714
3.63174	1	5	3	458	0.00767142
3.63203	1	1	3	458	0.00795714
3.63203	3	4	3	531	0.00295714
3.63303	1	1	3	458	0.00795714
3.63403	1	1	3	458	0.00795714
3.63603	3	2	3	4022	0.00295714
3.63703	3	3	3	1073	0.00295714
3.63803	1	5	3	927	0.00795714
3.63903	1	5	3	927	0.00795714
3.63903	3	4	3	276	0.00295714
3.6396	1	5	3	391	0.00752857
3.64003	1	1	3	692	0.00795714
3.64003	3	1	3	736	0.00295714
3.64103	1	1	3	692	0.00795714
3.64203	1	1	3	603	0.00795714
3.64203	3	2	3	1803	0.00295714
3.64267	1	2	3	150	0.0026
3.64303	3	4	3	6475	0.00795714
3.64403	3	3	3	1920	0.00295714
3.64603	3	1	3	8929	0.00295714
3.64703	3	1	3	528	0.00295714
3.64703	1	5	3	106	0.00795714
3.64796	1	2	3	2401	0.00288571
3.64803	1	5	3	106	0.00795714
3.64846	1	2	3	868	0.00238571
3.64903	1	5	3	927	0.00795714
3.6496	1	5	3	692	0.00752857
3.64996	3	2	3	4022	0.00288571
3.65003	3	3	3	1073	0.00295714
3.65103	1	5	3	1041	0.00795714
3.65189	1	3	3	531	0.00281428
3.65303	1	2	3	2621	0.00295714
3.65403	1	2	3	1920	0.00295714
3.65503	1	2	3	1920	0.00295714
3.65503	3	2	3	3258	0.00295714
3.65603	1	2	3	323	0.00295714
3.65603	3	3	3	958	0.00295714
3.65689	1	3	3	2184	0.00281428
3.65703	3	4	3	428	0.00295714
3.65703	1	1	3	106	0.00795714
3.65796	1	3	3	1308	0.00288571
3.65903	1	3	3	351	0.00295714
3.66003	1	4	3	106	0.00295714
3.66103	1	1	3	692	0.00795714
3.66203	3	3	3	1073	0.00295714
3.66203	1	5	3	106	0.0129571
3.66224	3	2	3	2912	0.00217143
3.66267	1	5	3	106	0.0076
3.66296	1	1	3	458	0.00788571
3.66303	3	4	3	4810	0.00295714
3.66403	1	1	3	692	0.00795714
3.66403	3	4	3	589	0.00295714
3.66503	1	1	3	692	0.00795714
3.66503	3	1	3	736	0.00795714
3.66603	1	4	3	692	0.00295714
3.6666	1	4	3	692	0.00252857
3.66703	1	1	3	692	0.00795714
3.66774	1	4	3	458	0.00267142
3.66803	3	3	3	1073	0.00295714
3.66853	1	2	3	208	0.00245714
3.66881	1	4	3	458	0.00274285
3.66889	3	2	3	4022	0.00281428
3.66974	1	4	3	458	0.00267142
3.67024	1	3	3	428	0.00217143
3.67039	1	4	3	223	0.00231428
3.67103	3	1	3	8929	0.00295714
3.67103	1	1	3	692	0.00795714
3.67174	1	4	3	458	0.00267142
3.67203	3	1	3	528	0.00295714
3.67246	1	4	3	458	0.00238571
3.67274	1	5	3	458	0.00767142
3.67303	1	1	3	458	0.00795714
3.67331	1	2	3	428	0.00224286
3.67353	1	4	3	340	0.00245714
3.67374	1	5	3	340	0.00767142
3.67396	3	2	3	4022	0.00288571
3.67403	1	1	3	458	0.00795714
3.67403	3	3	3	1073	0.00295714
3.67431	1	2	3	428	0.00224286
3.67446	1	4	3	223	0.00238571
3.67474	1	5	3	458	0.00767142
3.67503	1	1	3	458	0.00795714
3.67546	1	2	3	428	0.00238571
3.6756	1	3	3	868	0.00252857
3.67581	1	4	3	340	0.00274285
3.67603	1	5	3	340	0.00795714
3.67631	1	2	3	428	0.00224286
3.67639	1	3	3	428	0.00231428
3.67646	1	4	3	106	0.00238571
3.67674	1	5	3	458	0.00767142
3.67703	1	1	3	446	0.00795714
3.67703	3	4	3	428	0.00295714
3.67753	1	2	3	648	0.00245714
3.67774	1	3	3	1308	0.00267142
3.67839	1	2	3	648	0.00231428
3.6786	1	3	3	1308	0.00252857
3.67881	1	4	3	340	0.00274285
3.67903	3	2	3	4022	0.00295714
3.67939	1	2	3	648	0.00231428
3.6796	1	3	3	1308	0.00252857
3.67981	1	4	3	340	0.00274285
3.68003	3	3	3	2155	0.00295714
3.68031	1	2	3	428	0.00224286
3.68046	1	3	3	188	0.00238571
3.6806	1	4	3	223	0.00252857
3.68139	1	2	3	648	0.00231428
3.68181	1	4	3	340	0.00274285
3.68231	1	2	3	428	0.00224286
3.68267	1	4	3	340	0.0026
3.68289	1	5	3	340	0.00781428
3.68339	1	2	3	648	0.00231428
3.68381	1	4	3	340	0.00274285
3.68403	1	5	3	340	0.00795714
3.68446	1	2	3	868	0.00238571
3.68481	1	4	3	458	0.00274285
3.68496	3	1	3	736	0.00288571
3.68503	1	5	3	340	0.00795714
3.68503	3	2	3	3952	0.00295714
3.68546	1	2	3	868	0.00238571
3.68581	1	4	3	575	0.00274285
3.68603	1	5	3	340	0.00795714
3.68603	3	3	3	362	0.00295714
3.68646	1	2	3	868	0.00238571
3.68681	1	4	3	575	0.00274285
3.68703	1	5	3	340	0.00795714
3.68746	1	2	3	146	0.00238571
3.68774	1	4	3	458	0.00267142
3.68803	3	4	3	5397	0.00795714
3.68874	1	4	3	458	0.00267142
3.68974	1	4	3	458	0.00267142
3.69003	3	1	3	3633	0.00295714
3.69074	1	4	3	325	0.00267142
3.69203	3	3	3	1073	0.00295714
3.69303	1	5	3	458	0.00795714
3.69303	3	2	3	4022	0.00295714
3.69403	1	5	3	458	0.00795714
3.69503	1	5	3	458	0.00795714
3.69603	1	5	3	458	0.00795714
3.69696	1	5	3	575	0.00788571
3.69803	3	3	3	1073	0.00295714
3.69903	3	2	3	4022	0.00295714
3.70124	1	4	3	106	0.00217143
3.70303	1	5	3	1396	0.00795714
3.70396	3	1	3	736	0.00288571
3.70403	1	5	3	1396	0.00795714
3.70403	3	3	3	1073	0.00295714
3.70503	1	5	3	897	0.00795714
3.70503	3	2	3	3605	0.00295714
3.70624	1	4	3	106	0.00217143
3.70703	3	4	3	428	0.00295714
3.70731	1	2	3	208	0.00224286
3.70739	1	3	3	428	0.00231428
3.70767	1	4	3	458	0.0026
3.70903	1	4	3	1396	0.00295714
3.70903	3	1	3	5089	0.00295714
3.70996	1	4	3	1278	0.00288571
3.71003	3	3	3	2155	0.00295714
3.7106	1	4	3	692	0.00252857
3.7116	1	4	3	692	0.00252857
3.71224	3	2	3	4022	0.00217143
3.71231	1	2	3	428	0.00224286
3.71246	1	3	3	868	0.00238571
3.7126	1	4	3	223	0.00252857
3.71296	1	5	3	575	0.00788571
3.71303	1	1	3	106	0.00795714
3.71339	1	2	3	648	0.00231428
3.7136	1	3	3	1308	0.00252857
3.71381	1	4	3	340	0.00274285
3.71403	3	4	3	918	0.00295714
3.71446	1	2	3	868	0.00238571
3.71474	1	3	3	1744	0.00267142
3.71496	1	4	3	340	0.00288571
3.71503	1	5	3	106	0.00795714
3.71531	1	2	3	428	0.00224286
3.71546	1	3	3	868	0.00238571
3.7156	1	4	3	223	0.00252857
3.71603	1	5	3	692	0.00795714
3.71603	3	3	3	1073	0.00295714
3.71631	1	2	3	428	0.00224286
3.71646	1	3	3	618	0.00238571
3.71653	1	4	3	106	0.00245714
3.71696	1	5	3	692	0.00788571
3.71724	3	2	3	4022	0.00217143
3.71739	1	2	3	648	0.00231428
3.71781	1	4	3	340	0.00274285
3.71803	3	4	3	5936	0.00795714
3.71846	1	2	3	428	0.00238571
3.71881	1	4	3	340	0.00274285
3.71903	1	5	3	340	0.00795714
3.71946	1	2	3	428	0.00238571
3.71981	1	4	3	340	0.00274285
3.72046	1	2	3	428	0.00238571
3.72081	1	4	3	340	0.00274285
3.7216	1	2	3	648	0.00252857
3.72181	1	4	3	340	0.00274285
3.72203	3	3	3	723	0.00295714
3.7226	1	2	3	648	0.00252857
3.72281	1	4	3	340	0.00274285
3.72303	1	5	3	340	0.00795714
3.72303	3	2	3	4022	0.00295714
3.72346	1	2	3	868	0.00238571
3.72374	1	4	3	458	0.00267142
3.72403	1	1	3	223	0.00795714
3.72446	1	2	3	868	0.00238571
3.72467	1	4	3	316	0.0026
3.72503	1	1	3	223	0.00795714
3.72546	1	2	3	868	0.00238571
3.72589	1	5	3	340	0.00781428
3.72603	1	1	3	223	0.00795714
3.72639	1	2	3	648	0.00231428
3.72681	1	5	3	340	0.00774285
3.72703	1	1	3	340	0.00795714
3.72739	1	2	3	648	0.00231428
3.72803	1	1	3	340	0.00795714
3.72803	3	1	3	736	0.00295714
3.72867	1	2	3	90	0.0026
3.72889	3	2	3	4022	0.00281428
3.72896	3	3	3	1073	0.00288571
3.73003	1	5	3	340	0.0129571
3.73203	3	4	3	428	0.00295714
3.73374	1	5	3	223	0.0126714
3.73389	3	1	3	5089	0.00281428
3.73396	3	2	3	4022	0.00288571
3.73403	1	1	3	458	0.00795714
3.73403	3	3	3	1073	0.00295714
3.73503	1	1	3	458	0.00795714
3.73574	1	5	3	458	0.00767142
3.73603	1	1	3	458	0.00795714
3.7366	1	5	3	575	0.00752857
3.73703	1	1	3	692	0.00795714
3.73746	1	5	3	340	0.0123857
3.73803	3	4	3	6475	0.00295714
3.73803	1	1	3	927	0.00795714
3.73846	3	2	3	4022	0.00238571
3.74003	3	3	3	1073	0.00295714
3.7416	1	3	3	531	0.00252857
3.74167	1	4	3	106	0.0026
3.74346	3	2	3	7904	0.00238571
3.74403	3	4	3	1835	0.00795714
3.74403	1	1	3	692	0.00795714
3.74474	1	5	3	927	0.0126714
3.74503	1	1	3	458	0.00795714
3.7456	1	5	3	210	0.00752857
3.74603	1	1	3	252	0.00795714
3.74603	3	3	3	2155	0.00295714
3.74624	1	3	3	531	0.00217143
3.74631	1	4	3	106	0.00224286
3.74667	1	5	3	575	0.0076
3.74703	3	1	3	736	0.00295714
3.74731	1	3	3	531	0.00224286
3.74739	1	4	3	106	0.00231428
3.74846	1	3	3	1073	0.00238571
3.7486	1	4	3	223	0.00252857
3.74903	1	5	3	692	0.0129571
3.7496	1	3	3	3233	0.00252857
3.75003	1	4	3	692	0.00295714
3.75031	1	2	3	208	0.00224286
3.75067	1	3	3	1390	0.0026
3.75103	1	4	3	575	0.00295714
3.75189	3	2	3	4022	0.00281428
3.75203	1	4	3	458	0.00295714
3.75203	3	4	3	428	0.00295714
3.75231	1	4	3	106	0.00224286
3.75296	1	5	3	859	0.0128857
3.75303	3	1	3	6544	0.00295714
3.75303	1	1	3	106	0.00795714
3.75381	1	4	3	575	0.00274285
3.75403	1	1	3	223	0.00795714
3.75481	1	4	3	340	0.00274285
3.75546	1	2	3	633	0.00238571
3.75574	1	4	3	458	0.00267142
3.75603	1	1	3	106	0.00795714
3.75631	1	2	3	311	0.00224286
3.75653	1	4	3	340	0.00245714
3.75696	3	2	3	6169	0.00288571
3.75703	1	1	3	458	0.00795714
3.75703	3	3	3	362	0.00795714
3.75774	1	2	3	633	0.00267142
3.75803	3	4	3	5250	0.00295714
3.7586	3	3	3	956	0.00252857
3.75874	1	2	3	633	0.00267142
3.75896	1	4	3	340	0.00288571
3.75903	3	4	3	2621	0.00295714
3.75903	1	5	3	106	0.00795714
3.75939	1	2	3	472	0.00231428
3.7596	1	4	3	340	0.00252857
3.76003	1	1	3	340	0.00795714
3.76053	1	2	3	472	0.00245714
3.76074	1	4	3	340	0.00267142
3.7616	1	2	3	472	0.00252857
3.76181	1	4	3	340	0.00274285
3.76231	1	2	3	311	0.00224286
3.76253	1	4	3	340	0.00245714
3.76303	1	1	3	233	0.00795714
3.76303	3	3	3	1910	0.00295714
3.76331	1	2	3	311	0.00224286
3.76353	1	4	3	340	0.00245714
3.7646	1	2	3	472	0.00252857
3.76467	3	2	3	4022	0.0026
3.76481	1	4	3	340	0.00274285
3.76503	3	4	3	1897	0.00295714
3.76503	1	5	3	340	0.0129571
3.76546	1	2	3	633	0.00238571
3.76567	1	4	3	340	0.0026
3.76589	1	5	3	340	0.0128143
3.76639	1	2	3	472	0.00231428
3.7666	1	4	3	340	0.00252857
3.76681	1	5	3	340	0.0127429
3.76703	3	1	3	736	0.00295714
3.76746	1	2	3	633	0.00238571
3.76781	1	4	3	575	0.00274285
3.76803	1	5	3	340	0.0129571
3.76846	1	2	3	633	0.00238571
3.76881	1	4	3	575	0.00274285
3.76903	1	5	3	340	0.00795714
3.76939	1	2	3	472	0.00231428
3.7696	1	4	3	340	0.00252857
3.77003	3	2	3	6169	0.00295714
3.77046	1	2	3	633	0.00238571
3.77074	1	4	3	458	0.00267142
3.77146	1	2	3	633	0.00238571
3.77174	1	4	3	458	0.00267142
3.77203	3	4	3	428	0.00295714
3.77246	1	2	3	633	0.00238571
3.77274	1	4	3	458	0.00267142
3.77303	3	1	3	5089	0.00295714
3.77346	1	2	3	560	0.00238571
3.77374	1	4	3	237	0.00267142
3.77403	3	3	3	1073	0.00295714
3.77603	1	5	3	458	0.00795714
3.77724	3	2	3	2912	0.00217143
3.77803	3	4	3	5936	0.00295714
3.78003	1	5	3	340	0.0129571
3.78003	3	3	3	1073	0.00295714
3.78203	1	5	3	458	0.0129571
3.78303	1	5	3	458	0.0129571
3.7836	3	2	3	4022	0.00252857
3.78403	3	4	3	2374	0.00295714
3.78403	1	5	3	458	0.0129571
3.78603	3	3	3	1073	0.00295714
3.78631	1	2	3	150	0.00224286
3.78639	1	3	3	531	0.00231428
3.78646	1	4	3	106	0.00238571
3.78703	3	1	3	736	0.00295714
3.78903	3	2	3	8052	0.00295714
3.79103	1	5	3	1396	0.0129571
3.79124	1	2	3	208	0.00217143
3.79131	1	3	3	428	0.00224286
3.79139	1	4	3	106	0.00231428
3.79196	3	3	3	2155	0.00288571
3.79203	1	1	3	106	0.00795714
3.79203	3	4	3	531	0.00295714
3.79303	3	1	3	5089	0.00295714
3.79503	1	5	3	1396	0.0129571
3.79503	3	2	3	3941	0.00295714
3.79539	1	2	3	648	0.00231428
3.7956	1	3	3	1308	0.00252857
3.79581	1	4	3	340	0.00274285
3.79624	1	2	3	208	0.00217143
3.79631	1	3	3	428	0.00224286
3.79639	1	4	3	106	0.00231428
3.79696	1	5	3	927	0.0128857
3.79703	3	3	3	362	0.00295714
3.79803	3	4	3	6475	0.00295714
3.79803	1	5	3	923	0.0129571
3.79903	3	4	3	1612	0.00295714
3.79953	1	2	3	648	0.00245714
3.79974	1	3	3	1308	0.00267142
3.79996	1	4	3	340	0.00288571
3.80046	1	2	3	428	0.00238571
3.8006	1	3	3	868	0.00252857
3.80081	1	4	3	340	0.00274285
3.80146	1	2	3	428	0.00238571
3.8016	1	3	3	868	0.00252857
3.80181	1	4	3	340	0.00274285
3.80246	1	2	3	428	0.00238571
3.8026	1	3	3	99	0.00252857
3.80281	1	4	3	340	0.00274285
3.80303	3	2	3	4022	0.00295714
3.80346	1	2	3	428	0.00238571
3.80346	3	3	3	1073	0.00238571
3.80381	1	4	3	340	0.00274285
3.80439	1	2	3	648	0.00231428
3.80481	1	4	3	340	0.00274285
3.80503	1	1	3	223	0.00795714
3.80531	1	2	3	428	0.00224286
3.80567	1	4	3	340	0.0026
3.80589	1	5	3	340	0.0128143
3.80603	1	1	3	223	0.00795714
3.80639	1	2	3	648	0.00231428
3.80667	1	4	3	340	0.0026
3.80703	1	1	3	223	0.00795714
3.80746	1	2	3	868	0.00238571
3.80767	1	4	3	340	0.0026
3.80789	1	5	3	340	0.00781428
3.80803	1	1	3	223	0.00795714
3.80831	3	2	3	4022	0.00224286
3.80839	3	3	3	1073	0.00231428
3.80846	1	2	3	868	0.00238571
3.80867	1	4	3	340	0.0026
3.80896	3	4	3	1578	0.00788571
3.80903	1	1	3	223	0.00795714
3.80974	1	2	3	633	0.00267142
3.80996	1	4	3	338	0.00288571
3.81003	1	5	3	106	0.0129571
3.8106	1	2	3	648	0.00252857
3.81081	1	4	3	340	0.00274285
3.81174	1	4	3	458	0.00267142
3.81196	1	5	3	340	0.0128857
3.81196	3	1	3	736	0.00288571
3.81203	3	4	3	531	0.00295714
3.8126	1	2	3	648	0.00252857
3.81281	1	4	3	340	0.00274285
3.81324	3	2	3	4022	0.00217143
3.81331	3	3	3	1073	0.00224286
3.8136	1	2	3	648	0.00252857
3.81381	1	4	3	340	0.00274285
3.81403	3	4	3	5394	0.00295714
3.81403	1	5	3	340	0.0129571
3.81453	1	4	3	340	0.00245714
3.81503	3	4	3	2813	0.00295714
3.81503	1	1	3	458	0.00795714
3.81539	1	2	3	191	0.00231428
3.8156	1	4	3	340	0.00252857
3.81581	1	5	3	340	0.00774285
3.81603	1	1	3	340	0.00795714
3.81653	1	4	3	340	0.00245714
3.81703	1	1	3	458	0.00795714
3.8176	1	4	3	340	0.00252857
3.81803	3	4	3	2912	0.00295714
3.81803	1	1	3	340	0.00795714
3.81831	3	2	3	4022	0.00224286
3.81846	3	3	3	1083	0.00238571
3.8186	1	4	3	340	0.00252857
3.81903	1	1	3	340	0.00795714
3.81967	1	4	3	340	0.0026
3.81989	1	5	3	340	0.00781428
3.82003	1	2	3	428	0.00795714
3.82074	1	4	3	458	0.00267142
3.82181	1	4	3	575	0.00274285
3.82203	3	1	3	6544	0.00795714
3.82274	1	4	3	927	0.00267142
3.82296	1	5	3	340	0.0128857
3.82303	3	4	3	531	0.00295714
3.82381	1	4	3	372	0.00274285
3.82403	3	2	3	4022	0.00295714
3.82503	1	1	3	458	0.00795714
3.82603	1	1	3	458	0.00795714
3.82603	3	3	3	1073	0.00295714
3.82674	1	5	3	340	0.0126714
3.82703	1	1	3	458	0.00795714
3.82803	3	4	3	531	0.00295714
3.82874	1	5	3	340	0.0126714
3.82903	3	4	3	5936	0.00295714
3.82903	1	1	3	458	0.00795714
3.83003	3	2	3	4022	0.00295714
3.83103	1	5	3	458	0.0129571
3.83203	3	3	3	1073	0.00295714
3.83303	1	1	3	458	0.00795714
3.83403	3	4	3	3197	0.00295714
3.83446	1	5	3	458	0.0123857
3.83503	1	1	3	409	0.00795714
3.83596	3	1	3	736	0.00288571
3.83603	3	2	3	4022	0.00295714
3.8366	1	5	3	692	0.00752857
3.8376	1	2	3	208	0.00252857
3.83767	1	3	3	428	0.0026
3.83796	1	5	3	458	0.0128857
3.83803	3	3	3	1073	0.00295714
3.8386	1	5	3	692	0.00752857
3.83924	1	4	3	106	0.00217143
3.84096	1	5	3	458	0.00788571
3.84203	3	2	3	4022	0.00295714
3.84231	1	2	3	311	0.00224286
3.84246	1	3	3	868	0.00238571
3.84303	3	4	3	531	0.00295714
3.84346	1	2	3	633	0.00238571
3.84374	1	3	3	1744	0.00267142
3.84396	3	3	3	2155	0.00288571
3.84424	1	4	3	106	0.00217143
3.84539	1	2	3	472	0.00231428
3.8456	1	3	3	1308	0.00252857
3.84581	1	4	3	340	0.00274285
3.84603	3	1	3	8000	0.00795714
3.84739	1	2	3	472	0.00231428
3.8476	1	3	3	1308	0.00252857
3.84781	1	4	3	340	0.00274285
3.84803	3	2	3	4022	0.00295714
3.84824	3	3	3	362	0.00217143
3.84839	1	2	3	311	0.00231428
3.84853	1	3	3	177	0.00245714
3.84874	1	4	3	340	0.00267142
3.84903	1	5	3	458	0.00795714
3.84924	1	4	3	106	0.00217143
3.85003	1	5	3	1278	0.0129571
3.85039	1	2	3	472	0.00231428
3.85081	1	4	3	340	0.00274285
3.85203	1	5	3	1396	0.0129571
3.85246	1	2	3	633	0.00238571
3.85281	1	4	3	458	0.00274285
3.85303	1	5	3	340	0.0129571
3.85324	3	2	3	4022	0.00217143
3.85346	1	2	3	633	0.00238571
3.85374	1	4	3	458	0.00267142
3.85403	3	4	3	5936	0.00795714
3.85403	1	1	3	106	0.00795714
3.85446	1	2	3	633	0.00238571
3.85474	1	4	3	458	0.00267142
3.85546	1	2	3	633	0.00238571
3.85581	1	4	3	575	0.00274285
3.85603	1	5	3	340	0.0129571
3.85603	3	3	3	1073	0.00295714
3.85646	1	2	3	633	0.00238571
3.85674	1	4	3	458	0.00267142
3.85746	1	2	3	868	0.00238571
3.85774	1	4	3	458	0.00267142
3.85846	1	2	3	868	0.00238571
3.85881	1	4	3	575	0.00274285
3.85903	1	5	3	340	0.00795714
3.85903	3	2	3	4022	0.00295714
3.85953	1	2	3	648	0.00245714
3.85974	1	4	3	340	0.00267142
3.86003	3	4	3	2271	0.00295714
3.86003	1	5	3	458	0.00795714
3.8606	1	2	3	648	0.00252857
3.86081	1	4	3	340	0.00274285
3.8616	1	2	3	648	0.00252857
3.86181	1	4	3	340	0.00274285
3.86203	3	3	3	1073	0.00295714
3.86253	1	2	3	502	0.00245714
3.86274	1	4	3	340	0.00267142
3.86381	1	4	3	340	0.00274285
3.86467	1	4	3	340	0.0026
3.86496	3	1	3	736	0.00288571
3.86503	1	1	3	223	0.00795714
3.86503	3	2	3	4022	0.00295714
3.8656	1	4	3	340	0.00252857
3.86603	1	1	3	340	0.00795714
3.8666	1	4	3	340	0.00252857
3.86681	1	5	3	340	0.0127429
3.86703	1	1	3	340	0.00795714
3.8676	1	4	3	692	0.00252857
3.86789	1	5	3	458	0.0128143
3.86796	3	3	3	1073	0.00288571
3.86803	1	1	3	223	0.00795714
3.86803	3	4	3	531	0.00295714
3.8686	1	4	3	692	0.00252857
3.86903	1	1	3	234	0.00795714
3.86981	1	4	3	1018	0.00274285
3.87103	1	5	3	340	0.0129571
3.87103	3	2	3	7074	0.00295714
3.87303	3	3	3	2155	0.00295714
3.87403	3	4	3	5936	0.00295714
3.87403	1	5	3	340	0.0129571
3.87503	3	1	3	9455	0.00795714
3.87503	1	5	3	340	0.0129571
3.87696	1	5	3	692	0.00788571
3.87896	3	2	3	4022	0.00288571
3.87903	3	3	3	362	0.00295714
3.88003	3	4	3	2271	0.00295714
3.8826	1	4	3	106	0.00252857
3.88303	1	5	3	692	0.0129571
3.88403	3	2	3	4022	0.00295714
3.88603	1	5	3	1396	0.0129571
3.88603	3	3	3	1073	0.00295714
3.8876	1	4	3	692	0.00252857
3.88803	1	1	3	106	0.00795714
3.88803	3	4	3	531	0.00295714
3.88903	1	5	3	1396	0.0129571
3.89003	1	5	3	262	0.0129571
3.89003	3	2	3	7972	0.00295714
3.89024	1	2	3	208	0.00217143
3.89096	1	4	3	1161	0.00288571
3.8916	1	4	3	692	0.00252857
3.89203	3	3	3	1073	0.00295714
3.89374	1	4	3	458	0.00267142
3.89403	3	4	3	5936	0.00295714
3.89474	1	4	3	458	0.00267142
3.89574	1	2	3	868	0.00267142
3.89596	1	4	3	340	0.00288571
3.89646	1	2	3	428	0.00238571
3.89667	1	4	3	340	0.0026
3.8976	1	2	3	648	0.00252857
3.89781	1	4	3	137	0.00274285
3.89796	3	2	3	4022	0.00288571
3.89803	3	3	3	1073	0.00295714
3.89831	1	2	3	428	0.00224286
3.89903	1	1	3	458	0.00795714
3.89903	3	1	3	736	0.00295714
3.89931	1	2	3	428	0.00224286
3.90003	3	4	3	2271	0.00295714
3.90003	1	1	3	458	0.00795714
3.90046	1	2	3	868	0.00238571
3.90074	1	5	3	106	0.0126714
3.90103	1	1	3	458	0.00795714
3.90139	1	2	3	506	0.00231428
3.90189	1	5	3	575	0.0128143
3.90203	1	1	3	223	0.00795714
3.90296	1	1	3	340	0.00788571
3.90303	3	2	3	4022	0.00295714
3.90403	1	5	3	458	0.0129571
3.90403	3	3	3	2155	0.00295714
3.90503	3	1	3	8000	0.00295714
3.90503	1	5	3	458	0.0129571
3.90803	1	5	3	340	0.0129571
3.90803	3	4	3	531	0.00295714
3.90903	1	1	3	458	0.00795714
3.90903	3	2	3	7972	0.00295714
3.91003	1	1	3	425	0.00795714
3.91003	3	3	3	362	0.00295714
3.91074	1	5	3	575	0.00767142
3.91403	3	4	3	5775	0.00295714
3.91503	1	5	3	927	0.00795714
3.91603	3	3	3	1073	0.00295714
3.91703	1	5	3	692	0.0129571
3.91703	3	2	3	2912	0.00295714
3.91796	1	5	3	115	0.00788571
3.91846	1	2	3	208	0.00238571
3.91903	1	5	3	927	0.0129571
3.91903	3	1	3	736	0.00295714
3.92003	3	4	3	2432	0.00295714
3.92124	1	3	3	428	0.00217143
3.92131	1	4	3	106	0.00224286
3.92203	3	3	3	1073	0.00295714
3.92303	3	2	3	4022	0.00295714
3.92389	1	2	3	2184	0.00281428
3.92403	1	1	3	106	0.00795714
3.92496	1	2	3	2401	0.00288571
3.92503	3	1	3	8929	0.00295714
3.92589	1	2	3	1036	0.00281428
3.92603	3	1	3	528	0.00295714
3.92603	1	5	3	223	0.0129571
3.92624	1	3	3	428	0.00217143
3.92631	1	4	3	106	0.00224286
3.92796	3	3	3	1073	0.00288571
3.92803	3	4	3	633	0.00295714
3.92874	1	3	3	1744	0.00267142
3.92896	1	4	3	340	0.00288571
3.92903	3	2	3	8052	0.00295714
3.92974	1	3	3	1308	0.00267142
3.92996	1	4	3	340	0.00288571
3.93003	1	5	3	106	0.0129571
3.9306	1	3	3	1308	0.00252857
3.93081	1	4	3	340	0.00274285
3.93124	1	3	3	428	0.00217143
3.93131	1	4	3	106	0.00224286
3.93203	1	5	3	1161	0.0129571
3.93303	1	5	3	1380	0.0129571
3.93303	3	3	3	2155	0.00295714
3.93374	1	3	3	1648	0.00267142
3.93396	1	4	3	340	0.00288571
3.93467	1	4	3	340	0.0026
3.93503	1	1	3	223	0.00795714
3.93503	3	2	3	4022	0.00295714
3.9356	1	4	3	340	0.00252857
3.93603	1	1	3	340	0.00795714
3.93674	1	4	3	458	0.00267142
3.93781	1	4	3	340	0.00274285
3.93839	3	3	3	362	0.00231428
3.93867	1	4	3	809	0.0026
3.93903	3	4	3	5775	0.00795714
3.93903	1	1	3	458	0.00795714
3.93981	1	4	3	575	0.00274285
3.94003	1	5	3	340	0.00795714
3.94081	1	4	3	575	0.00274285
3.94103	1	5	3	340	0.0129571
3.94103	3	2	3	4022	0.00295714
3.94153	1	4	3	575	0.00245714
3.94174	1	5	3	340	0.00767142
3.94203	1	1	3	458	0.00795714
3.9426	1	4	3	164	0.00252857
3.94303	1	1	3	340	0.00795714
3.94403	3	1	3	736	0.00295714
3.94403	1	5	3	106	0.0129571
3.94503	3	4	3	2330	0.00295714
3.94503	1	1	3	458	0.00795714
3.94603	1	1	3	458	0.00795714
3.94603	3	3	3	956	0.00295714
3.94703	3	2	3	8052	0.00295714
3.94803	1	5	3	340	0.0129571
3.94903	1	1	3	692	0.00795714
3.95003	3	1	3	8929	0.00295714
3.95003	1	5	3	458	0.00795714
3.95103	3	1	3	528	0.00295714
3.95203	1	1	3	575	0.00795714
3.95203	3	3	3	1073	0.00295714
3.95303	1	1	3	1044	0.00795714
3.95303	3	2	3	951	0.00295714
3.95503	1	1	3	694	0.00795714
3.95546	1	5	3	458	0.0123857
3.95696	1	5	3	575	0.0128857
3.95803	1	5	3	340	0.00795714
3.95803	3	3	3	1073	0.00295714
3.9586	1	5	3	692	0.0125286
3.95903	3	4	3	633	0.00295714
3.95974	1	2	3	208	0.00267142
3.96003	1	5	3	458	0.00795714
3.96103	3	2	3	4022	0.00295714
3.96403	3	3	3	2155	0.00295714
3.9646	1	2	3	1308	0.00252857
3.96496	3	4	3	7059	0.00288571
3.96603	3	4	3	2502	0.00295714
3.96646	1	2	3	868	0.00238571
3.96653	1	3	3	428	0.00245714
3.9666	1	4	3	106	0.00252857
3.96703	1	5	3	692	0.00795714
3.96703	3	2	3	7625	0.00295714
3.96753	1	2	3	1088	0.00245714
3.96803	1	5	3	651	0.00795714
3.9696	1	2	3	1308	0.00252857
3.9696	3	1	3	736	0.00252857
3.96967	3	3	3	1073	0.0026
3.97103	1	5	3	1396	0.0129571
3.97153	1	3	3	1744	0.00245714
3.97189	1	4	3	575	0.00281428
3.97239	1	2	3	648	0.00231428
3.9726	1	3	3	1308	0.00252857
3.97281	1	4	3	340	0.00274285
3.97339	1	2	3	408	0.00231428
3.9736	1	3	3	1308	0.00252857
3.97381	1	4	3	340	0.00274285
3.9746	1	3	3	1308	0.00252857
3.97481	1	4	3	340	0.00274285
3.97496	3	2	3	1456	0.00288571
3.97503	3	3	3	840	0.00295714
3.9756	1	3	3	1308	0.00252857
3.97581	1	4	3	340	0.00274285
3.97603	3	1	3	2018	0.00295714
3.97667	1	3	3	1308	0.0026
3.97689	1	4	3	340	0.00281428
3.97696	1	5	3	106	0.00788571
3.97703	1	1	3	106	0.00795714
3.9776	1	3	3	38	0.00252857
3.97781	1	4	3	340	0.00274285
3.97803	3	4	3	633	0.00295714
3.97881	1	4	3	575	0.00274285
3.97903	1	5	3	340	0.00795714
3.97981	1	4	3	575	0.00274285
3.98003	3	1	3	7440	0.00795714
3.98003	1	5	3	340	0.00795714
3.98081	1	4	3	575	0.00274285
3.98103	1	5	3	340	0.00795714
3.98103	3	2	3	4022	0.00295714
3.98167	1	4	3	692	0.0026
3.98274	1	4	3	710	0.00267142
3.98296	1	5	3	340	0.0128857
3.98303	3	3	3	1073	0.00295714
3.98403	3	4	3	7701	0.00295714
3.98503	3	4	3	1860	0.00295714
3.98703	1	5	3	575	0.00795714
3.98703	3	2	3	7625	0.00295714
3.98903	1	1	3	458	0.00795714
3.98903	3	3	3	1073	0.00295714
3.99003	1	1	3	458	0.00795714
3.99103	1	1	3	458	0.00795714
3.99203	1	1	3	458	0.00795714
3.9926	1	5	3	692	0.00752857
3.99303	1	1	3	692	0.00795714
3.99403	1	5	3	458	0.0129571
3.99403	3	1	3	633	0.00295714
3.99496	3	2	3	2912	0.00288571
3.99503	1	5	3	458	0.0129571
3.99503	3	3	3	1073	0.00295714
3.99603	1	5	3	458	0.0129571
3.99631	1	2	3	208	0.00224286
3.99639	1	3	3	428	0.00231428
3.99646	1	4	3	106	0.00238571
3.99803	3	4	3	633	0.00295714
3.99903	1	1	3	927	0.00795714
4.00003	3	1	3	8929	0.00295714
4.00003	1	1	3	458	0.00795714
4.00081	3	1	3	631	0.00274285
4.00089	3	2	3	4022	0.00281428
4.00096	1	1	3	369	0.00788571
4.00103	3	3	3	2155	0.00295714
4.00124	1	2	3	208	0.00217143
4.00131	1	3	3	428	0.00224286
4.00139	1	4	3	106	0.00231428
4.00196	1	5	3	927	0.0128857
4.00224	1	4	3	106	0.00217143
4.0026	1	5	3	575	0.00752857
4.00303	1	1	3	692	0.00795714
4.00346	1	2	3	648	0.00238571
4.00367	1	3	3	1308	0.0026
4.00389	1	4	3	340	0.00281428
4.00403	1	5	3	223	0.00795714
4.00439	1	2	3	208	0.00231428
4.00446	1	3	3	428	0.00238571
4.00453	1	4	3	106	0.00245714
4.00503	3	4	3	7701	0.00295714
4.00503	1	5	3	809	0.00795714
4.00539	1	2	3	208	0.00231428
4.00546	1	3	3	428	0.00238571
4.00553	1	4	3	106	0.00245714
4.00567	3	2	3	7625	0.0026
4.00603	1	5	3	547	0.00795714
4.00603	3	4	3	1860	0.00295714
4.0066	1	2	3	648	0.00252857
4.00681	1	3	3	1308	0.00274285
4.00703	1	4	3	428	0.00295714
4.00753	1	2	3	648	0.00245714
4.00774	1	3	3	1308	0.00267142
4.00796	1	4	3	428	0.00288571
4.00846	1	2	3	868	0.00238571
4.00874	1	3	3	1744	0.00267142
4.00896	1	4	3	428	0.00288571
4.00903	1	1	3	106	0.00795714
4.00931	1	2	3	428	0.00224286
4.00946	1	3	3	868	0.00238571
4.00967	1	4	3	428	0.0026
4.01003	1	1	3	223	0.00795714
4.01031	1	2	3	428	0.00224286
4.01046	1	3	3	868	0.00238571
4.01067	1	4	3	428	0.0026
4.01103	1	1	3	223	0.00795714
4.01131	1	2	3	428	0.00224286
4.01146	1	3	3	868	0.00238571
4.0116	1	4	3	282	0.00252857
4.01203	1	1	3	220	0.00795714
4.01203	3	3	3	362	0.00795714
4.01239	1	2	3	648	0.00231428
4.0126	1	3	3	229	0.00252857
4.01281	1	4	3	428	0.00274285
4.01289	1	5	3	106	0.00781428
4.01303	3	3	3	956	0.00295714
4.01346	1	2	3	428	0.00238571
4.01381	1	4	3	340	0.00274285
4.01403	3	2	3	4022	0.00295714
4.01439	1	2	3	648	0.00231428
4.01481	1	4	3	428	0.00274285
4.01503	1	5	3	340	0.00795714
4.01539	1	2	3	472	0.00231428
4.01581	1	4	3	428	0.00274285
4.01603	1	5	3	340	0.00795714
4.01646	1	2	3	186	0.00238571
4.01674	1	4	3	575	0.00267142
4.01696	1	5	3	340	0.00788571
4.01774	1	4	3	575	0.00267142
4.01803	3	3	3	1910	0.00295714
4.01867	1	4	3	340	0.0026
4.01889	1	5	3	340	0.00781428
4.01889	3	1	3	736	0.00281428
4.01903	3	4	3	633	0.00295714
4.01974	1	4	3	458	0.00267142
4.02003	3	2	3	6169	0.00295714
4.02067	1	4	3	456	0.0026
4.02303	1	5	3	458	0.00795714
4.02403	3	1	3	3633	0.00295714
4.02503	3	4	3	7701	0.00295714
4.02503	1	5	3	458	0.00795714
4.02603	3	4	3	1860	0.00295714
4.02603	1	5	3	575	0.00795714
4.02703	1	5	3	692	0.00795714
4.02796	3	2	3	4022	0.00288571
4.02803	3	3	3	1073	0.00295714
4.02903	1	5	3	665	0.00795714
4.03303	1	5	3	1396	0.00795714
4.03303	3	2	3	4022	0.00295714
4.03331	1	2	3	208	0.00224286
4.03339	1	3	3	428	0.00231428
4.03403	3	3	3	1073	0.00295714
4.03503	1	5	3	38	0.00795714
4.03803	3	1	3	736	0.00295714
4.03831	1	3	3	531	0.00224286
4.03889	1	5	3	927	0.00781428
4.03896	1	4	3	135	0.00788571
4.03896	3	2	3	4022	0.00288571
4.03903	3	4	3	633	0.00295714
4.03903	1	1	3	106	0.00795714
4.0396	1	2	3	1308	0.00252857
4.03996	1	3	3	2694	0.00288571
4.04003	3	3	3	1073	0.00295714
4.04046	1	2	3	868	0.00238571
4.04074	1	3	3	2155	0.00267142
4.04146	1	2	3	868	0.00238571
4.04174	1	3	3	2155	0.00267142
4.0426	1	2	3	1308	0.00252857
4.04296	1	3	3	781	0.00288571
4.04374	1	4	3	458	0.00267142
4.04396	3	1	3	5089	0.00288571
4.04403	1	2	3	208	0.00795714
4.04403	3	2	3	4022	0.00295714
4.04453	1	2	3	648	0.00245714
4.04496	1	4	3	340	0.00288571
4.04503	1	5	3	106	0.00795714
4.04546	1	2	3	422	0.00238571
4.04574	1	4	3	223	0.00267142
4.04603	1	5	3	458	0.00795714
4.04603	3	3	3	2155	0.00295714
4.04674	1	4	3	223	0.00267142
4.04703	1	5	3	458	0.00795714
4.04796	1	4	3	340	0.00288571
4.04803	1	5	3	106	0.00795714
4.04881	1	4	3	340	0.00274285
4.04903	1	5	3	340	0.00795714
4.04953	3	2	3	8052	0.00245714
4.04974	1	4	3	721	0.00267142
4.05003	3	4	3	3736	0.00795714
4.05003	1	1	3	223	0.00795714
4.05053	1	4	3	721	0.00245714
4.05103	1	1	3	223	0.00795714
4.05146	1	4	3	575	0.00238571
4.05196	1	1	3	223	0.00788571
4.05203	3	3	3	1073	0.00295714
4.05246	1	4	3	575	0.00238571
4.05303	1	1	3	458	0.00795714
4.05346	1	4	3	575	0.00238571
4.05403	1	1	3	340	0.00795714
4.05489	1	4	3	622	0.00281428
4.05503	1	5	3	223	0.00795714
4.05503	3	2	3	4022	0.00295714
4.05603	1	5	3	575	0.00795714
4.05703	1	5	3	575	0.00795714
4.05803	1	5	3	458	0.00795714
4.05803	3	3	3	723	0.00295714
4.05903	1	5	3	90	0.00795714
4.06003	1	1	3	575	0.00795714
4.06103	1	1	3	458	0.00795714
4.06103	3	2	3	3874	0.00295714
4.06203	1	1	3	458	0.00795714
4.06203	3	1	3	736	0.00295714
4.06296	1	1	3	458	0.00788571
4.06403	1	1	3	458	0.00795714
4.06403	3	4	3	633	0.00295714
4.06503	1	5	3	809	0.00795714
4.06503	3	3	3	1073	0.00295714
4.06603	1	5	3	106	0.00795714
4.06703	1	5	3	521	0.00795714
4.06803	3	1	3	5089	0.00295714
4.06803	1	5	3	809	0.00795714
4.06831	1	2	3	208	0.00224286
4.06839	1	3	3	531	0.00231428
4.06846	1	4	3	106	0.00238571
4.06903	1	5	3	625	0.00795714
4.06903	3	2	3	4022	0.00295714
4.07003	1	1	3	575	0.00795714
4.07103	1	1	3	1278	0.00795714
4.07103	3	3	3	1073	0.00295714
4.07203	1	1	3	458	0.00795714
4.07303	1	1	3	575	0.00795714
4.07346	1	2	3	868	0.00238571
4.07374	1	3	3	2155	0.00267142
4.07396	1	4	3	428	0.00288571
4.07403	1	1	3	106	0.00795714
4.07446	3	2	3	4022	0.00238571
4.07453	1	2	3	648	0.00245714
4.07474	1	3	3	1612	0.00267142
4.07496	1	4	3	428	0.00288571
4.07503	3	4	3	5192	0.00795714
4.07503	1	5	3	106	0.00795714
4.07553	1	2	3	648	0.00245714
4.07574	1	3	3	1612	0.00267142
4.07596	1	4	3	428	0.00288571
4.0766	1	2	3	648	0.00252857
4.07681	1	3	3	1612	0.00274285
4.07703	1	4	3	428	0.00295714
4.07703	3	3	3	1073	0.00295714
4.07774	1	2	3	868	0.00267142
4.07796	1	3	3	1612	0.00288571
4.0786	1	2	3	648	0.00252857
4.07881	1	3	3	1069	0.00274285
4.07903	1	4	3	340	0.00295714
4.07946	1	2	3	868	0.00238571
4.07989	1	4	3	340	0.00281428
4.08003	1	1	3	223	0.00795714
4.08003	3	2	3	3605	0.00295714
4.08074	1	4	3	428	0.00267142
4.08081	1	5	3	106	0.00774285
4.08096	1	1	3	119	0.00788571
4.0816	1	4	3	223	0.00252857
4.08203	3	1	3	736	0.00295714
4.0826	1	4	3	223	0.00252857
4.08303	3	3	3	1920	0.00295714
4.0836	1	4	3	428	0.00252857
4.08481	1	4	3	340	0.00274285
4.08553	1	4	3	721	0.00245714
4.08603	1	2	3	428	0.00795714
4.08681	1	4	3	987	0.00274285
4.08703	1	5	3	340	0.00795714
4.08803	1	5	3	223	0.00795714
4.08803	3	2	3	4022	0.00295714
4.08896	3	3	3	597	0.00288571
4.08903	1	5	3	340	0.00795714
4.08903	3	4	3	633	0.00295714
4.08981	1	5	3	340	0.00774285
4.09103	1	5	3	575	0.00795714
4.09303	3	1	3	6544	0.00795714
4.09403	3	2	3	4022	0.00295714
4.09446	3	3	3	1073	0.00238571
4.09631	1	2	3	10	0.00224286
4.09803	1	5	3	1396	0.00895714
4.09903	1	5	3	1396	0.00795714
4.09939	3	2	3	4022	0.00231428
4.10003	3	4	3	5192	0.00795714
4.10003	1	5	3	692	0.00795714
4.10103	1	5	3	13	0.00795714
4.10203	1	1	3	106	0.00795714
4.10496	3	2	3	4022	0.00288571
4.10503	3	3	3	1073	0.00795714
4.10803	1	5	3	1396	0.00795714
4.10881	1	2	3	208	0.00274285
4.10889	1	3	3	531	0.00281428
4.10896	1	4	3	106	0.00288571
4.11003	1	5	3	38	0.00795714
4.11003	3	2	3	4022	0.00295714
4.11103	3	3	3	2154	0.00295714
4.11203	3	1	3	633	0.00295714
4.11324	1	2	3	150	0.00217143
4.11331	1	3	3	531	0.00224286
4.11339	1	4	3	106	0.00231428
4.11346	1	5	3	106	0.00738571
4.11403	1	1	3	927	0.00795714
4.11431	1	2	3	311	0.00224286
4.11446	1	3	3	1073	0.00238571
4.1146	1	4	3	223	0.00252857
4.11467	1	5	3	106	0.0026
4.11503	1	1	3	427	0.00795714
4.11539	1	2	3	472	0.00231428
4.1156	1	3	3	1612	0.00252857
4.11581	1	4	3	340	0.00274285
4.11603	3	2	3	4022	0.00295714
4.11646	1	2	3	633	0.00238571
4.11674	1	3	3	2155	0.00267142
4.11696	1	4	3	340	0.00288571
4.11703	3	3	3	1073	0.00295714
4.11746	1	2	3	633	0.00238571
4.11774	1	3	3	2155	0.00267142
4.11796	1	4	3	340	0.00288571
4.11803	1	5	3	106	0.00795714
4.11839	1	2	3	472	0.00231428
4.1186	1	3	3	1612	0.00252857
4.11881	1	4	3	340	0.00274285
4.11903	3	4	3	736	0.00295714
4.11939	1	2	3	648	0.00231428
4.1196	1	3	3	536	0.00252857
4.11981	1	4	3	340	0.00274285
4.12039	1	2	3	472	0.00231428
4.12081	1	4	3	340	0.00274285
4.12103	1	5	3	340	0.00795714
4.12139	1	2	3	472	0.00231428
4.12181	1	4	3	340	0.00274285
4.12203	3	2	3	4022	0.00295714
4.12239	1	2	3	472	0.00231428
4.12281	1	4	3	340	0.00274285
4.12303	3	1	3	5192	0.00795714
4.12346	1	2	3	633	0.00238571
4.12381	1	4	3	458	0.00274285
4.12403	1	5	3	340	0.00795714
4.12446	1	2	3	633	0.00238571
4.12481	1	4	3	575	0.00274285
4.12496	3	4	3	6544	0.00288571
4.12503	1	5	3	340	0.00795714
4.12546	1	2	3	633	0.00238571
4.12574	1	4	3	458	0.00267142
4.12646	1	2	3	466	0.00238571
4.12681	1	4	3	575	0.00274285
4.12703	1	5	3	340	0.00795714
4.12781	1	4	3	575	0.00274285
4.12796	3	2	3	4022	0.00288571
4.12803	1	5	3	340	0.00795714
4.12803	3	3	3	1073	0.00795714
4.12874	1	4	3	458	0.00267142
4.12974	1	4	3	458	0.00267142
4.13074	1	4	3	458	0.00267142
4.13103	1	5	3	458	0.00795714
4.1316	1	4	3	148	0.00252857
4.13303	3	2	3	4022	0.00295714
4.13403	1	5	3	458	0.00795714
4.13403	3	3	3	2154	0.00295714
4.13503	1	5	3	458	0.00795714
4.13703	1	5	3	575	0.00795714
4.13803	1	5	3	692	0.00795714
4.13903	3	2	3	7489	0.00295714
4.14003	3	3	3	1073	0.00295714
4.14103	1	5	3	1095	0.00795714
4.14203	3	1	3	633	0.00295714
4.14289	1	3	3	531	0.00281428
4.14303	3	4	3	736	0.00795714
4.14403	1	5	3	1396	0.00795714
4.14503	1	5	3	38	0.00795714
4.14524	1	2	3	150	0.00217143
4.14531	1	4	3	106	0.00224286
4.14603	3	3	3	1073	0.00295714
4.14703	3	2	3	2912	0.00295714
4.14796	1	3	3	5936	0.00288571
4.14903	1	3	3	3726	0.00295714
4.15024	1	2	3	208	0.00217143
4.15031	1	4	3	106	0.00224286
4.15103	1	5	3	1161	0.00795714
4.15153	1	2	3	868	0.00245714
4.15181	1	4	3	458	0.00274285
4.15203	3	3	3	1073	0.00295714
4.15239	1	2	3	648	0.00231428
4.15281	1	4	3	340	0.00274285
4.15303	3	1	3	5192	0.00795714
4.15339	1	2	3	648	0.00231428
4.15381	1	4	3	340	0.00274285
4.15403	3	4	3	5089	0.00795714
4.1546	1	2	3	1308	0.00252857
4.15496	1	4	3	575	0.00288571
4.15503	1	5	3	106	0.00795714
4.1556	1	2	3	1308	0.00252857
4.15596	1	4	3	575	0.00288571
4.15646	1	2	3	868	0.00238571
4.15674	1	4	3	458	0.00267142
4.15696	1	5	3	340	0.00788571
4.15703	1	1	3	106	0.00795714
4.15774	1	2	3	1744	0.00267142
4.15796	1	5	3	340	0.00788571
4.15796	3	3	3	1920	0.00288571
4.15803	3	2	3	4022	0.00795714
4.15846	1	2	3	868	0.00238571
4.15881	1	4	3	575	0.00274285
4.15903	1	5	3	340	0.00795714
4.15953	1	2	3	138	0.00245714
4.15989	1	4	3	575	0.00281428
4.16089	1	4	3	575	0.00281428
4.16096	1	5	3	106	0.00788571
4.16174	1	4	3	458	0.00267142
4.16281	1	4	3	340	0.00274285
4.16303	3	3	3	597	0.00295714
4.16389	1	4	3	575	0.00281428
4.16396	3	2	3	9080	0.00288571
4.16489	1	4	3	575	0.00281428
4.16503	1	5	3	223	0.00795714
4.16567	1	4	3	692	0.0026
4.16674	1	4	3	927	0.00267142
4.16703	1	5	3	458	0.00795714
4.16703	3	1	3	633	0.00295714
4.1676	1	4	3	520	0.00252857
4.16781	1	5	3	340	0.00774285
4.16803	1	1	3	340	0.00795714
4.16803	3	4	3	633	0.00295714
4.16874	1	5	3	223	0.00767142
4.16903	1	1	3	458	0.00795714
4.17003	1	1	3	558	0.00795714
4.17003	3	3	3	956	0.00295714
4.17096	1	5	3	575	0.00788571
4.17203	3	2	3	4022	0.00295714
4.17303	3	1	3	6647	0.00295714
4.17403	3	4	3	5192	0.00295714
4.17503	1	5	3	340	0.00795714
4.17603	3	3	3	1073	0.00295714
4.17696	1	5	3	809	0.00788571
4.17803	1	5	3	393	0.00795714
4.17803	3	2	3	6169	0.00295714
4.18103	1	5	3	1396	0.00795714
4.18203	3	3	3	1073	0.00295714
4.18289	1	2	3	208	0.00281428
4.18296	1	3	3	531	0.00288571
4.18303	1	4	3	106	0.00295714
4.18503	1	5	3	38	0.00795714
4.18603	3	2	3	2912	0.00295714
4.18703	1	5	3	106	0.00795714
4.1876	1	2	3	1308	0.00252857
4.18796	1	3	3	2694	0.00288571
4.18803	3	4	3	736	0.00295714
4.18874	1	3	3	2155	0.00267142
4.18896	1	4	3	340	0.00288571
4.18903	1	5	3	106	0.00795714
4.18946	1	2	3	868	0.00238571
4.18974	1	3	3	2155	0.00267142
4.19003	1	4	3	458	0.00295714
4.19046	1	2	3	868	0.00238571
4.19074	1	3	3	2155	0.00267142
4.19096	1	4	3	340	0.00288571
4.19103	1	5	3	106	0.00795714
4.19139	1	2	3	648	0.00231428
4.1916	1	3	3	510	0.00252857
4.19181	1	4	3	340	0.00274285
4.19196	3	1	3	736	0.00288571
4.19203	3	2	3	4022	0.00295714
4.19246	1	2	3	868	0.00238571
4.19296	1	4	3	340	0.00288571
4.19303	1	5	3	106	0.00795714
4.19353	1	4	3	340	0.00245714
4.19403	1	2	3	868	0.00795714
4.19439	1	2	3	648	0.00231428
4.19481	1	4	3	340	0.00274285
4.19546	1	2	3	633	0.00238571
4.19581	1	4	3	458	0.00274285
4.19646	1	2	3	633	0.00238571
4.19674	1	4	3	458	0.00267142
4.19696	1	5	3	340	0.00788571
4.19703	3	1	3	8000	0.00295714
4.19746	1	2	3	868	0.00238571
4.19774	1	4	3	458	0.00267142
4.19789	3	2	3	4022	0.00281428
4.19803	3	3	3	2155	0.0129571
4.19846	1	2	3	633	0.00238571
4.19881	1	4	3	575	0.00274285
4.19903	3	4	3	6544	0.00795714
4.19903	1	5	3	340	0.00795714
4.19946	1	2	3	633	0.00238571
4.19981	1	4	3	575	0.00274285
4.20003	1	5	3	340	0.00795714
4.20046	1	2	3	534	0.00238571
4.20081	1	4	3	575	0.00274285
4.20103	1	5	3	340	0.00795714
4.20174	1	4	3	458	0.00267142
4.20274	1	4	3	458	0.00267142
4.20303	1	5	3	458	0.00795714
4.20303	3	2	3	4022	0.00295714
4.20374	1	4	3	458	0.00267142
4.20403	3	3	3	2155	0.00295714
4.20467	1	4	3	458	0.0026
4.2056	1	4	3	692	0.00252857
4.20674	1	4	3	927	0.00267142
4.20703	1	5	3	458	0.00795714
4.2076	1	4	3	692	0.00252857
4.20874	1	4	3	388	0.00267142
4.20896	3	2	3	4022	0.00288571
4.20903	1	5	3	458	0.00795714
4.21003	1	5	3	575	0.00795714
4.21003	3	3	3	2155	0.00295714
4.21103	1	5	3	692	0.00795714
4.21303	1	5	3	692	0.00795714
4.21303	3	4	3	633	0.00295714
4.21403	3	2	3	4022	0.00295714
4.21596	3	1	3	736	0.00288571
4.21603	3	3	3	468	0.00295714
4.21703	1	5	3	575	0.00795714
4.21903	3	4	3	7701	0.00295714
4.21903	1	5	3	1396	0.00795714
4.21967	3	2	3	4022	0.0026
4.22003	1	5	3	102	0.00795714
4.22003	3	4	3	404	0.00295714
4.22046	1	2	3	150	0.00238571
4.22053	1	3	3	531	0.00245714
4.22103	3	1	3	8929	0.00295714
4.22196	3	1	3	528	0.00288571
4.22203	3	3	3	1073	0.00295714
4.22246	1	4	3	106	0.00238571
4.22496	3	2	3	4022	0.00288571
4.22546	1	2	3	868	0.00238571
4.22574	1	3	3	2155	0.00267142
4.22703	1	5	3	1396	0.00795714
4.22746	1	2	3	868	0.00238571
4.22774	1	3	3	1686	0.00267142
4.22796	1	4	3	340	0.00288571
4.22803	3	3	3	1073	0.00295714
4.2286	1	2	3	1308	0.00252857
4.22903	1	4	3	692	0.00295714
4.2296	1	2	3	1308	0.00252857
4.22996	1	4	3	575	0.00288571
4.23003	1	5	3	38	0.00795714
4.23003	3	2	3	4022	0.00295714
4.23031	1	2	3	428	0.00224286
4.23074	1	4	3	340	0.00267142
4.23153	1	2	3	1088	0.00245714
4.23196	1	4	3	575	0.00288571
4.2326	1	2	3	1308	0.00252857
4.23296	1	4	3	575	0.00288571
4.23303	3	4	3	633	0.00295714
4.23346	1	2	3	868	0.00238571
4.23374	1	4	3	458	0.00267142
4.23403	3	3	3	1073	0.00295714
4.23446	1	2	3	560	0.00238571
4.23474	1	4	3	458	0.00267142
4.23574	1	4	3	458	0.00267142
4.23603	3	2	3	4022	0.00295714
4.23696	1	4	3	575	0.00288571
4.23703	1	5	3	106	0.00795714
4.23796	1	5	3	106	0.0128857
4.23874	1	4	3	458	0.00267142
4.23903	3	4	3	7701	0.00295714
4.23903	1	5	3	458	0.00795714
4.23953	3	1	3	736	0.00245714
4.23974	1	4	3	927	0.00267142
4.24003	3	4	3	1860	0.00295714
4.24003	1	5	3	458	0.00795714
4.24067	1	4	3	809	0.0026
4.24096	1	5	3	458	0.00788571
4.2416	1	4	3	692	0.00252857
4.24203	3	2	3	4022	0.00295714
4.2426	1	4	3	692	0.00252857
4.2436	1	4	3	692	0.00252857
4.2446	1	4	3	692	0.00252857
4.24503	3	3	3	2155	0.00795714
4.24524	1	2	3	208	0.00217143
4.24531	1	3	3	531	0.00224286
4.24567	1	4	3	575	0.0026
4.24603	3	1	3	3540	0.00295714
4.2466	1	4	3	692	0.00252857
4.24703	1	5	3	692	0.00795714
4.2476	1	4	3	307	0.00252857
4.24803	1	5	3	692	0.00795714
4.24803	3	2	3	4022	0.00295714
4.24903	1	5	3	692	0.00795714
4.25003	3	1	3	4462	0.00795714
4.25003	1	5	3	650	0.00795714
4.25031	1	2	3	311	0.00224286
4.25046	1	3	3	1073	0.00238571
4.25103	3	3	3	1073	0.00295714
4.25139	1	2	3	472	0.00231428
4.2516	1	3	3	1612	0.00252857
4.2526	1	2	3	956	0.00252857
4.25303	1	3	3	2614	0.00295714
4.25396	3	2	3	4022	0.00288571
4.25403	1	2	3	1920	0.00295714
4.25403	3	4	3	633	0.00295714
4.25496	1	2	3	1759	0.00288571
4.25546	1	2	3	868	0.00238571
4.25674	1	2	3	1744	0.00267142
4.25696	1	5	3	340	0.00788571
4.25696	3	3	3	1073	0.00288571
4.25746	1	2	3	868	0.00238571
4.2586	1	2	3	1104	0.00252857
4.25903	3	2	3	4022	0.00295714
4.26003	3	4	3	7701	0.00295714
4.26003	1	5	3	106	0.00795714
4.26103	3	4	3	404	0.00295714
4.26103	1	5	3	458	0.00795714
4.26203	3	3	3	1920	0.00295714
4.26303	1	5	3	458	0.00795714
4.26403	1	5	3	692	0.00795714
4.26403	3	1	3	736	0.00295714
4.26503	3	2	3	4022	0.00295714
4.26703	1	5	3	692	0.00795714
4.26803	3	3	3	598	0.00295714
4.27003	1	5	3	1396	0.00795714
4.27039	1	3	3	531	0.00231428
4.27103	1	5	3	168	0.00795714
4.27103	3	2	3	7768	0.00295714
4.27124	1	2	3	208	0.00217143
4.27131	1	4	3	106	0.00224286
4.27396	3	3	3	956	0.00288571
4.27403	3	4	3	633	0.00295714
4.27503	3	1	3	9455	0.00795714
4.27603	1	3	3	5294	0.00295714
4.27624	1	4	3	106	0.00217143
4.27696	1	5	3	1161	0.00788571
4.2776	1	2	3	1308	0.00252857
4.27796	1	4	3	575	0.00288571
4.27846	1	2	3	868	0.00238571
4.27874	1	4	3	458	0.00267142
4.27896	3	2	3	2912	0.00288571
4.27903	3	3	3	956	0.00295714
4.27946	1	2	3	868	0.00238571
4.27974	1	4	3	458	0.00267142
4.28003	3	4	3	7701	0.00295714
4.2806	1	2	3	1308	0.00252857
4.28103	1	4	3	692	0.00295714
4.28146	1	2	3	868	0.00238571
4.28174	1	4	3	458	0.00267142
4.2826	1	2	3	1308	0.00252857
4.28296	1	4	3	575	0.00288571
4.28303	1	5	3	106	0.00795714
4.28346	1	2	3	868	0.00238571
4.28374	1	4	3	458	0.00267142
4.28403	1	5	3	458	0.00795714
4.28446	1	2	3	868	0.00238571
4.28474	1	4	3	458	0.00267142
4.28496	3	2	3	4022	0.00288571
4.28503	1	5	3	458	0.00795714
4.2856	1	2	3	1308	0.00252857
4.28567	3	3	3	1920	0.0026
4.28603	1	4	3	692	0.00295714
4.28603	3	4	3	1860	0.00795714
4.28646	1	2	3	432	0.00238571
4.28674	1	4	3	458	0.00267142
4.28703	1	5	3	458	0.00795714
4.28803	1	4	3	692	0.00295714
4.28881	1	4	3	575	0.00274285
4.28981	1	4	3	575	0.00274285
4.28989	3	1	3	736	0.00281428
4.29003	3	2	3	7625	0.00295714
4.29081	1	4	3	692	0.00274285
4.29103	3	3	3	956	0.00295714
4.29196	1	4	3	1278	0.00288571
4.2926	1	4	3	692	0.00252857
4.29381	1	4	3	230	0.00274285
4.29403	1	5	3	340	0.00795714
4.29403	3	4	3	531	0.00295714
4.29503	1	5	3	340	0.00795714
4.29603	3	1	3	528	0.00295714
4.29603	1	5	3	340	0.00795714
4.29703	3	3	3	948	0.00295714
4.29803	1	5	3	651	0.00795714
4.29803	3	2	3	4022	0.00295714
4.30003	3	1	3	8929	0.00795714
4.30103	3	4	3	6475	0.00295714
4.30203	3	4	3	3187	0.00295714
4.30203	1	5	3	692	0.00795714
4.30396	3	2	3	4022	0.00288571
4.30403	3	3	3	956	0.00295714
4.30403	1	5	3	106	0.00795714
4.30503	1	5	3	638	0.00795714
4.30681	1	2	3	208	0.00274285
4.30689	1	3	3	531	0.00281428
4.30696	1	4	3	135	0.00288571
4.30803	1	5	3	1278	0.00795714
4.30903	3	2	3	7972	0.00295714
4.31003	3	3	3	956	0.00295714
4.31146	1	2	3	868	0.00238571
4.31174	1	3	3	2155	0.00267142
4.31196	1	4	3	428	0.00288571
4.31203	1	5	3	106	0.00795714
4.31246	1	2	3	868	0.00238571
4.31267	1	3	3	1612	0.0026
4.31289	1	4	3	428	0.00281428
4.31403	1	5	3	1396	0.00795714
4.31446	1	2	3	868	0.00238571
4.31467	1	3	3	1612	0.0026
4.31489	1	4	3	428	0.00281428
4.31503	1	5	3	90	0.00795714
4.31503	3	4	3	531	0.00295714
4.31546	1	2	3	868	0.00238571
4.31567	1	3	3	1377	0.0026
4.31589	1	4	3	428	0.00281428
4.31603	3	3	3	1920	0.00295714
4.31646	1	2	3	868	0.00238571
4.31696	1	4	3	428	0.00288571
4.31703	3	2	3	4022	0.00295714
4.31746	1	2	3	868	0.00238571
4.31846	1	2	3	868	0.00238571
4.31903	1	4	3	721	0.00295714
4.31903	3	1	3	736	0.00295714
4.31946	1	2	3	868	0.00238571
4.32003	1	4	3	721	0.00295714
4.32046	1	2	3	868	0.00238571
4.32081	1	4	3	721	0.00274285
4.32103	3	4	3	6475	0.00295714
4.32146	3	3	3	956	0.00238571
4.3216	1	2	3	1308	0.00252857
4.32196	1	4	3	721	0.00288571
4.32203	3	4	3	3187	0.00295714
4.32203	1	5	3	106	0.00795714
4.32246	1	2	3	868	0.00238571
4.32274	1	4	3	575	0.00267142
4.32303	3	2	3	4022	0.00295714
4.32374	1	4	3	458	0.00267142
4.32474	1	4	3	575	0.00267142
4.32503	3	1	3	8929	0.00295714
4.32574	1	4	3	458	0.00267142
4.32603	3	1	3	528	0.00295714
4.32646	3	3	3	948	0.00238571
4.32674	1	4	3	458	0.00267142
4.32774	1	4	3	1161	0.00267142
4.32803	1	5	3	458	0.00795714
4.32874	1	4	3	927	0.00267142
4.32903	1	5	3	458	0.00795714
4.32903	3	2	3	7972	0.00295714
4.32974	1	4	3	455	0.00267142
4.33003	1	5	3	458	0.00795714
4.33103	1	5	3	458	0.00795714
4.33203	1	5	3	458	0.00795714
4.33403	3	3	3	956	0.00295714
4.33503	3	4	3	531	0.00295714
4.33803	1	5	3	692	0.00795714
4.33803	3	2	3	4022	0.00295714
4.33867	1	2	3	208	0.0026
4.33903	1	5	3	575	0.00795714
4.34003	1	5	3	575	0.00795714
4.34003	3	3	3	956	0.00295714
4.34103	3	4	3	6475	0.00295714
4.34103	1	5	3	76	0.00795714
4.34167	1	3	3	531	0.0026
4.34203	3	4	3	3187	0.00295714
4.34224	1	4	3	106	0.00217143
4.34389	3	1	3	736	0.00281428
4.34396	1	2	3	2401	0.00288571
4.34403	3	2	3	6169	0.00295714
4.3446	1	2	3	1308	0.00252857
4.3456	1	2	3	1308	0.00252857
4.34603	3	3	3	1920	0.00295714
4.34646	1	2	3	868	0.00238571
4.34674	1	3	3	2155	0.00267142
4.34803	1	5	3	1278	0.00795714
4.34846	1	2	3	868	0.00238571
4.34874	1	3	3	2155	0.00267142
4.34896	1	4	3	340	0.00288571
4.34903	1	5	3	106	0.00795714
4.34931	1	2	3	428	0.00224286
4.34946	1	3	3	988	0.00238571
4.3496	1	4	3	223	0.00252857
4.35003	1	5	3	52	0.00795714
4.35003	3	1	3	528	0.00295714
4.35031	1	2	3	428	0.00224286
4.3506	1	4	3	340	0.00252857
4.35131	1	2	3	428	0.00224286
4.35174	1	4	3	340	0.00267142
4.35203	1	5	3	458	0.00795714
4.35253	1	2	3	1088	0.00245714
4.35303	1	4	3	106	0.00795714
4.35346	1	2	3	868	0.00238571
4.35381	1	4	3	340	0.00274285
4.35403	3	1	3	8929	0.00795714
4.35446	1	2	3	33	0.00238571
4.35474	1	4	3	458	0.00267142
4.35503	3	4	3	428	0.00295714
4.35574	1	4	3	458	0.00267142
4.35696	1	4	3	575	0.00288571
4.35696	3	3	3	956	0.00788571
4.35703	3	2	3	4022	0.00795714
4.35796	1	4	3	692	0.00288571
4.35803	3	4	3	3941	0.00295714
4.35803	1	5	3	106	0.00795714
4.35881	1	4	3	927	0.00274285
4.35903	1	5	3	340	0.00795714
4.35974	1	4	3	927	0.00267142
4.36003	1	5	3	458	0.00795714
4.36074	1	4	3	927	0.00267142
4.36103	1	5	3	458	0.00795714
4.3616	1	4	3	692	0.00252857
4.36203	3	3	3	1744	0.00295714
4.36281	1	4	3	1044	0.00274285
4.36303	3	2	3	9080	0.00295714
4.3636	1	4	3	692	0.00252857
4.3646	1	4	3	692	0.00252857
4.3656	1	4	3	349	0.00252857
4.36703	1	5	3	692	0.00795714
4.36803	1	5	3	340	0.00795714
4.36803	3	3	3	956	0.00295714
4.36903	1	5	3	692	0.00795714
4.37003	1	5	3	692	0.00795714
4.37103	1	5	3	78	0.00795714
4.37103	3	2	3	2912	0.00295714
4.37203	3	4	3	531	0.00295714
4.37303	3	1	3	736	0.00295714
4.37403	3	3	3	1920	0.00295714
4.37703	1	5	3	1278	0.00795714
4.37703	3	2	3	4022	0.00295714
4.37724	1	2	3	208	0.00217143
4.37731	1	3	3	531	0.00224286
4.37803	3	4	3	5294	0.00295714
4.37896	1	4	3	106	0.00288571
4.37903	3	1	3	3633	0.00295714
4.37903	1	5	3	106	0.00795714
4.38003	1	5	3	52	0.00795714
4.38003	3	3	3	630	0.00295714
4.38103	1	5	3	1396	0.00795714
4.38224	1	3	3	531	0.00217143
4.38296	1	5	3	38	0.00788571
4.38303	3	2	3	4022	0.00295714
4.38346	1	2	3	868	0.00238571
4.38374	1	3	3	2155	0.00267142
4.38396	1	4	3	340	0.00288571
4.38446	1	2	3	868	0.00238571
4.38474	1	3	3	2155	0.00267142
4.38503	1	4	3	458	0.00295714
4.38553	1	2	3	1088	0.00245714
4.38567	1	3	3	459	0.0026
4.38603	1	4	3	575	0.00295714
4.38603	3	3	3	956	0.00295714
4.3866	1	2	3	1308	0.00252857
4.38696	1	4	3	575	0.00288571
4.38746	1	2	3	868	0.00238571
4.38803	1	4	3	458	0.00295714
4.38846	1	2	3	628	0.00238571
4.38896	1	4	3	340	0.00288571
4.38903	1	5	3	106	0.00795714
4.38903	3	2	3	4022	0.00295714
4.38996	1	4	3	575	0.00288571
4.39103	1	4	3	692	0.00295714
4.39196	3	3	3	868	0.00288571
4.39203	1	4	3	692	0.00295714
4.39203	3	4	3	531	0.00295714
4.39274	1	4	3	458	0.00267142
4.3936	1	4	3	692	0.00252857
4.39489	1	4	3	1161	0.00281428
4.39496	1	5	3	106	0.00788571
4.39503	1	1	3	106	0.00795714
4.39503	3	2	3	4022	0.00295714
4.3956	1	4	3	692	0.00252857
4.3966	1	4	3	692	0.00252857
4.39703	3	3	3	1744	0.00295714
4.39724	3	1	3	736	0.00217143
4.39796	1	5	3	458	0.00788571
4.39803	3	4	3	4810	0.00295714
4.3986	1	4	3	692	0.00252857
4.39903	1	5	3	692	0.00795714
4.39903	3	4	3	486	0.00295714
4.3996	1	4	3	692	0.00252857
4.40053	1	4	3	340	0.00245714
4.40096	1	5	3	692	0.00788571
4.40103	3	2	3	4022	0.00295714
4.4016	1	4	3	340	0.00252857
4.40203	1	5	3	692	0.00795714
4.40289	1	4	3	575	0.00281428
4.40296	3	1	3	5089	0.00288571
4.40303	3	3	3	868	0.00295714
4.40403	1	4	3	692	0.00295714
4.4046	1	4	3	340	0.00252857
4.40503	1	5	3	692	0.00795714
4.40524	1	2	3	208	0.00217143
4.40531	1	3	3	531	0.00224286
4.4056	1	4	3	458	0.00252857
4.40603	1	1	3	223	0.00795714
4.40646	1	4	3	458	0.00238571
4.40703	1	1	3	340	0.00795714
4.40703	3	2	3	4022	0.00295714
4.40753	1	4	3	575	0.00245714
4.40767	1	5	3	223	0.0076
4.40803	1	1	3	575	0.00795714
4.40839	1	4	3	340	0.00231428
4.40903	1	1	3	692	0.00795714
4.40903	3	3	3	1300	0.00295714
4.40946	1	4	3	458	0.00238571
4.41003	1	1	3	340	0.00795714
4.41046	1	2	3	428	0.00238571
4.4106	1	3	3	1073	0.00252857
4.41074	1	4	3	148	0.00267142
4.41103	1	5	3	458	0.00795714
4.41146	1	2	3	428	0.00238571
4.4116	1	3	3	1073	0.00252857
4.41203	1	5	3	575	0.00795714
4.41203	3	4	3	531	0.00295714
4.41246	1	2	3	428	0.00238571
4.4126	1	3	3	1073	0.00252857
4.41303	3	2	3	4022	0.00295714
4.41346	1	2	3	428	0.00238571
4.4136	1	3	3	1073	0.00252857
4.41403	1	5	3	340	0.00795714
4.41446	1	2	3	428	0.00238571
4.4146	1	3	3	1073	0.00252857
4.41503	1	5	3	575	0.00795714
4.41546	1	2	3	868	0.00238571
4.41567	1	3	3	1396	0.0026
4.41596	3	1	3	736	0.00288571
4.41603	1	1	3	223	0.00795714
4.41603	3	3	3	868	0.00295714
4.41667	1	2	3	1525	0.0026
4.41696	1	1	3	223	0.00788571
4.41746	1	2	3	868	0.00238571
4.41789	1	5	3	143	0.00781428
4.41803	3	4	3	5250	0.00295714
4.41803	1	1	3	206	0.00795714
4.41846	1	2	3	233	0.00238571
4.42103	3	1	3	5089	0.00295714
4.42103	1	5	3	340	0.00795714
4.42203	1	5	3	223	0.00795714
4.42203	3	3	3	868	0.00295714
4.42396	3	4	3	1502	0.00788571
4.42403	3	2	3	4022	0.00795714
4.42503	1	5	3	340	0.00795714
4.42803	1	5	3	1044	0.00795714
4.42803	3	3	3	1744	0.00295714
4.42903	1	5	3	106	0.0129571
4.42924	1	2	3	208	0.00217143
4.42931	1	3	3	531	0.00224286
4.43003	3	2	3	5687	0.00295714
4.43039	1	4	3	135	0.00231428
4.43203	1	5	3	821	0.00795714
4.43203	3	4	3	428	0.00295714
4.43403	3	3	3	1744	0.00295714
4.43424	1	2	3	208	0.00217143
4.43431	1	3	3	531	0.00224286
4.43503	1	5	3	1161	0.00795714
4.43524	1	2	3	208	0.00217143
4.43531	1	3	3	531	0.00224286
4.43539	1	4	3	135	0.00231428
4.43603	1	5	3	273	0.00795714
4.43653	1	2	3	868	0.00245714
4.43674	1	3	3	1612	0.00267142
4.43696	1	4	3	428	0.00288571
4.43724	3	2	3	4022	0.00217143
4.43746	1	2	3	868	0.00238571
4.43774	1	3	3	2155	0.00267142
4.43803	1	4	3	575	0.00295714
4.43846	1	2	3	868	0.00238571
4.43874	1	3	3	2155	0.00267142
4.43896	1	4	3	428	0.00288571
4.43903	3	4	3	589	0.00295714
4.43946	1	2	3	868	0.00238571
4.43974	1	3	3	1232	0.00267142
4.44003	1	4	3	575	0.00295714
4.44003	3	3	3	512	0.00295714
4.44046	1	2	3	868	0.00238571
4.44096	1	4	3	428	0.00288571
4.44131	1	2	3	428	0.00224286
4.44174	1	4	3	428	0.00267142
4.44203	1	1	3	106	0.00795714
4.44224	3	2	3	4022	0.00217143
4.44239	1	2	3	450	0.00231428
4.44281	1	4	3	428	0.00274285
4.44303	3	4	3	4810	0.00795714
4.44381	1	4	3	428	0.00274285
4.44474	1	4	3	575	0.00267142
4.44496	3	1	3	736	0.00288571
4.44596	1	4	3	868	0.00288571
4.44603	1	5	3	106	0.00795714
4.44603	3	3	3	736	0.00295714
4.44681	1	4	3	417	0.00274285
4.44703	1	5	3	340	0.00795714
4.44803	1	5	3	340	0.00795714
4.44803	3	2	3	7972	0.00295714
4.44903	1	5	3	340	0.00795714
4.45003	3	1	3	6544	0.00295714
4.45003	1	5	3	458	0.00795714
4.45203	3	3	3	868	0.00295714
4.45303	1	1	3	458	0.00795714
4.45403	1	1	3	458	0.00795714
4.45503	1	1	3	458	0.00795714
4.45574	1	5	3	458	0.00767142
4.45603	1	1	3	458	0.00795714
4.45603	3	2	3	2912	0.00295714
4.4566	1	5	3	575	0.00752857
4.45703	1	1	3	692	0.00795714
4.45703	3	4	3	428	0.00295714
4.45803	1	5	3	927	0.00795714
4.45803	3	3	3	1744	0.00295714
4.45903	1	5	3	768	0.00795714
4.46203	3	2	3	4022	0.00295714
4.46296	1	1	3	458	0.00788571
4.46303	3	4	3	5250	0.00295714
4.46353	1	2	3	267	0.00245714
4.4636	1	3	3	531	0.00252857
4.46367	1	4	3	135	0.0026
4.46381	3	1	3	736	0.00274285
4.46396	3	3	3	1920	0.00288571
4.46403	1	1	3	458	0.00795714
4.46403	3	4	3	149	0.00295714
4.46503	1	1	3	458	0.00795714
4.46603	1	1	3	1396	0.00795714
4.46703	1	1	3	444	0.00795714
4.46803	3	2	3	7625	0.00295714
4.46846	1	2	3	1102	0.00238571
4.46874	1	3	3	2155	0.00267142
4.46896	1	4	3	340	0.00288571
4.46903	1	5	3	106	0.00795714
4.46931	1	2	3	545	0.00224286
4.46939	1	3	3	531	0.00231428
4.46946	1	4	3	106	0.00238571
4.47003	1	5	3	927	0.00795714
4.47046	1	2	3	1102	0.00238571
4.47074	1	3	3	2155	0.00267142
4.47096	1	4	3	340	0.00288571
4.47146	1	2	3	1102	0.00238571
4.47174	1	3	3	2155	0.00267142
4.47203	1	4	3	458	0.00295714
4.47303	1	5	3	1396	0.00795714
4.47346	1	2	3	868	0.00238571
4.47346	3	3	3	468	0.00738571
4.47374	1	3	3	2155	0.00267142
4.47403	3	1	3	5089	0.00795714
4.47403	1	4	3	458	0.00295714
4.47439	1	2	3	824	0.00231428
4.4746	1	3	3	521	0.00252857
4.47481	1	4	3	340	0.00274285
4.47546	1	2	3	28	0.00238571
4.47596	1	4	3	340	0.00288571
4.47596	3	2	3	4022	0.00288571
4.47603	3	3	3	633	0.00295714
4.47603	1	5	3	106	0.00795714
4.47681	1	4	3	340	0.00274285
4.47703	3	4	3	531	0.00295714
4.47881	1	4	3	458	0.00274285
4.47903	3	3	3	1920	0.00295714
4.47981	1	4	3	927	0.00274285
4.48003	1	5	3	340	0.00795714
4.48089	1	4	3	1161	0.00281428
4.48103	3	2	3	4022	0.00295714
4.48181	1	4	3	445	0.00274285
4.48203	1	5	3	340	0.00795714
4.48203	3	3	3	315	0.00295714
4.48303	1	5	3	223	0.00795714
4.48403	1	5	3	340	0.00795714
4.48503	3	4	3	276	0.00295714
4.48603	1	5	3	106	0.00795714
4.48703	3	2	3	7972	0.00295714
4.48803	3	4	3	6475	0.00795714
4.49003	1	5	3	692	0.00795714
4.49103	3	3	3	956	0.00295714
4.49203	1	5	3	575	0.00795714
4.49303	1	5	3	1396	0.00795714
4.49303	3	1	3	340	0.00295714
4.49403	1	5	3	637	0.00795714
4.49431	1	2	3	267	0.00224286
4.49439	1	3	3	531	0.00231428
4.49446	1	4	3	106	0.00238571
4.49503	3	2	3	4022	0.00295714
4.49696	3	3	3	956	0.00288571
4.49903	3	1	3	5485	0.00295714
4.49924	1	2	3	267	0.00217143
4.49931	1	3	3	531	0.00224286
4.49939	1	4	3	106	0.00231428
4.50003	1	1	3	106	0.00795714
4.50046	1	2	3	1102	0.00238571
4.50074	1	3	3	2155	0.00267142
4.50096	1	4	3	340	0.00288571
4.50103	3	2	3	4022	0.00295714
4.50139	1	2	3	824	0.00231428
4.5016	1	3	3	1612	0.00252857
4.50181	1	4	3	340	0.00274285
4.50203	3	3	3	1920	0.00295714
4.50239	1	2	3	824	0.00231428
4.5026	1	3	3	1612	0.00252857
4.50281	1	4	3	340	0.00274285
4.50339	1	2	3	824	0.00231428
4.5036	1	3	3	1612	0.00252857
4.50381	1	4	3	340	0.00274285
4.50439	1	2	3	824	0.00231428
4.5046	1	3	3	694	0.00252857
4.50481	1	4	3	340	0.00274285
4.50553	1	2	3	824	0.00245714
4.50596	1	4	3	340	0.00288571
4.50646	1	2	3	84	0.00238571
4.50681	1	4	3	340	0.00274285
4.50696	3	2	3	7972	0.00288571
4.50703	1	5	3	340	0.00795714
4.50703	3	4	3	531	0.00295714
4.50781	1	4	3	338	0.00274285
4.50803	1	5	3	340	0.00795714
4.50803	3	3	3	956	0.00295714
4.50881	1	4	3	340	0.00274285
4.50903	1	5	3	340	0.00795714
4.50981	1	4	3	340	0.00274285
4.51081	1	4	3	927	0.00274285
4.51089	1	5	3	106	0.0128143
4.51103	1	1	3	223	0.00795714
4.51153	1	4	3	721	0.00245714
4.51203	1	1	3	223	0.00795714
4.51253	1	4	3	721	0.00245714
4.51303	3	4	3	4810	0.00295714
4.51303	1	1	3	223	0.00795714
4.51346	1	4	3	575	0.00238571
4.51403	3	4	3	3397	0.00295714
4.51403	1	1	3	223	0.00795714
4.5146	1	4	3	756	0.00252857
4.51474	3	2	3	4022	0.00267142
4.51481	1	5	3	340	0.0127429
4.51503	1	1	3	340	0.00795714
4.51696	1	5	3	575	0.00788571
4.51803	1	5	3	575	0.00795714
4.51803	3	1	3	736	0.00795714
4.51903	3	3	3	948	0.00795714
4.52003	3	2	3	6169	0.00295714
4.52074	1	5	3	458	0.00767142
4.52103	1	1	3	458	0.00795714
4.52103	3	3	3	868	0.00295714
4.52203	1	1	3	340	0.00795714
4.52303	1	1	3	458	0.00795714
4.52374	1	5	3	458	0.0126714
4.52403	3	1	3	6544	0.00295714
4.52403	1	1	3	458	0.00795714
4.5246	1	5	3	692	0.00752857
4.52503	1	1	3	692	0.00795714
4.52603	3	3	3	1920	0.00295714
4.52696	3	3	3	80	0.00288571
4.52703	1	5	3	1044	0.00795714
4.52703	3	4	3	428	0.00295714
4.52803	3	2	3	4022	0.00295714
4.52853	1	2	3	208	0.00245714
4.5286	1	3	3	531	0.00252857
4.52867	1	4	3	135	0.0026
4.5306	1	5	3	692	0.00752857
4.53103	1	1	3	692	0.00795714
4.53196	1	1	3	340	0.00788571
4.5326	1	5	3	692	0.00752857
4.53303	3	4	3	5250	0.00295714
4.53303	1	1	3	692	0.00795714
4.53324	3	2	3	4022	0.00217143
4.53324	1	2	3	208	0.00217143
4.53331	1	3	3	633	0.00224286
4.53339	1	4	3	135	0.00231428
4.53374	1	5	3	534	0.00767142
4.53403	3	4	3	4516	0.00295714
4.53403	1	1	3	458	0.00795714
4.53489	3	3	3	868	0.00281428
4.53503	1	1	3	809	0.00795714
4.5356	1	2	3	648	0.00252857
4.53581	1	3	3	1920	0.00274285
4.53603	1	4	3	428	0.00295714
4.5366	1	2	3	648	0.00252857
4.53681	1	3	3	1920	0.00274285
4.53703	1	4	3	428	0.00295714
4.53753	1	2	3	648	0.00245714
4.53774	1	3	3	1920	0.00267142
4.53796	1	4	3	428	0.00288571
4.53803	3	1	3	736	0.00295714
4.53831	3	2	3	7972	0.00224286
4.53846	1	2	3	428	0.00238571
4.53881	1	4	3	428	0.00274285
4.53946	1	2	3	428	0.00238571
4.5396	1	3	3	1278	0.00252857
4.53981	1	4	3	428	0.00274285
4.54003	3	3	3	956	0.00295714
4.54031	1	2	3	545	0.00224286
4.54046	1	3	3	725	0.00238571
4.5406	1	4	3	282	0.00252857
4.54103	1	1	3	340	0.00795714
4.54131	1	2	3	428	0.00224286
4.5416	1	4	3	282	0.00252857
4.54203	1	1	3	340	0.00795714
4.54231	1	2	3	428	0.00224286
4.54274	1	4	3	428	0.00267142
4.54281	1	5	3	106	0.00774285
4.54296	1	1	3	223	0.00788571
4.54331	1	2	3	428	0.00224286
4.54353	1	4	3	428	0.00245714
4.54374	1	5	3	340	0.00767142
4.54389	1	3	3	1278	0.00781428
4.54403	3	1	3	8000	0.00295714
4.54403	1	1	3	223	0.00795714
4.54431	1	2	3	428	0.00224286
4.54467	1	4	3	428	0.0026
4.54489	1	5	3	340	0.00781428
4.54503	1	1	3	223	0.00795714
4.5456	1	2	3	648	0.00252857
4.54581	1	4	3	428	0.00274285
4.54603	1	5	3	340	0.00795714
4.54603	3	3	3	1920	0.00295714
4.5466	1	2	3	648	0.00252857
4.54681	1	4	3	428	0.00274285
4.54703	1	5	3	340	0.00795714
4.5476	1	2	3	539	0.00252857
4.54781	1	4	3	428	0.00274285
4.54796	3	2	3	4022	0.00288571
4.54803	3	4	3	428	0.00295714
4.54881	1	4	3	312	0.00274285
4.55103	1	1	3	340	0.00795714
4.55203	1	1	3	340	0.00795714
4.55203	3	3	3	558	0.00295714
4.55281	1	5	3	340	0.00774285
4.55303	1	1	3	340	0.00795714
4.55303	3	2	3	6169	0.00295714
4.55381	1	5	3	340	0.00774285
4.55403	3	4	3	5250	0.00295714
4.55403	1	1	3	340	0.00795714
4.55503	3	4	3	3060	0.00295714
4.55503	1	1	3	223	0.00795714
4.55603	1	5	3	340	0.00795714
4.55796	3	1	3	736	0.00288571
4.56003	1	5	3	340	0.0129571
4.56096	1	1	3	577	0.00788571
4.56103	3	2	3	2912	0.00295714
4.56124	1	2	3	267	0.00217143
4.56131	1	3	3	633	0.00224286
4.56153	1	5	3	340	0.0124571
4.5626	1	5	3	575	0.00752857
4.56296	3	1	3	8184	0.00288571
4.56303	3	3	3	956	0.00795714
4.5636	1	5	3	692	0.00752857
4.56396	3	1	3	1273	0.00288571
4.56596	1	5	3	106	0.00788571
4.56603	1	4	3	135	0.00795714
4.56646	1	2	3	868	0.00238571
4.56674	1	3	3	2562	0.00267142
4.56703	3	2	3	4022	0.00295714
4.56753	1	2	3	868	0.00245714
4.56781	1	3	3	2562	0.00274285
4.56803	3	4	3	428	0.00295714
4.5686	1	2	3	648	0.00252857
4.56881	1	3	3	1920	0.00274285
4.56903	3	3	3	2621	0.00295714
4.56946	1	2	3	428	0.00238571
4.56967	1	3	3	1920	0.0026
4.57003	1	5	3	575	0.00795714
4.5706	1	2	3	648	0.00252857
4.57081	1	3	3	603	0.00274285
4.57146	1	2	3	428	0.00238571
4.57174	1	4	3	282	0.00267142
4.57203	1	5	3	458	0.00795714
4.57231	1	2	3	428	0.00224286
4.57274	1	4	3	428	0.00267142
4.57296	1	5	3	340	0.00788571
4.57303	1	1	3	106	0.00795714
4.57303	3	2	3	4022	0.00295714
4.57331	1	2	3	428	0.00224286
4.5736	1	4	3	282	0.00252857
4.57381	1	5	3	340	0.00774285
4.57403	3	4	3	5250	0.00295714
4.57403	1	1	3	340	0.00795714
4.57431	1	2	3	545	0.00224286
4.57467	1	4	3	428	0.0026
4.57503	3	4	3	2621	0.00295714
4.57503	1	1	3	223	0.00795714
4.57539	1	2	3	648	0.00231428
4.5756	1	4	3	428	0.00252857
4.57581	1	5	3	340	0.00774285
4.57603	1	1	3	340	0.00795714
4.57603	3	1	3	736	0.00295714
4.57639	1	2	3	824	0.00231428
4.5766	1	4	3	428	0.00252857
4.57696	1	1	3	223	0.00788571
4.5776	1	2	3	648	0.00252857
4.57781	1	4	3	428	0.00274285
4.5786	1	2	3	824	0.00252857
4.57881	1	4	3	428	0.00274285
4.57903	3	2	3	4022	0.00295714
4.5796	1	2	3	264	0.00252857
4.57981	1	4	3	428	0.00274285
4.57996	3	4	3	1897	0.00288571
4.58003	1	5	3	340	0.00795714
4.58003	3	3	3	868	0.00795714
4.58081	1	4	3	428	0.00274285
4.58181	1	4	3	428	0.00274285
4.58203	3	1	3	8000	0.00295714
4.58203	1	5	3	340	0.00795714
4.5826	1	4	3	428	0.00252857
4.58281	1	5	3	340	0.00774285
4.58303	1	1	3	340	0.00795714
4.5836	1	4	3	575	0.00252857
4.58381	1	5	3	340	0.00774285
4.58403	1	1	3	340	0.00795714
4.58446	1	4	3	298	0.00238571
4.58503	1	1	3	340	0.00795714
4.58503	3	2	3	4022	0.00295714
4.58581	1	5	3	340	0.00774285
4.58603	1	1	3	340	0.00795714
4.58703	1	1	3	338	0.00795714
4.59003	1	5	3	575	0.00795714
4.59089	3	2	3	4022	0.00281428
4.59103	3	3	3	1744	0.00795714
4.59203	1	5	3	575	0.00795714
4.59274	1	5	3	458	0.00767142
4.59403	3	4	3	428	0.00295714
4.59596	3	1	3	736	0.00288571
4.59603	1	5	3	566	0.00795714
4.59603	3	2	3	4022	0.00295714
4.59703	3	3	3	2410	0.00295714
4.59781	1	2	3	267	0.00274285
4.59789	1	3	3	633	0.00281428
4.59796	1	4	3	135	0.00288571
4.59903	1	5	3	1044	0.0129571
4.60003	3	4	3	5250	0.00295714
4.60003	1	5	3	1396	0.00795714
4.6006	3	1	3	4462	0.00252857
4.60103	3	4	3	2621	0.00295714
4.6016	3	1	3	4462	0.00252857
4.60167	3	2	3	4022	0.0026
4.60203	3	4	3	1897	0.00295714
4.60246	1	2	3	1102	0.00238571
4.60267	1	3	3	1920	0.0026
4.60289	1	4	3	428	0.00281428
4.60296	1	5	3	38	0.00788571
4.60303	1	1	3	106	0.00795714
4.60339	1	2	3	824	0.00231428
4.6036	1	3	3	1920	0.00252857
4.60381	1	4	3	428	0.00274285
4.60403	1	1	3	340	0.00795714
4.6046	1	2	3	824	0.00252857
4.60481	1	3	3	1920	0.00274285
4.60503	1	4	3	428	0.00295714
4.60603	1	1	3	1396	0.00795714
4.60624	1	5	3	106	0.00717143
4.60674	3	2	3	4022	0.00267142
4.60703	1	1	3	1278	0.00795714
4.60753	1	2	3	824	0.00245714
4.60774	1	3	3	1920	0.00267142
4.60781	3	3	3	956	0.00774285
4.60796	1	4	3	340	0.00288571
4.60803	3	1	3	536	0.00795714
4.6086	1	2	3	824	0.00252857
4.60881	1	3	3	1888	0.00274285
4.60903	1	4	3	340	0.00295714
4.60939	1	2	3	824	0.00231428
4.60981	1	4	3	340	0.00274285
4.61003	1	1	3	340	0.00795714
4.6106	1	2	3	824	0.00252857
4.61103	1	4	3	340	0.00295714
4.61174	1	4	3	340	0.00267142
4.61203	3	2	3	4022	0.00295714
4.61239	1	2	3	824	0.00231428
4.61281	1	4	3	340	0.00274285
4.61303	3	3	3	2621	0.00295714
4.61303	1	1	3	223	0.00795714
4.61339	1	2	3	824	0.00231428
4.6136	1	4	3	340	0.00252857
4.61403	1	1	3	340	0.00795714
4.6146	1	2	3	824	0.00252857
4.61481	1	4	3	340	0.00274285
4.61496	3	1	3	736	0.00288571
4.61503	3	4	3	531	0.00295714
4.61539	1	2	3	824	0.00231428
4.6156	1	4	3	340	0.00252857
4.61603	1	1	3	340	0.00795714
4.61631	1	2	3	545	0.00224286
4.61653	1	4	3	340	0.00245714
4.61674	1	5	3	340	0.00767142
4.61703	3	4	3	4198	0.00295714
4.61703	1	1	3	458	0.00795714
4.61731	3	2	3	7489	0.00224286
4.61774	1	2	3	64	0.00267142
4.61796	1	4	3	340	0.00288571
4.61803	3	4	3	3497	0.00295714
4.61803	1	5	3	106	0.0129571
4.61839	3	3	3	722	0.00231428
4.61881	1	4	3	340	0.00274285
4.61903	3	4	3	1970	0.00295714
4.61903	1	5	3	340	0.00795714
4.6196	1	4	3	340	0.00252857
4.61981	1	5	3	340	0.00774285
4.62003	3	1	3	8000	0.00295714
4.62003	1	1	3	340	0.00795714
4.62081	1	4	3	340	0.00274285
4.62103	1	5	3	340	0.00795714
4.62181	1	4	3	458	0.00274285
4.62246	1	4	3	458	0.00238571
4.62296	1	1	3	458	0.00788571
4.62346	1	4	3	225	0.00238571
4.62403	1	1	3	227	0.00795714
4.62503	3	3	3	868	0.00295714
4.62674	1	5	3	340	0.00767142
4.62696	3	1	3	736	0.00288571
4.62703	3	2	3	4022	0.00295714
4.62803	1	5	3	340	0.00795714
4.62903	1	5	3	575	0.00795714
4.62974	1	5	3	458	0.00767142
4.63103	1	5	3	575	0.00795714
4.63103	3	3	3	868	0.00295714
4.63203	3	1	3	2973	0.00295714
4.63303	3	2	3	6169	0.00295714
4.63524	1	2	3	267	0.00217143
4.63531	1	3	3	633	0.00224286
4.63539	1	4	3	106	0.00231428
4.63696	3	3	3	1744	0.00288571
4.63703	1	5	3	1396	0.00795714
4.63703	3	4	3	531	0.00295714
4.63796	1	5	3	692	0.00788571
4.63803	3	1	3	6484	0.00295714
4.63903	1	5	3	1238	0.00795714
4.64024	1	3	3	633	0.00217143
4.64031	1	4	3	106	0.00224286
4.64103	3	2	3	4022	0.00295714
4.64139	1	2	3	545	0.00231428
4.6416	1	3	3	1920	0.00252857
4.64181	1	4	3	340	0.00274285
4.64203	3	3	3	1744	0.00295714
4.64246	1	2	3	1102	0.00238571
4.64274	1	3	3	2562	0.00267142
4.64296	1	4	3	340	0.00288571
4.64346	1	2	3	1102	0.00238571
4.64374	1	3	3	2562	0.00267142
4.64403	1	4	3	458	0.00295714
4.64439	1	2	3	824	0.00231428
4.6446	1	3	3	1890	0.00252857
4.64481	1	4	3	340	0.00274285
4.64539	1	2	3	824	0.00231428
4.64581	1	4	3	340	0.00274285
4.64603	3	1	3	736	0.00295714
4.64631	1	2	3	545	0.00224286
4.64674	1	4	3	340	0.00267142
4.64696	1	5	3	340	0.00788571
4.64703	1	1	3	106	0.00795714
4.64703	3	2	3	4022	0.00295714
4.64746	1	2	3	1102	0.00238571
4.64796	1	4	3	340	0.00288571
4.64803	3	4	3	6475	0.00795714
4.64803	1	5	3	106	0.00795714
4.64839	1	2	3	824	0.00231428
4.64881	1	4	3	340	0.00274285
4.64903	3	3	3	512	0.00295714
4.64946	1	2	3	1102	0.00238571
4.64981	1	4	3	575	0.00274285
4.65003	3	4	3	3187	0.00795714
4.65003	1	5	3	340	0.00795714
4.65046	1	2	3	519	0.00238571
4.65081	1	4	3	575	0.00274285
4.65103	1	5	3	340	0.00795714
4.65174	1	4	3	458	0.00267142
4.65203	3	1	3	2973	0.00295714
4.65281	1	4	3	340	0.00274285
4.65303	3	2	3	7972	0.00295714
4.65381	1	4	3	340	0.00274285
4.65481	1	4	3	340	0.00274285
4.65503	3	3	3	868	0.00295714
4.65574	1	4	3	458	0.00267142
4.65667	1	4	3	340	0.0026
4.6576	1	4	3	692	0.00252857
4.65803	3	1	3	5029	0.00295714
4.65803	1	1	3	340	0.00795714
4.6586	1	4	3	692	0.00252857
4.65881	1	5	3	340	0.0127429
4.65903	1	1	3	340	0.00795714
4.65953	1	4	3	575	0.00245714
4.66003	1	1	3	458	0.00795714
4.66046	1	4	3	343	0.00238571
4.66096	3	2	3	4022	0.00288571
4.66103	1	1	3	458	0.00795714
4.66103	3	3	3	868	0.00295714
4.66174	1	5	3	458	0.0126714
4.66203	1	1	3	458	0.00795714
4.66203	3	4	3	531	0.00295714
4.66303	1	5	3	340	0.0129571
4.66503	1	5	3	340	0.0129571
4.66596	3	1	3	736	0.00288571
4.66603	1	5	3	458	0.0129571
4.66603	3	2	3	4022	0.00295714
4.66803	3	4	3	3838	0.00295714
4.66803	1	1	3	458	0.00795714
4.66903	1	1	3	458	0.00795714
4.67003	1	1	3	575	0.00795714
4.67103	1	1	3	927	0.00795714
4.67103	3	1	3	4462	0.00295714
4.67189	3	2	3	5061	0.00281428
4.67203	1	1	3	692	0.00795714
4.67203	3	3	3	1744	0.00795714
4.67403	1	5	3	458	0.0129571
4.67639	1	2	3	267	0.00231428
4.67646	1	3	3	633	0.00238571
4.67653	1	4	3	106	0.00245714
4.67696	1	5	3	692	0.0128857
4.67703	3	1	3	3540	0.00295714
4.67774	1	5	3	927	0.0126714
4.67803	3	3	3	2254	0.00295714
4.67803	1	1	3	458	0.00795714
4.67903	1	1	3	120	0.00795714
4.67967	1	5	3	809	0.0126
4.68003	3	2	3	4022	0.00295714
4.68053	1	5	3	458	0.0124571
4.68131	1	2	3	545	0.00224286
4.68146	1	3	3	1278	0.00238571
4.68167	1	4	3	340	0.0026
4.68203	1	1	3	223	0.00795714
4.68203	3	4	3	531	0.00295714
4.68239	1	2	3	545	0.00231428
4.6826	1	3	3	1920	0.00252857
4.68281	1	4	3	340	0.00274285
4.68346	1	2	3	545	0.00238571
4.6836	1	3	3	543	0.00252857
4.68367	1	4	3	106	0.0026
4.6846	1	2	3	824	0.00252857
4.68481	1	4	3	340	0.00274285
4.68496	3	1	3	736	0.00288571
4.6856	1	2	3	824	0.00252857
4.68581	1	4	3	340	0.00274285
4.68596	3	2	3	4714	0.00288571
4.68603	3	3	3	868	0.00295714
4.68646	1	2	3	545	0.00238571
4.68681	1	4	3	340	0.00274285
4.68739	1	2	3	824	0.00231428
4.68774	1	4	3	340	0.00267142
4.68803	1	1	3	106	0.00795714
4.68831	1	2	3	545	0.00224286
4.68853	1	4	3	340	0.00245714
4.68889	1	5	3	575	0.0128143
4.68903	1	1	3	223	0.00795714
4.68939	1	2	3	824	0.00231428
4.6896	1	4	3	338	0.00252857
4.69003	3	1	3	4462	0.00295714
4.69003	1	1	3	340	0.00795714
4.69039	1	2	3	824	0.00231428
4.6906	1	4	3	340	0.00252857
4.69103	1	1	3	340	0.00795714
4.6916	1	4	3	692	0.00252857
4.69181	1	5	3	340	0.0127429
4.69196	1	1	3	223	0.00788571
4.6926	1	2	3	824	0.00252857
4.69281	1	4	3	340	0.00274285
4.69303	3	4	3	5294	0.00795714
4.69303	1	5	3	340	0.0129571
4.6936	1	2	3	824	0.00252857
4.69381	1	4	3	340	0.00274285
4.69403	3	2	3	4022	0.00295714
4.6946	1	2	3	824	0.00252857
4.69481	1	4	3	340	0.00274285
4.69503	1	5	3	340	0.0129571
4.6956	1	2	3	634	0.00252857
4.69581	1	4	3	340	0.00274285
4.69603	3	1	3	3540	0.00295714
4.69603	1	5	3	340	0.0129571
4.69681	1	4	3	340	0.00274285
4.69703	3	3	3	868	0.00795714
4.6976	1	4	3	340	0.00252857
4.69803	1	1	3	340	0.00795714
4.6986	1	4	3	340	0.00252857
4.69903	1	1	3	340	0.00795714
4.6996	1	4	3	340	0.00252857
4.70003	1	1	3	340	0.00795714
4.70003	3	2	3	3258	0.00295714
4.70046	1	4	3	458	0.00238571
4.70103	1	1	3	340	0.00795714
4.7016	1	4	3	692	0.00252857
4.70203	1	1	3	117	0.00795714
4.70274	1	4	3	927	0.00267142
4.70381	1	4	3	1044	0.00274285
4.70403	1	5	3	340	0.0129571
4.70403	3	1	3	633	0.00295714
4.70481	1	4	3	435	0.00274285
4.70703	1	5	3	340	0.0129571
4.70703	3	4	3	633	0.00295714
4.70774	3	2	3	2912	0.00267142
4.70803	3	3	3	3497	0.00795714
4.70803	1	5	3	340	0.0129571
4.71003	3	1	3	5951	0.00295714
4.71003	1	5	3	340	0.0129571
4.71103	1	5	3	575	0.0129571
4.71303	3	4	3	5192	0.00295714
4.71396	3	2	3	4022	0.00288571
4.71403	3	3	3	736	0.00295714
4.71603	3	1	3	2154	0.00295714
4.71731	1	3	3	633	0.00224286
4.71903	3	2	3	4022	0.00295714
4.72003	3	3	3	1744	0.00295714
4.72024	1	4	3	106	0.00217143
4.72231	1	3	3	1278	0.00224286
4.72303	1	1	3	106	0.00795714
4.72403	1	5	3	1396	0.0139571
4.72503	1	5	3	1396	0.0129571
4.72503	3	2	3	3605	0.00295714
4.72524	1	3	3	633	0.00217143
4.72531	1	4	3	106	0.00224286
4.72603	3	3	3	1744	0.00295714
4.72703	1	5	3	535	0.0139571
4.72703	3	4	3	633	0.00295714
4.72731	1	3	3	1278	0.00224286
4.72739	1	4	3	106	0.00231428
4.72874	1	3	3	2010	0.00267142
4.72896	1	4	3	340	0.00288571
4.72903	3	1	3	736	0.00295714
4.72981	1	4	3	340	0.00274285
4.73031	1	4	3	106	0.00224286
4.73103	1	5	3	1161	0.0129571
4.73181	1	4	3	340	0.00274285
4.73203	3	3	3	868	0.00295714
4.73224	3	2	3	4022	0.00217143
4.73281	1	4	3	340	0.00274285
4.73303	1	5	3	340	0.00295714
4.73367	1	4	3	809	0.0026
4.73403	1	1	3	458	0.00795714
4.7346	1	4	3	692	0.00252857
4.73503	1	1	3	340	0.00795714
4.73574	1	4	3	458	0.00267142
4.73603	1	5	3	458	0.00295714
4.73653	1	4	3	575	0.00245714
4.73696	1	1	3	340	0.00788571
4.73724	3	3	3	868	0.00217143
4.73746	1	4	3	458	0.00238571
4.73803	3	4	3	6647	0.00795714
4.73803	1	1	3	340	0.00795714
4.73896	1	4	3	575	0.00288571
4.73896	3	2	3	4022	0.00288571
4.73903	3	3	3	868	0.00295714
4.73903	1	5	3	106	0.0129571
4.73981	1	4	3	575	0.00274285
4.74003	3	1	3	8000	0.00795714
4.74003	1	5	3	340	0.0129571
4.74046	1	4	3	458	0.00238571
4.74103	1	1	3	458	0.00795714
4.74181	1	4	3	575	0.00274285
4.74203	1	5	3	340	0.0129571
4.74267	1	4	3	340	0.0026
4.74303	3	3	3	736	0.00295714
4.74339	1	4	3	340	0.00231428
4.74403	1	1	3	692	0.00795714
4.74403	3	2	3	3605	0.00295714
4.74446	1	4	3	458	0.00238571
4.74503	1	1	3	458	0.00795714
4.74503	3	3	3	110	0.00295714
4.74574	1	4	3	458	0.00267142
4.74646	1	4	3	223	0.00238571
4.74703	1	1	3	458	0.00795714
4.74774	1	5	3	575	0.0126714
4.74803	1	1	3	458	0.00795714
4.74903	3	3	3	868	0.00295714
4.75074	1	5	3	458	0.0126714
4.75103	1	1	3	280	0.00795714
4.75189	3	2	3	4022	0.00281428
4.75196	3	3	3	566	0.00288571
4.75203	1	5	3	458	0.00795714
4.75203	3	4	3	633	0.00295714
4.75374	1	5	3	340	0.0126714
4.75403	3	1	3	633	0.00295714
4.75481	1	5	3	458	0.0127429
4.75503	3	3	3	868	0.00295714
4.75703	3	2	3	4022	0.00295714
4.75803	3	4	3	5192	0.00295714
4.75824	1	2	3	208	0.00217143
4.75831	1	3	3	633	0.00224286
4.75903	3	3	3	566	0.00295714
4.75931	1	4	3	106	0.00224286
4.76003	3	1	3	8929	0.00295714
4.76096	3	1	3	631	0.00288571
4.76303	1	5	3	809	0.0129571
4.76303	3	2	3	3605	0.00295714
4.76331	1	3	3	633	0.00224286
4.76424	1	4	3	106	0.00217143
4.76503	1	1	3	106	0.00795714
4.76603	1	5	3	1341	0.0129571
4.76703	1	1	3	1044	0.00795714
4.76703	3	3	3	868	0.00295714
4.76731	1	2	3	545	0.00224286
4.76746	1	3	3	1278	0.00238571
4.7676	1	4	3	223	0.00252857
4.76803	1	1	3	575	0.00795714
4.76896	1	5	3	1161	0.0128857
4.76903	1	2	3	267	0.00795714
4.76924	1	3	3	633	0.00217143
4.76931	1	4	3	106	0.00224286
4.77003	1	5	3	273	0.0129571
4.77053	1	2	3	648	0.00245714
4.77074	1	3	3	1920	0.00267142
4.77096	1	4	3	340	0.00288571
4.77103	3	2	3	4022	0.00295714
4.77153	1	3	3	737	0.00245714
4.77174	1	4	3	340	0.00267142
4.77203	3	4	3	633	0.00295714
4.77253	1	2	3	824	0.00245714
4.77296	1	4	3	340	0.00288571
4.77303	3	3	3	868	0.00295714
4.77353	1	2	3	824	0.00245714
4.77403	1	4	3	106	0.00795714
4.77446	1	2	3	545	0.00238571
4.77481	1	4	3	340	0.00274285
4.77546	1	2	3	1102	0.00238571
4.77581	1	4	3	340	0.00274285
4.77603	1	1	3	223	0.00795714
4.77646	1	2	3	1102	0.00238571
4.77667	1	4	3	340	0.0026
4.77703	1	1	3	223	0.00795714
4.77703	3	2	3	4022	0.00295714
4.77746	1	2	3	1102	0.00238571
4.77781	1	4	3	575	0.00274285
4.77789	1	5	3	106	0.0128143
4.77803	3	4	3	5192	0.00295714
4.77803	1	1	3	223	0.00795714
4.77846	1	2	3	1102	0.00238571
4.77867	1	4	3	340	0.0026
4.77889	3	1	3	736	0.00281428
4.77903	3	3	3	1744	0.00295714
4.77903	1	1	3	223	0.00795714
4.77946	1	2	3	1102	0.00238571
4.77967	1	4	3	340	0.0026
4.78003	1	1	3	223	0.00795714
4.78074	1	2	3	845	0.00267142
4.78096	1	4	3	340	0.00288571
4.78103	1	5	3	106	0.0129571
4.78181	1	4	3	340	0.00274285
4.78274	1	4	3	458	0.00267142
4.78303	3	2	3	3605	0.00295714
4.78381	1	4	3	340	0.00274285
4.78403	3	1	3	8929	0.00295714
4.78403	1	5	3	340	0.0129571
4.78481	1	4	3	340	0.00274285
4.78489	3	1	3	528	0.00281428
4.78503	1	5	3	340	0.0129571
4.78503	3	3	3	1744	0.00295714
4.78546	1	4	3	458	0.00238571
4.78603	1	1	3	458	0.00795714
4.7866	1	4	3	692	0.00252857
4.78681	1	5	3	340	0.0127429
4.78703	1	1	3	340	0.00795714
4.78781	1	4	3	575	0.00274285
4.78803	1	5	3	340	0.00795714
4.78846	1	4	3	458	0.00238571
4.78903	1	1	3	340	0.00795714
4.78946	1	4	3	458	0.00238571
4.79003	1	1	3	340	0.00795714
4.79074	1	4	3	458	0.00267142
4.79096	3	2	3	4022	0.00288571
4.79103	1	5	3	458	0.00795714
4.79103	3	3	3	512	0.00295714
4.79174	1	4	3	458	0.00267142
4.79246	1	4	3	458	0.00238571
4.79303	1	1	3	458	0.00795714
4.79303	3	4	3	633	0.00295714
4.79367	1	4	3	340	0.0026
4.79403	1	5	3	575	0.00795714
4.79467	1	4	3	133	0.0026
4.79503	1	5	3	575	0.00795714
4.79603	1	1	3	458	0.00795714
4.79603	3	2	3	4022	0.00295714
4.79703	1	1	3	458	0.00795714
4.79703	3	3	3	868	0.00295714
4.79903	3	4	3	6647	0.00295714
4.79903	1	1	3	162	0.00795714
4.80096	1	5	3	458	0.00788571
4.80203	1	5	3	458	0.0129571
4.80203	3	2	3	4022	0.00295714
4.80253	1	5	3	458	0.0124571
4.80296	3	3	3	868	0.00288571
4.80303	3	1	3	736	0.00795714
4.80789	3	2	3	4022	0.00281428
4.80803	3	3	3	1744	0.00295714
4.80839	1	2	3	267	0.00231428
4.80846	1	3	3	633	0.00238571
4.80853	1	4	3	106	0.00245714
4.80903	3	1	3	8929	0.00295714
4.80903	1	5	3	809	0.0129571
4.81003	1	5	3	927	0.0129571
4.81003	3	1	3	528	0.00295714
4.81296	3	2	3	4022	0.00288571
4.81303	3	4	3	633	0.00295714
4.81331	1	2	3	545	0.00224286
4.81353	1	3	3	1920	0.00245714
4.81374	1	4	3	340	0.00267142
4.81403	3	3	3	1744	0.00295714
4.81403	1	1	3	106	0.00795714
4.81453	1	2	3	824	0.00245714
4.81474	1	3	3	1920	0.00267142
4.81496	1	4	3	340	0.00288571
4.81524	1	2	3	267	0.00217143
4.81531	1	3	3	633	0.00224286
4.81539	1	4	3	106	0.00231428
4.81603	1	5	3	1044	0.0129571
4.81631	1	2	3	545	0.00224286
4.81646	1	4	3	223	0.00238571
4.81696	1	1	3	692	0.00788571
4.81739	1	2	3	267	0.00231428
4.81746	1	3	3	633	0.00238571
4.81753	1	4	3	106	0.00245714
4.81803	3	2	3	4022	0.00295714
4.81824	1	4	3	106	0.00217143
4.81903	3	4	3	7701	0.00295714
4.81903	1	5	3	1278	0.0139571
4.81931	1	2	3	545	0.00224286
4.81946	1	3	3	1278	0.00238571
4.81953	3	3	3	512	0.00245714
4.8196	1	4	3	223	0.00252857
4.81981	1	1	3	223	0.00774285
4.81989	3	4	3	404	0.00281428
4.82046	1	2	3	545	0.00238571
4.8206	1	3	3	274	0.00252857
4.82081	1	4	3	340	0.00274285
4.82153	1	2	3	824	0.00245714
4.82196	1	4	3	340	0.00288571
4.82224	1	2	3	267	0.00217143
4.82239	1	4	3	106	0.00231428
4.82281	1	5	3	692	0.0137429
4.82303	1	1	3	223	0.00795714
4.82346	1	2	3	545	0.00238571
4.82381	1	4	3	340	0.00274285
4.82403	3	2	3	7904	0.00295714
4.82446	1	2	3	545	0.00238571
4.82474	1	4	3	340	0.00267142
4.82496	1	5	3	340	0.0138857
4.82503	1	5	3	106	0.0129571
4.82546	1	2	3	1102	0.00238571
4.82567	1	4	3	340	0.0026
4.82603	1	1	3	223	0.00795714
4.82646	1	2	3	1102	0.00238571
4.82681	1	4	3	575	0.00274285
4.82689	1	5	3	106	0.0128143
4.82703	1	1	3	223	0.00795714
4.82703	3	3	3	736	0.00295714
4.8276	1	2	3	824	0.00252857
4.82781	1	4	3	340	0.00274285
4.82803	3	1	3	736	0.00295714
4.82846	1	2	3	1102	0.00238571
4.82867	1	4	3	340	0.0026
4.82903	1	1	3	223	0.00795714
4.82946	1	2	3	108	0.00238571
4.82967	1	4	3	340	0.0026
4.83003	1	1	3	223	0.00795714
4.83081	1	4	3	340	0.00274285
4.83103	1	5	3	340	0.0129571
4.83181	1	4	3	340	0.00274285
4.83203	3	2	3	2912	0.00295714
4.8326	1	4	3	340	0.00252857
4.83296	3	3	3	868	0.00288571
4.83303	1	1	3	340	0.00795714
4.83303	3	4	3	633	0.00295714
4.83381	1	4	3	458	0.00274285
4.83403	3	1	3	8929	0.00295714
4.83403	1	5	3	340	0.0129571
4.83481	1	4	3	575	0.00274285
4.83503	3	1	3	528	0.00295714
4.83546	1	4	3	458	0.00238571
4.83603	1	1	3	340	0.00795714
4.83653	1	4	3	575	0.00245714
4.83696	1	1	3	340	0.00788571
4.83781	1	4	3	575	0.00274285
4.83789	3	2	3	4022	0.00281428
4.83803	1	5	3	340	0.0129571
4.83803	3	3	3	1484	0.00295714
4.83846	1	4	3	458	0.00238571
4.83903	1	1	3	458	0.00795714
4.83953	1	4	3	575	0.00245714
4.83974	1	5	3	340	0.0126714
4.84003	1	1	3	458	0.00795714
4.84003	3	4	3	631	0.00295714
4.84067	1	4	3	340	0.0026
4.84181	1	4	3	265	0.00274285
4.84203	1	5	3	340	0.0129571
4.84303	1	1	3	458	0.00795714
4.84303	3	2	3	7625	0.00295714
4.84403	3	4	3	8929	0.00795714
4.84574	1	5	3	575	0.0126714
4.84603	1	1	3	458	0.00795714
4.84603	3	3	3	1484	0.00295714
4.84703	1	1	3	458	0.00795714
4.84803	3	1	3	736	0.00295714
4.84874	1	5	3	458	0.0126714
4.84903	1	1	3	458	0.00795714
4.85003	1	1	3	458	0.00795714
4.85103	3	2	3	2912	0.00295714
4.85203	3	3	3	1484	0.00295714
4.85246	1	5	3	458	0.0123857
4.85303	1	1	3	927	0.00795714
4.85403	3	1	3	3633	0.00295714
4.85503	1	5	3	458	0.0129571
4.85603	1	1	3	692	0.00795714
4.85624	1	4	3	106	0.00217143
4.85681	1	5	3	927	0.0127429
4.85703	1	1	3	340	0.00795714
4.85703	3	2	3	4022	0.00295714
4.8576	1	2	3	267	0.00252857
4.85767	1	3	3	633	0.0026
4.85796	3	3	3	1114	0.00288571
4.85803	3	4	3	736	0.00295714
4.85903	1	1	3	692	0.00795714
4.86003	1	1	3	927	0.00795714
4.86103	1	5	3	692	0.0129571
4.86167	1	4	3	458	0.0026
4.86224	1	4	3	106	0.00217143
4.86296	1	1	3	298	0.00788571
4.86303	3	2	3	8052	0.00295714
4.86324	3	3	3	736	0.00217143
4.86346	1	2	3	545	0.00238571
4.86353	1	3	3	633	0.00245714
4.8636	1	4	3	106	0.00252857
4.86403	1	5	3	690	0.0129571
4.86431	1	2	3	545	0.00224286
4.86453	1	3	3	1920	0.00245714
4.86474	1	4	3	340	0.00267142
4.86531	1	2	3	545	0.00224286
4.86546	1	3	3	1278	0.00238571
4.86553	1	4	3	106	0.00245714
4.86631	1	2	3	545	0.00224286
4.86639	1	3	3	633	0.00231428
4.86646	1	4	3	106	0.00238571
4.86731	1	2	3	545	0.00224286
4.86746	1	3	3	736	0.00238571
4.86767	1	4	3	340	0.0026
4.86803	1	5	3	575	0.0129571
4.86824	3	3	3	736	0.00217143
4.86831	1	2	3	545	0.00224286
4.86867	1	4	3	340	0.0026
4.86903	3	4	3	8000	0.00795714
4.86931	1	2	3	545	0.00224286
4.86974	1	4	3	340	0.00267142
4.86996	3	2	3	3941	0.00288571
4.87003	1	5	3	458	0.0129571
4.87003	3	3	3	736	0.00295714
4.87046	1	2	3	1102	0.00238571
4.87096	1	4	3	458	0.00288571
4.87131	1	2	3	545	0.00224286
4.87167	1	4	3	340	0.0026
4.87203	1	5	3	575	0.0129571
4.87246	1	2	3	1102	0.00238571
4.87274	1	4	3	458	0.00267142
4.87303	3	1	3	736	0.00295714
4.87346	1	2	3	1102	0.00238571
4.87381	1	4	3	575	0.00274285
4.87403	3	3	3	1484	0.00295714
4.87446	1	2	3	1102	0.00238571
4.87474	1	4	3	458	0.00267142
4.8756	1	2	3	1183	0.00252857
4.87596	1	4	3	575	0.00288571
4.87603	3	3	3	612	0.00295714
4.87603	1	5	3	106	0.0129571
4.87674	1	4	3	458	0.00267142
4.87803	3	2	3	4022	0.00295714
4.87881	1	4	3	575	0.00274285
4.87903	1	5	3	340	0.0129571
4.87974	1	4	3	458	0.00267142
4.8806	1	4	3	692	0.00252857
4.88174	1	4	3	927	0.00267142
4.88274	1	4	3	927	0.00267142
4.88303	1	5	3	458	0.0129571
4.88303	3	4	3	633	0.00295714
4.88339	3	2	3	6169	0.00231428
4.8836	1	4	3	692	0.00252857
4.88396	3	1	3	5089	0.00788571
4.88474	1	4	3	297	0.00267142
4.88503	1	5	3	458	0.0129571
4.88603	3	3	3	736	0.00295714
4.88703	1	5	3	458	0.0129571
4.89103	1	5	3	575	0.0129571
4.89189	3	2	3	2912	0.00281428
4.89203	3	3	3	1484	0.00295714
4.89403	3	4	3	8929	0.00795714
4.89403	1	5	3	692	0.0129571
4.89503	3	4	3	631	0.00795714
4.89631	1	2	3	267	0.00224286
4.89789	3	2	3	4022	0.00281428
4.89803	3	3	3	1484	0.00295714
4.89831	1	3	3	633	0.00224286
4.89839	1	4	3	106	0.00231428
4.90003	1	5	3	1396	0.0129571
4.90131	1	2	3	545	0.00224286
4.90203	1	1	3	106	0.00795714
4.90296	3	1	3	736	0.00288571
4.90303	1	5	3	1396	0.0139571
4.90303	3	2	3	4022	0.00295714
4.90324	1	2	3	267	0.00217143
4.90331	1	3	3	633	0.00224286
4.90339	1	4	3	106	0.00231428
4.90403	3	3	3	1484	0.00295714
4.90446	1	2	3	1102	0.00238571
4.90474	1	3	3	2562	0.00267142
4.90496	1	4	3	340	0.00288571
4.90603	1	5	3	1396	0.0129571
4.90624	1	2	3	267	0.00217143
4.90631	1	3	3	633	0.00224286
4.90639	1	4	3	106	0.00231428
4.90703	1	5	3	477	0.0129571
4.90746	1	2	3	545	0.00238571
4.9076	1	3	3	1278	0.00252857
4.90781	1	4	3	340	0.00274285
4.90824	1	2	3	267	0.00217143
4.90831	1	3	3	94	0.00224286
4.90839	1	4	3	106	0.00231428
4.90903	1	5	3	1044	0.0129571
4.90903	3	2	3	4022	0.00295714
4.90953	1	2	3	824	0.00245714
4.90996	1	4	3	340	0.00288571
4.91003	3	3	3	548	0.00295714
4.91053	1	2	3	300	0.00245714
4.91081	1	4	3	340	0.00274285
4.91181	1	4	3	340	0.00274285
4.91203	1	5	3	340	0.00295714
4.91267	1	4	3	340	0.0026
4.91303	3	1	3	5089	0.00795714
4.91303	1	1	3	223	0.00795714
4.91381	1	4	3	340	0.00274285
4.91481	1	4	3	809	0.00274285
4.91489	1	5	3	106	0.0128143
4.91503	1	1	3	223	0.00795714
4.91503	3	2	3	4022	0.00295714
4.91567	1	4	3	809	0.0026
4.91589	1	5	3	340	0.00781428
4.91603	1	1	3	223	0.00795714
4.91603	3	3	3	736	0.00295714
4.91681	1	4	3	1044	0.00274285
4.91696	1	1	3	223	0.00788571
4.91781	1	4	3	575	0.00274285
4.91803	1	5	3	340	0.0129571
4.91803	3	4	3	633	0.00795714
4.9186	1	4	3	692	0.00252857
4.91881	1	5	3	340	0.00774285
4.91903	1	1	3	340	0.00795714
4.91974	1	4	3	458	0.00267142
4.92074	1	4	3	458	0.00267142
4.92103	3	2	3	4022	0.00295714
4.92174	1	4	3	458	0.00267142
4.92203	3	3	3	1484	0.00295714
4.92246	1	4	3	458	0.00238571
4.92303	1	1	3	458	0.00795714
4.92374	1	4	3	458	0.00267142
4.92403	3	4	3	7701	0.00295714
4.92446	1	4	3	458	0.00238571
4.92496	3	4	3	1860	0.00288571
4.92503	1	1	3	458	0.00795714
4.92546	1	4	3	458	0.00238571
4.92574	1	5	3	458	0.00767142
4.92603	1	1	3	458	0.00795714
4.92646	1	4	3	299	0.00238571
4.92696	3	1	3	736	0.00288571
4.92703	1	1	3	458	0.00795714
4.92703	3	2	3	4022	0.00295714
4.92803	3	3	3	1484	0.00295714
4.92874	1	5	3	458	0.00767142
4.92903	1	1	3	458	0.00795714
4.93003	1	5	3	458	0.0129571
4.93196	1	5	3	458	0.0128857
4.93203	3	1	3	6544	0.00295714
4.93274	1	5	3	458	0.0126714
4.93303	1	1	3	458	0.00795714
4.93303	3	2	3	4022	0.00295714
4.93403	3	3	3	1484	0.00295714
4.93503	1	1	3	458	0.00795714
4.93574	1	5	3	575	0.00767142
4.93603	1	1	3	458	0.00795714
4.93703	1	1	3	809	0.00795714
4.93803	3	4	3	633	0.00295714
4.9386	1	5	3	692	0.00752857
4.93903	1	1	3	43	0.00795714
4.93903	3	2	3	4022	0.00295714
4.94003	3	3	3	548	0.00295714
4.94031	1	2	3	267	0.00224286
4.94039	1	4	3	106	0.00231428
4.94203	1	5	3	575	0.00795714
4.94296	1	1	3	692	0.00788571
4.94403	3	4	3	7701	0.00295714
4.94403	1	5	3	692	0.00895714
4.94467	3	2	3	4022	0.0026
4.94496	1	5	3	927	0.0128857
4.94503	3	4	3	1860	0.00295714
4.94503	1	1	3	106	0.00795714
4.94524	1	2	3	267	0.00217143
4.94531	1	4	3	106	0.00224286
4.94596	1	5	3	363	0.00788571
4.94596	3	1	3	736	0.00288571
4.94603	3	3	3	736	0.00295714
4.94603	1	1	3	106	0.00795714
4.94631	1	2	3	545	0.00224286
4.94646	1	4	3	223	0.00238571
4.94703	1	1	3	809	0.00795714
4.94746	1	2	3	545	0.00238571
4.94753	1	3	3	633	0.00245714
4.94767	1	4	3	223	0.0026
4.94831	1	2	3	545	0.00224286
4.94853	1	4	3	340	0.00245714
4.94903	1	1	3	692	0.00795714
4.9496	1	2	3	824	0.00252857
4.94974	3	2	3	4022	0.00267142
4.94981	1	4	3	340	0.00274285
4.9506	1	2	3	824	0.00252857
4.95081	1	4	3	340	0.00274285
4.95103	3	1	3	5089	0.00295714
4.95174	1	2	3	1102	0.00267142
4.95196	1	4	3	340	0.00288571
4.95203	3	3	3	1484	0.00295714
4.95231	1	2	3	545	0.00224286
4.95246	1	3	3	1278	0.00238571
4.95253	1	4	3	106	0.00245714
4.95303	1	1	3	223	0.00795714
4.95353	1	2	3	378	0.00245714
4.95374	1	3	3	1920	0.00267142
4.95396	1	4	3	428	0.00288571
4.95446	1	3	3	1278	0.00238571
4.9546	1	4	3	223	0.00252857
4.95481	1	5	3	340	0.00774285
4.95503	1	1	3	340	0.00795714
4.95503	3	2	3	4022	0.00295714
4.95546	1	3	3	1278	0.00238571
4.9556	1	4	3	223	0.00252857
4.95581	1	5	3	340	0.00774285
4.95603	1	1	3	340	0.00795714
4.95646	1	3	3	903	0.00238571
4.95667	1	4	3	340	0.0026
4.95674	1	5	3	106	0.0126714
4.95703	1	1	3	458	0.00795714
4.95796	3	3	3	1484	0.00288571
4.95803	3	4	3	633	0.00295714
4.95881	1	4	3	575	0.00274285
4.95889	1	5	3	106	0.0128143
4.95903	1	1	3	223	0.00795714
4.95981	1	4	3	340	0.00274285
4.96074	1	4	3	145	0.00267142
4.96103	3	2	3	4022	0.00295714
4.96281	1	5	3	340	0.00774285
4.96303	1	1	3	340	0.00795714
4.96303	3	3	3	1484	0.00295714
4.96424	3	1	3	736	0.00217143
4.96481	1	5	3	340	0.00774285
4.96503	3	4	3	7059	0.00295714
4.96503	1	1	3	340	0.00795714
4.96581	1	5	3	340	0.00774285
4.96603	3	4	3	2502	0.00295714
4.96603	1	1	3	340	0.00795714
4.96674	1	5	3	458	0.00767142
4.96703	1	1	3	458	0.00795714
4.96703	3	2	3	4022	0.00295714
4.96874	1	5	3	458	0.00767142
4.96903	1	1	3	385	0.00795714
4.96903	3	3	3	548	0.00295714
4.97003	3	1	3	5089	0.00295714
4.97024	1	3	3	633	0.00217143
4.9726	1	5	3	692	0.00752857
4.97303	3	2	3	4022	0.00295714
4.97324	1	2	3	267	0.00217143
4.97331	1	4	3	135	0.00224286
4.97474	1	5	3	927	0.00767142
4.97524	1	3	3	531	0.00217143
4.97603	3	3	3	736	0.00295714
4.97803	1	5	3	27	0.00895714
4.97824	1	3	3	531	0.00217143
4.97831	1	4	3	135	0.00224286
4.97896	3	2	3	7768	0.00288571
4.97903	1	5	3	1161	0.00795714
4.97903	3	4	3	633	0.00295714
4.97939	1	2	3	824	0.00231428
4.9796	1	3	3	1612	0.00252857
4.97981	1	4	3	428	0.00274285
4.98024	1	4	3	135	0.00217143
4.98103	1	5	3	1278	0.0129571
4.98124	1	4	3	135	0.00217143
4.98203	1	5	3	273	0.00795714
4.98203	3	3	3	1484	0.00295714
4.98246	1	2	3	1102	0.00238571
4.98274	1	3	3	2562	0.00267142
4.98296	1	4	3	428	0.00288571
4.98346	1	2	3	1102	0.00238571
4.98374	1	3	3	2562	0.00267142
4.98403	1	4	3	575	0.00295714
4.98403	3	1	3	736	0.00295714
4.98439	1	2	3	824	0.00231428
4.9846	1	3	3	316	0.00252857
4.98481	1	4	3	428	0.00274285
4.98546	1	2	3	1102	0.00238571
4.98596	1	4	3	428	0.00288571
4.98646	1	2	3	615	0.00238571
4.98681	1	4	3	428	0.00274285
4.98703	3	2	3	4022	0.00295714
4.98796	1	4	3	428	0.00288571
4.98803	3	3	3	1484	0.00295714
4.98881	1	4	3	458	0.00274285
4.98953	3	1	3	3717	0.00245714
4.98974	1	4	3	458	0.00267142
4.99003	3	4	3	3736	0.00795714
4.99096	1	4	3	927	0.00288571
4.99103	3	1	3	2830	0.00295714
4.99103	1	5	3	106	0.00795714
4.99181	1	4	3	326	0.00274285
4.99203	1	5	3	340	0.00795714
4.99303	3	2	3	6169	0.00295714
4.99303	1	5	3	106	0.0129571
4.99403	1	5	3	340	0.00795714
4.99403	3	3	3	1484	0.00295714
4.99503	1	5	3	458	0.00795714
5.00003	3	3	3	548	0.00295714
5.00103	3	2	3	2912	0.00295714
5.00303	3	1	3	736	0.00295714
5.00531	1	2	3	267	0.00224286
5.00539	1	3	3	736	0.00231428
5.00546	1	4	3	106	0.00238571
5.00603	1	5	3	927	0.0129571
5.00603	3	3	3	736	0.00295714
5.00703	3	2	3	4022	0.00295714
5.00803	1	5	3	1396	0.0129571
5.00896	3	4	3	531	0.00288571
5.00903	1	5	3	637	0.0129571
5.01003	3	1	3	8000	0.00295714
5.01046	1	2	3	1102	0.00238571
5.01067	1	3	3	1920	0.0026
5.01089	1	4	3	428	0.00281428
5.01103	1	1	3	106	0.00795714
5.01146	1	3	3	2562	0.00238571
5.01174	1	4	3	575	0.00267142
5.01203	3	3	3	1484	0.00295714
5.01303	3	2	3	8052	0.00295714
5.01339	1	2	3	824	0.00231428
5.0136	1	3	3	1920	0.00252857
5.01381	1	4	3	428	0.00274285
5.01403	3	4	3	5294	0.00295714
5.01439	1	2	3	824	0.00231428
5.0146	1	3	3	1920	0.00252857
5.01481	1	4	3	428	0.00274285
5.01546	1	2	3	1102	0.00238571
5.01574	1	3	3	1142	0.00267142
5.01596	1	4	3	428	0.00288571
5.01646	1	2	3	545	0.00238571
5.01681	1	4	3	428	0.00274285
5.01746	1	2	3	545	0.00238571
5.01781	1	4	3	428	0.00274285
5.01803	3	3	3	1484	0.00295714
5.01846	1	2	3	545	0.00238571
5.01881	1	4	3	428	0.00274285
5.01903	3	2	3	4022	0.00295714
5.01946	1	2	3	545	0.00238571
5.01981	1	4	3	428	0.00274285
5.02003	1	5	3	340	0.00795714
5.02074	1	2	3	999	0.00267142
5.02096	1	4	3	428	0.00288571
5.02103	1	5	3	106	0.0129571
5.02167	1	4	3	428	0.0026
5.02189	1	5	3	340	0.0128143
5.02203	1	1	3	223	0.00795714
5.0226	1	4	3	428	0.00252857
5.02296	1	1	3	223	0.00788571
5.02367	1	4	3	428	0.0026
5.02389	1	5	3	340	0.0128143
5.02403	1	1	3	223	0.00795714
5.02467	1	4	3	35	0.0026
5.02503	1	1	3	223	0.00795714
5.02503	3	2	3	4022	0.00295714
5.02603	1	1	3	458	0.00795714
5.02803	1	5	3	340	0.0129571
5.02803	3	4	3	531	0.00295714
5.02896	3	1	3	736	0.00288571
5.02903	3	3	3	868	0.00795714
5.03103	3	2	3	7546	0.00295714
5.03203	1	1	3	458	0.00795714
5.03303	1	1	3	575	0.00795714
5.0336	3	1	3	4462	0.00252857
5.03403	3	4	3	3233	0.00295714
5.03403	1	1	3	692	0.00795714
5.03439	1	5	3	340	0.0123143
5.03453	3	1	3	3717	0.00245714
5.03467	3	3	3	1484	0.0026
5.03503	1	1	3	1044	0.00795714
5.03503	3	4	3	2063	0.00295714
5.03546	1	5	3	458	0.0123857
5.03603	1	1	3	927	0.00795714
5.03603	3	1	3	1281	0.00295714
5.03703	1	5	3	458	0.0129571
5.03903	1	5	3	575	0.0129571
5.03953	1	2	3	267	0.00245714
5.0396	1	3	3	633	0.00252857
5.03967	1	4	3	106	0.0026
5.04203	1	1	3	694	0.00795714
5.04274	1	5	3	809	0.0126714
5.04424	1	2	3	267	0.00217143
5.04431	1	3	3	633	0.00224286
5.04439	1	4	3	106	0.00231428
5.04489	3	2	3	4022	0.00281428
5.04503	3	3	3	1744	0.00795714
5.04524	1	4	3	106	0.00217143
5.04646	1	2	3	545	0.00238571
5.0466	1	3	3	1278	0.00252857
5.04674	1	4	3	223	0.00267142
5.04703	3	1	3	736	0.00295714
5.04739	1	2	3	824	0.00231428
5.0476	1	3	3	1920	0.00252857
5.04781	1	4	3	340	0.00274285
5.04831	1	2	3	545	0.00224286
5.04846	1	3	3	1278	0.00238571
5.04867	1	4	3	340	0.0026
5.04931	1	2	3	545	0.00224286
5.04946	1	3	3	1278	0.00238571
5.04967	1	4	3	340	0.0026
5.05003	1	5	3	575	0.0129571
5.05003	3	2	3	6169	0.00295714
5.05039	1	2	3	545	0.00231428
5.05053	1	3	3	1278	0.00245714
5.05067	1	4	3	223	0.0026
5.05103	1	5	3	575	0.0129571
5.05103	3	3	3	1744	0.00295714
5.05131	1	2	3	545	0.00224286
5.05146	1	3	3	451	0.00238571
5.0516	1	4	3	223	0.00252857
5.05189	1	5	3	458	0.0128143
5.05203	1	1	3	223	0.00795714
5.05246	1	2	3	545	0.00238571
5.05281	1	4	3	340	0.00274285
5.05303	3	4	3	633	0.00795714
5.05346	1	2	3	545	0.00238571
5.05367	1	4	3	106	0.0026
5.05403	1	5	3	575	0.0129571
5.05446	1	2	3	545	0.00238571
5.05481	1	4	3	340	0.00274285
5.05546	1	2	3	128	0.00238571
5.05574	1	4	3	340	0.00267142
5.05603	1	1	3	106	0.00795714
5.05674	1	4	3	340	0.00267142
5.05696	3	3	3	868	0.00288571
5.05724	3	2	3	2912	0.00217143
5.05767	1	4	3	340	0.0026
5.05789	1	5	3	340	0.0128143
5.05803	3	1	3	8000	0.00795714
5.05803	1	1	3	223	0.00795714
5.05867	1	4	3	458	0.0026
5.05903	3	4	3	6475	0.00295714
5.05903	1	1	3	223	0.00795714
5.05967	1	4	3	692	0.0026
5.06003	3	4	3	174	0.00295714
5.06003	1	1	3	223	0.00795714
5.06081	1	4	3	575	0.00274285
5.06167	1	4	3	809	0.0026
5.06203	1	1	3	223	0.00795714
5.06274	1	4	3	458	0.00267142
5.06381	1	4	3	515	0.00274285
5.06403	3	2	3	4022	0.00295714
5.06503	1	5	3	340	0.0129571
5.06574	1	5	3	340	0.0126714
5.06603	1	1	3	458	0.00795714
5.06703	1	5	3	340	0.0129571
5.06703	3	3	3	1744	0.00795714
5.06803	1	1	3	458	0.00795714
5.06874	1	5	3	340	0.0126714
5.06903	1	1	3	458	0.00795714
5.07003	1	1	3	458	0.00795714
5.07003	3	2	3	6169	0.00295714
5.07203	1	1	3	458	0.00795714
5.07203	3	1	3	736	0.00295714
5.07296	3	3	3	1744	0.00288571
5.07303	1	5	3	458	0.0129571
5.07303	3	4	3	633	0.00295714
5.07603	1	1	3	692	0.00795714
5.07624	1	2	3	267	0.00217143
5.07631	1	3	3	736	0.00224286
5.07789	3	1	3	7440	0.00281428
5.07796	3	2	3	1456	0.00288571
5.07803	1	1	3	927	0.00795714
5.07803	3	3	3	868	0.00295714
5.07853	3	1	3	2018	0.00245714
5.07903	3	4	3	4491	0.00295714
5.07903	1	1	3	692	0.00795714
5.07974	1	5	3	927	0.0126714
5.08003	1	1	3	458	0.00795714
5.08003	3	4	3	703	0.00295714
5.08103	1	5	3	692	0.0129571
5.08131	1	2	3	267	0.00224286
5.08139	1	3	3	633	0.00231428
5.08196	1	5	3	927	0.0128857
5.08203	1	4	3	135	0.00795714
5.08253	1	2	3	824	0.00245714
5.08274	1	3	3	1920	0.00267142
5.08346	1	2	3	545	0.00238571
5.0836	1	3	3	1278	0.00252857
5.08389	3	2	3	4022	0.00281428
5.08403	1	5	3	692	0.0129571
5.0846	1	2	3	824	0.00252857
5.08481	1	3	3	1920	0.00274285
5.08531	1	2	3	545	0.00224286
5.08546	1	3	3	1278	0.00238571
5.08603	1	1	3	692	0.00795714
5.08646	1	2	3	1102	0.00238571
5.08674	1	3	3	2438	0.00267142
5.08703	1	1	3	106	0.00795714
5.08731	1	2	3	545	0.00224286
5.0876	1	4	3	282	0.00252857
5.08789	1	5	3	458	0.0128143
5.08803	1	1	3	223	0.00795714
5.08831	1	2	3	545	0.00224286
5.08867	1	4	3	428	0.0026
5.08881	3	2	3	4022	0.00274285
5.08896	3	3	3	1744	0.00788571
5.08903	1	1	3	15	0.00795714
5.08931	1	2	3	378	0.00224286
5.0896	1	4	3	282	0.00252857
5.09089	1	4	3	428	0.00281428
5.09103	3	1	3	736	0.00295714
5.09174	1	4	3	1161	0.00267142
5.09274	1	4	3	575	0.00267142
5.09303	3	4	3	633	0.00295714
5.09381	1	4	3	1015	0.00274285
5.09396	3	2	3	3605	0.00288571
5.09403	3	3	3	868	0.00295714
5.09481	1	4	3	1308	0.00274285
5.09503	1	5	3	340	0.0129571
5.09574	1	4	3	228	0.00267142
5.09589	1	5	3	223	0.0128143
5.09703	1	5	3	340	0.0129571
5.09803	3	1	3	528	0.00295714
5.09903	3	4	3	5192	0.00295714
5.09903	1	5	3	340	0.0129571
5.10003	3	3	3	1744	0.00295714
5.10203	3	1	3	8929	0.00795714
5.10296	1	5	3	458	0.0128857
5.10303	3	2	3	4022	0.00295714
5.10603	3	3	3	1744	0.00295714
5.10903	3	2	3	6169	0.00295714
5.11003	1	5	3	1161	0.0129571
5.11103	1	5	3	1396	0.0129571
5.11203	1	5	3	1396	0.0129571
5.11203	3	3	3	642	0.00295714
5.11303	3	4	3	633	0.00295714
5.11403	1	5	3	1396	0.0129571
5.11424	1	2	3	267	0.00217143
5.11431	1	3	3	633	0.00224286
5.11439	1	4	3	135	0.00231428
5.11703	3	2	3	2912	0.00295714
5.11903	3	4	3	6647	0.00295714
5.11903	1	5	3	1396	0.0139571
5.11924	1	2	3	267	0.00217143
5.11931	1	3	3	633	0.00224286
5.11939	1	4	3	135	0.00231428
5.12024	1	3	3	633	0.00217143
5.12031	1	4	3	135	0.00224286
5.12103	3	1	3	736	0.00295714
5.12124	1	2	3	267	0.00217143
5.12131	1	3	3	633	0.00224286
5.12139	1	4	3	135	0.00231428
5.12224	1	3	3	633	0.00217143
5.12231	1	4	3	135	0.00224286
5.12296	3	2	3	4022	0.00288571
5.12303	1	1	3	106	0.00795714
5.12303	3	3	3	868	0.00795714
5.12346	1	2	3	1102	0.00238571
5.12374	1	3	3	2562	0.00267142
5.12396	1	4	3	428	0.00288571
5.12424	1	2	3	267	0.00217143
5.12431	1	3	3	633	0.00224286
5.12439	1	4	3	135	0.00231428
5.12503	1	5	3	959	0.0129571
5.12524	1	2	3	267	0.00217143
5.12531	1	3	3	736	0.00224286
5.12539	1	4	3	135	0.00231428
5.12603	1	5	3	1044	0.0129571
5.12624	1	2	3	267	0.00217143
5.12631	1	3	3	736	0.00224286
5.12639	1	4	3	135	0.00231428
5.12703	3	1	3	8929	0.00295714
5.12703	1	5	3	390	0.0129571
5.12724	1	2	3	267	0.00217143
5.12731	1	3	3	633	0.00224286
5.12739	1	4	3	135	0.00231428
5.12796	3	1	3	528	0.00288571
5.12803	3	2	3	4022	0.00295714
5.12853	1	2	3	824	0.00245714
5.12874	1	3	3	1747	0.00267142
5.12896	1	4	3	428	0.00288571
5.12903	3	3	3	2621	0.00295714
5.12953	1	2	3	648	0.00245714
5.12996	1	4	3	428	0.00288571
5.13046	1	2	3	545	0.00238571
5.13081	1	4	3	428	0.00274285
5.13146	1	2	3	545	0.00238571
5.13181	1	4	3	428	0.00274285
5.13246	1	2	3	545	0.00238571
5.13281	1	4	3	428	0.00274285
5.13346	1	2	3	1102	0.00238571
5.13381	1	4	3	721	0.00274285
5.13389	1	5	3	106	0.0128143
5.13403	1	1	3	223	0.00795714
5.13403	3	2	3	4022	0.00295714
5.13446	1	2	3	128	0.00238571
5.13481	1	4	3	721	0.00274285
5.13503	3	3	3	1744	0.00295714
5.13503	1	1	3	223	0.00795714
5.13567	1	4	3	428	0.0026
5.13603	1	1	3	223	0.00795714
5.1366	1	4	3	207	0.00252857
5.13696	1	1	3	223	0.00788571
5.13803	1	1	3	223	0.00795714
5.13803	3	4	3	633	0.00295714
5.14003	1	5	3	106	0.0129571
5.14003	3	2	3	4022	0.00295714
5.14096	3	1	3	736	0.00288571
5.14103	1	5	3	340	0.0129571
5.14103	3	3	3	500	0.00295714
5.14203	1	5	3	340	0.0129571
5.14303	1	5	3	340	0.0129571
5.14374	1	5	3	340	0.00767142
5.14403	3	4	3	7701	0.00295714
5.14403	1	1	3	458	0.00795714
5.14503	1	1	3	692	0.00795714
5.14503	3	4	3	404	0.00295714
5.14596	3	1	3	8184	0.00288571
5.14603	1	1	3	809	0.00795714
5.14603	3	2	3	4022	0.00295714
5.14703	1	1	3	1044	0.00795714
5.14703	3	1	3	1273	0.00295714
5.14803	1	1	3	1044	0.00795714
5.14803	3	3	3	956	0.00295714
5.15167	1	2	3	267	0.0026
5.15174	1	3	3	736	0.00267142
5.15181	1	4	3	135	0.00274285
5.15203	3	2	3	4022	0.00295714
5.15403	1	1	3	692	0.00795714
5.15403	3	3	3	868	0.00295714
5.1546	1	5	3	692	0.0125286
5.15503	1	1	3	692	0.00795714
5.15553	1	5	3	575	0.0124571
5.15603	1	1	3	809	0.00795714
5.15624	1	3	3	736	0.00217143
5.15631	1	4	3	135	0.00224286
5.15653	1	5	3	340	0.0124571
5.15696	1	1	3	692	0.00788571
5.15739	1	5	3	340	0.0123143
5.15796	3	2	3	4022	0.00288571
5.15803	1	1	3	1044	0.00795714
5.15803	3	4	3	633	0.00295714
5.15846	1	2	3	545	0.00238571
5.15853	1	3	3	736	0.00245714
5.1586	1	4	3	135	0.00252857
5.15903	1	5	3	692	0.0129571
5.15903	3	1	3	736	0.00295714
5.15946	1	2	3	545	0.00238571
5.1596	1	3	3	1484	0.00252857
5.15981	1	4	3	428	0.00274285
5.16003	3	3	3	1920	0.00295714
5.16046	1	2	3	545	0.00238571
5.1606	1	3	3	1484	0.00252857
5.16081	1	4	3	428	0.00274285
5.16146	1	2	3	545	0.00238571
5.1616	1	3	3	1484	0.00252857
5.16181	1	4	3	472	0.00274285
5.16246	1	2	3	545	0.00238571
5.1626	1	3	3	1484	0.00252857
5.16281	1	4	3	472	0.00274285
5.16303	3	2	3	4022	0.00295714
5.16331	1	2	3	545	0.00224286
5.16346	1	3	3	1484	0.00238571
5.16367	1	4	3	472	0.0026
5.16403	3	4	3	7701	0.00295714
5.16403	1	1	3	223	0.00795714
5.16431	1	2	3	545	0.00224286
5.16446	1	3	3	580	0.00238571
5.16467	1	4	3	472	0.0026
5.16496	3	4	3	1860	0.00288571
5.16503	1	1	3	223	0.00795714
5.16531	1	2	3	545	0.00224286
5.16567	1	4	3	472	0.0026
5.16603	1	1	3	223	0.00795714
5.16603	3	3	3	956	0.00295714
5.16631	1	2	3	545	0.00224286
5.16667	1	4	3	472	0.0026
5.16703	1	1	3	223	0.00795714
5.16731	1	2	3	545	0.00224286
5.16767	1	4	3	472	0.0026
5.16803	1	1	3	143	0.00795714
5.16846	1	2	3	545	0.00238571
5.16881	1	4	3	472	0.00274285
5.16896	3	2	3	4022	0.00288571
5.16946	1	2	3	1102	0.00238571
5.16981	1	4	3	795	0.00274285
5.17003	3	1	3	3633	0.00795714
5.17003	1	5	3	340	0.0129571
5.17046	1	2	3	1102	0.00238571
5.17081	1	4	3	795	0.00274285
5.17103	1	5	3	340	0.0129571
5.17174	1	4	3	683	0.00267142
5.17196	1	5	3	340	0.0128857
5.17203	3	3	3	1920	0.00295714
5.17246	1	2	3	298	0.00238571
5.17303	1	5	3	340	0.0129571
5.17389	1	5	3	340	0.0128143
5.17403	3	2	3	7489	0.00295714
5.17803	3	4	3	633	0.00295714
5.18203	3	2	3	2912	0.00295714
5.18303	3	3	3	550	0.00795714
5.18324	3	1	3	736	0.00217143
5.18403	3	4	3	7059	0.00295714
5.1846	3	3	3	956	0.00252857
5.18503	3	4	3	1046	0.00295714
5.18503	1	5	3	458	0.0129571
5.18603	1	5	3	575	0.0129571
5.18703	1	5	3	1396	0.0129571
5.18803	3	2	3	4022	0.00295714
5.18889	3	1	3	5089	0.00281428
5.18903	1	5	3	1396	0.0139571
5.18903	3	3	3	1744	0.00295714
5.18931	1	2	3	267	0.00224286
5.18939	1	3	3	736	0.00231428
5.18981	3	3	3	168	0.00274285
5.19296	1	5	3	1278	0.0128857
5.19303	1	4	3	150	0.00795714
5.19403	3	2	3	8052	0.00295714
5.19424	1	2	3	267	0.00217143
5.19431	1	3	3	736	0.00224286
5.19503	1	1	3	106	0.00795714
5.19546	1	2	3	1102	0.00238571
5.19567	1	3	3	2228	0.0026
5.19646	1	2	3	1102	0.00238571
5.19667	1	3	3	2228	0.0026
5.1976	1	2	3	1656	0.00252857
5.19796	1	3	3	3717	0.00288571
5.19803	3	4	3	633	0.00295714
5.19831	1	2	3	545	0.00224286
5.19846	1	3	3	555	0.00238571
5.19867	1	4	3	472	0.0026
5.19924	1	2	3	267	0.00217143
5.19939	1	4	3	150	0.00231428
5.19996	3	2	3	3941	0.00288571
5.20003	1	5	3	1044	0.0129571
5.20046	1	2	3	545	0.00238571
5.2006	1	4	3	150	0.00252857
5.20096	1	5	3	575	0.0128857
5.20146	1	2	3	692	0.00238571
5.20167	1	4	3	150	0.0026
5.20203	1	5	3	339	0.0129571
5.20203	3	1	3	736	0.00295714
5.2026	1	2	3	1044	0.00252857
5.20296	1	4	3	472	0.00288571
5.20346	1	2	3	692	0.00238571
5.20367	1	4	3	472	0.0026
5.20474	1	2	3	1102	0.00267142
5.20496	3	4	3	7059	0.00288571
5.20503	1	4	3	633	0.00295714
5.20503	3	3	3	956	0.00795714
5.20546	1	2	3	934	0.00238571
5.20567	1	4	3	472	0.0026
5.20603	3	4	3	2502	0.00295714
5.20603	1	1	3	223	0.00795714
5.20667	1	4	3	472	0.0026
5.20703	1	1	3	223	0.00795714
5.20774	1	4	3	633	0.00267142
5.20781	1	5	3	106	0.00774285
5.20796	3	1	3	5089	0.00288571
5.20803	1	1	3	340	0.00795714
5.20803	3	2	3	4022	0.00295714
5.20867	1	4	3	472	0.0026
5.20903	1	1	3	223	0.00795714
5.20953	1	4	3	472	0.00245714
5.21003	1	1	3	458	0.00795714
5.21081	1	4	3	795	0.00274285
5.21103	3	3	3	2621	0.00295714
5.21181	1	4	3	795	0.00274285
5.21274	1	4	3	633	0.00267142
5.21381	1	4	3	795	0.00274285
5.21403	3	2	3	8052	0.00295714
5.21467	1	4	3	472	0.0026
5.21553	1	4	3	112	0.00245714
5.21574	1	5	3	340	0.0126714
5.21603	1	1	3	458	0.00795714
5.21667	1	5	3	340	0.0126
5.21696	1	1	3	458	0.00788571
5.21696	3	3	3	868	0.00288571
5.21803	1	1	3	458	0.00795714
5.21803	3	4	3	633	0.00295714
5.21874	1	5	3	340	0.0126714
5.21903	1	1	3	458	0.00795714
5.21974	1	5	3	340	0.0126714
5.22003	1	1	3	458	0.00795714
5.22003	3	2	3	3941	0.00295714
5.22203	3	3	3	1288	0.00295714
5.22303	1	5	3	458	0.0129571
5.22403	3	4	3	7701	0.00295714
5.22503	3	4	3	1860	0.00295714
5.22603	1	1	3	692	0.00795714
5.22603	3	1	3	736	0.00295714
5.22703	1	1	3	692	0.00795714
5.22731	1	3	3	736	0.00224286
5.22739	1	4	3	150	0.00231428
5.22803	1	1	3	927	0.00795714
5.22803	3	2	3	4022	0.00295714
5.22903	1	1	3	692	0.00795714
5.22974	3	3	3	868	0.00267142
5.23003	1	1	3	692	0.00795714
5.23103	1	5	3	692	0.0129571
5.23203	3	1	3	6544	0.00295714
5.23203	1	5	3	692	0.0129571
5.23267	1	3	3	2228	0.0026
5.23289	1	4	3	472	0.00281428
5.23303	1	2	3	340	0.00795714
5.23346	1	3	3	1407	0.00238571
5.2336	1	4	3	311	0.00252857
5.23403	1	5	3	692	0.0129571
5.23403	3	2	3	8052	0.00295714
5.2346	1	4	3	472	0.00252857
5.23503	1	5	3	692	0.0129571
5.23503	3	3	3	868	0.00295714
5.23539	1	4	3	472	0.00231428
5.23603	1	1	3	692	0.00795714
5.23653	1	4	3	795	0.00245714
5.23696	1	1	3	692	0.00788571
5.23767	1	4	3	795	0.0026
5.23774	1	5	3	106	0.0126714
5.23803	1	1	3	458	0.00795714
5.23803	3	4	3	633	0.00295714
5.23846	1	2	3	1396	0.00238571
5.23867	1	4	3	472	0.0026
5.23903	1	1	3	223	0.00795714
5.23946	1	2	3	1396	0.00238571
5.23967	1	4	3	472	0.0026
5.24003	1	1	3	223	0.00795714
5.24003	3	2	3	4022	0.00295714
5.2406	1	2	3	1044	0.00252857
5.24081	1	4	3	472	0.00274285
5.2416	1	2	3	1044	0.00252857
5.24181	1	4	3	472	0.00274285
5.24253	1	2	3	1396	0.00245714
5.24281	1	4	3	633	0.00274285
5.2436	1	2	3	824	0.00252857
5.24381	1	4	3	472	0.00274285
5.24403	3	4	3	7701	0.00295714
5.2446	1	2	3	824	0.00252857
5.24481	1	4	3	472	0.00274285
5.24496	3	4	3	1860	0.00288571
5.24539	1	2	3	488	0.00231428
5.2456	1	4	3	376	0.00252857
5.24581	1	5	3	340	0.0127429
5.24581	3	1	3	736	0.00274285
5.24589	3	2	3	4022	0.00281428
5.24603	1	1	3	340	0.00795714
5.24603	3	3	3	1744	0.00795714
5.24703	1	1	3	50	0.00795714
5.24881	1	5	3	340	0.0127429
5.24981	1	5	3	340	0.0127429
5.25089	3	1	3	5089	0.00281428
5.25103	3	2	3	8052	0.00295714
5.25196	1	5	3	340	0.0128857
5.25303	1	5	3	340	0.0129571
5.25689	3	2	3	3862	0.00281428
5.25703	3	3	3	1744	0.00795714
5.25803	3	4	3	633	0.00295714
5.26031	1	2	3	267	0.00224286
5.26039	1	3	3	736	0.00231428
5.26046	1	4	3	150	0.00238571
5.26103	1	5	3	927	0.0129571
5.26296	1	1	3	106	0.00788571
5.26303	3	3	3	2228	0.00295714
5.26403	3	4	3	7701	0.00295714
5.26467	3	2	3	4022	0.0026
5.26503	1	5	3	1396	0.0139571
5.26503	3	4	3	1860	0.00295714
5.2656	1	2	3	824	0.00252857
5.26581	1	3	3	2228	0.00274285
5.26603	1	4	3	472	0.00295714
5.26703	1	5	3	1277	0.0129571
5.26753	1	2	3	824	0.00245714
5.26774	1	3	3	2228	0.00267142
5.26796	1	4	3	472	0.00288571
5.26889	3	1	3	736	0.00281428
5.26896	1	5	3	1278	0.0138857
5.26903	1	1	3	106	0.00795714
5.26953	1	2	3	824	0.00245714
5.26967	1	3	3	637	0.0026
5.26974	3	2	3	6169	0.00267142
5.26989	1	4	3	472	0.00281428
5.27031	1	2	3	545	0.00224286
5.2706	1	4	3	311	0.00252857
5.27103	1	1	3	340	0.00795714
5.27146	1	2	3	545	0.00238571
5.27181	1	4	3	472	0.00274285
5.27246	1	2	3	1102	0.00238571
5.27281	1	4	3	472	0.00274285
5.27289	1	5	3	106	0.0128143
5.27303	1	1	3	223	0.00795714
5.2736	1	2	3	824	0.00252857
5.27381	1	4	3	472	0.00274285
5.27389	3	1	3	5089	0.00281428
5.27403	3	3	3	1149	0.00795714
5.27446	1	2	3	1102	0.00238571
5.27474	1	4	3	633	0.00267142
5.27503	1	1	3	223	0.00795714
5.27503	3	3	3	868	0.00295714
5.2756	1	2	3	824	0.00252857
5.27581	1	4	3	472	0.00274285
5.27646	1	2	3	1102	0.00238571
5.27667	1	4	3	472	0.0026
5.27703	1	1	3	223	0.00795714
5.27774	1	2	3	1102	0.00267142
5.27796	1	5	3	340	0.00288571
5.27796	3	2	3	4022	0.00288571
5.27803	3	4	3	633	0.00295714
5.27839	1	2	3	331	0.00231428
5.2786	1	4	3	472	0.00252857
5.27903	1	1	3	340	0.00795714
5.27989	1	4	3	472	0.00281428
5.28003	3	3	3	1744	0.00295714
5.28003	1	5	3	223	0.0129571
5.28053	1	4	3	472	0.00245714
5.28074	1	5	3	340	0.0126714
5.28096	1	1	3	340	0.00788571
5.28103	3	3	3	256	0.00295714
5.28181	1	4	3	472	0.00274285
5.28203	1	5	3	340	0.0129571
5.28253	1	4	3	472	0.00245714
5.28303	1	1	3	458	0.00795714
5.28303	3	2	3	6169	0.00295714
5.28381	1	4	3	795	0.00274285
5.28403	1	5	3	340	0.0129571
5.28446	1	4	3	633	0.00238571
5.28503	3	4	3	3736	0.00295714
5.28503	1	1	3	458	0.00795714
5.28574	1	4	3	114	0.00267142
5.28603	3	3	3	868	0.00295714
5.28703	1	1	3	340	0.00795714
5.28903	1	1	3	458	0.00795714
5.29003	3	3	3	566	0.00295714
5.29103	1	1	3	458	0.00795714
5.29103	3	2	3	1456	0.00295714
5.29196	3	1	3	736	0.00288571
5.29274	1	5	3	340	0.0126714
5.29303	1	1	3	458	0.00795714
5.29453	1	5	3	458	0.0124571
5.29503	1	1	3	809	0.00795714
5.29603	1	5	3	458	0.0129571
5.29689	3	1	3	6544	0.00281428
5.29696	1	1	3	809	0.00788571
5.29696	3	3	3	868	0.00788571
5.29796	3	2	3	4022	0.00288571
5.29803	1	5	3	575	0.0139571
5.29803	3	3	3	566	0.00295714
5.29846	1	5	3	458	0.0123857
5.29903	1	1	3	927	0.00795714
5.29903	3	4	3	633	0.00295714
5.29953	1	2	3	267	0.00245714
5.2996	1	3	3	736	0.00252857
5.29967	1	4	3	150	0.0026
5.30103	1	1	3	927	0.00795714
5.30203	3	3	3	868	0.00295714
5.30303	1	1	3	809	0.00795714
5.30303	3	2	3	3258	0.00295714
5.30424	1	2	3	267	0.00217143
5.30431	1	3	3	736	0.00224286
5.30439	1	4	3	150	0.00231428
5.30503	3	4	3	5192	0.00295714
5.30503	1	1	3	458	0.00795714
5.30546	1	2	3	545	0.00238571
5.30574	1	4	3	311	0.00267142
5.30646	1	5	3	458	0.0123857
5.30703	1	1	3	927	0.00795714
5.30746	1	2	3	545	0.00238571
5.3076	1	3	3	1484	0.00252857
5.30767	1	4	3	150	0.0026
5.30803	3	3	3	1432	0.00295714
5.30903	1	1	3	692	0.00795714
5.30946	1	2	3	545	0.00238571
5.3096	1	3	3	1392	0.00252857
5.30967	1	4	3	150	0.0026
5.30996	3	1	3	736	0.00288571
5.31003	1	5	3	575	0.0129571
5.31003	3	3	3	566	0.00795714
5.31031	1	2	3	545	0.00224286
5.31046	1	4	3	311	0.00238571
5.31074	1	5	3	458	0.0126714
5.31089	1	3	3	1484	0.00781428
5.31103	1	1	3	223	0.00795714
5.31103	3	2	3	4022	0.00295714
5.31146	1	2	3	545	0.00238571
5.31181	1	4	3	472	0.00274285
5.31231	1	2	3	545	0.00224286
5.31253	1	4	3	150	0.00245714
5.31289	1	5	3	575	0.0128143
5.31303	1	1	3	223	0.00795714
5.31346	1	2	3	545	0.00238571
5.3136	1	4	3	311	0.00252857
5.31403	1	5	3	692	0.0129571
5.31446	1	2	3	1102	0.00238571
5.31467	1	4	3	472	0.0026
5.31503	3	1	3	8000	0.00295714
5.31503	1	1	3	223	0.00795714
5.3156	1	2	3	824	0.00252857
5.31581	1	4	3	472	0.00274285
5.31639	1	2	3	824	0.00231428
5.3166	1	4	3	472	0.00252857
5.31696	1	1	3	140	0.00788571
5.31703	3	2	3	3258	0.00295714
5.3176	1	2	3	1102	0.00252857
5.31781	1	4	3	472	0.00274285
5.31846	1	2	3	1102	0.00238571
5.31867	1	4	3	472	0.0026
5.31896	3	3	3	868	0.00288571
5.31903	3	4	3	633	0.00295714
5.31946	1	2	3	917	0.00238571
5.31981	1	4	3	795	0.00274285
5.3206	1	4	3	472	0.00252857
5.32181	1	4	3	795	0.00274285
5.32203	1	5	3	340	0.0129571
5.32267	1	4	3	472	0.0026
5.32381	1	4	3	795	0.00274285
5.32403	3	3	3	868	0.00295714
5.32431	3	2	3	2912	0.00224286
5.32481	1	4	3	1440	0.00274285
5.32496	3	4	3	5192	0.00288571
5.32503	1	5	3	340	0.0129571
5.32581	1	4	3	948	0.00274285
5.32603	1	5	3	340	0.0129571
5.32803	1	5	3	340	0.0129571
5.32903	1	5	3	340	0.0129571
5.32989	3	1	3	736	0.00281428
5.33103	3	2	3	4022	0.00295714
5.33489	3	1	3	7440	0.00281428
5.33503	3	3	3	1744	0.00795714
5.33603	3	1	3	2018	0.00295714
5.33703	1	5	3	692	0.0129571
5.33703	3	2	3	4022	0.00295714
5.33946	1	2	3	267	0.00238571
5.33953	1	3	3	736	0.00245714
5.3396	1	4	3	135	0.00252857
5.34003	1	5	3	692	0.0129571
5.34103	1	5	3	1396	0.0129571
5.34103	3	3	3	1484	0.00295714
5.34303	3	2	3	3605	0.00295714
5.34403	1	5	3	1396	0.0139571
5.34403	3	4	3	531	0.00295714
5.34446	1	2	3	1102	0.00238571
5.34474	1	3	3	2562	0.00267142
5.34496	1	4	3	472	0.00288571
5.34503	1	1	3	106	0.00795714
5.34539	1	2	3	824	0.00231428
5.3456	1	3	3	1920	0.00252857
5.34581	1	4	3	472	0.00274285
5.34703	3	3	3	1484	0.00295714
5.34731	1	2	3	545	0.00224286
5.34746	1	3	3	1278	0.00238571
5.34767	1	4	3	472	0.0026
5.34803	3	1	3	736	0.00295714
5.34839	1	2	3	824	0.00231428
5.3486	1	3	3	791	0.00252857
5.34881	1	4	3	472	0.00274285
5.34946	1	2	3	1102	0.00238571
5.35003	1	4	3	633	0.00295714
5.35046	1	2	3	545	0.00238571
5.35081	1	4	3	472	0.00274285
5.35103	3	2	3	4022	0.00295714
5.35203	1	5	3	1396	0.0129571
5.35246	1	2	3	545	0.00238571
5.35267	1	4	3	150	0.0026
5.35303	1	5	3	558	0.0129571
5.35303	3	3	3	1484	0.00295714
5.3536	1	2	3	824	0.00252857
5.35381	1	4	3	472	0.00274285
5.35403	3	1	3	5089	0.00295714
5.35474	1	2	3	1102	0.00267142
5.35496	1	4	3	472	0.00288571
5.35503	3	4	3	6749	0.00795714
5.35546	1	2	3	1102	0.00238571
5.35567	1	4	3	472	0.0026
5.35603	1	1	3	223	0.00795714
5.35667	1	2	3	1381	0.0026
5.35703	1	4	3	795	0.00295714
5.35703	3	2	3	4022	0.00295714
5.35746	1	2	3	53	0.00238571
5.35781	1	5	3	575	0.00274285
5.35796	1	1	3	223	0.00788571
5.3586	1	4	3	472	0.00252857
5.35881	1	5	3	340	0.0127429
5.35903	1	1	3	340	0.00795714
5.35903	3	3	3	1484	0.00295714
5.35967	1	4	3	472	0.0026
5.36003	1	1	3	458	0.00795714
5.36074	1	4	3	633	0.00267142
5.36153	1	4	3	575	0.00245714
5.36203	1	1	3	223	0.00795714
5.36274	1	4	3	575	0.00267142
5.36303	3	2	3	4022	0.00295714
5.36374	1	4	3	633	0.00267142
5.36489	3	1	3	736	0.00281428
5.36496	1	4	3	795	0.00288571
5.36503	3	3	3	622	0.00295714
5.36503	1	5	3	106	0.0129571
5.36581	1	4	3	586	0.00274285
5.36803	1	1	3	458	0.00795714
5.36896	3	2	3	3952	0.00288571
5.36903	1	1	3	458	0.00795714
5.36903	3	4	3	633	0.00295714
5.37003	3	1	3	8929	0.00295714
5.37003	1	1	3	692	0.00795714
5.37074	1	5	3	340	0.0126714
5.37103	1	1	3	458	0.00795714
5.37103	3	1	3	528	0.00295714
5.37174	1	5	3	575	0.0126714
5.37203	1	1	3	458	0.00795714
5.37203	3	3	3	736	0.00295714
5.37303	1	5	3	458	0.0129571
5.37403	1	5	3	458	0.0129571
5.37503	3	4	3	5192	0.00295714
5.37789	3	2	3	4022	0.00281428
5.37803	1	1	3	927	0.00795714
5.37803	3	3	3	1484	0.00295714
5.37824	1	2	3	267	0.00217143
5.37831	1	3	3	736	0.00224286
5.37839	1	4	3	135	0.00231428
5.37903	1	1	3	927	0.00795714
5.37939	1	5	3	340	0.0123143
5.38003	1	1	3	1044	0.00795714
5.38103	1	1	3	313	0.00795714
5.38303	3	2	3	6169	0.00295714
5.38346	1	2	3	1102	0.00238571
5.38374	1	3	3	2973	0.00267142
5.38389	3	1	3	736	0.00281428
5.38396	1	4	3	472	0.00288571
5.38403	3	3	3	1484	0.00295714
5.38439	1	2	3	824	0.00231428
5.3846	1	3	3	2118	0.00252857
5.38481	1	4	3	472	0.00274285
5.38531	1	2	3	545	0.00224286
5.3856	1	4	3	472	0.00252857
5.38603	1	5	3	692	0.0129571
5.38646	1	2	3	1102	0.00238571
5.38667	1	4	3	472	0.0026
5.38703	1	5	3	575	0.0129571
5.38746	1	5	3	458	0.0123857
5.38846	1	2	3	1102	0.00238571
5.38896	1	4	3	472	0.00288571
5.38903	3	4	3	633	0.00295714
5.38903	1	5	3	106	0.0129571
5.38953	1	2	3	1102	0.00245714
5.38981	1	4	3	633	0.00274285
5.38989	3	1	3	1273	0.00281428
5.39003	3	3	3	1484	0.00295714
5.39046	1	2	3	1102	0.00238571
5.39074	1	4	3	633	0.00267142
5.39103	3	2	3	2912	0.00295714
5.39146	1	2	3	1102	0.00238571
5.39174	1	4	3	633	0.00267142
5.39246	1	2	3	1102	0.00238571
5.39274	1	4	3	633	0.00267142
5.3936	1	2	3	824	0.00252857
5.39381	1	4	3	472	0.00274285
5.39403	3	1	3	8184	0.00795714
5.39446	1	2	3	40	0.00238571
5.39474	1	4	3	575	0.00267142
5.39496	1	5	3	340	0.0128857
5.39503	1	1	3	106	0.00795714
5.39574	1	4	3	472	0.00267142
5.39603	3	3	3	1484	0.00295714
5.39667	1	4	3	472	0.0026
5.39774	1	4	3	472	0.00267142
5.39803	3	2	3	4022	0.00295714
5.3986	1	4	3	795	0.00252857
5.39903	1	1	3	340	0.00795714
5.39974	1	4	3	483	0.00267142
5.40003	3	4	3	5192	0.00795714
5.40089	1	5	3	458	0.0128143
5.40103	1	1	3	223	0.00795714
5.40189	1	5	3	458	0.0128143
5.40203	1	1	3	223	0.00795714
5.40203	3	3	3	498	0.00295714
5.40289	1	5	3	458	0.0128143
5.40303	1	1	3	223	0.00795714
5.40403	1	5	3	340	0.0129571
5.40403	3	2	3	7625	0.00295714
5.40503	1	1	3	351	0.00795714
5.40803	3	1	3	736	0.00295714
5.40896	3	3	3	736	0.00288571
5.41003	1	5	3	458	0.0129571
5.41203	3	2	3	2912	0.00295714
5.41339	1	2	3	267	0.00231428
5.41346	1	3	3	736	0.00238571
5.41353	1	4	3	150	0.00245714
5.41381	3	1	3	6695	0.00274285
5.41396	3	3	3	1484	0.00288571
5.41403	3	4	3	531	0.00295714
5.41503	3	1	3	1307	0.00295714
5.41603	1	5	3	927	0.0129571
5.41803	1	5	3	1396	0.0139571
5.41803	3	2	3	4022	0.00295714
5.41831	1	2	3	545	0.00224286
5.41839	1	3	3	736	0.00231428
5.41846	1	4	3	150	0.00238571
5.41896	1	5	3	809	0.0128857
5.41903	3	3	3	1484	0.00295714
5.41903	1	1	3	106	0.00795714
5.42003	3	4	3	6475	0.00295714
5.42003	1	1	3	692	0.00795714
5.42031	1	2	3	545	0.00224286
5.42046	1	3	3	1484	0.00238571
5.42067	1	4	3	472	0.0026
5.42103	1	1	3	458	0.00795714
5.42103	3	4	3	276	0.00295714
5.42196	1	5	3	869	0.0128857
5.42203	1	1	3	106	0.00795714
5.42231	1	2	3	545	0.00224286
5.42253	1	3	3	2228	0.00245714
5.42274	1	4	3	472	0.00267142
5.42346	1	2	3	545	0.00238571
5.4236	1	3	3	648	0.00252857
5.42381	1	4	3	472	0.00274285
5.42403	3	2	3	8052	0.00295714
5.42439	1	2	3	545	0.00231428
5.4246	1	4	3	150	0.00252857
5.42503	1	5	3	692	0.0129571
5.42503	3	3	3	598	0.00295714
5.42553	1	2	3	1102	0.00245714
5.42596	1	4	3	472	0.00288571
5.42639	1	2	3	288	0.00231428
5.42681	1	4	3	472	0.00274285
5.42703	3	1	3	736	0.00295714
5.42781	1	4	3	472	0.00274285
5.42867	1	4	3	472	0.0026
5.42903	1	1	3	102	0.00795714
5.42974	1	4	3	633	0.00267142
5.43003	3	2	3	3941	0.00295714
5.43089	1	4	3	1278	0.00281428
5.43096	1	5	3	106	0.0128857
5.43103	3	3	3	736	0.00295714
5.43174	1	4	3	1278	0.00267142
5.43274	1	4	3	1278	0.00267142
5.43296	1	5	3	340	0.0128857
5.43303	3	1	3	8929	0.00295714
5.43381	1	4	3	1440	0.00274285
5.43396	3	1	3	528	0.00288571
5.43403	1	5	3	340	0.0129571
5.43481	1	4	3	561	0.00274285
5.43703	3	3	3	1484	0.00295714
5.43803	3	2	3	4022	0.00295714
5.43903	3	4	3	633	0.00795714
5.44003	1	5	3	340	0.0129571
5.44303	3	3	3	1484	0.00295714
5.44396	3	2	3	8052	0.00288571
5.44503	3	4	3	6475	0.00295714
5.44603	3	4	3	1630	0.00295714
5.44603	1	5	3	692	0.0129571
5.44703	3	1	3	736	0.00295714
5.44724	1	4	3	150	0.00217143
5.44803	1	5	3	1278	0.0129571
5.44846	1	2	3	267	0.00238571
5.44853	1	3	3	736	0.00245714
5.44889	3	2	3	3941	0.00281428
5.44903	1	5	3	809	0.0129571
5.44903	3	3	3	1484	0.00295714
5.4526	1	4	3	956	0.00252857
5.45303	3	1	3	5089	0.00295714
5.45346	1	2	3	1102	0.00238571
5.45374	1	3	3	2973	0.00267142
5.45396	1	4	3	472	0.00288571
5.45403	1	1	3	106	0.00795714
5.45503	1	5	3	1396	0.0129571
5.45503	3	3	3	548	0.00295714
5.45546	1	2	3	1102	0.00238571
5.45574	1	3	3	2973	0.00267142
5.45603	1	4	3	633	0.00295714
5.45624	1	2	3	267	0.00217143
5.45631	1	4	3	150	0.00224286
5.45696	1	5	3	847	0.0128857
5.45731	1	2	3	545	0.00224286
5.45746	1	3	3	602	0.00238571
5.4576	1	4	3	311	0.00252857
5.45803	3	2	3	4022	0.00295714
5.45846	1	2	3	1102	0.00238571
5.45896	1	4	3	472	0.00288571
5.45903	3	4	3	531	0.00295714
5.45967	1	2	3	824	0.0026
5.46003	1	4	3	472	0.00295714
5.46046	1	2	3	545	0.00238571
5.46081	1	4	3	472	0.00274285
5.4616	1	2	3	86	0.00252857
5.46181	1	4	3	472	0.00274285
5.4626	1	4	3	311	0.00252857
5.46303	1	5	3	692	0.0129571
5.46396	1	4	3	472	0.00288571
5.46403	3	2	3	6169	0.00295714
5.46453	1	4	3	472	0.00245714
5.46503	3	4	3	6475	0.00295714
5.46503	1	1	3	458	0.00795714
5.46567	1	4	3	35	0.0026
5.46596	3	4	3	3187	0.00288571
5.46603	1	1	3	223	0.00795714
5.46603	3	3	3	868	0.00795714
5.46703	1	1	3	340	0.00795714
5.46703	3	1	3	736	0.00295714
5.46803	1	1	3	223	0.00795714
5.46874	1	5	3	106	0.0126714
5.46903	1	1	3	458	0.00795714
5.47103	1	5	3	340	0.0129571
5.47181	3	2	3	2912	0.00274285
5.47203	3	3	3	2228	0.00295714
5.47203	1	5	3	340	0.0129571
5.47446	1	5	3	340	0.0123857
5.47503	1	1	3	927	0.00795714
5.47603	1	1	3	1044	0.00795714
5.47631	1	4	3	150	0.00224286
5.47696	1	1	3	1044	0.00788571
5.47739	1	5	3	340	0.0123143
5.47739	3	2	3	4022	0.00231428
5.47753	3	3	3	1203	0.00245714
5.47803	1	1	3	1019	0.00795714
5.47803	3	1	3	5089	0.00795714
5.47903	3	4	3	531	0.00295714
5.47967	1	2	3	267	0.0026
5.4816	1	4	3	956	0.00252857
5.48203	1	3	3	736	0.00795714
5.48267	1	4	3	956	0.0026
5.48303	3	2	3	4022	0.00295714
5.4836	1	4	3	472	0.00252857
5.48403	1	5	3	692	0.0129571
5.48403	3	3	3	736	0.00295714
5.48424	1	4	3	150	0.00217143
5.48496	3	4	3	5936	0.00288571
5.48503	1	1	3	692	0.00795714
5.4856	1	2	3	824	0.00252857
5.48581	1	4	3	472	0.00274285
5.48603	3	4	3	2271	0.00295714
5.48603	1	5	3	340	0.0129571
5.48646	1	2	3	545	0.00238571
5.48667	1	4	3	472	0.0026
5.48731	1	2	3	545	0.00224286
5.48746	1	3	3	1484	0.00238571
5.4876	1	4	3	311	0.00252857
5.48803	1	1	3	106	0.00795714
5.48831	1	2	3	545	0.00224286
5.48846	1	3	3	1484	0.00238571
5.4886	1	4	3	311	0.00252857
5.48896	3	2	3	4022	0.00288571
5.48903	1	1	3	340	0.00795714
5.48946	1	2	3	545	0.00238571
5.4896	1	3	3	1484	0.00252857
5.48967	1	4	3	150	0.0026
5.49003	1	5	3	575	0.0129571
5.49031	1	2	3	545	0.00224286
5.49046	1	3	3	1484	0.00238571
5.4906	1	4	3	311	0.00252857
5.49103	1	1	3	340	0.00795714
5.49146	1	4	3	311	0.00238571
5.49181	1	5	3	575	0.0127429
5.49196	1	1	3	223	0.00788571
5.49203	3	1	3	868	0.00295714
5.49246	1	2	3	545	0.00238571
5.4926	1	3	3	592	0.00252857
5.49267	1	4	3	150	0.0026
5.49303	1	5	3	575	0.0129571
5.49346	1	2	3	545	0.00238571
5.49381	1	4	3	472	0.00274285
5.49403	3	2	3	4022	0.00295714
5.49431	1	2	3	545	0.00224286
5.49467	1	4	3	208	0.0026
5.49503	3	3	3	1484	0.00795714
5.49503	1	1	3	223	0.00795714
5.49546	1	2	3	393	0.00238571
5.49703	1	3	3	1484	0.00795714
5.49803	1	1	3	223	0.00795714
5.49803	3	4	3	531	0.00295714
5.49889	1	5	3	340	0.0128143
5.49903	1	1	3	223	0.00795714
5.50003	3	2	3	4022	0.00295714
5.50089	1	5	3	340	0.0128143
5.50103	3	3	3	2973	0.00295714
5.50103	1	1	3	223	0.00795714
5.50203	1	1	3	223	0.00795714
5.50303	3	1	3	6412	0.00795714
5.50403	3	4	3	6475	0.00295714
5.50453	1	5	3	340	0.0124571
5.50503	3	4	3	3187	0.00295714
5.50503	1	1	3	116	0.00795714
5.50603	3	2	3	4022	0.00295714
5.50681	1	3	3	736	0.00274285
5.50703	1	5	3	340	0.0129571
5.50703	3	3	3	540	0.00295714
5.50803	1	5	3	340	0.0129571
5.50903	1	1	3	223	0.00795714
5.50931	1	2	3	267	0.00224286
5.50939	1	4	3	150	0.00231428
5.51103	1	1	3	223	0.00795714
5.51174	1	3	3	2973	0.00267142
5.51203	3	2	3	4022	0.00295714
5.51274	1	3	3	2973	0.00267142
5.51331	1	3	3	736	0.00224286
5.51403	1	5	3	1161	0.0129571
5.51403	3	3	3	736	0.00295714
5.51424	1	3	3	736	0.00217143
5.51431	1	4	3	150	0.00224286
5.51503	1	1	3	106	0.00795714
5.51524	1	3	3	736	0.00217143
5.51531	1	4	3	150	0.00224286
5.51603	1	5	3	1161	0.0129571
5.51631	1	2	3	545	0.00224286
5.51639	1	3	3	736	0.00231428
5.51646	1	4	3	150	0.00238571
5.51703	1	1	3	458	0.00795714
5.51731	1	2	3	545	0.00224286
5.51739	1	3	3	578	0.00231428
5.51796	1	1	3	458	0.00788571
5.51796	3	2	3	4022	0.00288571
5.51803	3	4	3	531	0.00295714
5.51831	1	2	3	545	0.00224286
5.51874	1	4	3	472	0.00267142
5.51903	1	1	3	106	0.00795714
5.51924	1	2	3	267	0.00217143
5.51939	1	4	3	150	0.00231428
5.52003	1	5	3	1044	0.0129571
5.52003	3	3	3	1484	0.00295714
5.52046	1	2	3	545	0.00238571
5.52074	1	4	3	311	0.00267142
5.52146	1	2	3	545	0.00238571
5.52174	1	4	3	311	0.00267142
5.52203	1	5	3	458	0.0129571
5.52203	3	1	3	868	0.00295714
5.52253	1	2	3	824	0.00245714
5.52274	1	4	3	472	0.00267142
5.52303	1	5	3	458	0.0129571
5.52303	3	2	3	4022	0.00295714
5.5236	1	2	3	824	0.00252857
5.52381	1	4	3	472	0.00274285
5.5246	1	2	3	824	0.00252857
5.52481	1	4	3	472	0.00274285
5.52503	3	4	3	6475	0.00295714
5.52546	1	2	3	1102	0.00238571
5.52546	3	3	3	1484	0.00238571
5.52567	1	4	3	472	0.0026
5.52603	3	4	3	3187	0.00295714
5.52603	1	1	3	223	0.00795714
5.52646	1	2	3	469	0.00238571
5.52667	1	4	3	472	0.0026
5.52703	1	1	3	223	0.00795714
5.52767	1	4	3	472	0.0026
5.52803	1	1	3	223	0.00795714
5.5286	1	4	3	472	0.00252857
5.52881	1	5	3	340	0.0127429
5.52903	1	1	3	340	0.00795714
5.52903	3	2	3	4022	0.00295714
5.5296	1	4	3	472	0.00252857
5.53003	1	1	3	340	0.00795714
5.53046	3	3	3	1484	0.00238571
5.53081	1	4	3	472	0.00274285
5.53103	1	5	3	340	0.0129571
5.53181	1	4	3	795	0.00274285
5.53281	1	4	3	429	0.00274285
5.53303	3	1	3	4957	0.00795714
5.53503	1	5	3	340	0.0129571
5.53503	3	2	3	4022	0.00295714
5.53603	1	1	3	458	0.00795714
5.53603	3	3	3	548	0.00295714
5.53667	1	5	3	340	0.0126
5.53696	1	1	3	458	0.00788571
5.53774	1	5	3	340	0.0126714
5.53803	1	1	3	458	0.00795714
5.53903	1	1	3	458	0.00795714
5.53903	3	4	3	531	0.00295714
5.54003	1	1	3	458	0.00795714
5.54103	3	2	3	4022	0.00295714
5.54303	3	3	3	736	0.00295714
5.54403	1	5	3	458	0.0129571
5.54503	3	4	3	6475	0.00295714
5.54546	1	5	3	458	0.0123857
5.54603	1	1	3	927	0.00795714
5.54603	3	4	3	3187	0.00295714
5.54696	3	1	3	736	0.00288571
5.54703	1	1	3	692	0.00795714
5.54703	3	2	3	4022	0.00295714
5.54803	1	1	3	106	0.00795714
5.54824	1	2	3	267	0.00217143
5.54831	1	3	3	736	0.00224286
5.54839	1	4	3	150	0.00231428
5.54903	1	1	3	809	0.00795714
5.54903	3	3	3	1484	0.00295714
5.54974	1	5	3	927	0.0126714
5.55003	1	1	3	458	0.00795714
5.55203	1	5	3	692	0.0129571
5.55303	1	5	3	1278	0.0129571
5.55303	3	2	3	4022	0.00295714
5.55346	1	2	3	545	0.00238571
5.55389	1	4	3	472	0.00281428
5.55446	1	2	3	545	0.00238571
5.5546	1	3	3	1484	0.00252857
5.55481	1	4	3	472	0.00274285
5.55503	3	3	3	1484	0.00295714
5.55603	1	1	3	573	0.00795714
5.55631	1	2	3	545	0.00224286
5.55646	1	3	3	1484	0.00238571
5.55653	1	4	3	150	0.00245714
5.55703	3	1	3	5089	0.00795714
5.55731	1	2	3	545	0.00224286
5.55753	1	3	3	2228	0.00245714
5.55774	1	4	3	472	0.00267142
5.55831	1	2	3	545	0.00224286
5.55853	1	4	3	472	0.00245714
5.55867	1	5	3	223	0.0126
5.55889	1	3	3	2228	0.00781428
5.55903	3	2	3	7768	0.00295714
5.55931	1	2	3	545	0.00224286
5.55946	1	3	3	585	0.00238571
5.55967	1	4	3	472	0.0026
5.56046	1	2	3	545	0.00238571
5.5606	1	4	3	150	0.00252857
5.56103	1	5	3	692	0.0129571
5.56103	3	3	3	1484	0.00295714
5.56139	1	2	3	824	0.00231428
5.56181	1	4	3	472	0.00274285
5.56246	1	2	3	936	0.00238571
5.56281	1	4	3	472	0.00274285
5.56381	1	4	3	472	0.00274285
5.56403	3	4	3	531	0.00295714
5.56481	1	4	3	795	0.00274285
5.56503	1	5	3	340	0.0129571
5.56567	1	4	3	472	0.0026
5.56681	1	4	3	357	0.00274285
5.56689	3	2	3	2912	0.00281428
5.56703	3	3	3	548	0.00295714
5.56803	1	5	3	340	0.0129571
5.57003	3	4	3	6475	0.00295714
5.57103	3	4	3	3187	0.00295714
5.57196	1	5	3	340	0.0128857
5.57296	3	2	3	4022	0.00288571
5.57303	3	3	3	736	0.00295714
5.57403	1	5	3	340	0.0129571
5.57546	3	1	3	868	0.00238571
5.57603	1	5	3	340	0.0129571
5.57803	3	2	3	7625	0.00295714
5.57824	1	2	3	267	0.00217143
5.57831	1	3	3	736	0.00224286
5.57839	1	4	3	150	0.00231428
5.57903	3	3	3	1484	0.00295714
5.58003	1	5	3	692	0.0129571
5.58403	1	5	3	1396	0.0139571
5.58439	1	2	3	545	0.00231428
5.5846	1	3	3	2228	0.00252857
5.58481	1	4	3	472	0.00274285
5.58503	3	3	3	1484	0.00295714
5.58539	3	2	3	4022	0.00231428
5.58603	3	1	3	6412	0.00795714
5.58703	1	5	3	1396	0.0129571
5.58724	1	4	3	150	0.00217143
5.58839	1	2	3	824	0.00231428
5.58881	1	4	3	472	0.00274285
5.58903	3	4	3	531	0.00795714
5.58931	1	2	3	545	0.00224286
5.58974	1	4	3	472	0.00267142
5.59003	1	1	3	106	0.00795714
5.59089	3	2	3	4022	0.00281428
5.59103	1	5	3	1396	0.0129571
5.59103	3	3	3	1484	0.00295714
5.59146	1	2	3	1102	0.00238571
5.59196	1	4	3	472	0.00288571
5.59224	1	4	3	150	0.00217143
5.59303	1	5	3	913	0.0129571
5.59339	1	2	3	824	0.00231428
5.5936	1	4	3	472	0.00252857
5.59403	1	3	3	2228	0.00795714
5.59439	1	2	3	824	0.00231428
5.5946	1	4	3	472	0.00252857
5.59503	3	4	3	3838	0.00295714
5.59503	1	3	3	2228	0.00795714
5.59546	1	2	3	545	0.00238571
5.59581	1	4	3	472	0.00274285
5.59603	3	2	3	7972	0.00295714
5.59646	1	2	3	364	0.00238571
5.59667	1	4	3	472	0.0026
5.59703	1	3	3	2778	0.00795714
5.59881	1	4	3	472	0.00274285
5.59903	1	5	3	340	0.0129571
5.59981	1	4	3	472	0.00274285
5.6006	1	4	3	633	0.00252857
5.60096	1	1	3	223	0.00788571
5.60181	1	4	3	49	0.00274285
5.60189	1	5	3	106	0.0128143
5.60203	3	3	3	548	0.00795714
5.60203	1	1	3	223	0.00795714
5.60303	1	1	3	340	0.00795714
5.60303	3	3	3	106	0.00295714
5.60396	3	2	3	4022	0.00288571
5.60403	1	1	3	340	0.00795714
5.60503	1	1	3	340	0.00795714
5.60503	3	1	3	868	0.00295714
5.60581	1	4	3	150	0.00274285
5.60803	1	5	3	340	0.0129571
5.60803	3	3	3	1484	0.00295714
5.60881	3	2	3	4022	0.00274285
5.60896	3	3	3	1278	0.00288571
5.60903	3	4	3	340	0.00295714
5.61003	1	5	3	340	0.0129571
5.61024	1	4	3	150	0.00217143
5.61046	1	5	3	340	0.0173857
5.61103	1	1	3	927	0.00795714
5.61203	1	1	3	692	0.00795714
5.61224	1	2	3	267	0.00217143
5.61231	1	3	3	633	0.00224286
5.61303	1	1	3	1044	0.00795714
5.61353	1	5	3	575	0.0124571
5.61403	1	1	3	809	0.00795714
5.61403	3	2	3	7972	0.00295714
5.61503	3	4	3	5250	0.00295714
5.61503	1	1	3	800	0.00795714
5.61574	1	4	3	633	0.00267142
5.61603	3	1	3	7868	0.00795714
5.61653	1	4	3	795	0.00245714
5.61696	3	4	3	237	0.00288571
5.61696	1	5	3	692	0.0128857
5.61746	1	2	3	1102	0.00238571
5.61774	1	3	3	2562	0.00267142
5.61796	1	4	3	472	0.00288571
5.61803	3	3	3	736	0.00295714
5.61839	1	2	3	824	0.00231428
5.6186	1	3	3	1920	0.00252857
5.61881	1	4	3	472	0.00274285
5.61939	1	2	3	824	0.00231428
5.6196	1	3	3	1920	0.00252857
5.61981	1	4	3	472	0.00274285
5.62031	1	2	3	545	0.00224286
5.62039	1	3	3	633	0.00231428
5.62046	1	4	3	150	0.00238571
5.62139	1	2	3	824	0.00231428
5.6216	1	3	3	1920	0.00252857
5.62181	1	4	3	472	0.00274285
5.62203	3	2	3	2912	0.00295714
5.62246	1	2	3	1102	0.00238571
5.62274	1	3	3	615	0.00267142
5.62296	1	4	3	472	0.00288571
5.62303	1	5	3	106	0.0129571
5.62339	1	2	3	824	0.00231428
5.62381	1	4	3	150	0.00274285
5.62403	3	3	3	1484	0.00295714
5.62439	1	2	3	824	0.00231428
5.62503	1	5	3	340	0.0129571
5.62531	1	2	3	162	0.00224286
5.62603	1	5	3	458	0.0129571
5.62803	3	2	3	4022	0.00295714
5.62903	1	5	3	340	0.0129571
5.62903	3	4	3	428	0.00295714
5.62989	3	1	3	736	0.00281428
5.63003	3	3	3	1484	0.00295714
5.63203	1	5	3	340	0.0129571
5.63403	3	2	3	8052	0.00295714
5.63503	3	4	3	2621	0.00295714
5.63567	3	3	3	1484	0.0026
5.63603	3	4	3	2184	0.00295714
5.63681	1	2	3	267	0.00274285
5.63689	1	3	3	633	0.00281428
5.63696	1	4	3	150	0.00288571
5.63703	3	4	3	596	0.00295714
5.63803	1	5	3	575	0.0129571
5.6396	3	2	3	4022	0.00252857
5.64003	1	5	3	1278	0.0129571
5.64003	3	1	3	5250	0.00795714
5.64031	3	3	3	548	0.00224286
5.64103	1	5	3	1396	0.0129571
5.64103	3	1	3	4207	0.00795714
5.64139	1	2	3	824	0.00231428
5.6416	1	3	3	1920	0.00252857
5.64181	1	4	3	472	0.00274285
5.64239	1	2	3	545	0.00231428
5.6426	1	3	3	1920	0.00252857
5.64281	1	4	3	472	0.00274285
5.64403	1	5	3	1396	0.0129571
5.64439	1	2	3	824	0.00231428
5.6446	1	3	3	1920	0.00252857
5.64481	1	4	3	472	0.00274285
5.64496	3	2	3	4022	0.00288571
5.64539	1	2	3	824	0.00231428
5.6456	1	3	3	1920	0.00252857
5.64581	1	4	3	472	0.00274285
5.64639	1	2	3	824	0.00231428
5.6466	1	3	3	1888	0.00252857
5.64681	1	4	3	472	0.00274285
5.64731	1	2	3	545	0.00224286
5.64774	1	4	3	472	0.00267142
5.64803	1	1	3	106	0.00795714
5.64803	3	3	3	736	0.00295714
5.64839	1	2	3	824	0.00231428
5.64881	1	4	3	472	0.00274285
5.64939	1	2	3	824	0.00231428
5.64981	1	4	3	472	0.00274285
5.64996	3	2	3	6090	0.00288571
5.65003	3	4	3	428	0.00295714
5.65039	1	2	3	824	0.00231428
5.65081	1	4	3	472	0.00274285
5.65174	1	4	3	1278	0.00267142
5.65196	1	5	3	340	0.0128857
5.65246	1	2	3	1102	0.00238571
5.65281	1	4	3	795	0.00274285
5.65303	1	5	3	340	0.0129571
5.6536	1	2	3	531	0.00252857
5.65381	1	4	3	472	0.00274285
5.65396	3	1	3	868	0.00288571
5.65403	3	3	3	868	0.00295714
5.65481	1	4	3	472	0.00274285
5.65503	1	5	3	340	0.0129571
5.65581	1	4	3	472	0.00274285
5.65603	3	4	3	5250	0.00295714
5.65603	1	5	3	340	0.0129571
5.65681	1	4	3	472	0.00274285
5.65703	3	4	3	1605	0.00295714
5.65781	1	4	3	409	0.00274285
5.65803	3	2	3	4022	0.00295714
5.65881	1	5	3	340	0.0127429
5.65903	3	1	3	7868	0.00295714
5.65903	1	1	3	340	0.00795714
5.66003	1	1	3	340	0.00795714
5.66103	1	1	3	340	0.00795714
5.66203	1	1	3	338	0.00795714
5.66296	1	1	3	458	0.00788571
5.66403	3	2	3	6169	0.00295714
5.66503	3	3	3	1744	0.00795714
5.66703	1	5	3	340	0.0129571
5.66803	1	5	3	340	0.0129571
5.66903	1	1	3	692	0.00795714
5.66953	1	5	3	575	0.0124571
5.67003	1	1	3	809	0.00795714
5.67003	3	4	3	531	0.00295714
5.67053	1	5	3	575	0.0124571
5.67103	1	1	3	809	0.00795714
5.67103	3	3	3	2386	0.00295714
5.67124	1	3	3	633	0.00217143
5.67131	1	4	3	150	0.00224286
5.67203	1	1	3	1044	0.00795714
5.67224	1	2	3	267	0.00217143
5.67303	1	1	3	1044	0.00795714
5.67303	3	1	3	736	0.00295714
5.67403	1	5	3	692	0.0129571
5.67603	3	4	3	5294	0.00295714
5.67674	1	3	3	2562	0.00267142
5.67696	1	4	3	472	0.00288571
5.6776	1	2	3	824	0.00252857
5.67781	1	3	3	1920	0.00274285
5.67796	3	2	3	4022	0.00288571
5.67803	3	3	3	868	0.00295714
5.67831	1	2	3	545	0.00224286
5.67846	1	3	3	1278	0.00238571
5.67853	1	4	3	150	0.00245714
5.67903	3	1	3	8929	0.00295714
5.67903	1	1	3	692	0.00795714
5.68003	1	1	3	290	0.00795714
5.68003	3	1	3	528	0.00295714
5.68031	1	2	3	545	0.00224286
5.68039	1	3	3	633	0.00231428
5.68046	1	4	3	150	0.00238571
5.68131	1	5	3	106	0.0122429
5.68231	1	2	3	545	0.00224286
5.68246	1	3	3	1278	0.00238571
5.68267	1	4	3	472	0.0026
5.68281	1	5	3	223	0.0127429
5.68303	3	2	3	3258	0.00295714
5.68353	1	2	3	648	0.00245714
5.68374	1	3	3	1899	0.00267142
5.68396	1	4	3	472	0.00288571
5.68396	3	3	3	1484	0.00288571
5.68431	1	2	3	428	0.00224286
5.6846	1	4	3	311	0.00252857
5.68503	1	5	3	692	0.0129571
5.68546	1	2	3	1102	0.00238571
5.68596	1	4	3	472	0.00288571
5.68631	1	2	3	545	0.00224286
5.68696	1	5	3	692	0.0138857
5.68703	1	4	3	150	0.00795714
5.68739	1	2	3	648	0.00231428
5.68781	1	4	3	472	0.00274285
5.68846	1	2	3	868	0.00238571
5.68881	1	4	3	795	0.00274285
5.68889	1	5	3	106	0.0128143
5.68903	3	3	3	736	0.00295714
5.68946	1	2	3	868	0.00238571
5.68974	1	4	3	633	0.00267142
5.6906	1	2	3	1308	0.00252857
5.69096	1	4	3	795	0.00288571
5.69103	3	2	3	2912	0.00295714
5.69103	1	5	3	106	0.0129571
5.69146	1	2	3	868	0.00238571
5.69174	1	4	3	633	0.00267142
5.69246	1	2	3	211	0.00238571
5.69281	1	4	3	795	0.00274285
5.69303	3	1	3	736	0.00295714
5.69374	1	4	3	633	0.00267142
5.69474	1	4	3	633	0.00267142
5.69574	1	4	3	633	0.00267142
5.69603	3	4	3	531	0.00295714
5.69667	1	4	3	956	0.0026
5.69781	1	4	3	453	0.00274285
5.69803	1	5	3	340	0.0129571
5.69803	3	2	3	2912	0.00295714
5.69903	3	1	3	8929	0.00295714
5.69989	3	1	3	528	0.00281428
5.70003	1	5	3	458	0.0129571
5.70003	3	3	3	1744	0.00795714
5.70203	3	4	3	5294	0.00295714
5.70203	1	5	3	458	0.0129571
5.70403	1	5	3	458	0.0129571
5.70503	3	2	3	2912	0.00295714
5.70603	1	5	3	458	0.0129571
5.70603	3	3	3	1484	0.00295714
5.71024	1	2	3	208	0.00217143
5.71031	1	3	3	633	0.00224286
5.71039	1	4	3	150	0.00231428
5.71189	3	2	3	2912	0.00281428
5.71203	3	3	3	1484	0.00295714
5.71303	1	5	3	1396	0.0129571
5.71503	1	5	3	1396	0.0129571
5.71524	1	2	3	208	0.00217143
5.71531	1	3	3	633	0.00224286
5.71539	1	4	3	150	0.00231428
5.71603	3	4	3	531	0.00295714
5.71646	1	2	3	868	0.00238571
5.71674	1	3	3	2562	0.00267142
5.71696	1	4	3	472	0.00288571
5.71803	1	5	3	1396	0.0139571
5.71803	3	3	3	1484	0.00295714
5.71903	1	5	3	1396	0.0129571
5.71903	3	2	3	2912	0.00295714
5.71946	1	2	3	868	0.00238571
5.7196	1	3	3	545	0.00252857
5.71981	1	4	3	472	0.00274285
5.72024	1	2	3	208	0.00217143
5.72039	1	4	3	150	0.00231428
5.72103	1	5	3	1044	0.0129571
5.72146	1	2	3	868	0.00238571
5.72181	1	4	3	472	0.00274285
5.72203	3	4	3	6475	0.00295714
5.72246	1	2	3	868	0.00238571
5.72274	1	4	3	633	0.00267142
5.72303	3	4	3	276	0.00295714
5.72346	1	2	3	868	0.00238571
5.72374	1	4	3	633	0.00267142
5.72403	3	3	3	754	0.00295714
5.72446	1	2	3	1102	0.00238571
5.72481	1	4	3	795	0.00274285
5.72496	3	2	3	2912	0.00288571
5.72546	1	2	3	1102	0.00238571
5.72574	1	4	3	633	0.00267142
5.72646	1	2	3	1102	0.00238571
5.72681	1	4	3	795	0.00274285
5.72746	1	2	3	488	0.00238571
5.72774	1	4	3	633	0.00267142
5.72796	3	1	3	736	0.00288571
5.72874	1	4	3	633	0.00267142
5.72981	1	4	3	795	0.00274285
5.73003	1	5	3	340	0.0129571
5.73074	1	4	3	633	0.00267142
5.73103	3	3	3	736	0.00295714
5.73174	1	4	3	717	0.00267142
5.73196	1	5	3	340	0.0128857
5.73296	3	1	3	8184	0.00288571
5.73303	1	5	3	458	0.0129571
5.73303	3	2	3	4022	0.00295714
5.73403	3	1	3	1273	0.00295714
5.73403	1	5	3	458	0.0129571
5.73603	1	5	3	458	0.0129571
5.73603	3	4	3	531	0.00295714
5.73703	3	3	3	1484	0.00295714
5.73903	3	2	3	1803	0.00295714
5.74203	3	4	3	6475	0.00295714
5.74246	3	3	3	1484	0.00238571
5.74303	3	4	3	1732	0.00295714
5.74453	1	2	3	208	0.00245714
5.7446	1	3	3	633	0.00252857
5.74503	1	5	3	692	0.0129571
5.74703	1	5	3	1396	0.0129571
5.74703	3	2	3	4022	0.00295714
5.74724	1	4	3	150	0.00217143
5.74774	3	3	3	1484	0.00267142
5.74903	1	5	3	1396	0.0139571
5.74953	1	2	3	1381	0.00245714
5.74989	1	3	3	3204	0.00281428
5.75003	1	1	3	106	0.00795714
5.7516	1	2	3	1656	0.00252857
5.75189	1	3	3	1990	0.00281428
5.75289	3	2	3	3258	0.00281428
5.75303	1	5	3	1278	0.0129571
5.75303	3	3	3	548	0.00295714
5.75353	1	2	3	1381	0.00245714
5.75389	1	4	3	795	0.00281428
5.75446	1	2	3	868	0.00238571
5.75496	1	4	3	472	0.00288571
5.75567	1	2	3	648	0.0026
5.75589	1	4	3	472	0.00281428
5.75596	3	1	3	736	0.00288571
5.75603	3	4	3	531	0.00295714
5.75667	1	2	3	824	0.0026
5.75689	1	4	3	472	0.00281428
5.75767	1	2	3	824	0.0026
5.75796	1	4	3	150	0.00788571
5.75867	1	2	3	824	0.0026
5.75889	1	4	3	472	0.00281428
5.75974	1	2	3	1102	0.00267142
5.75996	1	4	3	472	0.00288571
5.76003	3	3	3	736	0.00295714
5.76003	1	5	3	106	0.0129571
5.76031	1	2	3	496	0.00224286
5.76053	1	4	3	472	0.00245714
5.76096	3	1	3	8184	0.00288571
5.76096	1	1	3	458	0.00788571
5.76103	3	2	3	4022	0.00295714
5.76146	3	1	3	1273	0.00238571
5.7616	1	4	3	472	0.00252857
5.76174	1	5	3	223	0.0126714
5.76203	3	4	3	4315	0.00295714
5.76203	1	1	3	458	0.00795714
5.76253	1	4	3	472	0.00245714
5.76303	3	4	3	5348	0.00295714
5.76303	1	1	3	458	0.00795714
5.7636	1	4	3	472	0.00252857
5.76374	1	5	3	223	0.0126714
5.76403	1	1	3	458	0.00795714
5.76453	1	4	3	472	0.00245714
5.76503	1	1	3	458	0.00795714
5.76589	1	4	3	795	0.00281428
5.76603	3	3	3	868	0.00295714
5.76674	1	4	3	633	0.00267142
5.76703	3	2	3	4714	0.00295714
5.76781	1	4	3	795	0.00274285
5.76803	1	5	3	340	0.0129571
5.76874	1	4	3	633	0.00267142
5.76981	1	4	3	795	0.00274285
5.77053	1	4	3	762	0.00245714
5.77103	1	1	3	575	0.00795714
5.77203	1	1	3	458	0.00795714
5.77203	3	3	3	1484	0.00295714
5.77303	1	1	3	458	0.00795714
5.77403	1	1	3	458	0.00795714
5.77403	3	1	3	736	0.00295714
5.77474	1	5	3	340	0.0126714
5.77503	1	1	3	458	0.00795714
5.77503	3	2	3	4022	0.00295714
5.77603	3	4	3	531	0.00295714
5.77696	1	5	3	458	0.0128857
5.77903	1	5	3	458	0.0129571
5.78003	3	1	3	3633	0.00295714
5.78103	1	1	3	692	0.00795714
5.78103	3	2	3	4022	0.00295714
5.78203	3	4	3	7701	0.00295714
5.78203	1	1	3	809	0.00795714
5.78246	1	5	3	458	0.0123857
5.78289	3	4	3	506	0.00281428
5.78303	1	1	3	927	0.00795714
5.78303	3	3	3	1744	0.00795714
5.78403	1	1	3	927	0.00795714
5.78503	1	1	3	608	0.00795714
5.78603	1	5	3	692	0.0129571
5.78703	3	2	3	4022	0.00295714
5.79003	1	5	3	692	0.0129571
5.79203	1	5	3	575	0.0129571
5.79303	3	2	3	3952	0.00295714
5.79389	3	1	3	736	0.00281428
5.79403	1	5	3	458	0.0129571
5.79403	3	3	3	1744	0.00795714
5.79431	1	2	3	267	0.00224286
5.79439	1	3	3	633	0.00231428
5.79446	1	4	3	150	0.00238571
5.79603	3	4	3	633	0.00295714
5.79803	1	5	3	1396	0.0129571
5.79903	3	1	3	5089	0.00295714
5.79924	1	2	3	208	0.00217143
5.79931	1	3	3	633	0.00224286
5.79939	1	4	3	150	0.00231428
5.80003	1	1	3	106	0.00795714
5.80046	1	2	3	428	0.00238571
5.80053	1	3	3	633	0.00245714
5.8006	1	4	3	150	0.00252857
5.80103	1	5	3	692	0.0129571
5.80103	3	2	3	4022	0.00295714
5.80203	3	4	3	7701	0.00295714
5.80203	1	1	3	1278	0.00795714
5.80246	1	2	3	428	0.00238571
5.8026	1	3	3	1278	0.00252857
5.80281	1	4	3	472	0.00274285
5.80303	3	4	3	1860	0.00295714
5.80403	1	1	3	692	0.00795714
5.80431	1	2	3	208	0.00224286
5.80439	1	3	3	633	0.00231428
5.80446	1	4	3	150	0.00238571
5.80496	3	3	3	3457	0.00788571
5.80503	1	5	3	927	0.0129571
5.80531	1	2	3	428	0.00224286
5.80546	1	3	3	1278	0.00238571
5.80567	1	4	3	472	0.0026
5.80603	1	1	3	223	0.00795714
5.80653	1	2	3	648	0.00245714
5.80674	1	3	3	748	0.00267142
5.80696	1	4	3	472	0.00288571
5.80703	3	2	3	4022	0.00295714
5.80731	1	2	3	428	0.00224286
5.80767	1	4	3	472	0.0026
5.80803	1	1	3	223	0.00795714
5.80846	1	2	3	428	0.00238571
5.8086	1	4	3	150	0.00252857
5.80903	1	5	3	692	0.0129571
5.80931	1	2	3	428	0.00224286
5.80974	1	4	3	472	0.00267142
5.81003	1	1	3	106	0.00795714
5.81046	1	2	3	428	0.00238571
5.81081	1	4	3	472	0.00274285
5.81174	1	4	3	1278	0.00267142
5.81181	1	5	3	106	0.0127429
5.81196	1	1	3	223	0.00788571
5.81203	3	3	3	736	0.00295714
5.8126	1	2	3	648	0.00252857
5.81281	1	4	3	472	0.00274285
5.81296	3	1	3	736	0.00288571
5.81303	1	5	3	340	0.0129571
5.81303	3	2	3	4022	0.00295714
5.81346	1	2	3	868	0.00238571
5.81367	1	4	3	472	0.0026
5.81403	1	1	3	223	0.00795714
5.8146	1	2	3	648	0.00252857
5.81481	1	4	3	472	0.00274285
5.81546	1	2	3	868	0.00238571
5.81567	1	4	3	472	0.0026
5.81589	1	5	3	340	0.0128143
5.81603	1	1	3	223	0.00795714
5.81603	3	4	3	633	0.00295714
5.8166	1	2	3	648	0.00252857
5.81681	1	4	3	472	0.00274285
5.81739	1	2	3	648	0.00231428
5.8176	1	4	3	472	0.00252857
5.81796	3	1	3	5089	0.00288571
5.81803	1	1	3	340	0.00795714
5.81803	3	3	3	868	0.00295714
5.8186	1	2	3	648	0.00252857
5.81881	1	4	3	472	0.00274285
5.81903	3	2	3	4022	0.00295714
5.81939	1	2	3	648	0.00231428
5.8196	1	4	3	472	0.00252857
5.81981	1	5	3	340	0.0127429
5.82003	1	1	3	340	0.00795714
5.8206	1	2	3	279	0.00252857
5.82081	1	4	3	472	0.00274285
5.8216	1	4	3	472	0.00252857
5.82203	3	4	3	7701	0.00295714
5.82203	1	1	3	340	0.00795714
5.82274	1	4	3	633	0.00267142
5.82303	3	4	3	1860	0.00295714
5.82381	1	5	3	340	0.0127429
5.82403	1	1	3	340	0.00795714
5.82403	3	3	3	1484	0.00295714
5.82503	3	2	3	4022	0.00295714
5.82603	1	1	3	340	0.00795714
5.82703	1	5	3	340	0.0129571
5.82803	1	5	3	340	0.0129571
5.83003	1	1	3	458	0.00795714
5.83003	3	3	3	1484	0.00295714
5.83096	3	1	3	736	0.00288571
5.83103	1	5	3	340	0.0129571
5.83103	3	2	3	4022	0.00295714
5.83203	1	1	3	458	0.00795714
5.83303	1	1	3	1044	0.00795714
5.83403	1	1	3	692	0.00795714
5.83503	1	5	3	340	0.0129571
5.83581	3	1	3	6544	0.00274285
5.83603	1	1	3	1044	0.00795714
5.83603	3	4	3	736	0.00295714
5.83703	3	2	3	4022	0.00295714
5.83767	1	2	3	208	0.0026
5.83774	1	3	3	633	0.00267142
5.8386	1	4	3	150	0.00252857
5.83903	1	5	3	692	0.0129571
5.84003	1	1	3	1044	0.00795714
5.84103	3	3	3	1164	0.00795714
5.84124	3	3	3	868	0.00217143
5.84174	1	5	3	927	0.0126714
5.84203	3	4	3	8184	0.00295714
5.84203	1	1	3	458	0.00795714
5.84231	1	2	3	545	0.00224286
5.84239	1	3	3	633	0.00231428
5.8426	1	5	3	340	0.0125286
5.84274	3	2	3	4022	0.00267142
5.84303	1	1	3	692	0.00795714
5.84303	3	4	3	1273	0.00295714
5.84331	1	2	3	545	0.00224286
5.84346	1	3	3	1278	0.00238571
5.8436	1	4	3	311	0.00252857
5.84403	1	1	3	575	0.00795714
5.84446	1	2	3	545	0.00238571
5.8446	1	3	3	1278	0.00252857
5.84481	1	4	3	472	0.00274285
5.84524	1	4	3	150	0.00217143
5.84546	1	5	3	340	0.0123857
5.84603	1	1	3	927	0.00795714
5.84646	1	2	3	545	0.00238571
5.8466	1	3	3	1278	0.00252857
5.84681	1	4	3	472	0.00274285
5.84746	1	2	3	428	0.00238571
5.8476	1	3	3	1278	0.00252857
5.84781	1	4	3	472	0.00274285
5.84789	3	2	3	4022	0.00281428
5.84853	1	2	3	648	0.00245714
5.84874	1	3	3	914	0.00267142
5.84896	1	4	3	472	0.00288571
5.84903	3	1	3	736	0.00295714
5.84931	1	2	3	428	0.00224286
5.84967	1	4	3	472	0.0026
5.84989	1	5	3	340	0.0128143
5.85003	1	1	3	223	0.00795714
5.85046	1	2	3	428	0.00238571
5.85081	1	4	3	472	0.00274285
5.85131	1	2	3	428	0.00224286
5.85167	1	4	3	472	0.0026
5.85203	1	1	3	223	0.00795714
5.85203	3	3	3	868	0.00795714
5.85231	1	2	3	428	0.00224286
5.85267	1	4	3	472	0.0026
5.85303	1	1	3	223	0.00795714
5.85303	3	2	3	7489	0.00295714
5.85346	1	2	3	868	0.00238571
5.85381	1	4	3	795	0.00274285
5.85389	1	5	3	106	0.0128143
5.85403	1	1	3	100	0.00795714
5.8546	1	2	3	648	0.00252857
5.85481	1	4	3	472	0.00274285
5.85503	3	1	3	5089	0.00295714
5.85546	1	2	3	868	0.00238571
5.85567	1	4	3	472	0.0026
5.85603	3	4	3	736	0.00295714
5.85646	1	2	3	868	0.00238571
5.85674	1	4	3	633	0.00267142
5.85696	1	5	3	340	0.0128857
5.85746	1	2	3	868	0.00238571
5.85781	1	4	3	795	0.00274285
5.85803	1	5	3	340	0.0129571
5.85846	1	2	3	868	0.00238571
5.85874	1	4	3	633	0.00267142
5.85939	1	2	3	62	0.00231428
5.8596	1	4	3	472	0.00252857
5.86081	1	4	3	795	0.00274285
5.86103	1	5	3	340	0.0129571
5.86103	3	2	3	2912	0.00295714
5.86174	1	4	3	633	0.00267142
5.86203	3	4	3	8929	0.00295714
5.86274	1	4	3	170	0.00267142
5.86303	3	3	3	2564	0.00795714
5.86503	1	5	3	340	0.0129571
5.86503	3	3	3	736	0.00295714
5.86703	3	2	3	4022	0.00295714
5.86803	3	4	3	528	0.00795714
5.86881	3	1	3	736	0.00274285
5.86896	3	3	3	1484	0.00288571
5.86903	1	5	3	458	0.0129571
5.87103	3	3	3	648	0.00295714
5.87203	1	5	3	458	0.0129571
5.87303	1	5	3	458	0.0129571
5.87303	3	2	3	8052	0.00295714
5.87389	3	1	3	5089	0.00281428
5.87403	3	3	3	1432	0.00295714
5.87546	1	2	3	208	0.00238571
5.87553	1	3	3	633	0.00245714
5.8756	1	4	3	150	0.00252857
5.87603	1	5	3	692	0.0129571
5.87603	3	4	3	736	0.00295714
5.87896	3	2	3	3941	0.00288571
5.88003	1	5	3	1396	0.0129571
5.88039	1	2	3	428	0.00231428
5.8806	1	3	3	1920	0.00252857
5.88081	1	4	3	472	0.00274285
5.88139	1	2	3	648	0.00231428
5.8816	1	3	3	1920	0.00252857
5.88181	1	4	3	472	0.00274285
5.88203	3	4	3	3633	0.00295714
5.88403	1	5	3	1396	0.0129571
5.88439	1	2	3	648	0.00231428
5.8846	1	3	3	1356	0.00252857
5.88481	1	4	3	472	0.00274285
5.88531	1	2	3	428	0.00224286
5.88574	1	4	3	472	0.00267142
5.88603	1	1	3	106	0.00795714
5.88639	1	2	3	648	0.00231428
5.88681	1	4	3	472	0.00274285
5.88696	3	2	3	4022	0.00288571
5.88703	3	3	3	736	0.00295714
5.88803	1	5	3	1396	0.0129571
5.88846	1	2	3	868	0.00238571
5.88874	1	4	3	633	0.00267142
5.88946	1	2	3	868	0.00238571
5.88981	1	4	3	795	0.00274285
5.89046	1	2	3	868	0.00238571
5.89081	1	4	3	795	0.00274285
5.89103	1	5	3	340	0.0129571
5.89174	1	4	3	633	0.00267142
5.89189	3	1	3	736	0.00281428
5.89196	1	5	3	340	0.0128857
5.89203	3	2	3	6169	0.00295714
5.8926	1	2	3	648	0.00252857
5.89281	1	4	3	472	0.00274285
5.89303	3	3	3	1484	0.00295714
5.89353	1	2	3	648	0.00245714
5.89374	1	4	3	472	0.00267142
5.8946	1	2	3	648	0.00252857
5.89481	1	4	3	472	0.00274285
5.89503	1	5	3	340	0.0129571
5.8956	1	2	3	648	0.00252857
5.89581	1	4	3	472	0.00274285
5.89603	3	4	3	736	0.00295714
5.89631	1	2	3	428	0.00224286
5.89653	1	4	3	472	0.00245714
5.89703	3	1	3	6544	0.00295714
5.89703	1	1	3	458	0.00795714
5.89739	1	2	3	648	0.00231428
5.8976	1	4	3	472	0.00252857
5.89803	1	1	3	340	0.00795714
5.89839	1	2	3	648	0.00231428
5.8986	1	4	3	472	0.00252857
5.89889	1	5	3	458	0.0128143
5.89903	3	3	3	1484	0.00295714
5.89903	1	1	3	223	0.00795714
5.89939	1	2	3	296	0.00231428
5.8996	1	4	3	472	0.00252857
5.90003	1	1	3	340	0.00795714
5.90003	3	2	3	2912	0.00295714
5.9006	1	4	3	472	0.00252857
5.90103	1	1	3	340	0.00795714
5.90181	1	4	3	472	0.00274285
5.90203	3	4	3	5089	0.00295714
5.90274	1	4	3	146	0.00267142
5.90296	1	5	3	340	0.0128857
5.90503	3	3	3	1484	0.00295714
5.90603	1	5	3	340	0.0129571
5.90603	3	2	3	4022	0.00295714
5.90681	1	5	3	340	0.0127429
5.90703	1	1	3	340	0.00795714
5.90903	1	1	3	458	0.00795714
5.90974	1	5	3	340	0.0126714
5.91003	1	1	3	458	0.00795714
5.91089	3	1	3	736	0.00281428
5.91103	1	1	3	458	0.00795714
5.91103	3	3	3	548	0.00295714
5.91203	3	2	3	4022	0.00295714
5.91303	1	1	3	692	0.00795714
5.91403	1	5	3	340	0.0129571
5.91453	1	2	3	208	0.00245714
5.9146	1	3	3	633	0.00252857
5.91467	1	4	3	150	0.0026
5.91596	3	1	3	8000	0.00288571
5.91603	3	4	3	736	0.00295714
5.91703	1	1	3	692	0.00795714
5.91703	3	3	3	736	0.00295714
5.91796	1	5	3	692	0.0128857
5.91803	3	2	3	4022	0.00295714
5.91903	1	1	3	1044	0.00795714
5.91924	1	2	3	208	0.00217143
5.91931	1	3	3	633	0.00224286
5.91939	1	4	3	150	0.00231428
5.92003	1	1	3	458	0.00795714
5.92031	1	2	3	428	0.00224286
5.92046	1	3	3	1278	0.00238571
5.9206	1	4	3	311	0.00252857
5.92096	1	1	3	458	0.00788571
5.92131	1	2	3	208	0.00224286
5.92139	1	3	3	633	0.00231428
5.92146	1	4	3	150	0.00238571
5.92203	3	4	3	5089	0.00295714
5.92203	1	5	3	927	0.0139571
5.92224	1	4	3	150	0.00217143
5.9226	1	1	3	575	0.00752857
5.92303	1	5	3	692	0.0139571
5.92303	3	3	3	1484	0.00295714
5.92346	1	2	3	428	0.00238571
5.9236	1	3	3	1278	0.00252857
5.92381	1	4	3	472	0.00274285
5.92396	3	2	3	4022	0.00288571
5.92446	1	2	3	428	0.00238571
5.9246	1	3	3	1278	0.00252857
5.92467	1	4	3	150	0.0026
5.92503	1	5	3	575	0.0129571
5.92553	1	2	3	648	0.00245714
5.92574	1	3	3	103	0.00267142
5.92596	1	4	3	472	0.00288571
5.92631	1	2	3	428	0.00224286
5.92674	1	4	3	472	0.00267142
5.92703	1	1	3	106	0.00795714
5.92746	1	2	3	428	0.00238571
5.92781	1	4	3	472	0.00274285
5.92831	1	2	3	428	0.00224286
5.92867	1	4	3	472	0.0026
5.92881	3	1	3	736	0.00274285
5.92889	1	5	3	340	0.0128143
5.92889	3	2	3	4022	0.00281428
5.92903	3	3	3	1484	0.00295714
5.92903	1	1	3	223	0.00795714
5.92939	1	2	3	548	0.00231428
5.92967	1	4	3	472	0.0026
5.93003	1	1	3	223	0.00795714
5.93081	1	4	3	499	0.00274285
5.93089	1	5	3	106	0.0128143
5.93103	1	1	3	223	0.00795714
5.93303	1	1	3	223	0.00795714
5.93396	3	1	3	8184	0.00288571
5.93403	3	2	3	4022	0.00295714
5.93489	3	1	3	1273	0.00281428
5.93503	3	3	3	1484	0.00295714
5.93674	1	5	3	340	0.0126714
5.93696	1	1	3	340	0.00788571
5.93803	1	5	3	340	0.0129571
5.93974	1	5	3	340	0.0126714
5.94003	3	2	3	4022	0.00295714
5.94096	3	3	3	548	0.00288571
5.94103	3	4	3	736	0.00295714
5.94303	1	1	3	458	0.00795714
5.94403	1	5	3	340	0.0129571
5.94453	1	2	3	208	0.00245714
5.9446	1	3	3	633	0.00252857
5.94467	1	4	3	150	0.0026
5.94603	1	5	3	927	0.0129571
5.94603	3	2	3	4022	0.00295714
5.94624	3	1	3	736	0.00217143
5.94631	3	3	3	736	0.00224286
5.94703	3	4	3	6544	0.00295714
5.94903	1	1	3	106	0.00795714
5.94924	1	2	3	208	0.00217143
5.94931	1	3	3	633	0.00224286
5.94939	1	4	3	150	0.00231428
5.95003	1	1	3	458	0.00795714
5.95031	1	2	3	428	0.00224286
5.95046	1	3	3	1278	0.00238571
5.9506	1	4	3	311	0.00252857
5.95103	1	1	3	458	0.00795714
5.95181	3	1	3	6695	0.00274285
5.95189	3	2	3	4022	0.00281428
5.95203	1	5	3	1396	0.0129571
5.95203	3	3	3	1484	0.00295714
5.95274	1	5	3	927	0.0126714
5.95303	3	1	3	1307	0.00295714
5.95303	1	1	3	458	0.00795714
5.95324	1	4	3	150	0.00217143
5.95446	1	2	3	428	0.00238571
5.9546	1	3	3	1278	0.00252857
5.95467	1	4	3	150	0.0026
5.95503	1	5	3	575	0.0129571
5.95546	1	2	3	428	0.00238571
5.95567	1	3	3	1920	0.0026
5.95589	1	4	3	472	0.00281428
5.95653	1	2	3	648	0.00245714
5.95674	1	3	3	1548	0.00267142
5.95696	1	4	3	472	0.00288571
5.95703	3	2	3	4022	0.00295714
5.95746	1	2	3	428	0.00238571
5.95781	1	4	3	472	0.00274285
5.95803	3	3	3	1484	0.00295714
5.95824	1	4	3	150	0.00217143
5.95903	1	5	3	1278	0.0129571
5.95931	1	2	3	428	0.00224286
5.95967	1	4	3	472	0.0026
5.96003	1	1	3	223	0.00795714
5.96031	1	2	3	428	0.00224286
5.96074	1	4	3	472	0.00267142
5.96089	1	5	3	223	0.0128143
5.96103	1	1	3	223	0.00795714
5.96103	3	4	3	736	0.00295714
5.96146	1	2	3	868	0.00238571
5.96167	1	4	3	472	0.0026
5.96203	1	1	3	223	0.00795714
5.96246	1	2	3	868	0.00238571
5.96267	1	4	3	472	0.0026
5.96303	1	1	3	223	0.00795714
5.96303	3	2	3	4022	0.00295714
5.9636	1	2	3	478	0.00252857
5.96381	1	4	3	472	0.00274285
5.96403	3	3	3	1484	0.00295714
5.96481	1	4	3	472	0.00274285
5.96581	1	4	3	472	0.00274285
5.96681	1	4	3	75	0.00274285
5.96703	3	4	3	5089	0.00295714
5.96803	1	5	3	340	0.0129571
5.96896	3	2	3	4022	0.00288571
5.96903	1	1	3	340	0.00795714
5.96981	1	5	3	340	0.0127429
5.96989	3	1	3	736	0.00281428
5.97003	1	1	3	340	0.00795714
5.97003	3	3	3	548	0.00295714
5.97103	1	1	3	340	0.00795714
5.97174	1	5	3	340	0.0126714
5.97196	1	1	3	340	0.00788571
5.97303	1	1	3	340	0.00795714
5.97403	1	5	3	340	0.0129571
5.97403	3	2	3	4022	0.00295714
5.97503	3	1	3	8929	0.00295714
5.97603	3	1	3	528	0.00295714
5.97603	1	5	3	340	0.0129571
5.97703	3	3	3	736	0.00295714
5.97739	1	3	3	633	0.00231428
5.97824	1	2	3	208	0.00217143
5.97831	1	4	3	150	0.00224286
5.97903	1	1	3	1044	0.00795714
5.98003	1	1	3	692	0.00795714
5.98003	3	2	3	4022	0.00295714
5.98103	1	1	3	1044	0.00795714
5.98103	3	4	3	736	0.00295714
5.98203	1	1	3	692	0.00795714
5.98281	1	5	3	1044	0.0127429
5.98296	1	1	3	223	0.00788571
5.98303	3	3	3	1484	0.00295714
5.98353	1	2	3	648	0.00245714
5.98374	1	3	3	1920	0.00267142
5.98396	1	4	3	472	0.00288571
5.98446	1	2	3	428	0.00238571
5.98453	1	3	3	633	0.00245714
5.9846	1	4	3	150	0.00252857
5.98503	1	5	3	692	0.0129571
5.98546	1	2	3	428	0.00238571
5.9856	1	3	3	1278	0.00252857
5.98581	1	4	3	472	0.00274285
5.98603	3	2	3	7768	0.00295714
5.98646	1	2	3	428	0.00238571
5.98653	1	3	3	633	0.00245714
5.9866	1	4	3	150	0.00252857
5.98703	3	4	3	5089	0.00295714
5.98703	1	5	3	692	0.0129571
5.98746	1	2	3	428	0.00238571
5.9876	1	3	3	1278	0.00252857
5.98781	1	4	3	472	0.00274285
5.98839	1	2	3	648	0.00231428
5.9886	1	3	3	1920	0.00252857
5.98881	1	4	3	472	0.00274285
5.98889	1	5	3	106	0.0128143
5.98903	3	3	3	1484	0.00295714
5.98903	1	1	3	223	0.00795714
5.98931	1	2	3	428	0.00224286
5.98946	1	3	3	455	0.00238571
5.98967	1	4	3	472	0.0026
5.99003	1	1	3	223	0.00795714
5.99031	1	2	3	428	0.00224286
5.99067	1	4	3	472	0.0026
5.99089	1	5	3	340	0.0128143
5.99103	1	1	3	223	0.00795714
5.99131	1	2	3	428	0.00224286
5.99167	1	4	3	472	0.0026
5.99203	1	1	3	223	0.00795714
5.99231	1	2	3	428	0.00224286
5.99267	1	4	3	472	0.0026
5.99303	1	1	3	223	0.00795714
5.99353	1	2	3	648	0.00245714
5.99381	1	4	3	164	0.00274285
5.99396	3	1	3	736	0.00288571
5.99403	3	2	3	2912	0.00295714
5.9946	1	2	3	272	0.00252857
5.99503	3	3	3	1484	0.00295714
5.99796	1	5	3	340	0.0128857
5.99903	3	1	3	8929	0.00295714
5.99903	1	1	3	223	0.00795714
5.99981	1	5	3	340	0.0127429
5.99996	3	1	3	528	0.00288571
6.00003	1	1	3	340	0.00795714
6.00003	3	2	3	4022	0.00295714
6.00096	1	1	3	340	0.00788571
6.00096	3	3	3	1484	0.00288571
6.00103	3	4	3	736	0.00295714
6.00181	1	5	3	340	0.0127429
6.00403	1	5	3	340	0.0129571
6.00596	3	2	3	7625	0.00288571
6.00603	1	5	3	340	0.0129571
6.00603	3	3	3	498	0.00295714
6.00631	1	3	3	633	0.00224286
6.00703	3	4	3	6544	0.00295714
6.00746	1	4	3	150	0.00238571
6.00903	1	1	3	1044	0.00795714
6.01124	1	3	3	633	0.00217143
6.01203	1	1	3	106	0.00795714
6.01281	1	5	3	927	0.0127429
6.01303	1	1	3	340	0.00795714
6.0136	1	3	3	1920	0.00252857
6.01381	1	4	3	472	0.00274285
6.01396	3	2	3	4022	0.00288571
6.01403	3	3	3	736	0.00295714
6.01503	1	5	3	1396	0.0129571
6.01603	1	1	3	692	0.00795714
6.01624	1	4	3	150	0.00217143
6.01696	1	5	3	1161	0.0128857
6.01774	1	3	3	2155	0.00267142
6.01803	1	4	3	150	0.00795714
6.01839	1	3	3	1612	0.00231428
6.0186	1	4	3	472	0.00252857
6.01881	1	5	3	340	0.0127429
6.01903	1	1	3	340	0.00795714
6.01903	3	2	3	6169	0.00295714
6.0196	1	3	3	1612	0.00252857
6.01981	1	4	3	472	0.00274285
6.02003	3	3	3	1484	0.00295714
6.02046	1	3	3	1073	0.00238571
6.0206	1	4	3	311	0.00252857
6.02103	1	5	3	692	0.0129571
6.0216	1	3	3	567	0.00252857
6.02181	1	4	3	472	0.00274285
6.02253	1	4	3	472	0.00245714
6.02303	1	1	3	403	0.00795714
6.02303	3	1	3	736	0.00795714
6.02381	1	4	3	472	0.00274285
6.0246	1	4	3	472	0.00252857
6.0256	1	4	3	633	0.00252857
6.02596	3	3	3	1484	0.00288571
6.02603	3	4	3	736	0.00295714
6.0266	1	4	3	956	0.00252857
6.02703	3	2	3	2912	0.00295714
6.02781	1	4	3	196	0.00274285
6.02803	1	5	3	340	0.0129571
6.03003	1	5	3	340	0.0129571
6.03003	3	1	3	528	0.00295714
6.03103	3	3	3	1484	0.00295714
6.03203	1	5	3	340	0.0129571
6.03281	3	2	3	4022	0.00274285
6.03403	3	1	3	8929	0.00795714
6.03403	1	5	3	340	0.0129571
6.03603	1	5	3	458	0.0129571
6.03703	3	4	3	8000	0.00795714
6.03789	3	2	3	7625	0.00281428
6.03803	3	3	3	548	0.00295714
6.04024	1	2	3	208	0.00217143
6.04031	1	3	3	531	0.00224286
6.04039	1	4	3	150	0.00231428
6.04303	1	5	3	1396	0.0129571
6.04403	3	3	3	736	0.00295714
6.04503	1	5	3	1396	0.0129571
6.04524	1	2	3	208	0.00217143
6.04531	1	3	3	531	0.00224286
6.04539	1	4	3	150	0.00231428
6.04603	3	2	3	4022	0.00295714
6.04703	1	1	3	106	0.00795714
6.04739	1	2	3	648	0.00231428
6.0476	1	3	3	1612	0.00252857
6.04781	1	4	3	472	0.00274285
6.04803	3	1	3	736	0.00295714
6.04903	1	5	3	1396	0.0129571
6.04939	1	2	3	648	0.00231428
6.0496	1	3	3	1612	0.00252857
6.04981	1	4	3	472	0.00274285
6.05003	3	3	3	1484	0.00295714
6.05024	1	2	3	208	0.00217143
6.05031	1	3	3	531	0.00224286
6.05039	1	4	3	150	0.00231428
6.05103	1	5	3	1044	0.0129571
6.05103	3	4	3	736	0.00295714
6.05196	1	5	3	1278	0.0128857
6.05203	3	2	3	6169	0.00295714
6.05246	1	2	3	428	0.00238571
6.0526	1	3	3	1073	0.00252857
6.05281	1	4	3	472	0.00274285
6.05346	1	2	3	428	0.00238571
6.0536	1	3	3	1073	0.00252857
6.05381	1	4	3	472	0.00274285
6.05446	1	2	3	428	0.00238571
6.0546	1	3	3	1073	0.00252857
6.05481	1	4	3	472	0.00274285
6.05503	3	1	3	528	0.00295714
6.05546	1	2	3	428	0.00238571
6.0556	1	3	3	716	0.00252857
6.05581	1	4	3	472	0.00274285
6.05603	3	3	3	1484	0.00295714
6.05646	1	2	3	428	0.00238571
6.05681	1	4	3	472	0.00274285
6.05731	1	2	3	428	0.00224286
6.05767	1	4	3	472	0.0026
6.05789	1	5	3	340	0.0128143
6.05803	3	4	3	528	0.00295714
6.05803	1	1	3	223	0.00795714
6.05831	1	2	3	428	0.00224286
6.05867	1	4	3	472	0.0026
6.05903	3	1	3	8929	0.00795714
6.05903	1	1	3	223	0.00795714
6.05931	1	2	3	428	0.00224286
6.05967	1	4	3	472	0.0026
6.05989	1	5	3	340	0.0128143
6.06003	1	1	3	223	0.00795714
6.06003	3	2	3	4022	0.00295714
6.06046	1	2	3	868	0.00238571
6.06067	1	4	3	472	0.0026
6.06103	1	1	3	223	0.00795714
6.06146	1	2	3	868	0.00238571
6.06167	1	4	3	210	0.0026
6.06203	3	4	3	8929	0.00795714
6.06203	1	1	3	223	0.00795714
6.06246	1	2	3	230	0.00238571
6.06303	3	3	3	1484	0.00295714
6.06403	1	5	3	340	0.0129571
6.06603	1	5	3	340	0.0129571
6.06603	3	2	3	4022	0.00295714
6.06703	1	5	3	340	0.0129571
6.06903	1	1	3	340	0.00795714
6.06903	3	3	3	1484	0.00295714
6.07003	1	1	3	340	0.00795714
6.07103	1	1	3	458	0.00795714
6.07203	1	1	3	809	0.00795714
6.07203	3	2	3	4022	0.00295714
6.07239	1	5	3	340	0.0123143
6.07303	1	1	3	1044	0.00795714
6.07303	3	1	3	633	0.00295714
6.07503	1	5	3	340	0.0129571
6.07503	3	3	3	498	0.00295714
6.07603	3	4	3	633	0.00295714
6.07753	1	2	3	208	0.00245714
6.0776	1	3	3	531	0.00252857
6.07803	3	2	3	4022	0.00295714
6.07881	1	5	3	1044	0.0127429
6.07903	3	1	3	3736	0.00295714
6.07903	1	1	3	340	0.00795714
6.07924	1	4	3	150	0.00217143
6.08003	1	1	3	1044	0.00795714
6.08096	1	1	3	458	0.00788571
6.08103	3	3	3	736	0.00295714
6.08203	3	4	3	7701	0.00295714
6.08203	1	5	3	927	0.0139571
6.08253	1	5	3	575	0.0134571
6.08303	1	1	3	809	0.00895714
6.08303	3	4	3	404	0.00295714
6.0836	1	2	3	648	0.00252857
6.08381	1	3	3	1612	0.00274285
6.08396	3	2	3	4022	0.00288571
6.08446	1	2	3	428	0.00238571
6.08467	1	3	3	1612	0.0026
6.08489	1	4	3	472	0.00281428
6.08539	1	2	3	208	0.00231428
6.08546	1	3	3	531	0.00238571
6.08553	1	4	3	150	0.00245714
6.08631	1	2	3	428	0.00224286
6.08646	1	3	3	1073	0.00238571
6.0866	1	4	3	311	0.00252857
6.08703	1	1	3	458	0.00795714
6.08703	3	3	3	1484	0.00295714
6.08746	1	2	3	428	0.00238571
6.0876	1	3	3	1073	0.00252857
6.08781	1	4	3	472	0.00274285
6.08831	1	2	3	428	0.00224286
6.08846	1	3	3	1073	0.00238571
6.0886	1	4	3	311	0.00252857
6.08903	1	1	3	340	0.00795714
6.08903	3	2	3	4022	0.00295714
6.08931	1	2	3	428	0.00224286
6.08953	1	3	3	1612	0.00245714
6.08974	1	4	3	472	0.00267142
6.08989	1	5	3	223	0.0128143
6.09003	1	1	3	223	0.00795714
6.09024	1	2	3	208	0.00217143
6.09031	1	3	3	531	0.00224286
6.09039	1	4	3	150	0.00231428
6.09089	1	5	3	809	0.0128143
6.09103	1	1	3	223	0.00795714
6.09146	1	2	3	428	0.00238571
6.09167	1	3	3	562	0.0026
6.09189	1	4	3	472	0.00281428
6.09231	1	2	3	428	0.00224286
6.09267	1	4	3	472	0.0026
6.09289	3	1	3	736	0.00281428
6.09303	3	3	3	1484	0.00295714
6.09303	1	1	3	223	0.00795714
6.09346	1	2	3	428	0.00238571
6.09381	1	4	3	472	0.00274285
6.09403	1	5	3	340	0.0129571
6.09446	1	2	3	428	0.00238571
6.09481	1	4	3	472	0.00274285
6.09503	3	2	3	4022	0.00295714
6.09546	1	2	3	428	0.00238571
6.09581	1	4	3	472	0.00274285
6.09603	3	4	3	633	0.00295714
6.09646	1	2	3	300	0.00238571
6.09667	1	4	3	472	0.0026
6.09681	1	5	3	223	0.0127429
6.09696	1	1	3	223	0.00788571
6.09781	1	4	3	472	0.00274285
6.09803	1	5	3	340	0.0129571
6.09867	1	4	3	62	0.0026
6.09903	3	3	3	1484	0.00295714
6.09903	1	1	3	223	0.00795714
6.09989	1	5	3	340	0.00781428
6.10003	1	1	3	223	0.00795714
6.10103	1	1	3	223	0.00795714
6.10103	3	2	3	4022	0.00295714
6.10146	1	1	3	458	0.00238571
6.10203	3	4	3	7701	0.00295714
6.10246	3	4	3	1860	0.00238571
6.10303	3	1	3	5089	0.00795714
6.10303	1	1	3	340	0.00795714
6.10503	3	3	3	548	0.00295714
6.10603	1	5	3	340	0.0129571
6.10703	3	2	3	4022	0.00295714
6.10839	1	5	3	340	0.0123143
6.10903	1	1	3	1044	0.00795714
6.11003	1	1	3	182	0.00795714
6.11103	3	3	3	736	0.00295714
6.11146	1	5	3	458	0.0123857
6.11274	1	5	3	927	0.0126714
6.11303	3	2	3	7489	0.00295714
6.11503	1	5	3	692	0.0129571
6.11603	3	4	3	633	0.00295714
6.11703	3	3	3	1484	0.00295714
6.12103	1	5	3	340	0.0129571
6.12103	3	2	3	2912	0.00295714
6.12124	3	1	3	736	0.00217143
6.12203	3	4	3	7059	0.00295714
6.1226	3	3	3	1484	0.00252857
6.12303	3	4	3	2502	0.00295714
6.12346	1	2	3	208	0.00238571
6.12353	1	3	3	531	0.00245714
6.1236	1	4	3	150	0.00252857
6.12403	1	5	3	692	0.0129571
6.12696	3	1	3	5089	0.00288571
6.12703	3	2	3	4022	0.00295714
6.12767	3	3	3	1484	0.0026
6.12803	1	5	3	1396	0.0129571
6.12831	1	2	3	545	0.00224286
6.12853	1	3	3	1612	0.00245714
6.12874	1	4	3	472	0.00267142
6.12903	1	1	3	106	0.00795714
6.13003	1	5	3	1396	0.0129571
6.13103	1	1	3	692	0.00795714
6.13153	1	3	3	1612	0.00245714
6.13174	1	4	3	472	0.00267142
6.13289	3	2	3	8052	0.00281428
6.13303	1	5	3	1396	0.0139571
6.13303	3	3	3	548	0.00295714
6.13346	1	2	3	428	0.00238571
6.1336	1	3	3	1073	0.00252857
6.13381	1	4	3	472	0.00274285
6.13446	1	2	3	428	0.00238571
6.1346	1	3	3	1073	0.00252857
6.13481	1	4	3	472	0.00274285
6.13546	1	2	3	428	0.00238571
6.13553	1	3	3	531	0.00245714
6.1356	1	4	3	150	0.00252857
6.13603	1	5	3	692	0.0129571
6.13603	3	4	3	633	0.00295714
6.13631	1	2	3	428	0.00224286
6.13646	1	3	3	1073	0.00238571
6.13667	1	4	3	472	0.0026
6.13703	1	1	3	223	0.00795714
6.13746	1	2	3	428	0.00238571
6.1376	1	3	3	1073	0.00252857
6.13781	1	4	3	472	0.00274285
6.13803	3	2	3	3941	0.00295714
6.13831	1	2	3	545	0.00224286
6.13846	1	3	3	1073	0.00238571
6.13867	1	4	3	472	0.0026
6.13889	1	5	3	340	0.0128143
6.13903	1	1	3	223	0.00795714
6.13931	1	2	3	545	0.00224286
6.13946	1	3	3	559	0.00238571
6.13967	1	4	3	472	0.0026
6.14003	1	1	3	223	0.00795714
6.14003	3	1	3	736	0.00295714
6.14031	1	2	3	545	0.00224286
6.14067	1	4	3	472	0.0026
6.14103	1	1	3	223	0.00795714
6.14103	3	3	3	736	0.00295714
6.14146	1	2	3	545	0.00238571
6.14181	1	4	3	472	0.00274285
6.14203	1	5	3	340	0.0129571
6.14231	1	2	3	545	0.00224286
6.1426	1	4	3	311	0.00252857
6.14296	1	1	3	223	0.00788571
6.14303	3	4	3	1860	0.00295714
6.14346	1	2	3	230	0.00238571
6.14381	1	4	3	472	0.00274285
6.14481	1	4	3	472	0.00274285
6.14503	1	5	3	340	0.0129571
6.14581	1	4	3	472	0.00274285
6.14596	3	1	3	6544	0.00288571
6.14603	3	2	3	4022	0.00295714
6.14667	1	4	3	472	0.0026
6.14703	3	4	3	7701	0.00795714
6.14703	1	1	3	223	0.00795714
6.14781	1	4	3	95	0.00274285
6.14803	1	5	3	340	0.0129571
6.14803	3	3	3	1484	0.00295714
6.14903	1	1	3	223	0.00795714
6.15003	1	1	3	340	0.00795714
6.15081	1	5	3	340	0.0127429
6.15103	1	1	3	340	0.00795714
6.15203	3	2	3	8052	0.00295714
6.15303	1	1	3	458	0.00795714
6.15403	1	5	3	340	0.0129571
6.15403	3	3	3	1484	0.00295714
6.15646	1	5	3	340	0.0123857
6.15703	1	1	3	927	0.00795714
6.15803	3	2	3	3941	0.00295714
6.15824	1	2	3	267	0.00217143
6.15903	1	1	3	1044	0.00795714
6.15903	3	1	3	736	0.00295714
6.15953	1	5	3	575	0.0124571
6.16003	1	1	3	809	0.00795714
6.16003	3	3	3	1484	0.00295714
6.16096	1	1	3	692	0.00788571
6.16103	3	4	3	531	0.00295714
6.16281	1	5	3	927	0.0127429
6.16303	1	1	3	340	0.00795714
6.16389	1	2	3	1656	0.00281428
6.1646	1	2	3	1656	0.00252857
6.16467	1	3	3	531	0.0026
6.16503	3	1	3	5089	0.00295714
6.16567	1	2	3	1935	0.0026
6.16589	3	2	3	4022	0.00281428
6.16603	3	3	3	1484	0.00295714
6.1666	1	5	3	692	0.0135286
6.16703	3	4	3	6475	0.00295714
6.1676	1	2	3	1656	0.00252857
6.16803	3	4	3	3187	0.00295714
6.1686	1	2	3	120	0.00252857
6.16874	1	5	3	223	0.0126714
6.16967	1	3	3	1612	0.0026
6.1706	1	3	3	1612	0.00252857
6.17067	1	4	3	150	0.0026
6.17103	1	5	3	575	0.0129571
6.17103	3	2	3	8052	0.00295714
6.17174	1	3	3	2155	0.00267142
6.17203	3	3	3	498	0.00295714
6.1726	1	3	3	2694	0.00252857
6.1736	1	3	3	1597	0.00252857
6.17503	1	5	3	575	0.0129571
6.17574	1	4	3	633	0.00267142
6.17667	1	4	3	1117	0.0026
6.17753	1	4	3	472	0.00245714
6.17796	1	5	3	692	0.0128857
6.17796	3	2	3	4022	0.00288571
6.17803	3	3	3	736	0.00295714
6.17853	1	4	3	795	0.00245714
6.17903	1	1	3	5	0.00795714
6.1796	1	4	3	956	0.00252857
6.18074	1	4	3	1278	0.00267142
6.18103	3	4	3	531	0.00295714
6.18174	1	4	3	437	0.00267142
6.18203	1	5	3	458	0.0129571
6.18303	3	2	3	4022	0.00295714
6.18389	3	1	3	736	0.00281428
6.18403	1	5	3	692	0.0129571
6.18403	3	3	3	1484	0.00295714
6.18503	1	5	3	575	0.00795714
6.18603	1	5	3	458	0.0129571
6.18703	3	4	3	3838	0.00295714
6.18803	1	5	3	692	0.00795714
6.18889	3	1	3	5089	0.00281428
6.18903	3	2	3	8052	0.00295714
6.19003	3	3	3	1484	0.00295714
6.19503	3	2	3	3862	0.00295714
6.19603	3	3	3	1484	0.00295714
6.19681	1	2	3	208	0.00274285
6.19689	1	3	3	531	0.00281428
6.19696	1	4	3	150	0.00288571
6.19803	1	5	3	1396	0.0139571
6.19903	1	5	3	1396	0.0129571
6.20003	1	5	3	1396	0.0129571
6.20103	1	5	3	1396	0.0129571
6.20103	3	4	3	531	0.00295714
6.20139	1	2	3	648	0.00231428
6.2016	1	3	3	1612	0.00252857
6.20181	1	4	3	472	0.00274285
6.20203	3	3	3	548	0.00295714
6.20246	1	2	3	868	0.00238571
6.20274	1	3	3	2155	0.00267142
6.20296	1	4	3	472	0.00288571
6.20303	3	2	3	4022	0.00295714
6.20339	1	2	3	648	0.00231428
6.2036	1	3	3	1612	0.00252857
6.20381	1	4	3	472	0.00274285
6.20439	1	2	3	648	0.00231428
6.2046	1	3	3	1612	0.00252857
6.20481	1	4	3	472	0.00274285
6.20539	1	2	3	648	0.00231428
6.2056	1	3	3	1612	0.00252857
6.20581	1	4	3	472	0.00274285
6.20639	1	2	3	648	0.00231428
6.2066	1	3	3	1069	0.00252857
6.20681	1	4	3	472	0.00274285
6.20746	1	2	3	868	0.00238571
6.20796	1	4	3	472	0.00288571
6.20803	3	3	3	736	0.00295714
6.20839	1	2	3	648	0.00231428
6.20881	1	4	3	472	0.00274285
6.20896	3	2	3	4022	0.00288571
6.20939	1	2	3	648	0.00231428
6.20981	1	4	3	472	0.00274285
6.21039	1	2	3	648	0.00231428
6.21081	1	4	3	472	0.00274285
6.21103	1	5	3	340	0.00795714
6.21174	1	4	3	1278	0.00267142
6.21196	1	5	3	340	0.0128857
6.21203	3	4	3	5294	0.00795714
6.2126	1	2	3	1308	0.00252857
6.21296	1	4	3	795	0.00288571
6.21303	1	5	3	106	0.0129571
6.21346	1	2	3	324	0.00238571
6.21381	1	4	3	795	0.00274285
6.21389	3	2	3	4022	0.00281428
6.21403	1	5	3	340	0.0129571
6.21403	3	3	3	1484	0.00295714
6.21481	1	4	3	795	0.00274285
6.21503	1	5	3	340	0.0129571
6.21574	1	4	3	233	0.00267142
6.21703	3	1	3	736	0.00795714
6.21903	3	2	3	3880	0.00295714
6.22003	3	3	3	1484	0.00295714
6.22303	3	1	3	6544	0.00295714
6.22596	3	3	3	1484	0.00288571
6.22603	3	4	3	340	0.00295714
6.22703	1	5	3	458	0.0129571
6.22703	3	2	3	1440	0.00295714
6.22803	1	5	3	575	0.0129571
6.22846	1	2	3	208	0.00238571
6.22853	1	3	3	531	0.00245714
6.2286	1	4	3	150	0.00252857
6.22903	1	5	3	692	0.0129571
6.23003	1	5	3	665	0.0129571
6.23103	1	5	3	458	0.0179571
6.23103	3	3	3	548	0.00295714
6.23203	3	4	3	5485	0.00295714
6.23331	1	2	3	428	0.00224286
6.23353	1	3	3	1612	0.00245714
6.23374	1	4	3	472	0.00267142
6.23403	1	1	3	106	0.00795714
6.23439	1	2	3	648	0.00231428
6.2346	1	3	3	1612	0.00252857
6.23481	1	4	3	472	0.00274285
6.23546	1	2	3	868	0.00238571
6.2356	1	3	3	619	0.00252857
6.23581	1	4	3	472	0.00274285
6.2366	1	2	3	1308	0.00252857
6.23696	1	4	3	795	0.00288571
6.23703	3	1	3	736	0.00295714
6.2376	1	2	3	1308	0.00252857
6.23803	3	3	3	736	0.00295714
6.23946	1	2	3	428	0.00238571
6.23981	1	4	3	472	0.00274285
6.24053	1	2	3	648	0.00245714
6.24074	1	4	3	472	0.00267142
6.24174	1	2	3	868	0.00267142
6.24196	1	4	3	472	0.00288571
6.24203	1	5	3	106	0.0129571
6.24246	1	2	3	428	0.00238571
6.24267	1	4	3	472	0.0026
6.24303	3	1	3	8000	0.00295714
6.24396	3	3	3	1484	0.00288571
6.24403	1	5	3	1396	0.0139571
6.24446	1	2	3	868	0.00238571
6.24467	1	4	3	472	0.0026
6.24489	1	5	3	340	0.0128143
6.24503	1	1	3	223	0.00795714
6.24546	1	2	3	868	0.00238571
6.24567	1	4	3	472	0.0026
6.24589	1	5	3	340	0.0128143
6.24603	1	1	3	223	0.00795714
6.24603	3	4	3	531	0.00295714
6.24631	1	2	3	428	0.00224286
6.24653	1	4	3	472	0.00245714
6.24703	1	1	3	458	0.00795714
6.24731	1	2	3	428	0.00224286
6.24753	1	4	3	472	0.00245714
6.24789	1	5	3	575	0.0128143
6.24803	1	1	3	223	0.00795714
6.2486	1	2	3	488	0.00252857
6.24881	1	4	3	472	0.00274285
6.24903	3	3	3	1484	0.00295714
6.24981	1	4	3	472	0.00274285
6.25081	1	4	3	472	0.00274285
6.25181	1	4	3	472	0.00274285
6.25281	1	4	3	472	0.00274285
6.25303	3	4	3	276	0.00295714
6.2536	1	4	3	956	0.00252857
6.25381	1	5	3	340	0.00774285
6.25403	1	1	3	340	0.00795714
6.2546	1	4	3	777	0.00252857
6.25481	1	5	3	340	0.00774285
6.25503	1	1	3	340	0.00795714
6.25503	3	3	3	1484	0.00295714
6.25581	1	5	3	340	0.00774285
6.25603	1	1	3	340	0.00795714
6.25674	1	5	3	340	0.0126714
6.25696	1	1	3	340	0.00788571
6.25781	1	5	3	340	0.00774285
6.25803	3	4	3	6475	0.00895714
6.25803	1	1	3	340	0.00795714
6.26103	3	3	3	548	0.00295714
6.26203	3	1	3	736	0.00295714
6.26374	1	5	3	458	0.00767142
6.26403	1	1	3	458	0.00795714
6.2646	1	5	3	692	0.00752857
6.26503	1	1	3	692	0.00795714
6.2656	1	5	3	692	0.00752857
6.26603	1	1	3	692	0.00795714
6.2666	1	5	3	692	0.00752857
6.26703	1	1	3	692	0.00795714
6.2676	1	5	3	692	0.00752857
6.26796	3	1	3	8184	0.00288571
6.26803	1	1	3	692	0.00795714
6.26803	3	3	3	736	0.00295714
6.26903	3	1	3	1273	0.00295714
6.27153	1	2	3	208	0.00245714
6.2716	1	3	3	531	0.00252857
6.27167	1	4	3	150	0.0026
6.27203	3	4	3	428	0.00295714
6.2736	1	5	3	692	0.00752857
6.27403	1	1	3	692	0.00795714
6.27403	3	3	3	1484	0.00295714
6.27503	1	1	3	692	0.00795714
6.27603	1	1	3	692	0.00795714
6.27624	1	3	3	531	0.00217143
6.27631	1	4	3	150	0.00224286
6.27696	1	1	3	458	0.00788571
6.27803	1	1	3	81	0.00795714
6.27853	1	2	3	648	0.00245714
6.27874	1	3	3	1612	0.00267142
6.27896	1	4	3	472	0.00288571
6.27931	1	2	3	428	0.00224286
6.27946	1	3	3	1073	0.00238571
6.2796	1	4	3	311	0.00252857
6.28003	1	5	3	692	0.0129571
6.28003	3	3	3	1484	0.00295714
6.28031	1	2	3	428	0.00224286
6.28046	1	3	3	1073	0.00238571
6.2806	1	4	3	311	0.00252857
6.28103	1	5	3	653	0.0129571
6.28139	1	2	3	648	0.00231428
6.2816	1	3	3	1014	0.00252857
6.28181	1	4	3	472	0.00274285
6.28231	1	2	3	428	0.00224286
6.2826	1	4	3	311	0.00252857
6.28303	3	4	3	5397	0.00795714
6.28303	1	5	3	692	0.0129571
6.28339	1	2	3	648	0.00231428
6.28381	1	4	3	472	0.00274285
6.28389	1	5	3	106	0.00781428
6.28439	1	2	3	648	0.00231428
6.28481	1	4	3	472	0.00274285
6.28546	1	2	3	868	0.00238571
6.28581	1	4	3	472	0.00274285
6.28589	3	1	3	736	0.00281428
6.28603	3	3	3	1484	0.00295714
6.28646	1	2	3	868	0.00238571
6.28681	1	4	3	795	0.00274285
6.28746	1	2	3	868	0.00238571
6.28774	1	4	3	633	0.00267142
6.28846	1	2	3	868	0.00238571
6.28874	1	4	3	633	0.00267142
6.28946	1	2	3	868	0.00238571
6.28981	1	4	3	194	0.00274285
6.29046	1	2	3	338	0.00238571
6.29196	1	5	3	340	0.0128857
6.29203	3	3	3	1484	0.00295714
6.29303	1	5	3	458	0.00795714
6.29503	1	5	3	340	0.0129571
6.29603	3	1	3	8000	0.00795714
6.29603	1	5	3	340	0.0129571
6.29703	3	4	3	428	0.00295714
6.29803	3	3	3	498	0.00295714
6.29903	1	5	3	458	0.0129571
6.30203	1	5	3	1396	0.00795714
6.30239	1	2	3	208	0.00231428
6.30246	1	3	3	633	0.00238571
6.30253	1	4	3	150	0.00245714
6.30296	1	5	3	692	0.00788571
6.30303	3	4	3	5250	0.00295714
6.30403	3	4	3	149	0.00295714
6.30503	1	5	3	924	0.00795714
6.30503	3	3	3	736	0.00295714
6.30746	1	2	3	868	0.00238571
6.30796	1	4	3	472	0.00288571
6.30903	1	1	3	106	0.00795714
6.30946	1	2	3	868	0.00238571
6.30974	1	3	3	2562	0.00267142
6.31003	1	4	3	633	0.00295714
6.31003	3	1	3	736	0.00295714
6.31103	3	3	3	1484	0.00295714
6.31124	1	2	3	208	0.00217143
6.31131	1	3	3	72	0.00224286
6.31139	1	4	3	150	0.00231428
6.31246	1	2	3	868	0.00238571
6.31267	1	4	3	472	0.0026
6.31303	1	3	3	2562	0.00795714
6.31403	1	5	3	1278	0.0129571
6.31467	1	2	3	648	0.0026
6.31496	1	4	3	472	0.00288571
6.31574	1	2	3	868	0.00267142
6.31603	3	1	3	8929	0.00295714
6.31603	1	4	3	633	0.00295714
6.31631	1	2	3	267	0.00224286
6.31639	1	4	3	150	0.00231428
6.31689	3	1	3	528	0.00281428
6.31703	1	5	3	156	0.0129571
6.31703	3	3	3	1484	0.00295714
6.31774	1	2	3	868	0.00267142
6.31874	1	2	3	868	0.00267142
6.31903	1	4	3	150	0.00795714
6.31939	1	2	3	648	0.00231428
6.3196	1	4	3	472	0.00252857
6.31967	1	5	3	106	0.0076
6.32003	1	1	3	458	0.00795714
6.32031	1	2	3	428	0.00224286
6.32046	1	4	3	311	0.00238571
6.32096	1	1	3	458	0.00788571
6.32146	1	2	3	868	0.00238571
6.32174	1	4	3	633	0.00267142
6.32203	3	4	3	428	0.00295714
6.32203	1	1	3	106	0.00795714
6.32231	1	2	3	428	0.00224286
6.32253	1	4	3	472	0.00245714
6.32274	1	5	3	340	0.00767142
6.32303	1	1	3	458	0.00795714
6.32303	3	3	3	1484	0.00295714
6.32331	1	2	3	428	0.00224286
6.32353	1	4	3	472	0.00245714
6.32403	1	1	3	458	0.00795714
6.3246	1	2	3	648	0.00252857
6.32481	1	4	3	472	0.00274285
6.3256	1	2	3	237	0.00252857
6.32581	1	4	3	472	0.00274285
6.32603	1	5	3	340	0.00795714
6.32681	1	4	3	472	0.00274285
6.32703	1	5	3	340	0.00795714
6.32781	1	4	3	472	0.00274285
6.32803	3	4	3	5250	0.00295714
6.3286	3	3	3	548	0.00252857
6.32881	1	4	3	472	0.00274285
6.32903	3	4	3	1605	0.00295714
6.32903	1	5	3	340	0.0129571
6.3296	1	4	3	633	0.00252857
6.33003	1	1	3	340	0.00795714
6.33003	3	1	3	736	0.00295714
6.33046	1	4	3	633	0.00238571
6.33103	1	1	3	340	0.00795714
6.33146	1	4	3	633	0.00238571
6.33203	1	1	3	340	0.00795714
6.3326	1	4	3	335	0.00252857
6.33281	1	5	3	340	0.00774285
6.33303	1	1	3	340	0.00795714
6.33403	1	1	3	340	0.00795714
6.33503	1	5	3	340	0.0129571
6.33503	3	3	3	736	0.00295714
6.33603	3	1	3	8929	0.00295714
6.33603	1	5	3	575	0.00795714
6.33696	3	1	3	528	0.00288571
6.34003	1	1	3	458	0.00795714
6.34103	1	1	3	458	0.00795714
6.34103	3	3	3	1484	0.00295714
6.34181	1	5	3	575	0.0127429
6.34203	1	1	3	340	0.00795714
6.34303	1	1	3	692	0.00795714
6.34353	1	5	3	575	0.0124571
6.34403	1	1	3	809	0.00795714
6.34503	1	5	3	927	0.00795714
6.34696	3	3	3	1484	0.00288571
6.34703	3	4	3	428	0.00295714
6.34803	1	5	3	692	0.0129571
6.34946	1	2	3	208	0.00238571
6.34953	1	3	3	531	0.00245714
6.35003	1	1	3	458	0.00795714
6.35003	3	1	3	736	0.00295714
6.35074	1	5	3	927	0.0126714
6.35103	1	1	3	458	0.00795714
6.3516	1	5	3	692	0.00752857
6.35203	1	1	3	692	0.00795714
6.35203	3	3	3	1484	0.00295714
6.35303	3	4	3	6475	0.00295714
6.35303	1	1	3	692	0.00795714
6.3536	1	5	3	692	0.00752857
6.35403	3	4	3	1835	0.00295714
6.35403	1	1	3	692	0.00795714
6.3546	1	2	3	648	0.00252857
6.35481	1	3	3	1612	0.00274285
6.35503	1	5	3	340	0.00795714
6.3556	1	2	3	648	0.00252857
6.35581	1	3	3	1612	0.00274285
6.35674	1	2	3	868	0.00267142
6.35696	1	3	3	1612	0.00288571
6.35746	1	2	3	428	0.00238571
6.35753	1	3	3	531	0.00245714
6.3576	1	4	3	150	0.00252857
6.35803	1	5	3	483	0.00795714
6.35803	3	3	3	548	0.00295714
6.35874	1	2	3	868	0.00267142
6.35903	1	3	3	1392	0.00295714
6.35946	1	2	3	868	0.00238571
6.36003	1	1	3	340	0.00795714
6.36039	1	2	3	648	0.00231428
6.36081	1	5	3	340	0.00774285
6.36103	3	1	3	8929	0.00795714
6.36103	1	1	3	340	0.00795714
6.36131	1	2	3	428	0.00224286
6.36203	1	1	3	458	0.00795714
6.36203	3	1	3	528	0.00795714
6.36231	1	2	3	428	0.00224286
6.36267	1	4	3	472	0.0026
6.36303	1	1	3	223	0.00795714
6.36331	1	2	3	428	0.00224286
6.36353	1	4	3	311	0.00245714
6.36403	1	1	3	458	0.00795714
6.36474	1	2	3	868	0.00267142
6.36496	1	4	3	472	0.00288571
6.36503	1	5	3	106	0.00795714
6.3656	1	2	3	648	0.00252857
6.36581	1	4	3	472	0.00274285
6.36603	3	3	3	736	0.00295714
6.3666	1	2	3	824	0.00252857
6.36681	1	4	3	472	0.00274285
6.36703	1	5	3	340	0.00795714
6.36703	3	4	3	208	0.00295714
6.3676	1	2	3	824	0.00252857
6.36781	1	4	3	472	0.00274285
6.36803	1	5	3	340	0.00795714
6.3686	1	2	3	590	0.00252857
6.36881	1	4	3	472	0.00274285
6.36903	1	5	3	340	0.00795714
6.36953	1	4	3	472	0.00245714
6.37003	3	4	3	6475	0.00295714
6.37003	1	1	3	458	0.00795714
6.3706	1	4	3	472	0.00252857
6.37081	1	5	3	340	0.00774285
6.37103	3	4	3	3510	0.00295714
6.37103	1	1	3	340	0.00795714
6.37146	1	4	3	633	0.00238571
6.37196	1	1	3	340	0.00788571
6.37203	3	3	3	1484	0.00295714
6.3726	1	4	3	472	0.00252857
6.37303	1	1	3	340	0.00795714
6.37346	1	4	3	506	0.00238571
6.37403	1	1	3	340	0.00795714
6.37503	1	5	3	340	0.00795714
6.37703	1	5	3	458	0.00795714
6.37803	1	5	3	340	0.00795714
6.37803	3	3	3	1484	0.00295714
6.37903	1	5	3	575	0.00795714
6.38003	1	1	3	458	0.00795714
6.38074	1	5	3	458	0.00767142
6.38103	1	1	3	458	0.00795714
6.38203	1	1	3	458	0.00795714
6.38203	3	1	3	736	0.00295714
6.38296	1	1	3	575	0.00788571
6.38396	3	3	3	1484	0.00288571
6.38403	1	1	3	809	0.00795714
6.38403	3	4	3	531	0.00295714
6.38503	1	5	3	927	0.00795714
6.38703	1	5	3	848	0.00795714
6.38803	3	1	3	8929	0.00295714
6.38853	1	2	3	267	0.00245714
6.3886	1	3	3	531	0.00252857
6.38867	1	4	3	150	0.0026
6.38889	3	1	3	528	0.00281428
6.38903	3	3	3	548	0.00295714
6.39003	3	4	3	6475	0.00295714
6.39003	1	1	3	458	0.00795714
6.39089	1	5	3	1044	0.00781428
6.39103	3	4	3	1732	0.00295714
6.39103	1	1	3	223	0.00795714
6.39203	1	1	3	223	0.00795714
6.39303	1	1	3	223	0.00795714
6.39346	1	2	3	545	0.00238571
6.3936	1	3	3	1073	0.00252857
6.39381	1	4	3	472	0.00274285
6.39453	1	2	3	824	0.00245714
6.39474	1	3	3	1612	0.00267142
6.39496	1	4	3	472	0.00288571
6.39503	3	3	3	736	0.00295714
6.39503	1	5	3	106	0.00795714
6.39546	1	2	3	545	0.00238571
6.3956	1	3	3	1073	0.00252857
6.39581	1	4	3	472	0.00274285
6.39631	1	4	3	150	0.00224286
6.39703	1	5	3	1161	0.00795714
6.39746	1	2	3	545	0.00238571
6.3976	1	3	3	1014	0.00252857
6.39796	1	5	3	559	0.00788571
6.39831	1	2	3	428	0.00224286
6.39867	1	4	3	472	0.0026
6.39903	1	1	3	223	0.00795714
6.39939	1	2	3	648	0.00231428
6.39981	1	4	3	472	0.00274285
6.40003	1	1	3	223	0.00795714
6.40031	1	2	3	428	0.00224286
6.4006	1	4	3	311	0.00252857
6.40096	1	1	3	223	0.00788571
6.40103	3	3	3	1484	0.00295714
6.40174	1	2	3	868	0.00267142
6.40196	1	4	3	472	0.00288571
6.40203	1	3	3	531	0.00795714
6.40253	1	2	3	1088	0.00245714
6.40289	1	4	3	795	0.00281428
6.40303	1	1	3	223	0.00795714
6.40374	1	2	3	868	0.00267142
6.40403	1	4	3	633	0.00295714
6.40474	1	2	3	868	0.00267142
6.40496	1	4	3	472	0.00288571
6.40503	1	5	3	106	0.00795714
6.40503	3	4	3	531	0.00295714
6.4056	1	2	3	648	0.00252857
6.40581	1	4	3	472	0.00274285
6.40631	1	2	3	428	0.00224286
6.40653	1	4	3	472	0.00245714
6.40696	3	3	3	1484	0.00288571
6.40703	1	1	3	458	0.00795714
6.40703	3	1	3	736	0.00795714
6.4076	1	2	3	648	0.00252857
6.40781	1	4	3	472	0.00274285
6.40831	1	2	3	428	0.00224286
6.40853	1	4	3	472	0.00245714
6.40903	1	1	3	458	0.00795714
6.40946	1	2	3	150	0.00238571
6.40967	1	4	3	472	0.0026
6.41003	1	1	3	458	0.00795714
6.4106	1	4	3	472	0.00252857
6.41081	1	5	3	340	0.00774285
6.41103	3	4	3	6475	0.00295714
6.41103	1	1	3	340	0.00795714
6.41146	3	3	3	1484	0.00238571
6.41181	1	4	3	472	0.00274285
6.41203	3	4	3	3187	0.00295714
6.41203	1	5	3	340	0.00795714
6.4126	1	4	3	472	0.00252857
6.41281	1	5	3	340	0.00774285
6.41303	3	1	3	3633	0.00295714
6.41303	1	1	3	340	0.00795714
6.41381	1	4	3	633	0.00274285
6.41403	1	5	3	340	0.00795714
6.41496	1	4	3	482	0.00288571
6.41503	1	5	3	106	0.00795714
6.41639	3	3	3	548	0.00231428
6.41696	1	1	3	340	0.00788571
6.41903	1	1	3	458	0.00795714
6.42003	1	1	3	692	0.00795714
6.42074	1	5	3	458	0.00767142
6.42103	1	1	3	458	0.00795714
6.42203	1	5	3	458	0.00795714
6.42274	1	5	3	458	0.00767142
6.42303	1	1	3	458	0.00795714
6.42403	1	5	3	458	0.00795714
6.42503	1	5	3	692	0.00795714
6.42503	3	3	3	736	0.00295714
6.42703	1	1	3	927	0.00795714
6.42703	3	1	3	736	0.00295714
6.42824	1	3	3	531	0.00217143
6.42831	1	4	3	150	0.00224286
6.42903	1	1	3	927	0.00795714
6.43003	1	1	3	692	0.00795714
6.43003	3	4	3	531	0.00295714
6.43039	1	5	3	340	0.00731428
6.43103	1	1	3	1044	0.00795714
6.43103	3	3	3	1484	0.00295714
6.4326	1	5	3	692	0.00752857
6.43303	3	1	3	5089	0.00295714
6.43303	1	1	3	692	0.00795714
6.43367	1	3	3	1612	0.0026
6.43389	1	4	3	472	0.00281428
6.43403	1	5	3	223	0.00795714
6.43439	1	2	3	208	0.00231428
6.43453	1	3	3	1073	0.00245714
6.4346	1	4	3	150	0.00252857
6.43503	1	5	3	692	0.00795714
6.4356	1	3	3	1612	0.00252857
6.43581	1	4	3	472	0.00274285
6.43603	3	4	3	6475	0.00295714
6.43631	1	3	3	1004	0.00224286
6.43646	3	3	3	1484	0.00238571
6.43653	1	4	3	472	0.00245714
6.43696	1	1	3	692	0.00788571
6.43703	3	4	3	3187	0.00295714
6.4376	1	4	3	472	0.00252857
6.43803	1	5	3	692	0.00895714
6.43853	1	4	3	472	0.00245714
6.43903	1	1	3	458	0.00795714
6.43931	1	2	3	428	0.00224286
6.43967	1	4	3	472	0.0026
6.44003	1	1	3	223	0.00795714
6.44031	1	2	3	428	0.00224286
6.4406	1	4	3	311	0.00252857
6.44081	1	5	3	340	0.00774285
6.44103	1	1	3	340	0.00795714
6.44146	3	3	3	1484	0.00238571
6.4416	1	2	3	648	0.00252857
6.44181	1	4	3	472	0.00274285
6.44246	1	2	3	868	0.00238571
6.44274	1	4	3	633	0.00267142
6.44303	1	1	3	223	0.00795714
6.4436	1	2	3	648	0.00252857
6.44381	1	4	3	472	0.00274285
6.44403	1	5	3	340	0.00795714
6.4446	1	2	3	648	0.00252857
6.44481	1	4	3	472	0.00274285
6.44503	1	5	3	340	0.00795714
6.4456	1	2	3	648	0.00252857
6.44581	1	4	3	472	0.00274285
6.44639	1	2	3	648	0.00231428
6.4466	1	4	3	472	0.00252857
6.44681	1	5	3	340	0.00774285
6.44689	3	1	3	736	0.00281428
6.44703	1	1	3	340	0.00795714
6.44703	3	3	3	548	0.00295714
6.44767	1	2	3	648	0.0026
6.44789	1	4	3	472	0.00281428
6.44803	1	5	3	223	0.00795714
6.44839	1	2	3	648	0.00231428
6.4486	1	4	3	472	0.00252857
6.44903	1	1	3	340	0.00795714
6.44939	1	2	3	648	0.00231428
6.4496	1	4	3	472	0.00252857
6.45003	1	1	3	340	0.00795714
6.45003	3	4	3	531	0.00295714
6.45039	1	2	3	648	0.00231428
6.4506	1	4	3	472	0.00252857
6.45081	1	5	3	340	0.00774285
6.45103	1	1	3	340	0.00795714
6.45174	1	4	3	633	0.00267142
6.45231	1	2	3	428	0.00224286
6.45253	1	4	3	472	0.00245714
6.45303	1	1	3	458	0.00795714
6.4536	1	2	3	648	0.00252857
6.45381	1	4	3	472	0.00274285
6.45403	1	5	3	340	0.00795714
6.45403	3	3	3	736	0.00295714
6.4546	1	2	3	648	0.00252857
6.45481	1	4	3	335	0.00274285
6.45503	1	5	3	340	0.00795714
6.4556	1	2	3	648	0.00252857
6.45603	3	4	3	6475	0.00295714
6.45631	1	2	3	90	0.00224286
6.45646	3	4	3	2155	0.00238571
6.45674	1	5	3	340	0.00767142
6.45703	3	1	3	5089	0.00795714
6.45703	1	1	3	311	0.00795714
6.45803	3	4	3	1034	0.00295714
6.45803	1	5	3	340	0.00795714
6.46003	3	3	3	1484	0.00295714
6.46081	1	5	3	340	0.00774285
6.46403	1	5	3	340	0.00795714
6.46503	1	5	3	575	0.00795714
6.46603	3	3	3	1484	0.00295714
6.46703	1	5	3	1396	0.00795714
6.46846	1	2	3	208	0.00238571
6.46853	1	3	3	531	0.00245714
6.4686	1	4	3	150	0.00252857
6.47003	3	4	3	633	0.00295714
6.47103	1	5	3	175	0.00795714
6.47103	3	1	3	736	0.00295714
6.47203	3	3	3	1484	0.00295714
6.47303	1	5	3	106	0.0129571
6.47331	1	2	3	428	0.00224286
6.47346	1	3	3	1073	0.00238571
6.47353	1	4	3	150	0.00245714
6.47396	1	5	3	692	0.00788571
6.47403	1	1	3	106	0.00795714
6.47446	1	2	3	868	0.00238571
6.47467	1	3	3	1612	0.0026
6.47489	1	4	3	472	0.00281428
6.47503	1	5	3	223	0.00795714
6.47539	1	2	3	648	0.00231428
6.4756	1	3	3	1612	0.00252857
6.47581	1	4	3	472	0.00274285
6.47646	1	2	3	868	0.00238571
6.47674	1	3	3	2155	0.00267142
6.47696	1	4	3	472	0.00288571
6.47703	1	5	3	106	0.00795714
6.47746	1	2	3	868	0.00238571
6.47767	1	3	3	307	0.0026
6.47803	3	3	3	548	0.00295714
6.47839	1	2	3	492	0.00231428
6.47881	1	4	3	472	0.00274285
6.47989	1	4	3	472	0.00281428
6.48074	1	4	3	311	0.00267142
6.48096	1	5	3	340	0.00788571
6.48103	3	4	3	7701	0.00795714
6.48153	3	4	3	1860	0.00745714
6.48181	1	4	3	472	0.00274285
6.48203	3	1	3	5206	0.00795714
6.48274	1	4	3	472	0.00267142
6.48303	3	1	3	1340	0.00795714
6.48303	1	5	3	458	0.00795714
6.48381	1	4	3	795	0.00274285
6.48396	3	3	3	736	0.00288571
6.48403	1	5	3	340	0.00795714
6.48474	1	4	3	1278	0.00267142
6.48489	1	5	3	223	0.00781428
6.48503	1	1	3	223	0.00795714
6.48553	1	4	3	795	0.00245714
6.48603	1	1	3	223	0.00795714
6.48667	1	4	3	1117	0.0026
6.48689	1	5	3	340	0.00781428
6.48703	1	1	3	223	0.00795714
6.48789	1	4	3	1598	0.00281428
6.48803	1	1	3	223	0.00795714
6.48846	1	4	3	633	0.00238571
6.48903	1	1	3	458	0.00795714
6.48903	3	3	3	1484	0.00295714
6.48974	1	4	3	93	0.00267142
6.49103	1	5	3	575	0.00795714
6.49403	1	5	3	458	0.00795714
6.49474	1	5	3	458	0.00767142
6.49496	3	3	3	1484	0.00288571
6.49503	1	1	3	458	0.00795714
6.49503	3	4	3	633	0.00295714
6.49603	1	1	3	458	0.00795714
6.49667	1	5	3	458	0.0076
6.49696	1	1	3	458	0.00788571
6.49774	1	5	3	458	0.00767142
6.49803	1	1	3	458	0.00795714
6.49903	1	1	3	809	0.00795714
6.50003	3	3	3	598	0.00295714
6.50053	3	1	3	736	0.00245714
6.50103	3	4	3	3736	0.00295714
6.50103	1	5	3	106	0.00795714
6.50253	1	2	3	208	0.00245714
6.5026	1	3	3	531	0.00252857
6.50267	1	4	3	150	0.0026
6.50403	1	5	3	575	0.00795714
6.5046	1	5	3	692	0.00752857
6.50503	1	1	3	692	0.00795714
6.50603	1	1	3	1278	0.00795714
6.50603	3	1	3	5089	0.00295714
6.5066	1	5	3	690	0.00752857
6.50703	1	1	3	692	0.00795714
6.50703	3	3	3	736	0.00295714
6.50724	1	2	3	208	0.00217143
6.50731	1	3	3	531	0.00224286
6.50739	1	4	3	150	0.00231428
6.50803	1	1	3	458	0.00795714
6.50831	1	2	3	428	0.00224286
6.50839	1	3	3	531	0.00231428
6.50846	1	4	3	150	0.00238571
6.50903	1	1	3	809	0.00795714
6.50953	1	2	3	648	0.00245714
6.50974	1	3	3	1612	0.00267142
6.50996	1	4	3	472	0.00288571
6.51053	1	2	3	648	0.00245714
6.51074	1	3	3	1612	0.00267142
6.51096	1	4	3	472	0.00288571
6.51103	1	5	3	106	0.00795714
6.51146	1	2	3	428	0.00238571
6.5116	1	3	3	1073	0.00252857
6.51181	1	4	3	472	0.00274285
6.51246	1	2	3	428	0.00238571
6.5126	1	3	3	1073	0.00252857
6.51281	1	4	3	472	0.00274285
6.51303	3	3	3	1484	0.00295714
6.51353	1	2	3	648	0.00245714
6.51374	1	3	3	1612	0.00267142
6.51396	1	4	3	472	0.00288571
6.51403	1	5	3	106	0.00795714
6.51439	1	2	3	648	0.00231428
6.5146	1	3	3	177	0.00252857
6.51481	1	4	3	472	0.00274285
6.51489	1	5	3	106	0.00781428
6.51503	1	1	3	223	0.00795714
6.51503	3	4	3	633	0.00295714
6.51531	1	2	3	428	0.00224286
6.51567	1	4	3	472	0.0026
6.51603	1	1	3	223	0.00795714
6.51631	1	2	3	428	0.00224286
6.5166	1	4	3	311	0.00252857
6.51681	1	5	3	340	0.00774285
6.51696	1	1	3	223	0.00788571
6.51731	1	2	3	428	0.00224286
6.51767	1	4	3	325	0.0026
6.51789	1	5	3	340	0.00781428
6.51803	1	1	3	223	0.00795714
6.51839	1	2	3	272	0.00231428
6.51903	3	3	3	1484	0.00295714
6.51903	1	1	3	223	0.00795714
6.52003	3	1	3	736	0.00295714
6.52103	3	4	3	5192	0.00295714
6.52103	1	5	3	340	0.00795714
6.52403	1	5	3	340	0.00795714
6.52481	1	5	3	340	0.00774285
6.52503	1	1	3	340	0.00795714
6.52589	3	1	3	5089	0.00281428
6.52603	1	1	3	340	0.00795714
6.52603	3	3	3	1484	0.00295714
6.52681	1	5	3	340	0.00774285
6.52703	1	1	3	340	0.00795714
6.52767	1	5	3	575	0.0076
6.52803	1	1	3	79	0.00795714
6.53103	1	5	3	1044	0.00795714
6.53203	3	3	3	1484	0.00295714
6.53231	1	2	3	208	0.00224286
6.53239	1	3	3	531	0.00231428
6.53246	1	4	3	150	0.00238571
6.53403	1	5	3	340	0.00795714
6.5346	1	5	3	692	0.00752857
6.53503	1	1	3	692	0.00795714
6.53503	3	4	3	633	0.00295714
6.53703	1	5	3	745	0.00795714
6.53724	1	2	3	208	0.00217143
6.53731	1	3	3	531	0.00224286
6.53739	1	4	3	150	0.00231428
6.53803	3	3	3	498	0.00295714
6.53803	1	1	3	106	0.00795714
6.53824	1	3	3	531	0.00217143
6.53831	1	4	3	150	0.00224286
6.53903	1	1	3	1044	0.00795714
6.53903	3	1	3	736	0.00295714
6.53946	1	2	3	428	0.00238571
6.5396	1	3	3	1073	0.00252857
6.53981	1	4	3	472	0.00274285
6.5406	1	5	3	692	0.00752857
6.54103	3	4	3	5192	0.00295714
6.54103	1	1	3	692	0.00795714
6.54131	1	2	3	428	0.00224286
6.54153	1	3	3	1612	0.00245714
6.54174	1	4	3	472	0.00267142
6.54203	1	1	3	106	0.00795714
6.54231	1	2	3	428	0.00224286
6.54253	1	3	3	1612	0.00245714
6.54274	1	4	3	472	0.00267142
6.54353	1	2	3	648	0.00245714
6.54374	1	3	3	1612	0.00267142
6.54396	1	4	3	472	0.00288571
6.54403	3	3	3	736	0.00295714
6.54403	1	5	3	106	0.00795714
6.54431	1	2	3	428	0.00224286
6.54446	1	3	3	1073	0.00238571
6.54467	1	4	3	472	0.0026
6.54489	1	5	3	340	0.00781428
6.54503	1	1	3	223	0.00795714
6.54546	1	2	3	428	0.00238571
6.5456	1	3	3	1073	0.00252857
6.54581	1	4	3	472	0.00274285
6.54646	1	2	3	428	0.00238571
6.5466	1	3	3	561	0.00252857
6.54681	1	4	3	472	0.00274285
6.54703	1	5	3	340	0.00795714
6.54746	1	2	3	428	0.00238571
6.54781	1	4	3	472	0.00274285
6.54803	1	5	3	340	0.00795714
6.54839	1	2	3	648	0.00231428
6.54881	1	4	3	472	0.00274285
6.54903	1	1	3	223	0.00795714
6.54924	3	3	3	736	0.00217143
6.54946	1	2	3	428	0.00238571
6.54981	1	4	3	472	0.00274285
6.55003	3	1	3	6544	0.00795714
6.55031	1	2	3	428	0.00224286
6.55067	1	4	3	472	0.0026
6.55089	1	5	3	340	0.00781428
6.55103	1	1	3	223	0.00795714
6.55103	3	3	3	736	0.00295714
6.55146	1	2	3	286	0.00238571
6.55167	1	4	3	210	0.0026
6.55203	1	1	3	223	0.00795714
6.55303	1	1	3	223	0.00795714
6.55403	1	5	3	106	0.00795714
6.55489	1	5	3	340	0.00781428
6.55496	3	3	3	1484	0.00288571
6.55503	1	1	3	223	0.00795714
6.55503	3	4	3	633	0.00295714
6.55703	1	5	3	340	0.00795714
6.55796	1	5	3	340	0.00788571
6.55903	1	1	3	458	0.00795714
6.56067	1	5	3	458	0.0076
6.56096	1	1	3	458	0.00788571
6.56203	1	1	3	1044	0.00795714
6.56203	3	3	3	612	0.00795714
6.56303	1	1	3	927	0.00795714
6.56403	1	5	3	927	0.00795714
6.5646	1	5	3	692	0.00752857
6.56503	1	1	3	692	0.00795714
6.56524	3	3	3	633	0.00217143
6.56603	3	4	3	6647	0.00795714
6.56703	1	5	3	340	0.00795714
6.56803	1	5	3	55	0.00795714
6.56803	3	3	3	801	0.00295714
6.56903	1	1	3	458	0.00795714
6.56903	3	1	3	531	0.00295714
6.57053	1	5	3	575	0.00745714
6.57103	1	1	3	809	0.00795714
6.57103	3	3	3	1278	0.00295714
6.57203	1	1	3	692	0.00795714
6.57303	1	1	3	927	0.00795714
6.57396	1	5	3	106	0.00788571
6.57403	1	2	3	208	0.00795714
6.57403	3	3	3	156	0.00295714
6.5746	1	5	3	692	0.00752857
6.57503	3	1	3	8205	0.00295714
6.57503	1	1	3	692	0.00795714
6.57589	1	3	3	531	0.00281428
6.57596	1	4	3	150	0.00288571
6.57696	1	5	3	692	0.00788571
6.57696	3	3	3	633	0.00288571
6.57803	1	5	3	458	0.00795714
6.57903	1	1	3	1161	0.00795714
6.57974	1	2	3	868	0.00267142
6.58003	3	4	3	736	0.00295714
6.58024	1	3	3	531	0.00217143
6.58031	1	4	3	150	0.00224286
6.58039	1	5	3	106	0.00731428
6.58081	3	3	3	633	0.00274285
6.58103	1	1	3	1044	0.00795714
6.58131	1	2	3	428	0.00224286
6.58146	1	3	3	1073	0.00238571
6.5816	1	4	3	311	0.00252857
6.58203	1	1	3	575	0.00795714
6.58203	3	3	3	170	0.00295714
6.58224	1	2	3	208	0.00217143
6.58231	1	3	3	531	0.00224286
6.58239	1	4	3	150	0.00231428
6.58303	1	1	3	927	0.00795714
6.58346	1	2	3	428	0.00238571
6.58367	1	3	3	1612	0.0026
6.58389	1	4	3	472	0.00281428
6.58403	1	5	3	223	0.00795714
6.58431	1	2	3	428	0.00224286
6.58439	1	3	3	531	0.00231428
6.58446	1	4	3	150	0.00238571
6.58474	1	5	3	458	0.00767142
6.58503	1	1	3	458	0.00795714
6.58546	1	2	3	428	0.00238571
6.58546	3	3	3	633	0.00238571
6.5856	1	3	3	1073	0.00252857
6.58581	1	4	3	472	0.00274285
6.58653	1	2	3	648	0.00245714
6.58674	1	3	3	1612	0.00267142
6.58696	1	4	3	472	0.00288571
6.58703	1	5	3	106	0.00795714
6.58753	1	2	3	648	0.00245714
6.58774	1	3	3	1258	0.00267142
6.58796	1	4	3	472	0.00288571
6.58803	1	5	3	106	0.00795714
6.58831	1	2	3	428	0.00224286
6.58867	1	4	3	472	0.0026
6.58896	3	1	3	736	0.00288571
6.58903	1	1	3	223	0.00795714
6.58903	3	3	3	633	0.00295714
6.58946	1	2	3	428	0.00238571
6.58981	1	4	3	472	0.00274285
6.59031	1	2	3	428	0.00224286
6.59067	1	4	3	472	0.0026
6.59089	1	5	3	340	0.00781428
6.59103	3	4	3	5089	0.00795714
6.59103	1	1	3	223	0.00795714
6.59131	1	2	3	428	0.00224286
6.59167	1	4	3	472	0.0026
6.59203	1	1	3	223	0.00795714
6.59246	1	2	3	868	0.00238571
6.59267	1	4	3	472	0.0026
6.59303	1	1	3	223	0.00795714
6.5936	1	2	3	436	0.00252857
6.59381	1	4	3	472	0.00274285
6.59403	3	1	3	8929	0.00295714
6.59403	1	5	3	340	0.00795714
6.59467	1	4	3	223	0.0026
6.59489	1	5	3	340	0.00781428
6.59496	3	1	3	528	0.00288571
6.59503	1	1	3	223	0.00795714
6.59503	3	3	3	326	0.00295714
6.59603	3	3	3	1278	0.00795714
6.59696	1	5	3	340	0.00788571
6.59803	1	5	3	340	0.00795714
6.59903	1	1	3	340	0.00795714
6.60081	1	5	3	340	0.00774285
6.60103	1	1	3	340	0.00795714
6.60203	1	1	3	223	0.00795714
6.60303	1	1	3	340	0.00795714
6.60403	1	5	3	809	0.00795714
6.60403	3	3	3	633	0.00295714
6.6046	1	5	3	692	0.00752857
6.60496	3	4	3	736	0.00288571
6.60503	1	1	3	692	0.00795714
6.60703	1	5	3	1161	0.00795714
6.60803	1	5	3	406	0.00795714
6.60853	1	2	3	208	0.00245714
6.6086	1	3	3	531	0.00252857
6.60867	1	4	3	150	0.0026
6.60903	1	1	3	575	0.00795714
6.60946	3	3	3	1278	0.00238571
6.61003	3	4	3	5089	0.00295714
6.61103	1	1	3	1161	0.00795714
6.61196	1	1	3	223	0.00788571
6.61303	1	1	3	458	0.00795714
6.61303	3	1	3	736	0.00295714
6.61353	1	2	3	648	0.00245714
6.61374	1	3	3	1612	0.00267142
6.61396	1	4	3	472	0.00288571
6.61431	1	2	3	428	0.00224286
6.61446	1	3	3	1073	0.00238571
6.61453	1	4	3	150	0.00245714
6.61503	1	1	3	809	0.00795714
6.61503	3	3	3	1278	0.00295714
6.61546	1	2	3	428	0.00238571
6.6156	1	3	3	1073	0.00252857
6.61581	1	4	3	472	0.00274285
6.61646	1	2	3	428	0.00238571
6.6166	1	3	3	1073	0.00252857
6.61681	1	4	3	472	0.00274285
6.61746	1	2	3	428	0.00238571
6.6176	1	3	3	1073	0.00252857
6.61781	1	4	3	472	0.00274285
6.61839	1	2	3	648	0.00231428
6.6186	1	3	3	1612	0.00252857
6.61881	1	4	3	472	0.00274285
6.61889	1	5	3	106	0.00781428
6.61903	1	1	3	223	0.00795714
6.61946	1	2	3	428	0.00238571
6.6196	1	3	3	1073	0.00252857
6.61981	1	4	3	472	0.00274285
6.62031	1	2	3	428	0.00224286
6.62046	1	3	3	1073	0.00238571
6.62067	1	4	3	472	0.0026
6.62089	1	5	3	340	0.00781428
6.62103	3	3	3	1920	0.00295714
6.62103	1	1	3	223	0.00795714
6.62131	1	2	3	428	0.00224286
6.62167	1	4	3	472	0.0026
6.62189	1	5	3	340	0.00781428
6.62203	1	1	3	223	0.00795714
6.62231	1	2	3	428	0.00224286
6.6226	1	4	3	311	0.00252857
6.62281	1	5	3	340	0.00774285
6.62296	1	1	3	223	0.00788571
6.62346	1	2	3	428	0.00238571
6.62381	1	4	3	472	0.00274285
6.62403	3	1	3	8000	0.00795714
6.62431	1	2	3	428	0.00224286
6.62467	1	4	3	472	0.0026
6.62489	1	5	3	340	0.00781428
6.62503	1	1	3	223	0.00795714
6.62503	3	4	3	736	0.00295714
6.6256	1	2	3	66	0.00252857
6.62581	1	4	3	472	0.00274285
6.62681	1	4	3	472	0.00274285
6.62703	3	3	3	627	0.00295714
6.62781	1	4	3	472	0.00274285
6.62867	1	4	3	565	0.0026
6.62889	1	5	3	340	0.00781428
6.62903	1	1	3	223	0.00795714
6.63081	1	5	3	340	0.00774285
6.63103	3	4	3	6544	0.00295714
6.63103	1	1	3	340	0.00795714
6.63181	1	5	3	340	0.00774285
6.63203	1	1	3	340	0.00795714
6.63281	1	5	3	340	0.00774285
6.63303	1	1	3	340	0.00795714
6.63403	3	3	3	633	0.00295714
6.63474	1	5	3	340	0.00767142
6.63503	1	1	3	458	0.00795714
6.63667	1	3	3	531	0.0026
6.6386	1	5	3	692	0.00752857
6.63903	1	1	3	692	0.00795714
6.64003	3	3	3	1278	0.00295714
6.64096	1	1	3	692	0.00788571
6.6416	1	1	3	692	0.00752857
6.64203	1	5	3	692	0.00895714
6.64224	1	4	3	150	0.00217143
6.6426	1	5	3	575	0.00752857
6.64303	1	1	3	692	0.00795714
6.64303	3	1	3	633	0.00795714
6.64353	1	2	3	208	0.00245714
6.64381	1	3	3	2155	0.00274285
6.6446	1	5	3	692	0.00752857
6.64503	1	1	3	692	0.00795714
6.64503	3	4	3	736	0.00295714
6.64567	1	3	3	1612	0.0026
6.64603	1	5	3	575	0.00795714
6.64603	3	3	3	1278	0.00295714
6.64674	1	3	3	2155	0.00267142
6.6476	1	3	3	1612	0.00252857
6.64781	1	4	3	472	0.00274285
6.64831	1	2	3	428	0.00224286
6.64846	1	3	3	697	0.00238571
6.64853	1	4	3	150	0.00245714
6.64874	1	5	3	225	0.00767142
6.64903	1	1	3	458	0.00795714
6.6496	1	2	3	648	0.00252857
6.65003	1	4	3	472	0.00295714
6.65031	1	2	3	428	0.00224286
6.65067	1	4	3	472	0.0026
6.65103	1	1	3	458	0.00795714
6.65131	1	2	3	428	0.00224286
6.65146	1	4	3	150	0.00238571
6.65174	1	5	3	458	0.00767142
6.65181	3	3	3	1920	0.00274285
6.65203	1	1	3	458	0.00795714
6.65231	1	2	3	428	0.00224286
6.6526	1	4	3	311	0.00252857
6.65281	1	5	3	340	0.00774285
6.65303	1	1	3	340	0.00795714
6.6536	1	2	3	648	0.00252857
6.65381	1	4	3	472	0.00274285
6.65403	3	1	3	8929	0.00795714
6.65439	1	2	3	648	0.00231428
6.6546	1	4	3	472	0.00252857
6.65481	1	5	3	340	0.00274285
6.65503	1	1	3	340	0.00795714
6.65503	3	1	3	631	0.00795714
6.65574	1	2	3	868	0.00267142
6.65596	1	4	3	472	0.00288571
6.65603	3	4	3	8000	0.00795714
6.65603	1	5	3	106	0.00795714
6.65653	1	2	3	648	0.00245714
6.65674	1	4	3	472	0.00267142
6.65696	3	3	3	627	0.00288571
6.6576	1	2	3	464	0.00252857
6.65781	1	4	3	472	0.00274285
6.6586	1	4	3	472	0.00252857
6.65881	1	5	3	340	0.00774285
6.65903	1	1	3	340	0.00795714
6.65981	1	4	3	472	0.00274285
6.66053	1	4	3	371	0.00245714
6.66103	1	1	3	458	0.00795714
6.66189	1	5	3	340	0.00781428
6.66203	1	1	3	223	0.00795714
6.66281	1	5	3	340	0.00774285
6.66303	1	1	3	340	0.00795714
6.66303	3	3	3	633	0.00295714
6.66481	1	5	3	340	0.00774285
6.66503	1	1	3	340	0.00795714
6.66603	1	5	3	340	0.00795714
6.66803	3	1	3	736	0.00295714
6.66874	1	5	3	458	0.00767142
6.66903	1	1	3	458	0.00795714
6.66903	3	3	3	1278	0.00295714
6.67103	1	1	3	1044	0.00795714
6.6716	1	5	3	692	0.00752857
6.67203	1	1	3	515	0.00795714
6.6726	1	5	3	224	0.00752857
6.67381	1	2	3	208	0.00274285
6.67389	1	3	3	531	0.00281428
6.67396	1	4	3	150	0.00288571
6.67403	3	1	3	8929	0.00295714
6.6746	1	5	3	692	0.00752857
6.67481	3	1	3	528	0.00274285
6.67496	3	3	3	1278	0.00288571
6.67503	3	4	3	736	0.00295714
6.67603	1	5	3	340	0.00795714
6.67824	1	2	3	208	0.00217143
6.67831	1	3	3	531	0.00224286
6.67839	1	4	3	150	0.00231428
6.67846	1	5	3	106	0.00738571
6.67903	1	1	3	927	0.00795714
6.67946	1	2	3	428	0.00238571
6.6796	1	3	3	1073	0.00252857
6.67981	1	4	3	472	0.00274285
6.68003	3	3	3	1113	0.00295714
6.68053	1	2	3	648	0.00245714
6.68074	1	3	3	1612	0.00267142
6.68096	1	4	3	472	0.00288571
6.68131	1	2	3	428	0.00224286
6.68153	1	3	3	1612	0.00245714
6.68174	1	4	3	472	0.00267142
6.68203	3	4	3	528	0.00295714
6.68203	1	1	3	106	0.00795714
6.68253	1	5	3	575	0.00745714
6.68303	1	1	3	809	0.00795714
6.68346	1	2	3	428	0.00238571
6.6836	1	3	3	1073	0.00252857
6.68381	1	4	3	472	0.00274285
6.68431	1	2	3	428	0.00224286
6.68446	1	3	3	1073	0.00238571
6.68467	1	4	3	472	0.0026
6.68489	1	5	3	340	0.00781428
6.68503	1	1	3	223	0.00795714
6.68539	1	2	3	648	0.00231428
6.6856	1	3	3	1612	0.00252857
6.68581	1	4	3	472	0.00274285
6.68589	1	5	3	106	0.00781428
6.68603	3	4	3	8929	0.00795714
6.68603	1	1	3	223	0.00795714
6.68646	1	2	3	428	0.00238571
6.6866	1	3	3	1073	0.00252857
6.68681	1	4	3	472	0.00274285
6.68703	1	5	3	340	0.00795714
6.68703	3	3	3	633	0.00295714
6.68746	1	2	3	428	0.00238571
6.6876	1	3	3	20	0.00252857
6.68781	1	4	3	472	0.00274285
6.68803	3	1	3	736	0.00295714
6.68831	1	2	3	428	0.00224286
6.68867	1	4	3	472	0.0026
6.68889	1	5	3	340	0.00781428
6.68903	1	1	3	223	0.00795714
6.68946	1	2	3	428	0.00238571
6.68981	1	4	3	472	0.00274285
6.69046	1	2	3	428	0.00238571
6.69081	1	4	3	472	0.00274285
6.69153	1	4	3	358	0.00245714
6.69196	1	1	3	223	0.00788571
6.69246	1	2	3	868	0.00238571
6.69289	1	5	3	340	0.00781428
6.69303	3	3	3	1278	0.00295714
6.69303	1	1	3	223	0.00795714
6.6936	1	2	3	648	0.00252857
6.69403	3	1	3	8929	0.00295714
6.69446	1	2	3	230	0.00238571
6.69489	1	5	3	340	0.00781428
6.69503	3	1	3	528	0.00295714
6.69503	1	1	3	223	0.00795714
6.69589	1	5	3	340	0.00781428
6.69603	1	1	3	223	0.00795714
6.69703	1	5	3	458	0.00795714
6.69881	1	5	3	340	0.00774285
6.69903	1	1	3	340	0.00795714
6.69903	3	3	3	1278	0.00295714
6.70003	3	4	3	633	0.00295714
6.70203	1	1	3	458	0.00795714
6.70267	1	5	3	458	0.0076
6.70296	1	1	3	458	0.00788571
6.7046	1	5	3	692	0.00752857
6.70503	1	1	3	692	0.00795714
6.70503	3	3	3	1920	0.00295714
6.7056	1	5	3	692	0.00752857
6.70603	3	4	3	8103	0.00295714
6.70603	1	1	3	692	0.00795714
6.70646	1	3	3	531	0.00238571
6.70653	1	4	3	150	0.00245714
6.70703	1	5	3	693	0.00795714
6.70803	3	1	3	736	0.00295714
6.70903	1	1	3	692	0.00795714
6.71103	3	3	3	1278	0.00295714
6.71146	1	3	3	2155	0.00238571
6.71181	1	4	3	795	0.00274285
6.71189	1	2	3	208	0.00781428
6.71203	1	1	3	223	0.00795714
6.71303	1	1	3	1396	0.00795714
6.7136	1	3	3	1612	0.00252857
6.71381	1	4	3	472	0.00274285
6.71503	1	1	3	1396	0.00795714
6.71503	3	1	3	528	0.00295714
6.71524	1	5	3	106	0.00717143
6.71603	1	1	3	1278	0.00795714
6.71646	1	2	3	428	0.00238571
6.7166	1	3	3	1073	0.00252857
6.71681	1	4	3	472	0.00274285
6.71703	3	3	3	783	0.00295714
6.71753	1	2	3	648	0.00245714
6.71774	1	3	3	1612	0.00267142
6.71831	1	2	3	428	0.00224286
6.71846	1	3	3	1073	0.00238571
6.7186	1	4	3	311	0.00252857
6.71881	1	5	3	340	0.00774285
6.71903	3	1	3	8929	0.00795714
6.71903	1	1	3	340	0.00795714
6.71946	1	2	3	428	0.00238571
6.7196	1	3	3	692	0.00252857
6.71981	1	4	3	472	0.00274285
6.72003	3	4	3	736	0.00295714
6.72046	1	2	3	428	0.00238571
6.72074	1	4	3	311	0.00267142
6.72131	1	2	3	311	0.00224286
6.72167	1	4	3	472	0.0026
6.72189	1	5	3	340	0.00781428
6.72203	1	1	3	223	0.00795714
6.72231	1	2	3	311	0.00224286
6.72267	1	4	3	472	0.0026
6.72289	1	5	3	340	0.00781428
6.72303	1	1	3	223	0.00795714
6.72303	3	3	3	633	0.00295714
6.72346	1	2	3	311	0.00238571
6.72381	1	4	3	472	0.00274285
6.72446	1	2	3	868	0.00238571
6.72467	1	4	3	472	0.0026
6.72489	1	5	3	340	0.00781428
6.72503	1	1	3	223	0.00795714
6.72546	1	2	3	868	0.00238571
6.72567	1	4	3	472	0.0026
6.72589	1	5	3	340	0.00781428
6.72603	1	1	3	223	0.00795714
6.7266	1	2	3	648	0.00252857
6.72681	1	4	3	428	0.00274285
6.72703	3	4	3	528	0.00295714
6.7276	1	2	3	648	0.00252857
6.72781	1	4	3	428	0.00274285
6.72846	1	2	3	868	0.00238571
6.72867	1	4	3	428	0.0026
6.72889	1	5	3	340	0.00781428
6.72903	3	3	3	1278	0.00295714
6.72903	1	1	3	223	0.00795714
6.7296	1	2	3	648	0.00252857
6.72981	1	4	3	428	0.00274285
6.7306	1	2	3	648	0.00252857
6.73081	1	4	3	257	0.00274285
6.73103	3	4	3	8929	0.00795714
6.73139	1	2	3	71	0.00231428
6.73181	1	5	3	340	0.00774285
6.73203	1	1	3	340	0.00795714
6.73281	1	5	3	340	0.00774285
6.73303	1	1	3	340	0.00795714
6.73303	3	1	3	633	0.00295714
6.73481	1	5	3	340	0.00774285
6.73503	1	1	3	340	0.00795714
6.73503	3	3	3	1278	0.00295714
6.73581	1	5	3	340	0.00774285
6.73603	1	1	3	340	0.00795714
6.73881	1	5	3	340	0.00774285
6.73903	3	1	3	3736	0.00295714
6.73903	1	1	3	340	0.00795714
6.7416	1	5	3	575	0.00752857
6.74203	1	1	3	439	0.00795714
6.7426	1	5	3	692	0.00752857
6.74331	1	2	3	208	0.00224286
6.74339	1	3	3	633	0.00231428
6.74346	1	4	3	135	0.00238571
6.7446	1	5	3	692	0.00752857
6.74503	1	1	3	692	0.00795714
6.74567	1	5	3	809	0.0076
6.74603	1	1	3	575	0.00795714
6.74603	3	3	3	1920	0.00795714
6.74824	1	2	3	208	0.00217143
6.74831	1	3	3	633	0.00224286
6.74839	1	4	3	135	0.00231428
6.74896	1	5	3	927	0.00788571
6.74903	1	1	3	106	0.00795714
6.74946	1	2	3	428	0.00238571
6.74981	1	4	3	428	0.00274285
6.75003	3	4	3	633	0.00295714
6.75046	1	2	3	428	0.00238571
6.7506	1	3	3	1278	0.00252857
6.75081	1	4	3	428	0.00274285
6.7516	1	5	3	692	0.00752857
6.75203	1	1	3	692	0.00795714
6.75203	3	3	3	1278	0.00295714
6.7526	1	5	3	395	0.00752857
6.75303	1	1	3	692	0.00795714
6.7536	1	2	3	648	0.00252857
6.75403	1	4	3	428	0.00295714
6.75431	1	2	3	428	0.00224286
6.75453	1	4	3	428	0.00245714
6.75489	1	3	3	1278	0.00781428
6.75503	1	1	3	223	0.00795714
6.75531	1	2	3	428	0.00224286
6.75546	1	3	3	1278	0.00238571
6.75567	1	4	3	428	0.0026
6.75589	1	5	3	340	0.00781428
6.75603	3	4	3	7701	0.00295714
6.75603	1	1	3	223	0.00795714
6.75653	1	2	3	648	0.00245714
6.75674	1	3	3	1728	0.00267142
6.75696	1	4	3	428	0.00288571
6.75746	1	2	3	428	0.00238571
6.75781	1	4	3	428	0.00274285
6.75789	3	1	3	736	0.00281428
6.75803	3	3	3	1278	0.00295714
6.75831	1	2	3	428	0.00224286
6.75846	1	4	3	282	0.00238571
6.75881	1	3	3	1920	0.00774285
6.75903	1	1	3	340	0.00795714
6.75946	1	2	3	428	0.00238571
6.75981	1	4	3	428	0.00274285
6.76046	1	2	3	428	0.00238571
6.76081	1	4	3	428	0.00274285
6.76146	1	2	3	868	0.00238571
6.76167	1	4	3	428	0.0026
6.76203	3	4	3	1860	0.00795714
6.76203	1	1	3	223	0.00795714
6.76246	1	2	3	868	0.00238571
6.76267	1	4	3	428	0.0026
6.76274	3	1	3	5089	0.00267142
6.76289	1	5	3	340	0.00781428
6.76303	1	1	3	223	0.00795714
6.76367	1	2	3	648	0.0026
6.76389	1	4	3	428	0.00281428
6.76403	3	3	3	1278	0.00295714
6.76403	1	5	3	223	0.00795714
6.76446	1	2	3	868	0.00238571
6.76467	1	4	3	428	0.0026
6.76489	1	5	3	340	0.00781428
6.76503	1	1	3	223	0.00795714
6.76546	1	2	3	868	0.00238571
6.76567	1	4	3	428	0.0026
6.76589	1	5	3	340	0.00781428
6.76603	1	1	3	223	0.00795714
6.7666	1	2	3	472	0.00252857
6.76681	1	4	3	428	0.00274285
6.76703	1	5	3	340	0.00795714
6.7676	1	2	3	500	0.00252857
6.76781	1	4	3	428	0.00274285
6.76853	1	4	3	428	0.00245714
6.76903	1	1	3	458	0.00795714
6.76981	1	4	3	428	0.00274285
6.76996	3	3	3	1920	0.00288571
6.77003	3	4	3	633	0.00295714
6.77081	1	4	3	428	0.00274285
6.77146	1	4	3	96	0.00238571
6.77196	1	1	3	340	0.00788571
6.77281	1	5	3	340	0.00774285
6.77303	1	1	3	340	0.00795714
6.77403	1	5	3	340	0.00795714
6.77481	1	5	3	340	0.00774285
6.77503	1	1	3	340	0.00795714
6.77503	3	3	3	609	0.00295714
6.77539	3	1	3	736	0.00231428
6.77581	1	5	3	340	0.00774285
6.77603	3	4	3	5775	0.00295714
6.77603	1	1	3	340	0.00795714
6.77703	1	5	3	458	0.00795714
6.77903	1	1	3	458	0.00795714
6.78103	3	1	3	5089	0.00295714
6.78203	1	1	3	927	0.00795714
6.78203	3	4	3	3785	0.00295714
6.78231	1	4	3	135	0.00224286
6.78296	1	1	3	692	0.00788571
6.78303	3	3	3	633	0.00295714
6.7836	1	2	3	208	0.00252857
6.78403	1	5	3	692	0.00895714
6.78503	1	5	3	927	0.00895714
6.7856	1	5	3	394	0.00852857
6.78603	1	1	3	692	0.00895714
6.78703	1	5	3	458	0.00795714
6.78774	1	4	3	575	0.00267142
6.78796	1	5	3	286	0.00788571
6.78803	1	3	3	633	0.00795714
6.78839	1	2	3	648	0.00231428
6.7886	1	4	3	428	0.00252857
6.78903	1	1	3	575	0.00795714
6.78903	3	3	3	1278	0.00295714
6.78946	1	2	3	868	0.00238571
6.78974	1	4	3	575	0.00267142
6.79003	1	1	3	458	0.00795714
6.79003	3	4	3	633	0.00295714
6.79074	1	2	3	868	0.00267142
6.79103	1	4	3	575	0.00295714
6.79131	1	2	3	428	0.00224286
6.79146	1	4	3	282	0.00238571
6.79203	1	1	3	927	0.00795714
6.79246	1	2	3	868	0.00238571
6.79267	1	4	3	428	0.0026
6.79303	1	1	3	458	0.00795714
6.79353	1	2	3	648	0.00245714
6.79374	1	3	3	1612	0.00267142
6.79396	1	4	3	428	0.00288571
6.79403	1	5	3	106	0.00795714
6.7946	1	2	3	648	0.00252857
6.79481	1	3	3	1612	0.00274285
6.79503	1	4	3	428	0.00295714
6.79531	1	2	3	428	0.00224286
6.79553	1	3	3	1612	0.00245714
6.79574	1	4	3	428	0.00267142
6.79603	1	1	3	458	0.00795714
6.7966	1	2	3	648	0.00252857
6.79681	1	3	3	1612	0.00274285
6.79703	1	4	3	428	0.00295714
6.79767	1	2	3	648	0.0026
6.79789	1	3	3	1612	0.00281428
6.79796	1	5	3	106	0.00788571
6.79846	1	2	3	633	0.00238571
6.79867	1	3	3	55	0.0026
6.79889	1	4	3	428	0.00281428
6.79903	1	1	3	223	0.00795714
6.79931	1	2	3	311	0.00224286
6.7996	1	4	3	282	0.00252857
6.79996	3	3	3	1278	0.00788571
6.80003	1	1	3	340	0.00795714
6.80003	3	1	3	736	0.00795714
6.80046	1	2	3	311	0.00238571
6.80074	1	4	3	282	0.00267142
6.80096	1	5	3	340	0.00288571
6.80103	3	4	3	7701	0.00795714
6.80131	1	2	3	428	0.00224286
6.8016	1	4	3	282	0.00252857
6.80203	3	4	3	1860	0.00795714
6.80203	1	1	3	340	0.00795714
6.80231	1	2	3	175	0.00224286
6.80253	1	4	3	282	0.00245714
6.80303	1	1	3	458	0.00795714
6.80381	1	4	3	428	0.00274285
6.80439	1	1	3	340	0.00231428
6.80481	1	4	3	428	0.00274285
6.80503	3	3	3	2545	0.00295714
6.80503	1	5	3	340	0.00795714
6.80567	1	4	3	194	0.0026
6.80603	3	1	3	6544	0.00295714
6.80603	1	1	3	223	0.00795714
6.80703	1	5	3	340	0.00795714
6.80803	1	5	3	340	0.00795714
6.80881	1	5	3	340	0.00774285
6.80903	1	1	3	340	0.00795714
6.81103	1	5	3	340	0.00795714
6.81203	1	1	3	458	0.00795714
6.81303	1	1	3	458	0.00795714
6.81303	3	3	3	633	0.00295714
6.81467	1	5	3	575	0.0076
6.81503	1	1	3	575	0.00795714
6.81503	3	4	3	633	0.00295714
6.81603	1	1	3	1044	0.00795714
6.81696	1	5	3	927	0.00788571
6.81803	1	5	3	927	0.00795714
6.8186	1	5	3	692	0.00752857
6.81903	1	1	3	159	0.00795714
6.81903	3	3	3	1278	0.00295714
6.82103	3	4	3	3736	0.00295714
6.82103	1	5	3	340	0.00795714
6.82281	1	3	3	531	0.00274285
6.82289	1	4	3	135	0.00281428
6.82489	1	5	3	458	0.00781428
6.82489	3	1	3	736	0.00281428
6.82503	3	3	3	1278	0.00295714
6.8256	1	2	3	208	0.00252857
6.82703	1	5	3	106	0.00795714
6.8276	1	3	3	1920	0.00252857
6.82781	1	4	3	428	0.00274285
6.82903	1	5	3	913	0.00795714
6.82974	1	3	3	2562	0.00267142
6.83003	1	4	3	575	0.00295714
6.83031	1	2	3	428	0.00224286
6.83046	1	3	3	1278	0.00238571
6.83053	1	4	3	135	0.00245714
6.83096	1	5	3	692	0.00788571
6.83103	3	3	3	1920	0.00295714
6.83103	1	1	3	106	0.00795714
6.83153	1	2	3	648	0.00245714
6.83174	1	3	3	1920	0.00267142
6.83196	1	4	3	428	0.00288571
6.83231	1	2	3	428	0.00224286
6.83246	1	3	3	534	0.00238571
6.8326	1	4	3	282	0.00252857
6.83281	1	5	3	340	0.00774285
6.83303	1	1	3	340	0.00795714
6.83346	1	2	3	428	0.00238571
6.83381	1	4	3	428	0.00274285
6.83431	1	2	3	428	0.00224286
6.8346	1	4	3	282	0.00252857
6.83503	3	1	3	5089	0.00795714
6.83503	1	1	3	458	0.00795714
6.83546	1	2	3	428	0.00238571
6.83581	1	4	3	428	0.00274285
6.83646	1	2	3	868	0.00238571
6.83674	1	4	3	428	0.00267142
6.83681	1	5	3	106	0.00774285
6.83696	1	1	3	223	0.00788571
6.83703	3	3	3	627	0.00295714
6.8376	1	2	3	648	0.00252857
6.83781	1	4	3	428	0.00274285
6.83846	1	2	3	868	0.00238571
6.83867	1	4	3	428	0.0026
6.83889	1	5	3	340	0.00781428
6.83903	1	1	3	223	0.00795714
6.83953	1	2	3	648	0.00245714
6.83974	1	4	3	428	0.00267142
6.83989	1	5	3	223	0.00781428
6.84046	1	2	3	868	0.00238571
6.84067	1	4	3	428	0.0026
6.84089	1	5	3	340	0.00781428
6.84103	1	1	3	223	0.00795714
6.8416	1	2	3	648	0.00252857
6.84181	1	4	3	428	0.00274285
6.84239	1	2	3	648	0.00231428
6.8426	1	4	3	472	0.00252857
6.84281	1	5	3	340	0.00774285
6.84303	1	1	3	340	0.00795714
6.84303	3	3	3	633	0.00295714
6.8436	1	2	3	648	0.00252857
6.84381	1	4	3	472	0.00274285
6.84446	1	2	3	868	0.00238571
6.84467	1	4	3	428	0.0026
6.84496	3	4	3	633	0.0128857
6.84503	1	1	3	223	0.00795714
6.8456	1	2	3	516	0.00252857
6.84581	1	4	3	428	0.00274285
6.8466	1	4	3	428	0.00252857
6.84681	1	5	3	340	0.00774285
6.84703	1	1	3	340	0.00795714
6.84781	1	4	3	428	0.00274285
6.8486	1	4	3	428	0.00252857
6.84881	1	5	3	340	0.00774285
6.84896	3	3	3	1278	0.00288571
6.84903	1	1	3	340	0.00795714
6.84924	3	1	3	736	0.00217143
6.85003	3	4	3	5192	0.00295714
6.85003	1	5	3	340	0.00795714
6.85081	1	5	3	340	0.00774285
6.85103	1	1	3	340	0.00795714
6.85281	1	5	3	340	0.00774285
6.85303	1	1	3	340	0.00795714
6.85403	3	3	3	1278	0.00295714
6.85503	3	1	3	5089	0.00295714
6.85503	1	1	3	340	0.00795714
6.85674	1	5	3	340	0.00767142
6.85703	1	1	3	458	0.00795714
6.8586	1	5	3	692	0.00752857
6.85903	1	1	3	102	0.00795714
6.86003	1	5	3	1044	0.00795714
6.86003	3	3	3	1920	0.00295714
6.8606	1	5	3	692	0.00752857
6.86167	1	2	3	208	0.0026
6.86174	1	3	3	633	0.00267142
6.86403	1	5	3	343	0.00895714
6.86403	3	4	3	531	0.00295714
6.86496	1	4	3	135	0.00288571
6.86603	3	3	3	627	0.00295714
6.86646	1	2	3	868	0.00238571
6.86674	1	3	3	2562	0.00267142
6.8676	1	2	3	1308	0.00252857
6.86796	1	3	3	3204	0.00288571
6.8686	1	2	3	1308	0.00252857
6.86903	1	3	3	2341	0.00295714
6.86946	1	2	3	868	0.00238571
6.86981	1	4	3	428	0.00274285
6.87003	3	4	3	5294	0.00295714
6.87046	1	2	3	868	0.00238571
6.87074	1	4	3	575	0.00267142
6.87139	1	2	3	648	0.00231428
6.87181	1	4	3	428	0.00274285
6.87246	1	2	3	868	0.00238571
6.87296	1	4	3	428	0.00288571
6.87303	3	3	3	633	0.00295714
6.87303	1	5	3	106	0.00795714
6.87346	1	2	3	868	0.00238571
6.87381	1	4	3	575	0.00274285
6.87403	3	1	3	736	0.00295714
6.87446	1	2	3	868	0.00238571
6.87481	1	4	3	721	0.00274285
6.87503	1	5	3	340	0.00795714
6.87546	1	2	3	868	0.00238571
6.87574	1	4	3	575	0.00267142
6.87603	1	5	3	458	0.00795714
6.87646	1	2	3	666	0.00238571
6.87681	1	4	3	721	0.00274285
6.87703	1	5	3	340	0.00795714
6.87881	1	4	3	721	0.00274285
6.87903	1	5	3	340	0.00795714
6.87903	3	3	3	1278	0.00295714
6.87974	1	4	3	575	0.00267142
6.88003	3	1	3	6544	0.00295714
6.88074	1	4	3	575	0.00267142
6.8816	1	4	3	868	0.00252857
6.88281	1	4	3	1308	0.00274285
6.88303	1	5	3	340	0.00795714
6.8836	1	4	3	868	0.00252857
6.88474	1	4	3	728	0.00267142
6.88496	3	3	3	1278	0.00288571
6.88503	1	5	3	458	0.00795714
6.88503	3	4	3	531	0.00295714
6.88603	1	5	3	340	0.00795714
6.88703	1	5	3	692	0.00795714
6.88903	1	5	3	692	0.00795714
6.89003	3	3	3	1920	0.00295714
6.89103	3	4	3	6475	0.00295714
6.89203	3	4	3	276	0.00295714
6.89303	1	5	3	692	0.00795714
6.89503	1	5	3	952	0.00795714
6.89603	3	3	3	627	0.00295714
6.89903	1	5	3	1396	0.00795714
6.89981	1	2	3	208	0.00274285
6.89989	1	3	3	633	0.00281428
6.89996	1	4	3	135	0.00288571
6.90003	3	1	3	736	0.00295714
6.90203	1	5	3	38	0.00795714
6.90203	3	3	3	633	0.00295714
6.90446	1	2	3	868	0.00238571
6.90474	1	3	3	2562	0.00267142
6.90496	1	4	3	428	0.00288571
6.90503	3	4	3	531	0.00295714
6.90503	1	5	3	106	0.00795714
6.90546	1	2	3	868	0.00238571
6.90574	1	3	3	2562	0.00267142
6.90596	1	4	3	428	0.00288571
6.90603	1	5	3	106	0.00795714
6.90646	1	2	3	868	0.00238571
6.90674	1	3	3	2562	0.00267142
6.90696	1	4	3	428	0.00288571
6.90746	1	2	3	868	0.00238571
6.90767	1	3	3	1879	0.0026
6.90789	1	4	3	428	0.00281428
6.90796	1	5	3	106	0.00788571
6.90803	3	3	3	1278	0.00295714
6.90803	1	1	3	106	0.00795714
6.90846	1	2	3	868	0.00238571
6.90881	1	4	3	428	0.00274285
6.90939	1	2	3	648	0.00231428
6.90981	1	4	3	428	0.00274285
6.91039	1	2	3	648	0.00231428
6.91081	1	4	3	428	0.00274285
6.91103	3	1	3	8000	0.00795714
6.91146	1	2	3	868	0.00238571
6.91196	1	4	3	428	0.00288571
6.91203	1	5	3	106	0.00795714
6.91246	1	2	3	868	0.00238571
6.91274	1	4	3	575	0.00267142
6.9136	1	2	3	648	0.00252857
6.91381	1	4	3	428	0.00274285
6.91403	1	5	3	340	0.00795714
6.91403	3	3	3	1278	0.00295714
6.9146	1	2	3	648	0.00252857
6.91481	1	4	3	428	0.00274285
6.91503	1	5	3	340	0.00795714
6.9156	1	2	3	648	0.00252857
6.91581	1	4	3	428	0.00274285
6.91603	1	5	3	340	0.00795714
6.91674	1	2	3	694	0.00267142
6.91696	1	4	3	428	0.00288571
6.91703	3	4	3	5294	0.00795714
6.91774	1	4	3	428	0.00267142
6.91803	1	5	3	458	0.00795714
6.9186	1	4	3	428	0.00252857
6.91903	1	1	3	340	0.00795714
6.9196	1	4	3	428	0.00252857
6.92003	3	3	3	1920	0.00295714
6.92003	1	1	3	340	0.00795714
6.9206	1	4	3	428	0.00252857
6.92103	1	1	3	340	0.00795714
6.92146	1	4	3	575	0.00238571
6.92203	1	1	3	458	0.00795714
6.92253	1	4	3	721	0.00245714
6.92303	1	1	3	223	0.00795714
6.92381	1	4	3	721	0.00274285
6.92403	1	5	3	340	0.00795714
6.92481	1	4	3	659	0.00274285
6.92496	3	1	3	633	0.00288571
6.92503	1	5	3	340	0.00795714
6.92603	1	5	3	340	0.00795714
6.92603	3	3	3	627	0.00295714
6.92703	1	5	3	458	0.00795714
6.92803	1	5	3	575	0.00795714
6.92903	1	1	3	458	0.00795714
6.93003	3	1	3	8929	0.00295714
6.93003	1	1	3	458	0.00795714
6.93096	3	1	3	631	0.00288571
6.93103	1	1	3	458	0.00795714
6.93103	3	4	3	531	0.00295714
6.93196	1	1	3	458	0.00788571
6.93203	3	3	3	633	0.00295714
6.93303	1	1	3	458	0.00795714
6.93403	1	5	3	458	0.00795714
6.93503	1	5	3	927	0.00795714
6.93603	1	5	3	927	0.00795714
6.93703	3	4	3	5294	0.00295714
6.93703	1	5	3	809	0.00795714
6.93803	1	5	3	116	0.00795714
6.93903	1	1	3	927	0.00795714
6.94003	1	1	3	458	0.00795714
6.94103	1	1	3	458	0.00795714
6.94203	1	1	3	575	0.00795714
6.94296	1	1	3	458	0.00788571
6.94303	3	3	3	1278	0.00795714
6.94403	1	5	3	458	0.00795714
6.94403	3	1	3	736	0.00295714
6.94781	1	2	3	208	0.00274285
6.94789	1	3	3	633	0.00281428
6.94796	1	4	3	135	0.00288571
6.94803	1	5	3	106	0.00795714
6.94903	1	1	3	927	0.00795714
6.94903	3	3	3	2389	0.00295714
6.9496	1	5	3	692	0.00752857
6.95003	3	1	3	8000	0.00295714
6.95003	1	1	3	692	0.00795714
6.9506	1	5	3	692	0.00752857
6.95103	1	1	3	692	0.00795714
6.95103	3	4	3	531	0.00295714
6.95124	1	5	3	106	0.00717143
6.95203	1	1	3	1278	0.00795714
6.95224	1	2	3	208	0.00217143
6.95231	1	3	3	633	0.00224286
6.95239	1	4	3	135	0.00231428
6.95303	1	1	3	927	0.00795714
6.95346	1	2	3	428	0.00238571
6.9536	1	3	3	1278	0.00252857
6.95381	1	4	3	428	0.00274285
6.95446	1	2	3	428	0.00238571
6.9546	1	3	3	1278	0.00252857
6.95481	1	4	3	428	0.00274285
6.95503	3	3	3	633	0.00295714
6.95546	1	2	3	428	0.00238571
6.9556	1	3	3	1278	0.00252857
6.95581	1	4	3	428	0.00274285
6.95646	1	2	3	428	0.00238571
6.9566	1	3	3	1278	0.00252857
6.95681	1	4	3	428	0.00274285
6.95767	1	2	3	648	0.0026
6.95789	1	3	3	1920	0.00281428
6.95796	1	5	3	106	0.00788571
6.95831	1	2	3	428	0.00224286
6.95846	1	3	3	1278	0.00238571
6.95867	1	4	3	428	0.0026
6.95889	1	5	3	340	0.00781428
6.95903	1	1	3	223	0.00795714
6.95931	1	2	3	428	0.00224286
6.95946	1	3	3	632	0.00238571
6.95967	1	4	3	428	0.0026
6.95989	1	5	3	340	0.00781428
6.96003	1	1	3	223	0.00795714
6.96031	1	2	3	428	0.00224286
6.9606	1	4	3	282	0.00252857
6.96081	1	5	3	340	0.00774285
6.96096	1	1	3	223	0.00788571
6.96103	3	3	3	1278	0.00295714
6.96131	1	2	3	428	0.00224286
6.96167	1	4	3	428	0.0026
6.96189	1	5	3	340	0.00781428
6.96203	3	4	3	6475	0.00795714
6.96203	1	1	3	223	0.00795714
6.96231	1	2	3	428	0.00224286
6.9626	1	4	3	282	0.00252857
6.96303	1	1	3	458	0.00795714
6.96303	3	4	3	276	0.00795714
6.96346	1	2	3	428	0.00238571
6.96381	1	4	3	428	0.00274285
6.96396	3	1	3	736	0.00288571
6.9646	1	2	3	648	0.00252857
6.96481	1	4	3	428	0.00274285
6.9656	1	2	3	648	0.00252857
6.96581	1	4	3	428	0.00274285
6.9666	1	2	3	648	0.00252857
6.96681	1	4	3	428	0.00274285
6.96703	3	3	3	1278	0.00295714
6.96767	1	2	3	648	0.0026
6.96789	1	4	3	428	0.00281428
6.96803	1	5	3	223	0.00795714
6.96846	1	2	3	868	0.00238571
6.96867	1	4	3	428	0.0026
6.96889	1	5	3	340	0.00781428
6.96903	3	1	3	8929	0.00295714
6.96903	1	1	3	223	0.00795714
6.96939	1	2	3	648	0.00231428
6.9696	1	4	3	428	0.00252857
6.96981	1	5	3	340	0.00774285
6.97003	3	1	3	528	0.00295714
6.97003	1	1	3	340	0.00795714
6.97039	1	2	3	648	0.00231428
6.9706	1	4	3	428	0.00252857
6.97081	1	5	3	340	0.00774285
6.97103	1	1	3	340	0.00795714
6.97139	1	2	3	132	0.00231428
6.9716	1	4	3	428	0.00252857
6.97181	1	5	3	340	0.00774285
6.97203	1	1	3	340	0.00795714
6.97253	1	4	3	428	0.00245714
6.97303	1	1	3	458	0.00795714
6.97303	3	3	3	1920	0.00295714
6.97381	1	4	3	428	0.00274285
6.97481	1	4	3	242	0.00274285
6.97603	3	4	3	531	0.00295714
6.97803	1	5	3	340	0.00795714
6.97881	1	5	3	340	0.00774285
6.97903	1	1	3	340	0.00795714
6.97903	3	3	3	1278	0.00295714
6.97981	1	5	3	340	0.00774285
6.98003	1	1	3	340	0.00795714
6.98074	1	5	3	340	0.00767142
6.98103	1	1	3	458	0.00795714
6.98174	1	5	3	340	0.00767142
6.98203	3	4	3	6475	0.00295714
6.98203	1	1	3	406	0.00795714
6.98246	3	1	3	736	0.00238571
6.98303	3	4	3	1732	0.00295714
6.98503	3	3	3	783	0.00295714
6.98624	1	2	3	208	0.00217143
6.98631	1	3	3	633	0.00224286
6.98639	1	4	3	135	0.00231428
6.98774	3	1	3	5951	0.00267142
6.98803	1	5	3	927	0.00795714
6.9886	1	5	3	692	0.00752857
6.98903	3	1	3	3506	0.00295714
6.99003	1	5	3	1396	0.00795714
6.99103	1	5	3	252	0.00795714
6.99124	1	2	3	208	0.00217143
6.99131	1	3	3	633	0.00224286
6.99139	1	4	3	135	0.00231428
6.99203	3	3	3	633	0.00295714
6.99239	1	2	3	648	0.00231428
6.9926	1	3	3	1920	0.00252857
6.99281	1	4	3	428	0.00274285
6.99346	1	2	3	868	0.00238571
6.99374	1	3	3	2562	0.00267142
6.99403	1	4	3	575	0.00295714
6.99446	1	2	3	868	0.00238571
6.99474	1	3	3	2562	0.00267142
6.99496	1	4	3	428	0.00288571
6.99539	1	2	3	428	0.00231428
6.9956	1	3	3	1890	0.00252857
6.99581	1	4	3	428	0.00274285
6.99646	1	2	3	868	0.00238571
6.99696	1	4	3	428	0.00288571
6.99703	3	4	3	428	0.00295714
6.99739	1	2	3	286	0.00231428
6.99781	1	4	3	340	0.00274285
6.99803	1	5	3	340	0.00795714
6.99803	3	3	3	1278	0.00295714
6.99881	1	4	3	428	0.00274285
6.99996	1	4	3	428	0.00288571
7.00003	1	5	3	106	0.00795714
7.00074	1	4	3	575	0.00267142
7.00096	1	5	3	340	0.00788571
7.00103	3	1	3	736	0.00295714
7.00103	1	1	3	106	0.00795714
7.00167	1	4	3	721	0.0026
7.00267	1	4	3	1015	0.0026
7.00303	3	4	3	5250	0.00295714
7.00381	1	4	3	1308	0.00274285
7.00403	3	4	3	4374	0.00295714
7.00403	1	5	3	340	0.00795714
7.0046	1	4	3	868	0.00252857
7.00496	3	4	3	144	0.00288571
7.0056	1	4	3	868	0.00252857
7.00667	1	4	3	428	0.0026
7.00703	3	1	3	8929	0.00295714
7.00703	1	5	3	575	0.00795714
7.00767	1	4	3	428	0.0026
7.00803	1	5	3	575	0.00795714
7.00803	3	1	3	528	0.00295714
7.00874	1	4	3	264	0.00267142
7.00896	3	3	3	1278	0.00788571
7.01003	1	5	3	692	0.00795714
7.01103	1	5	3	692	0.00795714
7.01196	1	1	3	458	0.00788571
7.01303	1	1	3	458	0.00795714
7.01374	1	5	3	458	0.00767142
7.01403	3	3	3	2545	0.00295714
7.01403	1	1	3	458	0.00795714
7.01503	1	1	3	340	0.00795714
7.01603	1	1	3	340	0.00795714
7.01703	1	5	3	340	0.00795714
7.01803	1	5	3	692	0.00795714
7.01803	3	4	3	633	0.00295714
7.02003	1	5	3	600	0.00795714
7.02103	3	1	3	736	0.00295714
7.02124	1	2	3	208	0.00217143
7.02131	1	3	3	633	0.00224286
7.02203	1	1	3	1044	0.00795714
7.02203	3	3	3	633	0.00295714
7.02296	1	1	3	692	0.00788571
7.02403	3	4	3	7701	0.00295714
7.02403	1	1	3	692	0.00795714
7.02503	3	4	3	404	0.00295714
7.02503	1	1	3	575	0.00795714
7.02603	1	1	3	1161	0.00795714
7.02674	1	2	3	868	0.00267142
7.02696	1	3	3	1920	0.00288571
7.02703	1	5	3	106	0.00795714
7.0276	1	2	3	648	0.00252857
7.02781	1	3	3	1920	0.00274285
7.02803	3	3	3	1278	0.00295714
7.0286	1	2	3	648	0.00252857
7.02881	1	3	3	1920	0.00274285
7.02974	1	2	3	868	0.00267142
7.02996	1	3	3	1920	0.00288571
7.03003	1	5	3	106	0.00795714
7.0306	1	2	3	648	0.00252857
7.03081	1	3	3	1888	0.00274285
7.03089	1	4	3	135	0.00281428
7.03103	1	5	3	223	0.00795714
7.03131	1	2	3	428	0.00224286
7.03203	3	1	3	9455	0.00795714
7.03203	1	1	3	458	0.00795714
7.03239	1	2	3	648	0.00231428
7.03281	1	5	3	340	0.00774285
7.03303	1	1	3	340	0.00795714
7.03339	1	2	3	648	0.00231428
7.03381	1	5	3	340	0.00774285
7.03403	1	1	3	340	0.00795714
7.03403	3	3	3	1073	0.00295714
7.03431	1	2	3	230	0.00224286
7.03503	1	1	3	458	0.00795714
7.0356	1	4	3	428	0.00252857
7.03603	1	1	3	340	0.00795714
7.03681	1	4	3	428	0.00274285
7.03703	1	5	3	340	0.00795714
7.03881	1	4	3	428	0.00274285
7.03981	1	4	3	721	0.00274285
7.04003	3	3	3	1612	0.00295714
7.04003	1	5	3	340	0.00795714
7.04074	1	4	3	575	0.00267142
7.04096	1	5	3	340	0.00788571
7.04146	1	4	3	575	0.00238571
7.04203	1	1	3	340	0.00795714
7.04253	1	4	3	721	0.00245714
7.04274	1	5	3	340	0.00767142
7.04303	1	1	3	458	0.00795714
7.04303	3	4	3	633	0.00795714
7.04353	1	4	3	721	0.00245714
7.04374	1	5	3	340	0.00767142
7.04403	1	1	3	458	0.00795714
7.04446	1	4	3	575	0.00238571
7.04503	1	1	3	458	0.00795714
7.04546	1	4	3	537	0.00238571
7.04603	1	1	3	258	0.00795714
7.04703	1	5	3	575	0.00795714
7.05003	1	5	3	458	0.00795714
7.05081	3	1	3	736	0.00274285
7.05103	1	5	3	458	0.00795714
7.05103	3	3	3	1140	0.00795714
7.05203	3	3	3	531	0.00295714
7.05303	1	5	3	692	0.00795714
7.05403	3	4	3	7701	0.00795714
7.05403	1	5	3	692	0.00795714
7.05503	3	4	3	1860	0.00795714
7.05696	1	5	3	927	0.00788571
7.05696	3	3	3	1920	0.00288571
7.05724	1	2	3	208	0.00217143
7.05731	1	3	3	633	0.00224286
7.05739	1	4	3	135	0.00231428
7.05803	3	3	3	417	0.00295714
7.06003	1	5	3	575	0.00795714
7.06103	3	1	3	3633	0.00795714
7.06203	3	3	3	633	0.00295714
7.06224	1	2	3	208	0.00217143
7.06231	1	3	3	633	0.00224286
7.06303	1	5	3	1044	0.00795714
7.06331	1	2	3	428	0.00224286
7.06346	1	3	3	1278	0.00238571
7.06353	1	4	3	135	0.00245714
7.06403	1	5	3	390	0.00795714
7.06453	1	2	3	868	0.00245714
7.06481	1	3	3	1830	0.00274285
7.06503	1	4	3	428	0.00295714
7.0656	1	2	3	1308	0.00252857
7.06603	1	4	3	868	0.00295714
7.0666	1	2	3	1308	0.00252857
7.06696	1	4	3	721	0.00288571
7.06703	3	3	3	633	0.00295714
7.0676	1	2	3	1308	0.00252857
7.06803	3	4	3	531	0.00295714
7.06803	1	4	3	135	0.00795714
7.06846	1	2	3	202	0.00238571
7.06903	1	4	3	458	0.00295714
7.06989	1	4	3	575	0.00281428
7.07003	1	1	3	106	0.00795714
7.07103	1	4	3	692	0.00295714
7.07203	1	4	3	692	0.00295714
7.07267	1	4	3	692	0.0026
7.07303	3	3	3	170	0.00795714
7.07324	3	3	3	106	0.00217143
7.0736	1	4	3	315	0.00252857
7.07403	3	4	3	5936	0.00295714
7.07503	3	4	3	3726	0.00295714
7.07503	1	5	3	106	0.00795714
7.07803	1	5	3	575	0.00795714
7.07903	1	5	3	692	0.00795714
7.07903	3	3	3	1612	0.00295714
7.08003	3	1	3	868	0.00795714
7.08067	1	5	3	223	0.0076
7.08103	1	1	3	575	0.00795714
7.08203	1	1	3	692	0.00795714
7.08303	1	1	3	458	0.00795714
7.08403	1	1	3	692	0.00795714
7.08503	1	1	3	1396	0.00795714
7.08603	3	3	3	1920	0.00295714
7.08703	1	5	3	692	0.00795714
7.08803	1	5	3	927	0.00795714
7.08803	3	4	3	531	0.00295714
7.08846	1	2	3	208	0.00238571
7.08853	1	3	3	633	0.00245714
7.0886	1	4	3	106	0.00252857
7.08903	1	5	3	692	0.00795714
7.0906	1	5	3	403	0.00752857
7.09103	3	1	3	4957	0.00795714
7.09103	1	1	3	692	0.00795714
7.09196	1	1	3	692	0.00788571
7.09203	3	3	3	1073	0.00295714
7.09303	1	1	3	458	0.00795714
7.09331	1	2	3	428	0.00224286
7.09346	1	3	3	1278	0.00238571
7.0936	1	4	3	223	0.00252857
7.09403	3	4	3	6475	0.00295714
7.09403	1	1	3	340	0.00795714
7.0946	1	5	3	692	0.00752857
7.09503	3	4	3	3187	0.00295714
7.09503	1	1	3	692	0.00795714
7.09546	1	2	3	428	0.00238571
7.0956	1	3	3	1278	0.00252857
7.09581	1	4	3	340	0.00274285
7.09653	1	2	3	648	0.00245714
7.09674	1	3	3	1920	0.00267142
7.09696	1	4	3	340	0.00288571
7.09703	1	5	3	106	0.00795714
7.09731	1	2	3	208	0.00224286
7.09739	1	3	3	633	0.00231428
7.09746	1	4	3	106	0.00238571
7.09803	1	5	3	638	0.00795714
7.09803	3	3	3	1025	0.00295714
7.09846	1	2	3	428	0.00238571
7.0986	1	3	3	92	0.00252857
7.09881	1	4	3	340	0.00274285
7.09903	1	5	3	340	0.00795714
7.09946	1	2	3	428	0.00238571
7.09981	1	4	3	340	0.00274285
7.10031	1	2	3	428	0.00224286
7.10067	1	4	3	340	0.0026
7.10089	1	5	3	340	0.00781428
7.10103	1	1	3	223	0.00795714
7.10131	1	2	3	428	0.00224286
7.10167	1	4	3	340	0.0026
7.10203	1	1	3	223	0.00795714
7.10239	1	2	3	648	0.00231428
7.10267	1	4	3	340	0.0026
7.10296	1	1	3	106	0.00788571
7.10346	1	2	3	868	0.00238571
7.10367	1	4	3	340	0.0026
7.10403	1	1	3	223	0.00795714
7.10403	3	3	3	633	0.00295714
7.10446	1	2	3	868	0.00238571
7.10467	1	4	3	340	0.0026
7.10489	1	5	3	340	0.00781428
7.10503	1	1	3	223	0.00795714
7.10503	3	1	3	868	0.00295714
7.1056	1	2	3	648	0.00252857
7.10581	1	4	3	340	0.00274285
7.1066	1	2	3	642	0.00252857
7.10681	1	4	3	340	0.00274285
7.10703	1	5	3	340	0.00795714
7.10781	1	4	3	340	0.00274285
7.10803	1	5	3	340	0.00795714
7.10803	3	4	3	428	0.00295714
7.10881	1	4	3	340	0.00274285
7.10903	1	5	3	340	0.00795714
7.10981	1	4	3	340	0.00274285
7.1106	1	4	3	340	0.00252857
7.11081	1	5	3	340	0.00774285
7.11103	1	1	3	340	0.00795714
7.11146	1	4	3	458	0.00238571
7.11203	1	1	3	340	0.00795714
7.11246	1	4	3	458	0.00238571
7.11303	1	1	3	340	0.00795714
7.11346	1	4	3	458	0.00238571
7.11403	3	4	3	6475	0.00295714
7.11403	1	1	3	340	0.00795714
7.1146	1	4	3	413	0.00252857
7.11481	1	5	3	340	0.00774285
7.11489	3	4	3	3290	0.00281428
7.11503	1	1	3	340	0.00795714
7.11503	3	3	3	1278	0.00795714
7.11603	3	1	3	4957	0.00795714
7.11703	1	5	3	575	0.00795714
7.11796	1	5	3	575	0.00788571
7.11903	1	5	3	446	0.00795714
7.12096	1	1	3	458	0.00788571
7.12103	3	3	3	3204	0.00295714
7.12203	1	1	3	458	0.00795714
7.12303	1	1	3	692	0.00795714
7.12403	1	1	3	458	0.00795714
7.12503	1	1	3	141	0.00795714
7.12703	3	3	3	618	0.00295714
7.12703	1	5	3	106	0.00795714
7.12803	1	5	3	692	0.00795714
7.12803	3	4	3	531	0.00295714
7.12839	1	2	3	208	0.00231428
7.12846	1	3	3	633	0.00238571
7.12853	1	4	3	106	0.00245714
7.12903	1	5	3	809	0.00795714
7.13003	3	1	3	868	0.00295714
7.13103	1	5	3	1263	0.00795714
7.13346	1	2	3	868	0.00238571
7.13346	3	3	3	633	0.00238571
7.13374	1	3	3	2562	0.00267142
7.13403	1	4	3	458	0.00295714
7.13453	1	2	3	868	0.00245714
7.13474	1	3	3	1920	0.00267142
7.13496	1	4	3	340	0.00288571
7.13553	1	2	3	1088	0.00245714
7.13567	1	3	3	714	0.0026
7.13603	1	4	3	575	0.00295714
7.13653	1	2	3	1088	0.00245714
7.13689	1	4	3	575	0.00281428
7.1376	1	2	3	1308	0.00252857
7.13803	1	4	3	692	0.00295714
7.13846	1	2	3	408	0.00238571
7.13846	3	3	3	1278	0.00238571
7.13903	3	4	3	3838	0.00795714
7.13903	1	4	3	458	0.00295714
7.13996	1	4	3	575	0.00288571
7.14003	1	1	3	106	0.00795714
7.14074	1	4	3	458	0.00267142
7.14103	3	1	3	7868	0.00795714
7.14196	1	4	3	575	0.00288571
7.14203	1	5	3	106	0.00795714
7.14267	1	4	3	458	0.0026
7.14374	1	4	3	576	0.00267142
7.14403	3	3	3	1278	0.00295714
7.14603	1	5	3	458	0.00795714
7.14803	1	5	3	575	0.00795714
7.14903	1	5	3	458	0.00795714
7.15003	3	3	3	1113	0.00295714
7.15103	1	1	3	458	0.00795714
7.15203	1	1	3	692	0.00795714
7.15303	1	1	3	458	0.00795714
7.15403	1	1	3	927	0.00795714
7.1546	1	5	3	692	0.00752857
7.15503	1	1	3	692	0.00795714
7.15603	1	5	3	927	0.00795714
7.15603	3	3	3	633	0.00295714
7.15696	1	5	3	692	0.00788571
7.15803	1	5	3	402	0.00795714
7.15803	3	4	3	340	0.00295714
7.15903	1	5	3	458	0.00795714
7.16003	3	1	3	736	0.00295714
7.16103	1	1	3	458	0.00795714
7.16203	1	1	3	575	0.00795714
7.16203	3	3	3	1278	0.00295714
7.16303	1	1	3	575	0.00795714
7.16403	3	4	3	5250	0.00295714
7.16403	1	1	3	927	0.00795714
7.1646	1	5	3	692	0.00752857
7.16496	3	4	3	237	0.00288571
7.16503	1	1	3	692	0.00795714
7.16603	1	5	3	286	0.00795714
7.16703	1	5	3	809	0.00795714
7.16803	3	3	3	1278	0.00295714
7.16803	1	5	3	223	0.00795714
7.1686	1	2	3	208	0.00252857
7.16867	1	3	3	633	0.0026
7.16874	1	4	3	106	0.00267142
7.16903	1	5	3	404	0.00795714
7.17103	3	1	3	8000	0.00795714
7.17103	1	1	3	1044	0.00795714
7.17196	1	1	3	575	0.00788571
7.17303	1	1	3	583	0.00795714
7.17331	1	2	3	428	0.00224286
7.17346	1	3	3	1278	0.00238571
7.1736	1	4	3	282	0.00252857
7.17403	3	3	3	1920	0.00295714
7.17546	1	2	3	428	0.00238571
7.1756	1	3	3	1278	0.00252857
7.17581	1	4	3	428	0.00274285
7.17639	1	2	3	648	0.00231428
7.1766	1	3	3	1920	0.00252857
7.17681	1	4	3	428	0.00274285
7.17739	1	2	3	648	0.00231428
7.1776	1	3	3	1920	0.00252857
7.17781	1	4	3	428	0.00274285
7.17803	3	4	3	428	0.00295714
7.17853	1	2	3	868	0.00245714
7.17874	1	3	3	261	0.00267142
7.17896	1	4	3	428	0.00288571
7.17903	1	5	3	106	0.00795714
7.17946	1	2	3	428	0.00238571
7.17981	1	4	3	428	0.00274285
7.18003	3	3	3	627	0.00295714
7.18031	1	2	3	428	0.00224286
7.18067	1	4	3	428	0.0026
7.18089	1	5	3	340	0.00781428
7.18103	1	1	3	223	0.00795714
7.18146	1	2	3	428	0.00238571
7.18181	1	4	3	428	0.00274285
7.18203	1	5	3	340	0.00795714
7.18246	1	2	3	868	0.00238571
7.18274	1	4	3	428	0.00267142
7.18296	1	5	3	340	0.00788571
7.18353	1	2	3	464	0.00245714
7.18389	1	4	3	721	0.00281428
7.18403	1	1	3	106	0.00795714
7.18467	1	4	3	428	0.0026
7.18489	1	5	3	340	0.00781428
7.18503	1	1	3	223	0.00795714
7.18581	1	4	3	428	0.00274285
7.18603	3	3	3	633	0.00295714
7.18667	1	4	3	428	0.0026
7.18703	1	1	3	223	0.00795714
7.18781	1	4	3	35	0.00274285
7.18903	3	4	3	5397	0.00795714
7.18903	1	5	3	106	0.00795714
7.19003	3	1	3	868	0.00795714
7.19081	1	5	3	340	0.00774285
7.19103	1	1	3	340	0.00795714
7.19203	1	5	3	340	0.00795714
7.19203	3	3	3	1278	0.00295714
7.19281	1	5	3	340	0.00774285
7.19303	1	1	3	340	0.00795714
7.19403	1	1	3	692	0.00795714
7.19474	1	5	3	458	0.00767142
7.19503	1	1	3	458	0.00795714
7.19703	1	1	3	323	0.00795714
7.19803	3	3	3	1278	0.00295714
7.19903	1	5	3	692	0.00795714
7.20024	1	2	3	208	0.00217143
7.20031	1	3	3	633	0.00224286
7.20039	1	4	3	135	0.00231428
7.20096	1	1	3	692	0.00788571
7.20103	3	1	3	7868	0.00795714
7.2016	1	5	3	458	0.00752857
7.20203	1	5	3	692	0.00895714
7.20274	1	5	3	809	0.00767142
7.20303	1	1	3	458	0.00795714
7.20303	3	4	3	531	0.00295714
7.20396	3	3	3	1920	0.00288571
7.2046	1	5	3	692	0.00752857
7.20503	1	1	3	692	0.00795714
7.20546	1	2	3	428	0.00238571
7.20567	1	3	3	1920	0.0026
7.20589	1	4	3	428	0.00281428
7.20603	1	5	3	223	0.00795714
7.20631	1	2	3	428	0.00224286
7.20646	1	3	3	1278	0.00238571
7.20667	1	4	3	428	0.0026
7.20703	1	1	3	223	0.00795714
7.20746	1	2	3	428	0.00238571
7.2076	1	3	3	1278	0.00252857
7.20781	1	4	3	428	0.00274285
7.20824	1	4	3	135	0.00217143
7.20831	1	1	3	106	0.0122429
7.20903	3	4	3	5394	0.00295714
7.20903	1	5	3	576	0.00795714
7.20967	1	2	3	648	0.0026
7.20981	1	3	3	723	0.00274285
7.21003	1	4	3	428	0.00295714
7.21039	1	2	3	648	0.00231428
7.21081	1	4	3	428	0.00274285
7.21103	1	1	3	223	0.00795714
7.21146	1	2	3	428	0.00238571
7.21181	1	4	3	428	0.00274285
7.21203	1	5	3	340	0.00795714
7.21231	1	2	3	428	0.00224286
7.21267	1	4	3	428	0.0026
7.21289	1	5	3	340	0.00781428
7.21303	1	1	3	223	0.00795714
7.2136	1	2	3	648	0.00252857
7.21381	1	4	3	340	0.00274285
7.21403	3	3	3	627	0.00795714
7.21431	1	2	3	428	0.00224286
7.21453	1	4	3	340	0.00245714
7.21467	3	1	3	736	0.0026
7.21503	3	4	3	1357	0.00795714
7.21503	1	1	3	458	0.00795714
7.21567	3	3	3	531	0.0026
7.21574	1	2	3	868	0.00267142
7.21596	1	4	3	428	0.00288571
7.21603	1	5	3	106	0.00795714
7.21639	1	2	3	648	0.00231428
7.2166	1	4	3	428	0.00252857
7.21696	1	1	3	223	0.00788571
7.2176	1	2	3	648	0.00252857
7.21781	1	4	3	428	0.00274285
7.21839	1	2	3	422	0.00231428
7.2186	1	4	3	428	0.00252857
7.21881	1	5	3	340	0.00774285
7.21903	1	1	3	340	0.00795714
7.21981	1	4	3	428	0.00274285
7.22003	1	5	3	340	0.00795714
7.22053	1	4	3	428	0.00245714
7.22103	1	1	3	458	0.00795714
7.22103	3	3	3	417	0.00295714
7.22181	1	4	3	428	0.00274285
7.22203	1	5	3	340	0.00795714
7.2226	1	4	3	374	0.00252857
7.22281	1	5	3	340	0.00774285
7.22303	1	1	3	340	0.00795714
7.22303	3	4	3	428	0.00295714
7.22439	3	3	3	1920	0.00731428
7.22503	3	1	3	7877	0.00795714
7.22503	1	1	3	340	0.00795714
7.22603	3	1	3	125	0.00795714
7.22603	1	5	3	340	0.00795714
7.22703	1	1	3	340	0.00795714
7.22874	1	5	3	458	0.00767142
7.22903	3	4	3	5397	0.00295714
7.22903	1	1	3	458	0.00795714
7.23003	1	5	3	340	0.00795714
7.23103	1	1	3	280	0.00795714
7.23103	3	3	3	531	0.00295714
7.23203	1	5	3	692	0.00795714
7.2326	1	5	3	342	0.00752857
7.23603	1	5	3	927	0.00795714
7.23667	1	2	3	208	0.0026
7.23674	1	3	3	633	0.00267142
7.23696	1	1	3	340	0.00788571
7.23703	3	3	3	1278	0.00295714
7.23903	1	5	3	106	0.00795714
7.24153	1	2	3	648	0.00245714
7.24174	1	3	3	1920	0.00267142
7.24181	1	4	3	135	0.00274285
7.24239	1	2	3	648	0.00231428
7.2426	1	3	3	1920	0.00252857
7.24296	1	5	3	575	0.00788571
7.24296	3	3	3	1920	0.00288571
7.24303	3	4	3	428	0.00295714
7.24403	1	1	3	1278	0.00795714
7.24403	3	1	3	736	0.00295714
7.24503	1	1	3	1396	0.00795714
7.24603	1	1	3	1396	0.00795714
7.24631	1	2	3	428	0.00224286
7.24646	1	3	3	1278	0.00238571
7.24667	1	4	3	428	0.0026
7.24689	1	5	3	340	0.00781428
7.24703	1	1	3	223	0.00795714
7.24731	1	2	3	428	0.00224286
7.24753	1	3	3	80	0.00245714
7.24774	1	4	3	428	0.00267142
7.24803	3	3	3	1278	0.00295714
7.24803	1	1	3	106	0.0129571
7.24874	1	2	3	868	0.00267142
7.24896	1	4	3	428	0.00288571
7.24903	1	5	3	106	0.00795714
7.2496	1	2	3	648	0.00252857
7.24981	1	4	3	428	0.00274285
7.2506	1	2	3	648	0.00252857
7.25081	1	4	3	428	0.00274285
7.25174	1	4	3	428	0.00267142
7.2526	1	2	3	648	0.00252857
7.25281	1	4	3	428	0.00274285
7.25303	1	5	3	340	0.00795714
7.25324	3	3	3	633	0.00217143
7.25331	1	2	3	428	0.00224286
7.25353	1	4	3	428	0.00245714
7.25403	3	4	3	5397	0.00795714
7.25403	1	1	3	458	0.00795714
7.25439	1	2	3	648	0.00231428
7.2546	1	4	3	428	0.00252857
7.25481	1	5	3	340	0.00774285
7.25503	3	1	3	8000	0.00795714
7.25503	1	1	3	340	0.00795714
7.25539	1	2	3	648	0.00231428
7.2556	1	4	3	428	0.00252857
7.25581	1	5	3	340	0.00774285
7.25603	1	1	3	340	0.00795714
7.25603	3	3	3	633	0.00295714
7.25631	1	2	3	428	0.00224286
7.25653	1	4	3	428	0.00245714
7.25674	1	5	3	340	0.00767142
7.25703	1	1	3	458	0.00795714
7.25739	1	2	3	648	0.00231428
7.2576	1	4	3	428	0.00252857
7.25803	1	1	3	340	0.00795714
7.2586	1	2	3	648	0.00252857
7.25881	1	4	3	428	0.00274285
7.25903	1	5	3	340	0.00795714
7.25903	3	3	3	633	0.00295714
7.2596	1	2	3	146	0.00252857
7.25981	1	4	3	428	0.00274285
7.26081	1	4	3	428	0.00274285
7.26181	1	4	3	428	0.00274285
7.26203	3	3	3	268	0.00295714
7.26274	1	4	3	575	0.00267142
7.26296	1	5	3	340	0.00788571
7.26353	1	4	3	575	0.00245714
7.26403	1	1	3	340	0.00795714
7.2646	1	4	3	641	0.00252857
7.26481	1	5	3	340	0.00774285
7.26503	1	1	3	289	0.00795714
7.26503	3	3	3	633	0.00295714
7.26581	1	5	3	340	0.00774285
7.26681	1	5	3	340	0.00774285
7.26796	3	3	3	633	0.00288571
7.26803	3	4	3	531	0.00295714
7.26903	1	5	3	458	0.00795714
7.27274	1	5	3	458	0.00767142
7.27303	3	3	3	326	0.00295714
7.27324	3	1	3	736	0.00217143
7.27503	1	5	3	1396	0.00795714
7.27503	3	4	3	815	0.00295714
7.27603	1	5	3	1200	0.00795714
7.27603	3	3	3	1278	0.00795714
7.27824	3	1	3	736	0.00217143
7.27903	3	4	3	5936	0.00795714
7.27903	1	5	3	1044	0.00795714
7.28003	3	1	3	8722	0.00295714
7.28046	1	2	3	208	0.00238571
7.28053	1	3	3	633	0.00245714
7.2806	1	4	3	135	0.00252857
7.28303	3	3	3	531	0.00295714
7.28503	1	5	3	106	0.00795714
7.28531	1	2	3	428	0.00224286
7.28546	1	3	3	1278	0.00238571
7.2856	1	4	3	282	0.00252857
7.28596	1	5	3	575	0.00788571
7.28603	1	1	3	106	0.00795714
7.28631	1	2	3	428	0.00224286
7.28646	1	3	3	1278	0.00238571
7.28667	1	4	3	428	0.0026
7.28703	1	5	3	575	0.00795714
7.28731	1	2	3	428	0.00224286
7.28746	1	3	3	1278	0.00238571
7.28767	1	4	3	428	0.0026
7.28803	1	5	3	572	0.00795714
7.28839	1	2	3	648	0.00231428
7.2886	1	3	3	1920	0.00252857
7.28881	1	4	3	428	0.00274285
7.28903	3	3	3	1073	0.00295714
7.28946	1	2	3	868	0.00238571
7.28967	1	3	3	903	0.0026
7.28989	1	4	3	428	0.00281428
7.29046	1	2	3	868	0.00238571
7.29103	1	4	3	575	0.00295714
7.2916	1	2	3	648	0.00252857
7.29203	1	4	3	428	0.00295714
7.2926	1	2	3	648	0.00252857
7.29303	1	4	3	428	0.00295714
7.29303	3	4	3	531	0.00295714
7.29346	1	2	3	428	0.00238571
7.29381	1	4	3	428	0.00274285
7.29403	1	5	3	340	0.00795714
7.29403	3	1	3	736	0.00295714
7.29467	1	2	3	648	0.0026
7.29489	1	4	3	428	0.00281428
7.29503	3	3	3	1612	0.00295714
7.29503	1	5	3	223	0.00795714
7.29574	1	2	3	868	0.00267142
7.29596	1	4	3	428	0.00288571
7.29646	1	2	3	868	0.00238571
7.29674	1	4	3	575	0.00267142
7.29696	1	1	3	340	0.00788571
7.29746	1	2	3	868	0.00238571
7.29781	1	4	3	721	0.00274285
7.29803	1	1	3	340	0.00795714
7.29853	1	2	3	1088	0.00245714
7.29889	1	4	3	721	0.00281428
7.29903	3	4	3	6475	0.00295714
7.29903	1	1	3	223	0.00795714
7.29931	1	2	3	282	0.00224286
7.29953	1	4	3	428	0.00245714
7.2996	3	1	3	4462	0.00252857
7.30003	3	4	3	1732	0.00295714
7.30003	1	1	3	458	0.00795714
7.30067	3	1	3	3540	0.0026
7.30067	1	4	3	428	0.0026
7.30074	1	5	3	106	0.00767142
7.30089	3	3	3	1612	0.00281428
7.30103	1	1	3	458	0.00795714
7.30181	1	4	3	428	0.00274285
7.30281	1	4	3	428	0.00274285
7.30381	1	4	3	428	0.00274285
7.30481	1	4	3	721	0.00274285
7.30503	1	5	3	340	0.00795714
7.30574	1	4	3	512	0.00267142
7.30603	3	3	3	908	0.00295714
7.30681	1	5	3	340	0.00774285
7.30703	1	1	3	340	0.00795714
7.30781	1	5	3	340	0.00774285
7.30803	1	1	3	340	0.00795714
7.30874	1	5	3	340	0.00767142
7.30903	1	1	3	458	0.00795714
7.31003	1	1	3	458	0.00795714
7.31074	1	5	3	458	0.00767142
7.31103	1	1	3	458	0.00795714
7.31289	3	1	3	736	0.00281428
7.31296	3	3	3	531	0.00288571
7.31303	3	4	3	531	0.00295714
7.31503	1	5	3	458	0.00795714
7.31696	1	1	3	692	0.00788571
7.3176	1	1	3	692	0.00752857
7.31789	3	1	3	7440	0.00281428
7.31803	1	5	3	692	0.00895714
7.31803	3	3	3	1073	0.00295714
7.31853	3	1	3	2018	0.00245714
7.3186	1	5	3	692	0.00752857
7.31903	3	4	3	3776	0.00295714
7.31903	1	1	3	692	0.00795714
7.31924	1	2	3	208	0.00217143
7.31931	1	3	3	633	0.00224286
7.31939	1	4	3	135	0.00231428
7.32003	3	4	3	5886	0.00295714
7.32003	1	1	3	927	0.00795714
7.3206	1	5	3	692	0.00752857
7.32103	1	1	3	692	0.00795714
7.32403	3	3	3	1612	0.00295714
7.32453	1	2	3	648	0.00245714
7.32474	1	3	3	1920	0.00267142
7.32496	1	4	3	428	0.00288571
7.32503	1	5	3	106	0.00795714
7.32546	1	2	3	428	0.00238571
7.3256	1	3	3	1278	0.00252857
7.32581	1	4	3	428	0.00274285
7.3266	1	5	3	692	0.00752857
7.32703	1	1	3	692	0.00795714
7.32724	1	5	3	106	0.00717143
7.32803	1	1	3	1278	0.00795714
7.32889	1	5	3	575	0.00781428
7.32903	1	1	3	223	0.00795714
7.32931	1	2	3	428	0.00224286
7.32946	1	3	3	1484	0.00238571
7.32967	1	4	3	428	0.0026
7.33003	3	3	3	1612	0.00295714
7.33003	1	1	3	223	0.00795714
7.33031	1	2	3	428	0.00224286
7.33046	1	3	3	1484	0.00238571
7.33067	1	4	3	428	0.0026
7.33089	1	5	3	340	0.00781428
7.33103	1	1	3	223	0.00795714
7.33103	3	1	3	736	0.00295714
7.33153	1	3	3	1947	0.00245714
7.33174	1	4	3	428	0.00267142
7.33196	1	5	3	340	0.00288571
7.33246	1	2	3	428	0.00238571
7.33281	1	4	3	428	0.00274285
7.33353	1	2	3	648	0.00245714
7.33381	1	4	3	428	0.00274285
7.33403	3	4	3	531	0.00295714
7.33446	1	2	3	428	0.00238571
7.33481	1	4	3	428	0.00274285
7.33503	1	5	3	340	0.00795714
7.33546	1	2	3	428	0.00238571
7.33581	1	4	3	428	0.00274285
7.33603	3	3	3	908	0.00295714
7.33646	1	2	3	868	0.00238571
7.33667	1	4	3	428	0.0026
7.33703	3	1	3	8929	0.00295714
7.33703	1	1	3	223	0.00795714
7.33746	1	2	3	868	0.00238571
7.33767	1	4	3	428	0.0026
7.33789	1	5	3	340	0.00781428
7.33803	3	1	3	528	0.00295714
7.33803	1	1	3	223	0.00795714
7.33846	1	2	3	868	0.00238571
7.33867	1	4	3	428	0.0026
7.33889	1	5	3	340	0.00781428
7.33903	1	1	3	223	0.00795714
7.33946	1	2	3	868	0.00238571
7.33974	1	4	3	575	0.00267142
7.34003	3	4	3	6475	0.00295714
7.34003	1	1	3	223	0.00795714
7.34046	1	2	3	868	0.00238571
7.34067	1	4	3	428	0.0026
7.34089	1	5	3	340	0.00781428
7.34103	3	4	3	1732	0.00295714
7.34103	1	1	3	223	0.00795714
7.3416	1	2	3	352	0.00252857
7.34181	1	4	3	428	0.00274285
7.34203	1	5	3	340	0.00795714
7.34274	1	4	3	575	0.00267142
7.34303	3	3	3	531	0.00295714
7.34381	1	4	3	428	0.00274285
7.34489	1	4	3	428	0.00281428
7.34503	1	5	3	223	0.00795714
7.34581	1	4	3	633	0.00274285
7.34703	1	1	3	272	0.00795714
7.34803	1	5	3	340	0.00795714
7.34881	1	5	3	340	0.00774285
7.34903	3	3	3	1073	0.00295714
7.35081	1	5	3	340	0.00774285
7.35103	3	1	3	736	0.00295714
7.35203	1	5	3	575	0.00795714
7.35403	3	4	3	531	0.00295714
7.35503	1	5	3	575	0.00795714
7.35503	3	3	3	1612	0.00295714
7.35703	3	1	3	8929	0.00295714
7.35796	1	5	3	981	0.00788571
7.35803	3	1	3	528	0.00295714
7.35924	1	2	3	208	0.00217143
7.35931	1	3	3	736	0.00224286
7.35939	1	4	3	150	0.00231428
7.36003	3	4	3	7701	0.00295714
7.36096	1	5	3	1044	0.00788571
7.36103	3	3	3	1612	0.00295714
7.36424	1	2	3	208	0.00217143
7.36431	1	3	3	633	0.00224286
7.36439	1	4	3	135	0.00231428
7.36503	1	5	3	390	0.00795714
7.36546	1	2	3	868	0.00238571
7.36574	1	3	3	2562	0.00267142
7.36603	1	4	3	575	0.00295714
7.36603	3	4	3	1962	0.00295714
7.36646	1	2	3	868	0.00238571
7.36674	1	3	3	2562	0.00267142
7.36696	1	4	3	428	0.00288571
7.36703	3	3	3	908	0.00295714
7.36731	1	2	3	428	0.00224286
7.36746	1	3	3	1278	0.00238571
7.36767	1	4	3	428	0.0026
7.36803	1	5	3	575	0.00795714
7.36846	1	2	3	868	0.00238571
7.36867	1	3	3	1920	0.0026
7.36889	1	4	3	428	0.00281428
7.36903	1	1	3	106	0.00795714
7.36946	1	2	3	868	0.00238571
7.36974	1	3	3	511	0.00267142
7.37003	1	4	3	575	0.00295714
7.37039	1	2	3	648	0.00231428
7.37081	1	4	3	428	0.00274285
7.37103	3	1	3	736	0.00295714
7.37139	1	2	3	648	0.00231428
7.37181	1	4	3	428	0.00274285
7.37239	1	2	3	648	0.00231428
7.37281	1	4	3	428	0.00274285
7.37303	3	3	3	531	0.00295714
7.37353	1	2	3	1088	0.00245714
7.37396	1	4	3	721	0.00288571
7.37403	3	4	3	531	0.00295714
7.37403	1	5	3	106	0.00795714
7.3746	1	2	3	648	0.00252857
7.37481	1	4	3	428	0.00274285
7.37546	1	2	3	428	0.00238571
7.3756	1	4	3	282	0.00252857
7.37581	1	5	3	340	0.00774285
7.37653	1	2	3	648	0.00245714
7.37674	1	4	3	426	0.00267142
7.37696	3	1	3	8184	0.00288571
7.37696	1	5	3	340	0.00788571
7.3776	1	2	3	648	0.00252857
7.37781	1	4	3	428	0.00274285
7.37803	3	1	3	1273	0.00295714
7.37803	1	5	3	340	0.00795714
7.3786	1	2	3	502	0.00252857
7.37881	1	4	3	428	0.00274285
7.37903	3	3	3	1073	0.00295714
7.3796	1	4	3	428	0.00252857
7.37981	1	5	3	340	0.00774285
7.38003	3	4	3	7701	0.00295714
7.38003	1	1	3	340	0.00795714
7.38067	1	4	3	428	0.0026
7.38103	3	4	3	1962	0.00295714
7.38103	1	1	3	223	0.00795714
7.38167	1	4	3	428	0.0026
7.38203	1	1	3	223	0.00795714
7.3826	1	4	3	428	0.00252857
7.38303	1	1	3	340	0.00795714
7.3836	1	4	3	868	0.00252857
7.38381	1	5	3	340	0.00774285
7.38403	1	1	3	340	0.00795714
7.38474	1	4	3	575	0.00267142
7.38503	3	3	3	1612	0.00295714
7.38581	1	4	3	373	0.00274285
7.38603	1	5	3	340	0.00795714
7.38703	1	5	3	340	0.00795714
7.38803	1	5	3	340	0.00795714
7.38974	1	5	3	458	0.00767142
7.39003	1	1	3	458	0.00795714
7.39103	1	1	3	458	0.00795714
7.39103	3	3	3	1612	0.00295714
7.39203	1	1	3	458	0.00795714
7.39303	1	1	3	458	0.00795714
7.39374	1	5	3	458	0.00767142
7.39403	1	1	3	458	0.00795714
7.39403	3	4	3	633	0.00295714
7.39503	3	1	3	736	0.00295714
7.39603	1	5	3	575	0.00795714
7.39696	1	5	3	862	0.00788571
7.39703	3	3	3	908	0.00295714
7.39746	1	3	3	633	0.00238571
7.39803	1	5	3	927	0.00795714
7.3986	1	2	3	208	0.00252857
7.39867	1	4	3	135	0.0026
7.3996	1	5	3	507	0.00752857
7.40003	3	4	3	7701	0.00295714
7.40003	1	1	3	692	0.00795714
7.40067	3	1	3	3633	0.0026
7.40103	1	1	3	809	0.00795714
7.40103	3	4	3	1860	0.00295714
7.40203	1	1	3	340	0.00795714
7.40281	1	3	3	5775	0.00274285
7.40303	1	1	3	340	0.00795714
7.40303	3	3	3	531	0.00295714
7.40324	1	3	3	633	0.00217143
7.40331	1	4	3	135	0.00224286
7.40403	1	1	3	575	0.00795714
7.40446	1	2	3	428	0.00238571
7.4046	1	3	3	1278	0.00252857
7.40481	1	4	3	428	0.00274285
7.40553	1	2	3	648	0.00245714
7.40574	1	3	3	423	0.00267142
7.40596	1	4	3	428	0.00288571
7.40667	1	2	3	648	0.0026
7.40703	1	4	3	428	0.00295714
7.4076	1	2	3	648	0.00252857
7.40803	1	4	3	428	0.00295714
7.40846	1	2	3	428	0.00238571
7.40881	1	4	3	428	0.00274285
7.40896	3	3	3	1073	0.00288571
7.40939	1	2	3	648	0.00231428
7.40967	1	4	3	428	0.0026
7.40989	1	5	3	340	0.00781428
7.41003	1	1	3	223	0.00795714
7.41046	1	2	3	868	0.00238571
7.41081	1	4	3	721	0.00274285
7.41089	1	5	3	106	0.00781428
7.41103	1	1	3	223	0.00795714
7.41146	1	4	3	575	0.00238571
7.41196	1	1	3	458	0.00788571
7.41239	1	2	3	648	0.00231428
7.4126	1	4	3	428	0.00252857
7.41303	1	1	3	340	0.00795714
7.41346	1	2	3	868	0.00238571
7.41367	1	4	3	428	0.0026
7.41374	3	1	3	736	0.00267142
7.41389	1	5	3	340	0.00781428
7.41396	3	3	3	1612	0.00288571
7.41403	1	1	3	223	0.00795714
7.41403	3	4	3	633	0.00295714
7.4146	1	2	3	648	0.00252857
7.41481	1	4	3	428	0.00274285
7.4156	1	2	3	648	0.00252857
7.41581	1	4	3	428	0.00274285
7.4166	1	2	3	648	0.00252857
7.41681	1	4	3	428	0.00274285
7.41703	1	5	3	340	0.00795714
7.4176	1	2	3	648	0.00252857
7.41781	1	4	3	428	0.00274285
7.41803	1	5	3	340	0.00795714
7.4186	1	2	3	648	0.00252857
7.41881	3	1	3	5089	0.00274285
7.41881	1	4	3	428	0.00274285
7.41903	3	3	3	1086	0.00295714
7.41939	1	2	3	648	0.00231428
7.4196	1	4	3	428	0.00252857
7.41981	1	5	3	340	0.00774285
7.42003	3	4	3	7701	0.00295714
7.42003	1	1	3	340	0.00795714
7.42039	1	2	3	296	0.00231428
7.4206	1	4	3	428	0.00252857
7.42081	1	5	3	340	0.00774285
7.42103	3	4	3	1860	0.00295714
7.42103	1	1	3	340	0.00795714
7.4216	1	4	3	428	0.00252857
7.42203	1	1	3	340	0.00795714
7.42253	1	4	3	428	0.00245714
7.42296	1	1	3	340	0.00788571
7.4236	1	4	3	428	0.00252857
7.42381	1	5	3	340	0.00774285
7.42403	1	1	3	340	0.00795714
7.42481	1	4	3	428	0.00274285
7.42503	3	3	3	531	0.00295714
7.42574	1	4	3	540	0.00267142
7.42703	1	5	3	340	0.00795714
7.42803	1	5	3	340	0.00795714
7.42974	1	5	3	340	0.00767142
7.43003	1	1	3	458	0.00795714
7.43074	1	5	3	458	0.00767142
7.43103	1	1	3	458	0.00795714
7.43103	3	3	3	1073	0.00295714
7.43203	1	1	3	458	0.00795714
7.43203	3	1	3	736	0.00295714
7.43303	1	1	3	458	0.00795714
7.43374	1	5	3	458	0.00767142
7.43403	1	1	3	458	0.00795714
7.43403	3	4	3	736	0.00295714
7.43703	1	5	3	927	0.00795714
7.43703	3	3	3	1612	0.00295714
7.43739	1	3	3	633	0.00231428
7.43796	1	5	3	927	0.00788571
7.4386	1	2	3	208	0.00252857
7.43867	1	4	3	135	0.0026
7.4396	1	5	3	692	0.00752857
7.44003	3	4	3	3633	0.00295714
7.44003	1	1	3	692	0.00795714
7.44096	1	1	3	401	0.00788571
7.44203	1	5	3	224	0.00895714
7.44281	1	3	3	5775	0.00274285
7.44303	3	1	3	5089	0.00795714
7.44324	1	3	3	633	0.00217143
7.44331	1	4	3	135	0.00224286
7.44367	1	5	3	575	0.0076
7.44446	1	2	3	428	0.00238571
7.4446	1	3	3	1278	0.00252857
7.44481	1	4	3	428	0.00274285
7.44531	1	2	3	428	0.00224286
7.44553	1	3	3	1879	0.00245714
7.44574	1	4	3	428	0.00267142
7.44603	1	5	3	458	0.00795714
7.44646	1	2	3	868	0.00238571
7.44681	1	4	3	428	0.00274285
7.44746	1	2	3	868	0.00238571
7.44796	1	4	3	428	0.00288571
7.44803	3	3	3	1612	0.00795714
7.44803	1	5	3	106	0.00795714
7.44839	1	2	3	428	0.00231428
7.44881	1	4	3	428	0.00274285
7.44931	1	2	3	428	0.00224286
7.44967	1	4	3	428	0.0026
7.44989	1	5	3	340	0.00781428
7.45003	1	1	3	223	0.00795714
7.45074	1	2	3	868	0.00267142
7.45096	1	4	3	428	0.00288571
7.4516	1	2	3	648	0.00252857
7.45181	1	4	3	428	0.00274285
7.45203	1	5	3	340	0.00795714
7.4526	1	2	3	648	0.00252857
7.45281	1	4	3	428	0.00274285
7.45346	1	2	3	868	0.00238571
7.45374	1	4	3	575	0.00267142
7.45396	1	5	3	340	0.00788571
7.45396	3	3	3	1073	0.00288571
7.45403	3	4	3	736	0.00295714
7.45403	1	1	3	106	0.00795714
7.4546	1	2	3	648	0.00252857
7.45481	1	4	3	428	0.00274285
7.45546	1	2	3	868	0.00238571
7.45567	1	4	3	428	0.0026
7.45574	1	5	3	106	0.00767142
7.45603	1	1	3	458	0.00795714
7.45631	1	2	3	428	0.00224286
7.45653	1	4	3	428	0.00245714
7.45696	1	1	3	340	0.00788571
7.45696	3	1	3	531	0.00288571
7.45739	1	2	3	648	0.00231428
7.4576	1	4	3	428	0.00252857
7.45781	1	5	3	340	0.00774285
7.45803	1	1	3	340	0.00795714
7.4586	1	2	3	648	0.00252857
7.45881	1	4	3	428	0.00274285
7.45903	3	3	3	1612	0.00295714
7.45939	1	2	3	296	0.00231428
7.4596	1	4	3	428	0.00252857
7.45981	1	5	3	340	0.00774285
7.46003	3	4	3	5089	0.00295714
7.46003	1	1	3	340	0.00795714
7.46081	1	4	3	428	0.00274285
7.46181	1	4	3	428	0.00274285
7.46203	1	5	3	340	0.00795714
7.46281	1	4	3	428	0.00274285
7.4636	1	4	3	575	0.00252857
7.46381	1	5	3	340	0.00774285
7.46403	1	1	3	340	0.00795714
7.46474	1	4	3	575	0.00267142
7.46503	3	3	3	1612	0.00295714
7.4656	1	4	3	539	0.00252857
7.46581	1	5	3	340	0.00774285
7.46603	1	1	3	340	0.00795714
7.46703	3	1	3	6749	0.00795714
7.46703	1	1	3	340	0.00795714
7.46781	1	5	3	340	0.00774285
7.46803	1	1	3	340	0.00795714
7.46974	1	5	3	458	0.00767142
7.47003	1	1	3	458	0.00795714
7.47103	3	3	3	913	0.00295714
7.47203	1	5	3	575	0.00795714
7.47374	1	5	3	458	0.00767142
7.47403	1	1	3	458	0.00795714
7.4756	1	5	3	692	0.00752857
7.47603	1	1	3	692	0.00795714
7.47696	1	1	3	809	0.00788571
7.47703	3	3	3	633	0.00295714
7.4776	1	5	3	692	0.00752857
7.47803	1	1	3	268	0.00795714
7.47903	3	4	3	736	0.00295714
7.4796	1	5	3	692	0.00752857
7.48103	3	1	3	868	0.00295714
7.48189	1	2	3	208	0.00281428
7.48196	1	3	3	633	0.00288571
7.48203	1	4	3	135	0.00295714
7.48303	3	3	3	1278	0.00295714
7.48324	1	5	3	106	0.00717143
7.48496	3	4	3	5089	0.00288571
7.48603	1	5	3	654	0.00795714
7.4866	1	2	3	1308	0.00252857
7.48703	1	3	3	3846	0.00295714
7.48724	1	2	3	208	0.00217143
7.48731	1	3	3	633	0.00224286
7.48739	1	4	3	135	0.00231428
7.48803	1	5	3	1044	0.00795714
7.48839	1	2	3	428	0.00231428
7.4886	1	3	3	1920	0.00252857
7.48896	3	3	3	1278	0.00288571
7.48939	1	2	3	208	0.00231428
7.48946	1	3	3	633	0.00238571
7.48953	1	4	3	135	0.00245714
7.49003	1	5	3	390	0.00795714
7.49046	1	2	3	428	0.00238571
7.49067	1	3	3	1920	0.0026
7.49089	1	4	3	428	0.00281428
7.49167	1	3	3	618	0.0026
7.49196	1	4	3	575	0.00288571
7.4926	1	2	3	648	0.00252857
7.49303	1	4	3	340	0.00295714
7.49331	1	2	3	428	0.00224286
7.49396	1	4	3	428	0.00788571
7.49403	1	1	3	106	0.00795714
7.49439	1	2	3	648	0.00231428
7.49481	1	4	3	428	0.00274285
7.49503	1	1	3	223	0.00795714
7.49539	1	2	3	648	0.00231428
7.49574	1	4	3	428	0.00267142
7.49589	1	5	3	223	0.00781428
7.49603	1	1	3	223	0.00795714
7.49631	1	2	3	428	0.00224286
7.49653	1	4	3	340	0.00245714
7.49703	3	1	3	4957	0.0129571
7.49739	1	2	3	648	0.00231428
7.4976	1	4	3	340	0.00252857
7.49803	1	1	3	340	0.00795714
7.49803	3	4	3	736	0.00295714
7.4986	1	2	3	648	0.00252857
7.49881	1	4	3	340	0.00274285
7.49903	3	3	3	1113	0.00795714
7.49974	1	2	3	868	0.00267142
7.49996	1	4	3	340	0.00288571
7.50003	3	3	3	531	0.00295714
7.50003	1	5	3	106	0.00795714
7.5006	1	2	3	648	0.00252857
7.50081	1	4	3	340	0.00274285
7.50131	1	2	3	428	0.00224286
7.50153	1	4	3	340	0.00245714
7.50181	1	1	3	458	0.0127429
7.50203	1	5	3	340	0.00795714
7.50246	1	2	3	868	0.00238571
7.50274	1	4	3	575	0.00267142
7.50296	1	5	3	340	0.00788571
7.50339	1	2	3	530	0.00231428
7.5036	1	4	3	428	0.00252857
7.50381	1	5	3	340	0.00774285
7.50403	3	4	3	8000	0.00295714
7.50403	1	1	3	340	0.00795714
7.50453	1	4	3	428	0.00245714
7.50481	3	3	3	1612	0.00274285
7.50503	1	1	3	458	0.00795714
7.5056	1	4	3	428	0.00252857
7.50581	1	5	3	340	0.00774285
7.50603	1	1	3	340	0.00795714
7.50603	3	3	3	725	0.00295714
7.50681	1	4	3	428	0.00274285
7.50781	1	4	3	428	0.00274285
7.50874	1	4	3	575	0.00267142
7.50981	1	4	3	721	0.00274285
7.51003	1	5	3	340	0.00795714
7.51003	3	3	3	1278	0.00295714
7.51074	1	4	3	575	0.00267142
7.51103	3	1	3	868	0.00295714
7.5116	1	4	3	580	0.00252857
7.51181	1	5	3	340	0.00774285
7.51203	1	1	3	340	0.00795714
7.51281	1	5	3	340	0.00774285
7.51303	1	1	3	340	0.00795714
7.51374	1	5	3	458	0.00767142
7.51403	1	1	3	458	0.00795714
7.51503	3	3	3	156	0.00295714
7.51574	1	5	3	458	0.00767142
7.51603	1	1	3	458	0.00795714
7.51974	1	1	3	458	0.0126714
7.52003	1	5	3	458	0.00795714
7.52153	3	3	3	633	0.00245714
7.5216	1	5	3	692	0.00752857
7.52203	3	1	3	4957	0.00795714
7.5226	1	5	3	575	0.00752857
7.52303	1	1	3	692	0.00795714
7.52303	3	4	3	736	0.00295714
7.5236	1	5	3	406	0.00752857
7.5256	1	5	3	575	0.00752857
7.52603	1	1	3	692	0.00795714
7.52703	1	1	3	692	0.0129571
7.52703	3	3	3	1278	0.00295714
7.52753	1	2	3	208	0.00245714
7.5276	1	3	3	633	0.00252857
7.52767	1	4	3	135	0.0026
7.52903	3	4	3	8000	0.00295714
7.52903	1	1	3	692	0.0129571
7.52924	1	5	3	106	0.00717143
7.53003	1	1	3	1278	0.00795714
7.53203	1	5	3	692	0.00795714
7.53224	1	2	3	208	0.00217143
7.53231	1	3	3	633	0.00224286
7.53239	1	4	3	135	0.00231428
7.53274	1	5	3	575	0.00767142
7.53303	1	1	3	458	0.00795714
7.53303	3	3	3	1278	0.00295714
7.53346	1	2	3	428	0.00238571
7.53353	1	3	3	633	0.00245714
7.5336	1	4	3	135	0.00252857
7.53403	1	5	3	692	0.00795714
7.53446	1	2	3	428	0.00238571
7.5346	1	3	3	1278	0.00252857
7.53481	1	4	3	428	0.00274285
7.5356	1	5	3	234	0.00752857
7.53603	1	1	3	692	0.00795714
7.53603	3	1	3	868	0.00295714
7.53631	1	2	3	428	0.00224286
7.53653	1	4	3	428	0.00245714
7.53696	1	1	3	692	0.00788571
7.5376	1	2	3	648	0.00252857
7.53781	1	3	3	1920	0.00274285
7.53803	1	4	3	340	0.00295714
7.53846	1	2	3	868	0.00238571
7.53867	1	3	3	1920	0.0026
7.53889	1	4	3	340	0.00281428
7.53903	3	3	3	1920	0.00295714
7.53931	1	2	3	428	0.00224286
7.53946	1	3	3	1278	0.00238571
7.53967	1	4	3	340	0.0026
7.53989	1	5	3	340	0.00781428
7.54046	1	2	3	428	0.00238571
7.5406	1	3	3	1278	0.00252857
7.54081	1	4	3	340	0.00274285
7.54146	1	2	3	314	0.00238571
7.5416	1	3	3	635	0.00252857
7.54181	1	4	3	309	0.00274285
7.54303	1	1	3	340	0.00795714
7.54303	3	4	3	736	0.00295714
7.54403	1	1	3	223	0.0129571
7.54503	3	3	3	627	0.00295714
7.54503	1	1	3	223	0.0129571
7.54589	1	5	3	340	0.00781428
7.54689	1	5	3	340	0.00781428
7.54703	3	1	3	6412	0.00795714
7.54803	1	5	3	340	0.00795714
7.54903	3	4	3	8000	0.00295714
7.54903	1	5	3	340	0.00795714
7.55003	1	5	3	340	0.00795714
7.55103	1	1	3	223	0.0129571
7.55203	1	1	3	223	0.0129571
7.55203	3	3	3	633	0.00295714
7.55303	1	1	3	1044	0.00795714
7.55424	1	2	3	208	0.00217143
7.55431	1	4	3	106	0.00224286
7.55503	1	1	3	1044	0.00795714
7.55603	1	5	3	1044	0.00795714
7.55696	1	5	3	1044	0.00788571
7.55803	3	3	3	1278	0.00295714
7.55881	1	1	3	452	0.0127429
7.55903	1	5	3	184	0.00795714
7.55967	1	2	3	648	0.0026
7.55974	1	3	3	633	0.00267142
7.55996	1	4	3	340	0.00288571
7.56046	1	2	3	868	0.00238571
7.56074	1	4	3	458	0.00267142
7.56103	3	1	3	868	0.00295714
7.56103	1	1	3	106	0.00795714
7.56146	1	2	3	868	0.00238571
7.56167	1	4	3	340	0.0026
7.56203	1	1	3	223	0.00795714
7.5626	1	5	3	692	0.00752857
7.56374	1	2	3	868	0.00267142
7.56396	1	4	3	340	0.00288571
7.56403	3	3	3	1278	0.00295714
7.56431	1	2	3	545	0.00224286
7.56446	1	3	3	1278	0.00238571
7.5646	1	4	3	223	0.00252857
7.56546	1	2	3	545	0.00238571
7.5656	1	3	3	1278	0.00252857
7.56581	1	4	3	340	0.00274285
7.56603	1	5	3	340	0.00795714
7.56646	1	2	3	545	0.00238571
7.5666	1	3	3	1278	0.00252857
7.56681	1	4	3	340	0.00274285
7.56703	1	5	3	340	0.00795714
7.56731	1	2	3	545	0.00224286
7.56746	1	3	3	1278	0.00238571
7.56753	1	4	3	106	0.00245714
7.56803	1	1	3	692	0.0129571
7.56803	3	4	3	736	0.00295714
7.56831	1	2	3	202	0.00224286
7.56846	1	3	3	1278	0.00238571
7.56867	1	4	3	340	0.0026
7.56874	1	5	3	66	0.00767142
7.5696	1	4	3	223	0.00252857
7.56989	1	1	3	458	0.0128143
7.57003	3	3	3	1612	0.00295714
7.57003	1	5	3	223	0.00795714
7.5706	1	3	3	1699	0.00252857
7.57081	1	4	3	340	0.00274285
7.57103	1	1	3	223	0.00795714
7.5716	1	4	3	340	0.00252857
7.57203	3	1	3	7868	0.00795714
7.57296	1	4	3	340	0.00288571
7.57303	1	5	3	106	0.00795714
7.57353	1	4	3	340	0.00245714
7.57403	3	4	3	8000	0.00295714
7.57403	1	1	3	458	0.0129571
7.57467	1	4	3	340	0.0026
7.57503	1	3	3	1484	0.00795714
7.57596	1	4	3	575	0.00288571
7.57603	1	5	3	106	0.00795714
7.57667	1	4	3	427	0.0026
7.57681	1	1	3	223	0.0127429
7.57703	1	5	3	340	0.00795714
7.57903	1	5	3	340	0.00795714
7.57974	1	5	3	340	0.00767142
7.58003	1	1	3	458	0.00795714
7.58103	1	1	3	692	0.00795714
7.58103	3	3	3	935	0.00795714
7.58203	3	3	3	531	0.00295714
7.58267	1	1	3	458	0.0126
7.58296	1	5	3	458	0.00788571
7.58603	1	5	3	340	0.00795714
7.58603	3	1	3	736	0.00295714
7.5866	1	5	3	692	0.00752857
7.58703	1	1	3	355	0.00795714
7.58703	3	3	3	1920	0.00295714
7.58803	3	3	3	417	0.00295714
7.58846	1	1	3	458	0.0123857
7.58903	1	5	3	927	0.00795714
7.58981	1	5	3	444	0.00774285
7.5906	1	2	3	267	0.00252857
7.59067	1	3	3	633	0.0026
7.59203	3	1	3	9455	0.00295714
7.59296	3	3	3	633	0.00288571
7.59303	1	5	3	1396	0.00795714
7.59303	3	4	3	736	0.00295714
7.59403	1	4	3	106	0.00295714
7.59546	1	2	3	1102	0.00238571
7.59567	1	3	3	2228	0.0026
7.59596	1	1	3	458	0.0128857
7.59603	1	5	3	38	0.00795714
7.59667	1	2	3	1935	0.0026
7.59689	1	3	3	1511	0.00281428
7.59703	3	3	3	633	0.00295714
7.59703	1	1	3	106	0.00795714
7.59796	1	2	3	1381	0.00288571
7.59824	1	2	3	267	0.00217143
7.59903	3	4	3	8000	0.00295714
7.59903	1	1	3	1278	0.00795714
7.59924	1	5	3	106	0.00717143
7.60046	1	2	3	545	0.00238571
7.60089	1	4	3	340	0.00281428
7.6016	1	2	3	338	0.00252857
7.60181	1	4	3	340	0.00274285
7.60246	1	4	3	223	0.00238571
7.60303	1	1	3	692	0.00795714
7.60303	3	3	3	170	0.00795714
7.60381	1	4	3	340	0.00274285
7.60396	3	3	3	531	0.00288571
7.60503	1	1	3	1278	0.0129571
7.60581	1	4	3	809	0.00274285
7.60589	1	5	3	106	0.00781428
7.6066	1	4	3	692	0.00252857
7.60681	1	5	3	340	0.00774285
7.60703	1	1	3	340	0.00795714
7.60789	1	4	3	575	0.00281428
7.60803	1	5	3	223	0.00795714
7.6086	1	4	3	692	0.00252857
7.60881	1	5	3	340	0.00774285
7.60903	1	1	3	340	0.00795714
7.60903	3	3	3	1278	0.00295714
7.60996	1	4	3	575	0.00288571
7.61003	1	5	3	106	0.00795714
7.61053	1	4	3	575	0.00245714
7.61103	1	1	3	223	0.0129571
7.61103	3	1	3	956	0.00795714
7.61174	1	4	3	458	0.00267142
7.61246	1	4	3	123	0.00238571
7.61303	1	1	3	575	0.00795714
7.61303	3	4	3	736	0.00295714
7.61503	1	1	3	552	0.00795714
7.61603	1	5	3	575	0.00795714
7.61667	1	5	3	458	0.0076
7.61803	1	5	3	340	0.00795714
7.61874	1	5	3	458	0.00767142
7.61903	3	4	3	8929	0.00295714
7.61981	3	4	3	528	0.00274285
7.62003	3	3	3	1920	0.00795714
7.62003	1	5	3	340	0.00795714
7.62203	3	1	3	7780	0.00795714
7.62603	1	5	3	926	0.00795714
7.62603	3	3	3	1278	0.00295714
7.62631	1	2	3	267	0.00224286
7.62639	1	3	3	736	0.00231428
7.62646	1	4	3	106	0.00238571
7.62703	1	5	3	927	0.00795714
7.62803	1	5	3	507	0.00795714
7.62903	1	5	3	1396	0.00795714
7.62996	1	5	3	38	0.00788571
7.6316	1	2	3	824	0.00252857
7.63181	1	3	3	2228	0.00274285
7.63203	1	4	3	340	0.00295714
7.6326	1	2	3	824	0.00252857
7.63281	1	3	3	2228	0.00274285
7.63303	1	4	3	340	0.00295714
7.63367	1	2	3	824	0.0026
7.63381	1	3	3	637	0.00274285
7.63403	1	4	3	340	0.00295714
7.6346	1	2	3	1656	0.00252857
7.63496	1	4	3	575	0.00288571
7.63503	1	1	3	106	0.0129571
7.63631	1	2	3	545	0.00224286
7.63674	1	4	3	340	0.00267142
7.63696	1	1	3	340	0.00788571
7.63703	3	3	3	1278	0.00795714
7.63739	1	2	3	824	0.00231428
7.63774	1	4	3	340	0.00267142
7.63803	3	4	3	736	0.00795714
7.63846	1	2	3	1102	0.00238571
7.63874	1	4	3	458	0.00267142
7.63974	1	2	3	429	0.00267142
7.64003	1	4	3	458	0.00295714
7.64103	1	1	3	1278	0.0129571
7.64103	3	1	3	956	0.00295714
7.64181	1	4	3	340	0.00274285
7.64274	1	4	3	458	0.00267142
7.64296	1	1	3	340	0.0128857
7.64303	1	5	3	106	0.00795714
7.64353	1	4	3	340	0.00245714
7.64403	3	4	3	8000	0.00295714
7.64403	1	1	3	458	0.0129571
7.64446	1	4	3	458	0.00238571
7.64596	1	4	3	575	0.00288571
7.64603	1	5	3	106	0.00795714
7.6466	1	4	3	384	0.00252857
7.64681	1	5	3	340	0.00774285
7.64703	3	1	3	9235	0.00295714
7.64803	3	3	3	2317	0.00795714
7.64896	3	3	3	531	0.00288571
7.64903	1	5	3	340	0.00795714
7.64974	1	1	3	458	0.0126714
7.65003	1	5	3	458	0.00795714
7.65196	1	1	3	340	0.0128857
7.65267	1	5	3	223	0.0076
7.65403	3	3	3	1278	0.00295714
7.65581	1	1	3	692	0.0127429
7.65603	1	5	3	340	0.00795714
7.65703	1	5	3	927	0.00795714
7.65803	1	1	3	575	0.0129571
7.65803	3	4	3	736	0.00295714
7.65846	1	1	3	458	0.0123857
7.65903	1	5	3	927	0.00795714
7.6596	1	5	3	692	0.00752857
7.66003	3	3	3	1920	0.00295714
7.66053	1	2	3	267	0.00245714
7.6606	1	3	3	736	0.00252857
7.66067	1	4	3	106	0.0026
7.66103	3	1	3	868	0.00295714
7.66296	1	5	3	809	0.00788571
7.66403	3	4	3	8929	0.00295714
7.66503	1	1	3	692	0.0129571
7.66503	3	4	3	528	0.00295714
7.66524	1	2	3	267	0.00217143
7.66531	1	3	3	736	0.00224286
7.66539	1	4	3	106	0.00231428
7.66574	1	5	3	482	0.00767142
7.66646	1	1	3	458	0.0123857
7.66703	3	1	3	9323	0.00295714
7.66703	1	5	3	927	0.00795714
7.66753	1	2	3	824	0.00245714
7.66796	1	4	3	340	0.00288571
7.6686	1	5	3	507	0.00752857
7.66946	1	2	3	545	0.00238571
7.6696	1	3	3	1484	0.00252857
7.66967	1	4	3	106	0.0026
7.67031	1	2	3	545	0.00224286
7.67053	1	3	3	648	0.00245714
7.67074	1	4	3	340	0.00267142
7.67103	1	1	3	458	0.0129571
7.67103	3	3	3	1278	0.00795714
7.6716	1	2	3	824	0.00252857
7.67203	1	4	3	340	0.00295714
7.6726	1	4	3	340	0.00252857
7.67289	1	3	3	2228	0.00781428
7.67303	1	1	3	223	0.00795714
7.67331	1	2	3	545	0.00224286
7.67353	1	4	3	106	0.00245714
7.67403	1	1	3	692	0.0129571
7.67446	1	2	3	868	0.00238571
7.67489	1	4	3	458	0.00281428
7.6756	1	2	3	333	0.00252857
7.67581	1	4	3	340	0.00274285
7.6766	1	4	3	340	0.00252857
7.67703	3	3	3	1278	0.00295714
7.67796	1	2	3	824	0.00788571
7.67803	3	4	3	736	0.00295714
7.67896	1	4	3	340	0.00288571
7.67903	1	5	3	106	0.00795714
7.6796	1	4	3	458	0.00252857
7.68003	1	1	3	223	0.0129571
7.68053	1	4	3	575	0.00245714
7.68074	1	5	3	340	0.00767142
7.68103	3	1	3	956	0.00295714
7.6816	1	4	3	692	0.00252857
7.68181	1	1	3	340	0.0127429
7.68203	1	5	3	340	0.00795714
7.68246	1	4	3	458	0.00238571
7.68274	1	5	3	458	0.00767142
7.68303	3	3	3	1278	0.00295714
7.68346	1	4	3	411	0.00238571
7.68503	3	4	3	7701	0.00295714
7.68503	1	5	3	458	0.00795714
7.68603	3	4	3	1757	0.00295714
7.68603	1	1	3	340	0.0129571
7.68803	1	1	3	458	0.0129571
7.68874	1	1	3	458	0.0126714
7.68903	1	5	3	458	0.00795714
7.68903	3	3	3	1920	0.00295714
7.69103	1	5	3	575	0.00795714
7.69174	1	5	3	458	0.00767142
7.69203	3	1	3	9235	0.00795714
7.69303	1	5	3	458	0.00795714
7.69446	1	1	3	458	0.0123857
7.69503	1	5	3	663	0.00795714
7.69503	3	3	3	555	0.00295714
7.69653	1	2	3	267	0.00245714
7.6966	1	4	3	106	0.00252857
7.69696	1	1	3	458	0.0128857
7.69746	1	3	3	736	0.00238571
7.6986	1	5	3	692	0.00752857
7.69903	3	4	3	633	0.00295714
7.70067	1	1	3	809	0.0126
7.70103	1	5	3	575	0.00795714
7.70103	3	3	3	531	0.00295714
7.70174	1	2	3	1102	0.00267142
7.70196	1	4	3	340	0.00288571
7.70203	1	5	3	106	0.00795714
7.70224	1	2	3	267	0.00217143
7.70231	1	3	3	736	0.00224286
7.70239	1	4	3	106	0.00231428
7.70303	1	1	3	927	0.0129571
7.70331	1	2	3	545	0.00224286
7.70353	1	4	3	106	0.00245714
7.70403	1	1	3	692	0.0129571
7.7046	1	5	3	692	0.00752857
7.70503	3	4	3	8929	0.00295714
7.70546	1	2	3	545	0.00238571
7.7056	1	3	3	1484	0.00252857
7.70581	1	4	3	340	0.00274285
7.70603	3	4	3	631	0.00295714
7.70631	1	2	3	545	0.00224286
7.70646	1	3	3	1484	0.00238571
7.7066	1	4	3	223	0.00252857
7.70703	1	1	3	458	0.00795714
7.70703	3	3	3	1278	0.00295714
7.70753	1	2	3	824	0.00245714
7.70774	1	3	3	1366	0.00267142
7.70796	1	4	3	340	0.00288571
7.70803	1	5	3	106	0.00795714
7.7086	1	2	3	824	0.00252857
7.70881	1	4	3	340	0.00274285
7.70889	1	5	3	106	0.00781428
7.70903	1	3	3	1484	0.00795714
7.70931	1	2	3	545	0.00224286
7.70953	1	4	3	106	0.00245714
7.71003	1	1	3	692	0.0129571
7.71067	1	4	3	340	0.0026
7.71089	1	5	3	340	0.00781428
7.71103	3	1	3	956	0.00795714
7.71189	1	4	3	340	0.00281428
7.71203	1	5	3	223	0.00795714
7.71267	1	4	3	340	0.0026
7.71303	3	3	3	1920	0.00295714
7.7136	1	4	3	340	0.00252857
7.71496	1	4	3	575	0.00288571
7.71503	1	5	3	106	0.00795714
7.71546	1	4	3	458	0.00238571
7.71589	1	1	3	223	0.0128143
7.71603	1	2	3	378	0.00795714
7.71681	1	4	3	1044	0.00274285
7.71703	3	1	3	9235	0.00295714
7.71767	1	4	3	412	0.0026
7.71781	1	1	3	223	0.0127429
7.71803	1	5	3	340	0.00795714
7.71881	1	1	3	340	0.0127429
7.71896	3	3	3	1278	0.00288571
7.71903	1	5	3	340	0.00795714
7.71903	3	4	3	736	0.00295714
7.72103	1	5	3	458	0.00795714
7.72203	1	1	3	223	0.0129571
7.72403	3	3	3	729	0.00295714
7.72474	1	1	3	458	0.0126714
7.72503	1	5	3	458	0.00795714
7.72603	3	4	3	1273	0.00295714
7.72703	1	5	3	575	0.00795714
7.7276	1	5	3	692	0.00752857
7.7286	1	5	3	692	0.00752857
7.73003	3	4	3	8184	0.00795714
7.73046	1	1	3	458	0.0123857
7.73096	3	1	3	956	0.00288571
7.73103	1	5	3	691	0.00795714
7.73103	3	3	3	531	0.00295714
7.73253	1	2	3	208	0.00245714
7.7326	1	3	3	736	0.00252857
7.73303	1	1	3	692	0.0129571
7.73403	1	1	3	692	0.0129571
7.7346	1	5	3	692	0.00752857
7.73603	3	1	3	3413	0.00295714
7.73674	1	1	3	809	0.0126714
7.73703	1	5	3	458	0.00795714
7.73703	3	3	3	1073	0.00295714
7.7376	1	2	3	648	0.00252857
7.73781	1	3	3	2228	0.00274285
7.73874	1	2	3	868	0.00267142
7.73896	1	3	3	2228	0.00288571
7.73903	1	5	3	106	0.00795714
7.73931	1	2	3	428	0.00224286
7.73946	1	3	3	637	0.00238571
7.74003	1	1	3	692	0.0129571
7.74196	1	2	3	1088	0.00288571
7.74203	1	4	3	106	0.00295714
7.74231	1	2	3	428	0.00224286
7.74274	1	5	3	340	0.00767142
7.74303	3	3	3	1612	0.00295714
7.74339	1	2	3	648	0.00231428
7.74403	3	4	3	736	0.00295714
7.74489	1	2	3	1088	0.00281428
7.74503	1	5	3	223	0.00795714
7.74603	1	1	3	1396	0.0129571
7.74639	1	2	3	648	0.00231428
7.74739	1	2	3	648	0.00231428
7.7476	1	4	3	340	0.00252857
7.74803	1	1	3	340	0.0129571
7.74831	1	2	3	428	0.00224286
7.74853	1	4	3	340	0.00245714
7.74881	1	1	3	458	0.0127429
7.74903	1	5	3	340	0.00795714
7.74931	1	2	3	174	0.00224286
7.74946	1	4	3	223	0.00238571
7.7496	3	1	3	956	0.00252857
7.75003	3	4	3	3633	0.00295714
7.75081	1	4	3	340	0.00274285
7.75139	1	4	3	106	0.00231428
7.75181	1	1	3	692	0.0127429
7.75203	1	5	3	340	0.00795714
7.75281	1	4	3	340	0.00274285
7.75303	1	5	3	340	0.00795714
7.75381	1	4	3	458	0.00274285
7.75403	3	3	3	1920	0.00795714
7.75446	1	4	3	458	0.00238571
7.75481	1	1	3	575	0.0127429
7.75503	3	1	3	4869	0.00295714
7.75503	1	5	3	340	0.00795714
7.7556	1	4	3	692	0.00252857
7.75581	1	5	3	340	0.00774285
7.75674	1	4	3	458	0.00267142
7.75853	1	4	3	575	0.00245714
7.75874	1	5	3	340	0.00767142
7.75974	1	4	3	458	0.00267142
7.76003	3	3	3	1073	0.00295714
7.76046	1	4	3	458	0.00238571
7.76096	1	1	3	340	0.0128857
7.76146	1	4	3	458	0.00238571
7.76174	1	5	3	458	0.00767142
7.76224	1	4	3	106	0.00217143
7.76246	1	1	3	340	0.0123857
7.76303	1	5	3	927	0.00795714
7.76346	1	4	3	458	0.00238571
7.76403	1	1	3	458	0.0129571
7.76446	1	4	3	458	0.00238571
7.76474	1	5	3	458	0.00767142
7.76574	1	4	3	458	0.00267142
7.76603	1	5	3	458	0.00795714
7.76603	3	3	3	1073	0.00295714
7.76703	1	1	3	458	0.0129571
7.76896	3	1	3	956	0.00288571
7.76903	1	5	3	458	0.00795714
7.77003	1	1	3	458	0.0129571
7.77203	1	5	3	458	0.00795714
7.77203	3	3	3	1612	0.00295714
7.77274	1	5	3	458	0.00767142
7.77396	3	1	3	4869	0.00288571
7.77403	3	4	3	736	0.00795714
7.77503	1	5	3	458	0.00795714
7.77581	1	1	3	458	0.0127429
7.77603	1	5	3	340	0.00795714
7.77803	1	1	3	184	0.0129571
7.77803	3	3	3	1612	0.00295714
7.77903	1	5	3	1044	0.00795714
7.77974	1	2	3	208	0.00267142
7.77981	1	3	3	736	0.00274285
7.77989	1	4	3	106	0.00281428
7.78003	3	4	3	5089	0.00295714
7.78203	1	5	3	458	0.00795714
7.78303	1	5	3	234	0.00795714
7.78403	3	3	3	966	0.00295714
7.78446	1	2	3	868	0.00238571
7.78467	1	3	3	2228	0.0026
7.78489	1	4	3	340	0.00281428
7.78503	1	1	3	223	0.0129571
7.7856	1	5	3	692	0.00752857
7.78653	1	2	3	648	0.00245714
7.78674	1	3	3	2228	0.00267142
7.78696	1	4	3	340	0.00288571
7.78703	3	1	3	956	0.00295714
7.78724	1	2	3	208	0.00217143
7.78731	1	3	3	637	0.00224286
7.78739	1	4	3	106	0.00231428
7.7886	1	5	3	692	0.00752857
7.78946	1	2	3	428	0.00238571
7.78981	1	4	3	340	0.00274285
7.79031	1	2	3	428	0.00224286
7.79053	1	4	3	106	0.00245714
7.79103	1	1	3	692	0.0129571
7.79103	3	3	3	531	0.00295714
7.79146	1	2	3	868	0.00238571
7.79181	1	4	3	340	0.00274285
7.79189	1	5	3	52	0.00781428
7.79203	1	1	3	223	0.00795714
7.79231	1	2	3	428	0.00224286
7.79239	1	4	3	106	0.00231428
7.79296	1	1	3	927	0.0128857
7.79303	3	1	3	6324	0.00295714
7.79331	1	2	3	428	0.00224286
7.79353	1	4	3	340	0.00245714
7.79403	1	1	3	692	0.0129571
7.79403	3	4	3	633	0.00295714
7.79446	1	2	3	868	0.00238571
7.79467	1	4	3	340	0.0026
7.79489	1	5	3	340	0.00781428
7.79574	1	2	3	868	0.00267142
7.79596	1	4	3	340	0.00288571
7.79603	1	5	3	106	0.00795714
7.79674	1	2	3	868	0.00267142
7.79696	1	4	3	340	0.00288571
7.79703	3	3	3	1073	0.00295714
7.7976	1	2	3	648	0.00252857
7.79781	1	4	3	340	0.00274285
7.79874	1	2	3	868	0.00267142
7.79896	1	4	3	340	0.00288571
7.79903	1	5	3	106	0.00795714
7.79946	1	2	3	132	0.00238571
7.79967	1	4	3	340	0.0026
7.80003	3	4	3	5192	0.00295714
7.80003	1	1	3	223	0.0129571
7.80053	1	4	3	340	0.00245714
7.80103	1	1	3	458	0.00795714
7.80153	1	4	3	340	0.00245714
7.8026	1	4	3	428	0.00252857
7.80281	1	5	3	340	0.00774285
7.80303	3	3	3	1612	0.00295714
7.80353	1	4	3	458	0.00245714
7.80403	1	1	3	458	0.00795714
7.80481	1	4	3	160	0.00274285
7.80503	1	5	3	340	0.00795714
7.80603	1	5	3	340	0.00795714
7.80681	1	1	3	458	0.0127429
7.80703	1	5	3	340	0.00795714
7.80803	1	1	3	340	0.0129571
7.80896	3	3	3	1612	0.00288571
7.80903	1	5	3	340	0.00795714
7.81003	1	1	3	458	0.00795714
7.81203	3	1	3	956	0.00295714
7.81303	1	5	3	575	0.00795714
7.81396	3	3	3	908	0.00288571
7.81403	1	1	3	809	0.00795714
7.81403	3	4	3	633	0.00295714
7.81503	1	5	3	458	0.00795714
7.81546	1	1	3	458	0.0123857
7.81603	1	5	3	927	0.00795714
7.8166	1	5	3	575	0.00752857
7.81703	1	1	3	692	0.00795714
7.81724	1	2	3	208	0.00217143
7.81731	1	3	3	736	0.00224286
7.81739	1	4	3	106	0.00231428
7.81803	3	1	3	4869	0.00295714
7.81903	1	5	3	575	0.00795714
7.82003	3	4	3	6647	0.00295714
7.82003	1	1	3	927	0.00795714
7.82103	3	3	3	633	0.00295714
7.82224	1	3	3	736	0.00217143
7.82231	1	4	3	106	0.00224286
7.82281	1	1	3	809	0.0127429
7.82296	1	5	3	223	0.00788571
7.82331	1	2	3	428	0.00224286
7.82346	1	3	3	1484	0.00238571
7.82353	1	4	3	106	0.00245714
7.82446	1	2	3	428	0.00238571
7.8246	1	3	3	1484	0.00252857
7.82474	1	4	3	223	0.00267142
7.82503	1	5	3	458	0.00795714
7.82553	1	5	3	575	0.00745714
7.82603	1	1	3	809	0.00795714
7.82624	1	4	3	106	0.00217143
7.8266	1	5	3	574	0.00752857
7.82703	1	1	3	692	0.00795714
7.82703	3	3	3	1278	0.00295714
7.8276	1	2	3	648	0.00252857
7.82781	1	3	3	2228	0.00274285
7.82803	1	4	3	340	0.00295714
7.82831	1	2	3	428	0.00224286
7.82846	1	3	3	622	0.00238571
7.82853	1	4	3	106	0.00245714
7.82903	1	1	3	809	0.0129571
7.82946	1	2	3	868	0.00238571
7.82989	1	4	3	340	0.00281428
7.83053	1	2	3	648	0.00245714
7.83096	1	4	3	340	0.00288571
7.8316	1	2	3	648	0.00252857
7.83181	1	4	3	340	0.00274285
7.83203	3	1	3	956	0.00295714
7.83231	1	2	3	428	0.00224286
7.8326	1	4	3	223	0.00252857
7.83303	1	1	3	340	0.00795714
7.83303	3	3	3	1278	0.00295714
7.8336	1	2	3	648	0.00252857
7.83381	1	4	3	340	0.00274285
7.83403	3	4	3	633	0.00295714
7.83446	1	2	3	868	0.00238571
7.83467	1	4	3	340	0.0026
7.83503	1	1	3	223	0.0129571
7.83546	1	2	3	868	0.00238571
7.83581	1	4	3	575	0.00274285
7.83589	1	5	3	106	0.00781428
7.83603	1	1	3	223	0.00795714
7.83639	1	2	3	648	0.00231428
7.8366	1	4	3	340	0.00252857
7.83681	1	5	3	340	0.00774285
7.83703	1	1	3	340	0.00795714
7.83774	1	2	3	868	0.00267142
7.83796	1	5	3	340	0.00788571
7.83803	3	1	3	4869	0.00295714
7.83839	1	2	3	648	0.00231428
7.8386	1	4	3	340	0.00252857
7.83881	1	5	3	340	0.00774285
7.83903	3	3	3	1920	0.00295714
7.83903	1	1	3	340	0.00795714
7.8396	1	2	3	648	0.00252857
7.83981	1	4	3	340	0.00274285
7.84003	3	4	3	5192	0.00295714
7.84003	1	5	3	340	0.00795714
7.84053	1	2	3	296	0.00245714
7.84074	1	4	3	340	0.00267142
7.84181	1	4	3	340	0.00274285
7.84253	1	4	3	340	0.00245714
7.84303	1	1	3	458	0.00795714
7.84381	1	4	3	340	0.00274285
7.8446	1	4	3	458	0.00252857
7.84503	1	1	3	340	0.00795714
7.84503	3	3	3	627	0.00295714
7.84567	1	4	3	809	0.0026
7.84589	1	5	3	340	0.00781428
7.8466	1	4	3	692	0.00252857
7.84681	1	5	3	340	0.00774285
7.84703	1	1	3	340	0.00795714
7.84781	1	4	3	575	0.00274285
7.84803	1	5	3	340	0.00795714
7.8486	1	4	3	281	0.00252857
7.84881	1	5	3	340	0.00774285
7.84903	1	1	3	340	0.00795714
7.85003	1	5	3	340	0.00795714
7.85103	1	1	3	223	0.0129571
7.85203	3	1	3	956	0.00295714
7.85303	1	1	3	294	0.00795714
7.85603	1	5	3	575	0.00795714
7.85603	3	3	3	633	0.00795714
7.85667	1	5	3	458	0.0076
7.85803	3	1	3	6324	0.00295714
7.85803	1	5	3	575	0.00795714
7.85874	1	5	3	927	0.00767142
7.85903	3	4	3	633	0.00295714
7.86003	1	5	3	55	0.00795714
7.86203	3	3	3	3233	0.00295714
7.86324	1	2	3	208	0.00217143
7.86331	1	3	3	736	0.00224286
7.86339	1	4	3	106	0.00231428
7.86603	1	5	3	106	0.00795714
7.86703	1	5	3	927	0.00795714
7.86803	1	5	3	575	0.00795714
7.86803	3	3	3	531	0.00295714
7.86824	1	2	3	208	0.00217143
7.86831	1	3	3	736	0.00224286
7.86903	1	5	3	1044	0.00795714
7.86939	1	2	3	428	0.00231428
7.86953	1	3	3	1484	0.00245714
7.86974	1	4	3	340	0.00267142
7.87003	3	4	3	5192	0.00795714
7.87003	1	5	3	220	0.00795714
7.87039	1	2	3	648	0.00231428
7.8706	1	3	3	2228	0.00252857
7.87081	1	4	3	340	0.00274285
7.87146	1	2	3	868	0.00238571
7.87174	1	3	3	2973	0.00267142
7.87203	1	4	3	458	0.00295714
7.87246	1	2	3	868	0.00238571
7.87274	1	3	3	588	0.00267142
7.87303	1	4	3	458	0.00295714
7.8736	1	2	3	1308	0.00252857
7.87403	1	4	3	106	0.00795714
7.87446	1	2	3	868	0.00238571
7.87496	1	4	3	340	0.00288571
7.87503	1	1	3	106	0.00795714
7.87539	1	2	3	648	0.00231428
7.87581	1	4	3	340	0.00274285
7.87603	1	5	3	340	0.00795714
7.87646	1	2	3	868	0.00238571
7.87696	1	4	3	575	0.00288571
7.87703	3	1	3	956	0.00795714
7.8776	1	2	3	1308	0.00252857
7.87796	1	4	3	575	0.00288571
7.8786	1	2	3	530	0.00252857
7.87903	1	4	3	692	0.00295714
7.87903	3	3	3	1336	0.00795714
7.88003	1	4	3	692	0.00295714
7.88103	1	4	3	458	0.00295714
7.88103	3	3	3	208	0.00295714
7.88181	1	4	3	340	0.00274285
7.88296	1	4	3	458	0.00288571
7.88303	1	5	3	106	0.00795714
7.88374	1	4	3	458	0.00267142
7.88403	3	4	3	531	0.00295714
7.88474	1	4	3	458	0.00267142
7.8856	1	4	3	692	0.00252857
7.88603	1	1	3	458	0.00795714
7.88603	3	3	3	1612	0.00295714
7.8866	1	4	3	692	0.00252857
7.88681	1	5	3	340	0.00774285
7.88703	3	3	3	1048	0.00295714
7.88774	1	4	3	927	0.00267142
7.88803	3	1	3	7780	0.00795714
7.88803	1	1	3	458	0.00795714
7.88846	1	4	3	458	0.00238571
7.88874	1	5	3	458	0.00767142
7.88903	1	1	3	458	0.00795714
7.88946	1	4	3	271	0.00238571
7.88974	1	5	3	458	0.00767142
7.89003	3	4	3	6475	0.00295714
7.89003	1	1	3	458	0.00795714
7.89103	3	4	3	276	0.00295714
7.89103	1	5	3	223	0.00795714
7.89196	1	1	3	340	0.0128857
7.89203	3	3	3	1432	0.00295714
7.89603	1	1	3	575	0.00795714
7.89703	1	5	3	458	0.00795714
7.89774	1	5	3	458	0.00767142
7.89803	1	1	3	458	0.00795714
7.89874	1	5	3	575	0.00767142
7.89903	1	1	3	458	0.00795714
7.8996	1	5	3	692	0.00752857
7.90003	1	1	3	692	0.00795714
7.90103	1	5	3	809	0.00795714
7.90203	3	1	3	956	0.00295714
7.90303	3	3	3	633	0.00295714
7.90403	3	4	3	531	0.00295714
7.90531	1	2	3	208	0.00224286
7.90539	1	3	3	736	0.00231428
7.90546	1	4	3	106	0.00238571
7.90603	1	1	3	575	0.00795714
7.90674	1	1	3	927	0.0126714
7.90703	1	5	3	458	0.00795714
7.90803	3	1	3	9235	0.00295714
7.90803	1	5	3	1044	0.00795714
7.9086	1	5	3	692	0.00752857
7.90903	1	1	3	692	0.00795714
7.90903	3	3	3	1278	0.00295714
7.9096	1	5	3	77	0.00752857
7.91003	3	4	3	6475	0.00295714
7.91003	1	1	3	692	0.00795714
7.91046	1	2	3	428	0.00238571
7.9106	1	3	3	1484	0.00252857
7.91081	1	4	3	340	0.00274285
7.91103	3	4	3	1732	0.00295714
7.91146	1	2	3	428	0.00238571
7.9116	1	3	3	1484	0.00252857
7.91181	1	4	3	340	0.00274285
7.91231	1	2	3	428	0.00224286
7.91253	1	3	3	2228	0.00245714
7.91274	1	4	3	340	0.00267142
7.91303	1	1	3	340	0.00795714
7.91346	1	2	3	428	0.00238571
7.9136	1	3	3	1484	0.00252857
7.91381	1	4	3	338	0.00274285
7.91446	1	2	3	428	0.00238571
7.9146	1	3	3	1484	0.00252857
7.91481	1	4	3	340	0.00274285
7.91503	3	3	3	1278	0.00295714
7.91531	1	2	3	428	0.00224286
7.91546	1	3	3	1303	0.00238571
7.91567	1	4	3	340	0.0026
7.91631	1	2	3	428	0.00224286
7.91667	1	4	3	340	0.0026
7.91689	1	5	3	340	0.00781428
7.91703	1	1	3	223	0.00795714
7.91767	1	2	3	648	0.0026
7.91796	1	5	3	106	0.00788571
7.91831	1	2	3	428	0.00224286
7.91867	1	4	3	340	0.0026
7.91889	1	5	3	340	0.00781428
7.91903	1	1	3	223	0.00795714
7.91931	1	2	3	428	0.00224286
7.91967	1	4	3	340	0.0026
7.91989	1	5	3	340	0.00781428
7.92003	1	1	3	223	0.00795714
7.92039	1	2	3	648	0.00231428
7.9206	1	4	3	340	0.00252857
7.92074	1	1	3	223	0.0126714
7.92096	1	5	3	340	0.00788571
7.92103	3	3	3	1920	0.00295714
7.9216	1	2	3	648	0.00252857
7.92181	1	4	3	340	0.00274285
7.92203	3	1	3	956	0.00295714
7.92231	1	2	3	428	0.00224286
7.92253	1	4	3	340	0.00245714
7.92303	1	1	3	458	0.00795714
7.9236	1	2	3	648	0.00252857
7.92381	1	4	3	340	0.00274285
7.9246	1	2	3	648	0.00252857
7.92481	1	4	3	340	0.00274285
7.92503	3	4	3	633	0.00295714
7.9256	1	2	3	648	0.00252857
7.92581	1	4	3	340	0.00274285
7.92639	1	2	3	648	0.00231428
7.9266	1	4	3	340	0.00252857
7.92681	1	5	3	340	0.00774285
7.92703	1	1	3	340	0.00795714
7.92703	3	3	3	627	0.00295714
7.9276	1	2	3	648	0.00252857
7.92781	1	4	3	340	0.00274285
7.92803	3	1	3	7780	0.00295714
7.92803	1	5	3	340	0.00795714
7.92839	1	2	3	558	0.00231428
7.9286	1	4	3	340	0.00252857
7.92881	1	5	3	340	0.00774285
7.92903	1	1	3	340	0.00795714
7.9296	1	4	3	340	0.00252857
7.92981	1	5	3	340	0.00774285
7.93003	1	1	3	340	0.00795714
7.9306	1	4	3	340	0.00252857
7.93081	1	5	3	340	0.00774285
7.93103	1	1	3	340	0.00795714
7.93181	1	4	3	340	0.00274285
7.9326	1	4	3	340	0.00252857
7.93303	3	3	3	633	0.00295714
7.93374	1	4	3	458	0.00267142
7.93474	1	4	3	458	0.00267142
7.93574	1	4	3	284	0.00267142
7.93603	3	4	3	7701	0.00795714
7.93674	1	5	3	340	0.00767142
7.93696	3	4	3	1860	0.00788571
7.93781	1	1	3	340	0.0127429
7.93803	1	5	3	340	0.00795714
7.93874	1	5	3	458	0.00767142
7.93903	1	1	3	458	0.00795714
7.93903	3	3	3	1278	0.00295714
7.93974	1	5	3	458	0.00767142
7.94003	1	1	3	458	0.00795714
7.94074	1	5	3	458	0.00767142
7.94203	1	1	3	340	0.0129571
7.94203	3	1	3	868	0.00295714
7.94503	3	3	3	1278	0.00295714
7.94603	1	1	3	458	0.0129571
7.94703	1	5	3	809	0.00795714
7.94803	3	1	3	9323	0.00295714
7.94903	1	5	3	1163	0.00795714
7.95003	1	1	3	692	0.00795714
7.95003	3	4	3	633	0.00295714
7.95031	1	2	3	208	0.00224286
7.95039	1	3	3	736	0.00231428
7.95046	1	4	3	106	0.00238571
7.95103	1	5	3	927	0.00795714
7.95267	1	1	3	809	0.0126
7.95303	1	5	3	507	0.00795714
7.95546	1	2	3	1102	0.00238571
7.95574	1	3	3	2973	0.00267142
7.95596	1	4	3	340	0.00288571
7.95603	3	3	3	1920	0.00795714
7.95631	1	2	3	545	0.00224286
7.95646	1	3	3	1484	0.00238571
7.95653	1	4	3	106	0.00245714
7.95689	1	1	3	575	0.0128143
7.95703	3	4	3	2330	0.00295714
7.95746	1	2	3	1102	0.00238571
7.95774	1	3	3	2973	0.00267142
7.95796	1	4	3	340	0.00288571
7.95853	1	5	3	575	0.00745714
7.95939	1	2	3	545	0.00231428
7.9596	1	3	3	576	0.00252857
7.95981	1	4	3	340	0.00274285
7.96031	1	2	3	428	0.00224286
7.96074	1	4	3	340	0.00267142
7.96103	3	4	3	5775	0.00795714
7.96103	1	1	3	97	0.0129571
7.96146	1	2	3	428	0.00238571
7.96181	1	4	3	340	0.00274285
7.96189	3	1	3	956	0.00281428
7.96203	3	3	3	1073	0.00295714
7.9626	1	2	3	648	0.00252857
7.96296	1	4	3	340	0.00288571
7.96303	1	5	3	106	0.00795714
7.96331	1	2	3	428	0.00224286
7.96346	1	4	3	223	0.00238571
7.96446	1	2	3	868	0.00238571
7.96474	1	4	3	458	0.00267142
7.96496	1	5	3	340	0.00788571
7.9656	1	2	3	648	0.00252857
7.96581	1	4	3	340	0.00274285
7.96603	1	5	3	340	0.00795714
7.96646	1	2	3	868	0.00238571
7.96667	1	4	3	340	0.0026
7.96689	1	5	3	340	0.00781428
7.96703	3	1	3	9235	0.00295714
7.96703	1	1	3	223	0.00795714
7.96739	1	2	3	824	0.00231428
7.9676	1	4	3	340	0.00252857
7.96803	3	3	3	1073	0.00295714
7.96874	1	2	3	1102	0.00267142
7.96896	1	4	3	340	0.00288571
7.96903	1	5	3	106	0.00795714
7.96946	1	2	3	476	0.00238571
7.96974	1	4	3	458	0.00267142
7.97003	1	1	3	106	0.0129571
7.9706	1	4	3	340	0.00252857
7.97174	1	4	3	458	0.00267142
7.9726	1	4	3	340	0.00252857
7.97281	1	1	3	340	0.0127429
7.97303	1	5	3	340	0.00795714
7.97353	1	4	3	340	0.00245714
7.97403	1	1	3	458	0.00795714
7.97403	3	3	3	1920	0.00295714
7.97481	1	4	3	575	0.00274285
7.97503	1	5	3	340	0.00795714
7.97503	3	4	3	531	0.00295714
7.9756	1	4	3	692	0.00252857
7.97581	1	1	3	340	0.0127429
7.97603	1	5	3	340	0.00795714
7.97653	1	4	3	575	0.00245714
7.97674	1	5	3	340	0.00767142
7.97774	1	4	3	458	0.00267142
7.97881	1	4	3	575	0.00274285
7.97903	1	5	3	340	0.00795714
7.97946	1	4	3	458	0.00238571
7.98003	3	3	3	1073	0.00295714
7.98024	3	1	3	868	0.00217143
7.98074	1	4	3	458	0.00267142
7.98146	1	4	3	224	0.00238571
7.98203	3	4	3	2604	0.00295714
7.98203	1	1	3	458	0.0129571
7.98267	1	5	3	458	0.0076
7.98403	1	1	3	458	0.00795714
7.98474	1	1	3	458	0.0126714
7.98503	1	5	3	458	0.00795714
7.98524	3	3	3	531	0.00217143
7.98574	1	5	3	458	0.00767142
7.98603	3	4	3	7059	0.00795714
7.98603	1	1	3	458	0.00795714
7.98689	3	1	3	9323	0.00281428
7.98703	1	5	3	458	0.00795714
7.98703	3	3	3	1073	0.00295714
7.98803	1	1	3	458	0.0129571
7.98903	1	5	3	458	0.00795714
7.99103	3	3	3	1056	0.00295714
7.99303	1	5	3	927	0.00795714
7.99324	1	3	3	736	0.00217143
7.9946	1	5	3	692	0.00752857
7.99503	1	1	3	692	0.00795714
7.9956	1	5	3	692	0.00752857
7.99603	1	1	3	692	0.00795714
7.99674	1	1	3	927	0.0126714
7.99703	1	5	3	458	0.00795714
7.99796	1	1	3	458	0.00788571
7.99824	1	3	3	736	0.00217143
7.99881	1	1	3	927	0.0127429
7.99903	1	5	3	66	0.00795714
8.00003	1	3	3	4462	0.00295714
8.00096	1	3	3	3717	0.00288571
8.00203	1	3	3	547	0.00295714
8.00303	1	5	3	575	0.00795714
8.00489	3	1	3	956	0.00281428
8.00496	3	4	3	531	0.00788571
8.00503	1	1	3	692	0.00795714
8.00503	3	3	3	531	0.00795714
8.00524	1	2	3	267	0.00217143
8.00546	1	4	3	106	0.00238571
8.0086	1	5	3	106	0.00752857
8.0096	3	1	3	5775	0.00252857
8.01003	3	4	3	5775	0.00295714
8.01003	1	5	3	340	0.00795714
8.01031	1	2	3	545	0.00224286
8.01046	1	4	3	223	0.00238571
8.01074	3	3	3	2562	0.00267142
8.01089	1	1	3	623	0.0128143
8.01103	3	4	3	3846	0.00295714
8.01103	1	5	3	223	0.00795714
8.01146	1	2	3	1102	0.00238571
8.01181	1	4	3	575	0.00274285
8.01203	1	5	3	340	0.00795714
8.01253	1	2	3	1381	0.00245714
8.01289	1	4	3	575	0.00281428
8.01303	1	5	3	223	0.00795714
8.01346	1	2	3	1102	0.00238571
8.01374	1	4	3	458	0.00267142
8.01431	1	2	3	545	0.00224286
8.01446	1	4	3	223	0.00238571
8.01539	3	3	3	575	0.00231428
8.01546	1	2	3	1102	0.00238571
8.01553	1	3	3	736	0.00245714
8.01581	1	4	3	458	0.00274285
8.01603	3	1	3	3462	0.00795714
8.01646	1	2	3	1102	0.00238571
8.01674	1	4	3	458	0.00267142
8.01689	3	4	3	43	0.00781428
8.01696	3	3	3	633	0.00788571
8.01746	1	2	3	1102	0.00238571
8.01774	1	4	3	458	0.00267142
8.01846	1	2	3	1102	0.00238571
8.01874	1	4	3	458	0.00267142
8.01903	1	5	3	458	0.00795714
8.0196	1	2	3	862	0.00252857
8.01996	1	4	3	575	0.00288571
8.02003	1	5	3	106	0.00795714
8.0206	1	3	3	2228	0.00252857
8.02081	1	4	3	340	0.00274285
8.02103	1	5	3	340	0.00795714
8.0216	1	3	3	2228	0.00252857
8.02181	1	4	3	340	0.00274285
8.02203	1	5	3	340	0.00795714
8.02203	3	3	3	633	0.00295714
8.02253	1	3	3	2228	0.00245714
8.02274	1	4	3	340	0.00267142
8.02303	1	5	3	458	0.00795714
8.02303	3	1	3	956	0.00295714
8.0236	1	3	3	2228	0.00252857
8.02381	1	4	3	340	0.00274285
8.02439	1	3	3	552	0.00231428
8.02467	1	4	3	458	0.0026
8.02503	3	4	3	868	0.00295714
8.02574	1	4	3	458	0.00267142
8.02674	1	4	3	458	0.00267142
8.02774	1	4	3	458	0.00267142
8.02796	3	3	3	1073	0.00288571
8.02881	1	4	3	809	0.00274285
8.02903	3	1	3	3413	0.00295714
8.02903	1	5	3	340	0.00795714
8.02967	1	4	3	809	0.0026
8.03003	1	5	3	575	0.00795714
8.03074	1	4	3	857	0.00267142
8.03103	1	5	3	458	0.00795714
8.03203	3	4	3	9323	0.00795714
8.03203	1	5	3	458	0.00795714
8.03296	3	3	3	1920	0.00288571
8.03303	1	5	3	458	0.00795714
8.03803	3	3	3	676	0.00295714
8.03903	1	5	3	692	0.00795714
8.04003	1	5	3	692	0.00795714
8.04103	1	5	3	1396	0.00795714
8.04303	1	5	3	52	0.00795714
8.04303	3	1	3	956	0.00295714
8.04489	1	2	3	267	0.00281428
8.04496	1	3	3	736	0.00288571
8.04503	1	4	3	106	0.00295714
8.04596	3	3	3	633	0.00288571
8.04603	3	4	3	868	0.00295714
8.04903	1	5	3	106	0.00795714
8.04946	1	2	3	1102	0.00238571
8.04974	1	3	3	2973	0.00267142
8.05039	1	2	3	824	0.00231428
8.0506	1	3	3	2228	0.00252857
8.05081	1	4	3	340	0.00274285
8.05103	3	3	3	1278	0.00295714
8.05146	1	3	3	2973	0.00238571
8.05174	1	4	3	458	0.00267142
8.05246	1	2	3	1102	0.00238571
8.05267	1	3	3	1287	0.0026
8.05289	1	4	3	340	0.00281428
8.05296	1	5	3	106	0.00788571
8.05346	1	2	3	1102	0.00238571
8.05381	1	4	3	458	0.00274285
8.05431	1	2	3	545	0.00224286
8.05474	1	4	3	340	0.00267142
8.05503	3	1	3	4869	0.00795714
8.05503	1	5	3	458	0.00795714
8.05539	1	2	3	824	0.00231428
8.05581	1	4	3	340	0.00274285
8.05603	1	5	3	340	0.00795714
8.05646	1	2	3	1102	0.00238571
8.05681	1	4	3	340	0.00274285
8.05703	3	4	3	9323	0.00795714
8.05703	1	5	3	340	0.00795714
8.05746	1	2	3	1102	0.00238571
8.05774	1	4	3	458	0.00267142
8.05803	3	3	3	1278	0.00295714
8.05803	1	1	3	106	0.0129571
8.05846	1	2	3	1102	0.00238571
8.05881	1	4	3	575	0.00274285
8.05903	1	5	3	340	0.00795714
8.05946	1	2	3	1102	0.00238571
8.05974	1	4	3	458	0.00267142
8.06046	1	2	3	40	0.00238571
8.06074	1	4	3	458	0.00267142
8.06174	1	4	3	458	0.00267142
8.06274	1	4	3	458	0.00267142
8.06296	1	5	3	340	0.00788571
8.06381	1	4	3	340	0.00274285
8.06403	3	3	3	1920	0.00295714
8.06474	1	4	3	340	0.00267142
8.06503	1	5	3	458	0.00795714
8.06574	1	4	3	458	0.00267142
8.06603	1	5	3	458	0.00795714
8.06674	1	4	3	458	0.00267142
8.06703	1	5	3	458	0.00795714
8.06774	1	4	3	458	0.00267142
8.0686	1	4	3	692	0.00252857
8.06881	1	5	3	340	0.00774285
8.06903	1	1	3	340	0.00795714
8.06903	3	1	3	956	0.00295714
8.06946	1	4	3	458	0.00238571
8.07003	1	1	3	458	0.00795714
8.07003	3	3	3	1278	0.00295714
8.07046	1	4	3	458	0.00238571
8.07103	1	1	3	458	0.00795714
8.07103	3	4	3	736	0.00295714
8.07146	1	4	3	458	0.00238571
8.07203	1	1	3	458	0.00795714
8.07246	1	4	3	458	0.00238571
8.07274	1	5	3	458	0.00767142
8.07303	1	1	3	458	0.00795714
8.07374	1	4	3	75	0.00267142
8.07503	1	5	3	458	0.00795714
8.07603	1	5	3	458	0.00795714
8.07603	3	3	3	783	0.00295714
8.07703	3	4	3	3633	0.00295714
8.07703	1	5	3	458	0.00795714
8.07874	1	5	3	458	0.00767142
8.07903	1	1	3	458	0.00795714
8.08003	3	1	3	4869	0.00795714
8.08003	1	1	3	458	0.00795714
8.08096	1	1	3	458	0.00788571
8.08203	1	1	3	458	0.00795714
8.08203	3	3	3	633	0.00295714
8.0826	1	5	3	575	0.00752857
8.08303	1	1	3	692	0.00795714
8.08503	1	5	3	927	0.00795714
8.08603	1	5	3	809	0.00795714
8.08631	1	2	3	267	0.00224286
8.08639	1	3	3	736	0.00231428
8.08646	1	4	3	106	0.00238571
8.08703	1	5	3	285	0.00795714
8.08803	3	3	3	1278	0.00295714
8.08903	1	1	3	692	0.00795714
8.09003	1	1	3	458	0.00795714
8.09103	1	1	3	575	0.00795714
8.09103	3	4	3	736	0.00295714
8.09146	1	2	3	1102	0.00238571
8.09174	1	3	3	2973	0.00267142
8.09196	1	4	3	340	0.00288571
8.09203	1	1	3	106	0.00795714
8.09303	1	1	3	1396	0.00795714
8.09353	1	2	3	824	0.00245714
8.09374	1	3	3	2228	0.00267142
8.09396	1	4	3	340	0.00288571
8.0946	1	2	3	824	0.00252857
8.09481	1	3	3	2228	0.00274285
8.09503	1	4	3	340	0.00295714
8.0956	1	2	3	824	0.00252857
8.09581	1	3	3	2033	0.00274285
8.09603	1	4	3	338	0.00295714
8.09674	1	2	3	537	0.00267142
8.09696	3	4	3	5089	0.00288571
8.09696	1	4	3	340	0.00288571
8.09803	1	4	3	340	0.00295714
8.09881	1	4	3	340	0.00274285
8.09889	1	5	3	106	0.00781428
8.09896	3	3	3	1278	0.00788571
8.09903	1	1	3	223	0.00795714
8.09903	3	1	3	1073	0.00795714
8.09981	1	4	3	340	0.00274285
8.10003	1	1	3	340	0.00795714
8.10081	1	4	3	809	0.00274285
8.10103	1	1	3	340	0.00795714
8.10174	1	4	3	927	0.00267142
8.10203	1	1	3	458	0.00795714
8.10281	1	4	3	1044	0.00274285
8.10303	1	1	3	340	0.00795714
8.10374	1	4	3	458	0.00267142
8.10403	3	3	3	2545	0.00295714
8.10474	1	4	3	458	0.00267142
8.10574	1	4	3	458	0.00267142
8.10674	1	4	3	458	0.00267142
8.10774	1	4	3	458	0.00267142
8.10846	1	4	3	458	0.00238571
8.10874	1	5	3	458	0.00767142
8.10903	1	1	3	458	0.00795714
8.10946	1	4	3	458	0.00238571
8.10974	1	5	3	458	0.00767142
8.11003	3	1	3	6207	0.00795714
8.11003	1	1	3	48	0.00795714
8.11046	1	4	3	458	0.00238571
8.11074	1	5	3	458	0.00767142
8.11146	1	4	3	458	0.00238571
8.11174	1	5	3	458	0.00767142
8.11203	3	3	3	531	0.00295714
8.11246	1	4	3	458	0.00238571
8.11274	1	5	3	458	0.00767142
8.11374	1	4	3	50	0.00267142
8.11503	3	4	3	736	0.00295714
8.11803	3	3	3	1278	0.00295714
8.11874	1	5	3	458	0.00767142
8.12003	1	5	3	692	0.00795714
8.12103	3	4	3	5089	0.00295714
8.12103	1	5	3	692	0.00795714
8.12303	1	5	3	1278	0.00795714
8.12381	3	1	3	1073	0.00274285
8.12403	3	3	3	1920	0.00295714
8.12453	1	2	3	267	0.00245714
8.1246	1	4	3	106	0.00252857
8.12703	1	5	3	1396	0.00795714
8.12903	1	5	3	270	0.00795714
8.12939	1	2	3	824	0.00231428
8.1296	1	4	3	340	0.00252857
8.12989	3	1	3	4752	0.00281428
8.13003	1	5	3	692	0.00795714
8.13003	3	3	3	1278	0.00295714
8.13103	1	5	3	742	0.00795714
8.13124	1	3	3	736	0.00217143
8.13189	1	4	3	1044	0.00281428
8.13367	1	2	3	1656	0.0026
8.13403	1	4	3	575	0.00295714
8.1346	1	2	3	1656	0.00252857
8.13503	1	4	3	692	0.00295714
8.1356	1	2	3	1428	0.00252857
8.13603	1	4	3	692	0.00295714
8.13674	1	3	3	2973	0.00267142
8.13696	1	4	3	340	0.00288571
8.13703	1	5	3	106	0.00795714
8.1376	1	3	3	662	0.00252857
8.13796	1	4	3	575	0.00288571
8.13874	1	4	3	20	0.00267142
8.14003	3	4	3	736	0.00795714
8.14103	3	3	3	729	0.00795714
8.14203	3	3	3	531	0.00295714
8.14296	1	5	3	106	0.00788571
8.14303	3	1	3	1073	0.00295714
8.14381	1	1	3	106	0.0127429
8.14403	1	5	3	340	0.00795714
8.14503	1	5	3	458	0.00795714
8.14603	3	4	3	6544	0.00295714
8.14603	1	5	3	692	0.00795714
8.14703	3	3	3	1612	0.00295714
8.14803	3	3	3	725	0.00295714
8.14903	3	1	3	4752	0.00295714
8.14953	1	2	3	267	0.00245714
8.1496	1	3	3	736	0.00252857
8.14967	1	4	3	106	0.0026
8.15203	1	5	3	1396	0.00795714
8.15303	1	5	3	1210	0.00795714
8.15303	3	3	3	1278	0.00295714
8.15403	1	1	3	1278	0.00795714
8.15424	1	2	3	267	0.00217143
8.15431	1	3	3	736	0.00224286
8.15439	1	4	3	106	0.00231428
8.15503	1	1	3	458	0.00795714
8.15603	1	1	3	692	0.00795714
8.15646	1	2	3	545	0.00238571
8.1566	1	3	3	1484	0.00252857
8.15681	1	4	3	340	0.00274285
8.15703	3	3	3	156	0.00295714
8.15774	1	2	3	1102	0.00267142
8.15796	1	3	3	2228	0.00288571
8.15867	1	2	3	824	0.0026
8.15881	1	3	3	648	0.00274285
8.15903	1	4	3	340	0.00295714
8.15953	1	2	3	824	0.00245714
8.15996	1	4	3	340	0.00288571
8.16003	3	4	3	736	0.00295714
8.16046	1	2	3	545	0.00238571
8.16074	1	4	3	223	0.00267142
8.16131	1	2	3	545	0.00224286
8.16167	1	4	3	340	0.0026
8.16189	1	5	3	340	0.00781428
8.16203	1	1	3	223	0.00795714
8.16231	1	2	3	545	0.00224286
8.1626	1	4	3	223	0.00252857
8.16303	1	1	3	458	0.00795714
8.16303	3	1	3	1073	0.00295714
8.16331	1	2	3	378	0.00224286
8.16353	1	4	3	340	0.00245714
8.16396	3	3	3	633	0.00788571
8.16403	1	1	3	458	0.00795714
8.16481	1	4	3	575	0.00274285
8.16489	1	5	3	106	0.00781428
8.16503	1	1	3	223	0.00795714
8.16503	3	3	3	531	0.00295714
8.16567	1	4	3	340	0.0026
8.16589	1	5	3	340	0.00781428
8.16603	3	4	3	5089	0.00295714
8.16603	1	1	3	223	0.00795714
8.16681	1	4	3	340	0.00274285
8.16789	1	4	3	458	0.00281428
8.16803	1	5	3	223	0.00795714
8.16881	1	4	3	575	0.00274285
8.16903	1	5	3	340	0.00795714
8.16903	3	3	3	1278	0.00295714
8.16974	1	4	3	458	0.00267142
8.17074	1	4	3	458	0.00267142
8.17103	3	3	3	428	0.00295714
8.1716	1	4	3	294	0.00252857
8.17181	1	5	3	340	0.00774285
8.17203	1	1	3	340	0.00795714
8.17303	1	1	3	458	0.00795714
8.17403	3	1	3	6207	0.00795714
8.17403	1	1	3	458	0.00795714
8.17474	1	5	3	458	0.00767142
8.17503	1	1	3	458	0.00795714
8.17503	3	3	3	633	0.00295714
8.17574	1	5	3	458	0.00767142
8.17803	1	5	3	458	0.00795714
8.17903	1	5	3	458	0.00795714
8.17903	3	3	3	633	0.00295714
8.18103	3	3	3	170	0.00295714
8.1816	1	5	3	575	0.00752857
8.18496	3	3	3	633	0.00288571
8.18503	1	5	3	1044	0.00795714
8.18503	3	4	3	736	0.00295714
8.18524	1	2	3	208	0.00217143
8.18531	1	3	3	736	0.00224286
8.18539	1	4	3	106	0.00231428
8.18603	1	5	3	612	0.00795714
8.18703	3	3	3	633	0.00295714
8.18803	3	1	3	1073	0.00295714
8.18903	1	5	3	1396	0.00795714
8.19003	3	3	3	1278	0.00295714
8.19046	1	2	3	868	0.00238571
8.19074	1	3	3	2973	0.00267142
8.19096	1	4	3	340	0.00288571
8.19146	1	2	3	868	0.00238571
8.19167	1	3	3	2118	0.0026
8.19189	1	4	3	340	0.00281428
8.19203	1	1	3	106	0.00795714
8.19253	1	2	3	1088	0.00245714
8.19296	1	4	3	575	0.00288571
8.19303	3	3	3	326	0.00295714
8.19303	1	1	3	106	0.00795714
8.1936	1	2	3	1308	0.00252857
8.19403	1	4	3	692	0.00295714
8.1946	1	2	3	1308	0.00252857
8.19496	1	4	3	575	0.00288571
8.19503	1	5	3	38	0.00795714
8.19546	1	2	3	868	0.00238571
8.19546	3	3	3	633	0.00238571
8.19596	1	4	3	340	0.00288571
8.19603	3	4	3	5089	0.00795714
8.19653	1	2	3	778	0.00245714
8.19689	1	4	3	575	0.00281428
8.19696	1	5	3	106	0.00788571
8.19796	1	4	3	340	0.00288571
8.19903	3	1	3	7663	0.00795714
8.19903	1	4	3	458	0.00295714
8.20003	1	4	3	458	0.00295714
8.20081	1	4	3	340	0.00274285
8.20103	3	3	3	801	0.00295714
8.20174	1	4	3	458	0.00267142
8.20267	1	4	3	253	0.0026
8.20274	1	5	3	106	0.00767142
8.20303	1	1	3	458	0.00795714
8.20403	1	1	3	458	0.00795714
8.20503	1	1	3	458	0.00795714
8.20581	1	5	3	340	0.00774285
8.20603	1	1	3	340	0.00795714
8.20674	1	5	3	458	0.00767142
8.20703	1	1	3	458	0.00795714
8.20896	3	3	3	633	0.00288571
8.20903	1	5	3	458	0.00795714
8.21003	1	5	3	458	0.00795714
8.2126	1	5	3	692	0.00752857
8.21303	1	1	3	692	0.00795714
8.21403	1	1	3	927	0.00795714
8.21403	3	3	3	1278	0.00295714
8.21503	1	1	3	400	0.00795714
8.21503	3	4	3	531	0.00295714
8.2156	1	5	3	692	0.00752857
8.2166	1	5	3	575	0.00752857
8.21803	3	1	3	956	0.00295714
8.21903	1	5	3	458	0.00795714
8.22003	1	5	3	458	0.00795714
8.22003	3	3	3	1278	0.00295714
8.22103	3	4	3	6749	0.00295714
8.22403	3	1	3	9235	0.00295714
8.22403	1	5	3	575	0.00895714
8.22474	1	2	3	208	0.00267142
8.22603	1	5	3	376	0.00795714
8.22603	3	3	3	1920	0.00295714
8.22631	1	3	3	736	0.00224286
8.22639	1	4	3	106	0.00231428
8.22703	1	5	3	1044	0.00795714
8.22974	1	2	3	1744	0.00267142
8.23003	1	5	3	390	0.00795714
8.23067	1	2	3	1525	0.0026
8.23153	1	2	3	868	0.00245714
8.23181	1	3	3	2973	0.00274285
8.23203	1	4	3	340	0.00295714
8.23246	1	2	3	868	0.00238571
8.23274	1	3	3	2973	0.00267142
8.23296	1	4	3	340	0.00288571
8.23346	1	2	3	621	0.00238571
8.23367	1	3	3	602	0.0026
8.23396	1	4	3	458	0.00288571
8.23503	1	4	3	692	0.00295714
8.23567	1	4	3	340	0.0026
8.23603	1	5	3	575	0.00795714
8.23674	1	4	3	340	0.00267142
8.23703	3	3	3	627	0.00795714
8.23703	1	1	3	106	0.00795714
8.23896	1	4	3	1278	0.00288571
8.23903	3	3	3	531	0.00295714
8.23903	1	5	3	106	0.00795714
8.2396	1	4	3	692	0.00252857
8.24003	3	4	3	736	0.00795714
8.24074	1	4	3	927	0.00267142
8.24181	1	4	3	1044	0.00274285
8.24203	1	5	3	340	0.00795714
8.24267	1	4	3	340	0.0026
8.24296	3	3	3	1920	0.00288571
8.24303	1	5	3	575	0.00795714
8.24303	3	1	3	1073	0.00795714
8.24374	1	4	3	407	0.00267142
8.24503	1	5	3	692	0.00795714
8.24503	3	3	3	417	0.00295714
8.24603	3	4	3	7701	0.00295714
8.24603	1	5	3	340	0.00795714
8.24703	3	4	3	301	0.00295714
8.24874	1	5	3	458	0.00767142
8.24903	3	1	3	7663	0.00295714
8.24903	1	1	3	458	0.00795714
8.25003	1	1	3	340	0.00795714
8.25103	1	1	3	458	0.00795714
8.25174	1	5	3	458	0.00767142
8.25281	1	1	3	458	0.0127429
8.25303	1	5	3	340	0.00795714
8.25403	3	3	3	633	0.00295714
8.25503	1	5	3	340	0.00795714
8.25603	1	5	3	92	0.00795714
8.25653	1	2	3	208	0.00245714
8.2566	1	4	3	106	0.00252857
8.25696	1	1	3	458	0.0128857
8.25803	1	3	3	736	0.00295714
8.25853	1	5	3	575	0.00745714
8.25903	1	1	3	809	0.00795714
8.26003	1	1	3	1044	0.00795714
8.26003	3	3	3	1073	0.00295714
8.26103	1	1	3	458	0.00795714
8.26174	1	2	3	868	0.00267142
8.26196	1	4	3	340	0.00288571
8.26203	1	5	3	106	0.00795714
8.26303	1	1	3	1253	0.00795714
8.26303	3	1	3	1073	0.00295714
8.26346	1	2	3	428	0.00238571
8.2636	1	3	3	1484	0.00252857
8.26381	1	4	3	340	0.00274285
8.26439	1	2	3	648	0.00231428
8.2646	1	3	3	2228	0.00252857
8.26481	1	4	3	340	0.00274285
8.26503	1	5	3	340	0.00795714
8.26503	3	4	3	633	0.00295714
8.26531	1	2	3	428	0.00224286
8.26539	1	3	3	736	0.00231428
8.26546	1	4	3	106	0.00238571
8.26603	1	5	3	927	0.00795714
8.26603	3	3	3	1612	0.00295714
8.26631	1	2	3	428	0.00224286
8.26646	1	3	3	647	0.00238571
8.2666	1	4	3	223	0.00252857
8.2676	1	2	3	1308	0.00252857
8.26796	1	4	3	575	0.00288571
8.26803	1	5	3	106	0.00795714
8.26831	1	2	3	428	0.00224286
8.26867	1	4	3	340	0.0026
8.26889	1	5	3	340	0.00781428
8.26946	1	2	3	868	0.00238571
8.26981	1	4	3	340	0.00274285
8.27046	1	2	3	230	0.00238571
8.27081	1	4	3	340	0.00274285
8.27167	3	3	3	1073	0.0026
8.27189	1	4	3	575	0.00281428
8.27203	3	4	3	1860	0.00295714
8.27203	1	5	3	223	0.00795714
8.27274	1	4	3	458	0.00267142
8.27374	1	4	3	458	0.00267142
8.27403	3	1	3	9118	0.00795714
8.27481	1	4	3	809	0.00274285
8.27503	1	5	3	340	0.00795714
8.27581	1	4	3	502	0.00274285
8.27603	3	4	3	7701	0.00795714
8.27603	1	5	3	340	0.00795714
8.27703	3	3	3	1345	0.00295714
8.27803	1	5	3	458	0.00795714
8.27903	1	5	3	458	0.00795714
8.28403	3	3	3	531	0.00295714
8.28503	1	5	3	809	0.00795714
8.28603	1	5	3	730	0.00795714
8.28703	1	5	3	1396	0.00795714
8.28803	1	5	3	38	0.00795714
8.28803	3	1	3	956	0.00295714
8.28996	3	3	3	1073	0.00288571
8.29003	3	4	3	633	0.00295714
8.29096	1	2	3	208	0.00288571
8.29103	1	4	3	106	0.00295714
8.29403	3	1	3	9235	0.00295714
8.29503	1	5	3	106	0.00795714
8.29567	1	2	3	1656	0.0026
8.29603	3	4	3	7701	0.00295714
8.29646	1	2	3	1102	0.00238571
8.29674	1	4	3	458	0.00267142
8.29703	3	4	3	404	0.00295714
8.29746	1	2	3	1102	0.00238571
8.29753	1	3	3	736	0.00245714
8.29781	1	4	3	458	0.00274285
8.2986	1	2	3	1656	0.00252857
8.29896	1	4	3	575	0.00288571
8.29903	1	5	3	106	0.00795714
8.2996	1	2	3	1566	0.00252857
8.29996	1	4	3	575	0.00288571
8.30003	3	3	3	1920	0.00795714
8.3006	1	4	3	340	0.00252857
8.30096	1	5	3	575	0.00788571
8.30103	1	1	3	106	0.00795714
8.30174	1	4	3	458	0.00267142
8.30203	1	5	3	458	0.00795714
8.30253	1	3	3	2228	0.00245714
8.30274	1	4	3	340	0.00267142
8.30296	1	5	3	340	0.00788571
8.3036	1	3	3	2228	0.00252857
8.30381	1	4	3	340	0.00274285
8.30431	1	3	3	637	0.00224286
8.30496	1	4	3	1044	0.00288571
8.30503	1	5	3	106	0.00795714
8.3056	1	4	3	692	0.00252857
8.30603	3	3	3	1308	0.00295714
8.30674	1	4	3	458	0.00267142
8.30803	3	1	3	1073	0.00295714
8.30903	1	5	3	340	0.00795714
8.31003	3	4	3	633	0.00295714
8.31103	1	5	3	692	0.00795714
8.31174	1	5	3	458	0.00767142
8.31203	1	1	3	458	0.00795714
8.31203	3	3	3	1073	0.00295714
8.31281	1	5	3	340	0.00774285
8.31403	3	1	3	9118	0.00295714
8.31403	1	1	3	458	0.00795714
8.31474	1	5	3	458	0.00767142
8.31503	1	1	3	458	0.00795714
8.31603	3	4	3	7701	0.00295714
8.31703	3	4	3	1860	0.00295714
8.31796	1	1	3	340	0.0128857
8.31803	3	3	3	1612	0.00295714
8.31903	1	5	3	927	0.00795714
8.3196	1	3	3	736	0.00252857
8.31967	1	4	3	106	0.0026
8.32096	1	5	3	846	0.00788571
8.32181	1	1	3	692	0.00774285
8.32203	1	1	3	340	0.0139571
8.32346	1	1	3	458	0.00738571
8.32396	3	3	3	1612	0.00288571
8.32424	1	3	3	736	0.00217143
8.32431	1	4	3	106	0.00224286
8.32467	1	5	3	575	0.0076
8.32503	1	1	3	575	0.00795714
8.32546	1	3	3	2973	0.00238571
8.32567	1	4	3	340	0.0026
8.3266	1	3	3	2228	0.00252857
8.32681	1	4	3	340	0.00274285
8.32703	1	5	3	340	0.00795714
8.32731	1	3	3	614	0.00224286
8.32746	1	4	3	223	0.00238571
8.32803	1	1	3	692	0.00795714
8.32803	3	1	3	1073	0.00295714
8.32881	1	4	3	458	0.00274285
8.32903	3	3	3	909	0.00295714
8.32981	1	4	3	340	0.00274285
8.33003	3	4	3	633	0.00295714
8.33067	1	4	3	340	0.0026
8.33081	1	1	3	223	0.0127429
8.33103	1	5	3	340	0.00795714
8.33167	1	4	3	575	0.0026
8.33203	1	1	3	340	0.00795714
8.33289	1	4	3	575	0.00281428
8.33303	1	5	3	223	0.00795714
8.33353	1	4	3	575	0.00245714
8.33374	1	5	3	340	0.00767142
8.33403	3	1	3	9118	0.00295714
8.33403	1	1	3	458	0.00795714
8.3346	1	4	3	692	0.00252857
8.33481	1	5	3	340	0.00774285
8.33503	1	1	3	252	0.00795714
8.33524	3	3	3	531	0.00217143
8.3356	1	4	3	692	0.00252857
8.33603	3	4	3	7059	0.00295714
8.33681	1	4	3	1044	0.00274285
8.33696	3	4	3	2502	0.00288571
8.33696	1	5	3	223	0.00788571
8.33746	1	4	3	458	0.00238571
8.3386	1	4	3	450	0.00252857
8.34103	1	5	3	692	0.00795714
8.34103	3	3	3	1073	0.00295714
8.34303	1	5	3	340	0.00795714
8.34403	1	5	3	692	0.00795714
8.34503	1	5	3	211	0.00795714
8.34703	1	5	3	692	0.00795714
8.34703	3	3	3	1920	0.00295714
8.34803	3	1	3	1073	0.00295714
8.35003	3	4	3	633	0.00295714
8.35103	1	5	3	106	0.00795714
8.35124	1	2	3	208	0.00217143
8.35131	1	3	3	736	0.00224286
8.35139	1	4	3	106	0.00231428
8.35303	1	5	3	638	0.00795714
8.35303	3	3	3	1073	0.00295714
8.35403	1	5	3	1044	0.00795714
8.35403	3	1	3	3296	0.00295714
8.35503	1	5	3	390	0.00795714
8.35603	3	4	3	7701	0.00295714
8.35624	1	3	3	736	0.00217143
8.35631	1	4	3	106	0.00224286
8.35703	3	4	3	1860	0.00295714
8.35753	1	2	3	868	0.00245714
8.35781	1	3	3	2973	0.00274285
8.35803	1	4	3	340	0.00295714
8.35846	1	2	3	868	0.00238571
8.35874	1	3	3	2973	0.00267142
8.35903	1	4	3	458	0.00295714
8.35903	3	3	3	1139	0.00295714
8.35946	1	2	3	868	0.00238571
8.35974	1	3	3	1324	0.00267142
8.36003	1	4	3	458	0.00295714
8.36046	1	2	3	868	0.00238571
8.36096	1	4	3	575	0.00288571
8.36103	1	5	3	106	0.00795714
8.36139	1	2	3	648	0.00231428
8.36181	1	4	3	340	0.00274285
8.36231	1	2	3	428	0.00224286
8.36274	1	4	3	340	0.00267142
8.36303	1	1	3	106	0.00795714
8.36346	1	2	3	868	0.00238571
8.36381	1	4	3	340	0.00274285
8.36446	1	2	3	868	0.00238571
8.36474	1	4	3	458	0.00267142
8.3656	1	2	3	1656	0.00252857
8.36603	1	4	3	692	0.00295714
8.36603	3	3	3	531	0.00295714
8.36646	1	2	3	608	0.00238571
8.36681	1	4	3	575	0.00274285
8.36703	1	5	3	340	0.00795714
8.36781	1	4	3	575	0.00274285
8.36803	1	5	3	340	0.00795714
8.36803	3	1	3	1073	0.00295714
8.36881	1	4	3	340	0.00274285
8.36903	1	5	3	340	0.00795714
8.36974	1	4	3	340	0.00267142
8.37003	1	5	3	458	0.00795714
8.37003	3	4	3	633	0.00295714
8.37081	1	4	3	340	0.00274285
8.37174	1	4	3	458	0.00267142
8.37203	3	3	3	1073	0.00295714
8.37274	1	4	3	458	0.00267142
8.37346	1	4	3	458	0.00238571
8.37403	1	1	3	340	0.00795714
8.37453	1	4	3	575	0.00245714
8.3756	1	4	3	444	0.00252857
8.37581	1	5	3	340	0.00774285
8.37603	1	1	3	340	0.00795714
8.37674	1	5	3	340	0.00767142
8.37703	3	4	3	1860	0.00295714
8.37703	1	1	3	458	0.00795714
8.37774	1	5	3	458	0.00767142
8.37803	1	1	3	458	0.00795714
8.37803	3	3	3	1920	0.00295714
8.37903	3	1	3	4752	0.00795714
8.37903	1	5	3	575	0.00795714
8.37967	1	1	3	223	0.0126
8.38003	1	5	3	575	0.00795714
8.38103	3	4	3	7701	0.00795714
8.38403	1	1	3	458	0.00795714
8.38403	3	3	3	1278	0.00295714
8.38553	1	5	3	575	0.00745714
8.38603	1	1	3	809	0.00795714
8.38653	1	5	3	575	0.00745714
8.38803	1	5	3	575	0.00795714
8.3896	1	5	3	157	0.00752857
8.39003	1	1	3	692	0.00795714
8.39003	3	3	3	934	0.00295714
8.39081	1	2	3	208	0.00274285
8.39089	1	3	3	736	0.00281428
8.39096	1	4	3	106	0.00288571
8.39203	1	1	3	809	0.0129571
8.39303	1	1	3	809	0.00795714
8.39303	3	1	3	956	0.00295714
8.3936	1	5	3	692	0.00752857
8.39403	1	1	3	344	0.00795714
8.39503	3	4	3	633	0.00295714
8.39524	1	2	3	208	0.00217143
8.39531	1	3	3	736	0.00224286
8.39539	1	4	3	106	0.00231428
8.39546	1	5	3	106	0.00738571
8.39603	3	3	3	633	0.00295714
8.39631	1	2	3	428	0.00224286
8.39646	1	3	3	1484	0.00238571
8.39667	1	4	3	340	0.0026
8.39703	1	5	3	575	0.00795714
8.39739	1	2	3	648	0.00231428
8.3976	1	3	3	2228	0.00252857
8.39796	1	5	3	65	0.00788571
8.39846	1	2	3	868	0.00238571
8.39874	1	3	3	2973	0.00267142
8.39896	1	4	3	340	0.00288571
8.3996	1	5	3	692	0.00752857
8.40024	1	3	3	736	0.00217143
8.40031	1	4	3	106	0.00224286
8.40103	3	4	3	3736	0.00295714
8.40139	1	2	3	824	0.00231428
8.4016	1	3	3	1310	0.00252857
8.40181	1	4	3	340	0.00274285
8.40203	3	3	3	1278	0.00295714
8.40239	1	2	3	824	0.00231428
8.40281	1	4	3	340	0.00274285
8.40346	1	2	3	1102	0.00238571
8.40396	1	4	3	340	0.00288571
8.40403	1	5	3	106	0.00795714
8.40431	1	2	3	545	0.00224286
8.40446	1	4	3	223	0.00238571
8.40546	1	2	3	1102	0.00238571
8.40596	1	4	3	575	0.00288571
8.40603	1	5	3	106	0.00795714
8.40646	1	2	3	868	0.00238571
8.40681	1	4	3	575	0.00274285
8.40703	1	5	3	340	0.00795714
8.40746	1	2	3	868	0.00238571
8.40781	1	4	3	575	0.00274285
8.40803	1	5	3	340	0.00795714
8.40803	3	3	3	1278	0.00295714
8.40846	1	2	3	868	0.00238571
8.40874	1	4	3	458	0.00267142
8.40903	3	1	3	4869	0.0129571
8.40953	1	2	3	857	0.00245714
8.40989	1	4	3	575	0.00281428
8.41003	1	5	3	223	0.00795714
8.41074	1	4	3	458	0.00267142
8.41174	1	4	3	575	0.00267142
8.41274	1	4	3	575	0.00267142
8.41374	1	4	3	458	0.00267142
8.41403	1	5	3	458	0.00795714
8.41403	3	3	3	1920	0.00295714
8.4146	1	4	3	868	0.00252857
8.41503	3	4	3	633	0.00295714
8.41574	1	4	3	1161	0.00267142
8.41603	1	5	3	458	0.00795714
8.41667	1	4	3	1015	0.0026
8.41696	1	5	3	458	0.00788571
8.41774	1	4	3	125	0.00267142
8.41803	1	5	3	458	0.00795714
8.42003	1	5	3	677	0.00795714
8.42003	3	3	3	1278	0.00295714
8.42303	3	1	3	956	0.00295714
8.42403	1	5	3	692	0.00795714
8.42603	3	4	3	5192	0.00795714
8.42603	1	5	3	106	0.00795714
8.42703	1	5	3	638	0.00795714
8.42803	1	5	3	223	0.00795714
8.42903	3	1	3	6324	0.00295714
8.43003	1	5	3	1211	0.00795714
8.43024	1	2	3	267	0.00217143
8.43031	1	3	3	736	0.00224286
8.43039	1	4	3	106	0.00231428
8.43103	3	3	3	783	0.00795714
8.43303	3	3	3	633	0.00295714
8.43524	1	2	3	208	0.00217143
8.43531	1	3	3	736	0.00224286
8.43539	1	4	3	106	0.00231428
8.43603	1	5	3	1044	0.00795714
8.43646	1	2	3	868	0.00238571
8.43674	1	3	3	2973	0.00267142
8.43696	1	4	3	340	0.00288571
8.43703	3	3	3	1920	0.00295714
8.43746	1	2	3	868	0.00238571
8.43774	1	3	3	2973	0.00267142
8.43796	1	4	3	340	0.00288571
8.43846	1	2	3	868	0.00238571
8.43874	1	3	3	1324	0.00267142
8.43896	1	4	3	340	0.00288571
8.43903	3	3	3	315	0.00295714
8.43903	1	1	3	106	0.00795714
8.43946	1	2	3	868	0.00238571
8.43981	1	4	3	340	0.00274285
8.44003	3	4	3	633	0.00295714
8.44046	1	2	3	868	0.00238571
8.44089	1	4	3	340	0.00281428
8.44139	1	2	3	648	0.00231428
8.44181	1	4	3	340	0.00274285
8.44246	1	2	3	868	0.00238571
8.44296	1	4	3	575	0.00288571
8.44296	3	1	3	956	0.00288571
8.44303	3	3	3	633	0.00295714
8.44303	1	5	3	106	0.00795714
8.44353	1	2	3	1088	0.00245714
8.44389	1	4	3	575	0.00281428
8.4446	1	2	3	648	0.00252857
8.44481	1	4	3	340	0.00274285
8.44503	1	5	3	340	0.00795714
8.44567	1	2	3	648	0.0026
8.44589	1	4	3	340	0.00281428
8.44603	3	4	3	5192	0.00295714
8.44603	1	5	3	223	0.00795714
8.4466	1	2	3	45	0.00252857
8.44681	1	4	3	340	0.00274285
8.44703	1	5	3	340	0.00795714
8.44803	1	4	3	458	0.00295714
8.44889	1	4	3	340	0.00281428
8.44896	3	3	3	170	0.00288571
8.44903	1	5	3	223	0.00795714
8.4496	1	4	3	340	0.00252857
8.45053	1	4	3	458	0.00245714
8.45146	1	4	3	458	0.00238571
8.45196	1	1	3	340	0.00788571
8.45246	1	4	3	458	0.00238571
8.4526	3	3	3	633	0.00752857
8.45303	3	1	3	4869	0.00795714
8.45346	1	4	3	458	0.00238571
8.4546	1	4	3	692	0.00252857
8.45481	1	1	3	340	0.0127429
8.45503	1	5	3	340	0.00795714
8.45503	3	3	3	633	0.00295714
8.45553	1	4	3	575	0.00245714
8.45581	1	1	3	458	0.0127429
8.45603	1	5	3	340	0.00795714
8.45674	1	4	3	121	0.00267142
8.45703	1	5	3	458	0.00795714
8.45774	1	1	3	458	0.0126714
8.45803	1	5	3	458	0.00795714
8.45803	3	3	3	1920	0.00295714
8.45874	1	1	3	458	0.0126714
8.45903	1	5	3	458	0.00795714
8.46103	3	3	3	315	0.00295714
8.46203	1	1	3	458	0.00795714
8.46474	1	5	3	458	0.00767142
8.46503	1	1	3	458	0.00795714
8.46503	3	4	3	633	0.00295714
8.4656	1	5	3	575	0.00752857
8.46603	1	1	3	692	0.00795714
8.46703	1	5	3	927	0.00795714
8.46703	3	1	3	956	0.00295714
8.46803	1	5	3	898	0.00795714
8.46903	1	1	3	692	0.00795714
8.47003	3	3	3	633	0.00295714
8.47103	3	4	3	6647	0.00295714
8.47274	1	2	3	208	0.00267142
8.47281	1	3	3	736	0.00274285
8.47289	1	4	3	135	0.00281428
8.47503	1	1	3	824	0.00795714
8.47603	3	3	3	1278	0.00295714
8.47703	1	1	3	458	0.0129571
8.47746	1	2	3	868	0.00238571
8.47781	1	3	3	3717	0.00274285
8.47789	1	1	3	106	0.0128143
8.47796	1	5	3	106	0.00788571
8.47803	3	1	3	4869	0.00795714
8.4786	1	5	3	692	0.00752857
8.47953	1	2	3	868	0.00245714
8.47981	1	3	3	2973	0.00274285
8.48003	1	4	3	428	0.00295714
8.48053	1	2	3	648	0.00245714
8.48074	1	3	3	2228	0.00267142
8.48096	1	4	3	428	0.00288571
8.48139	1	2	3	208	0.00231428
8.48146	1	3	3	544	0.00238571
8.48153	1	4	3	135	0.00245714
8.48203	1	5	3	809	0.00795714
8.48203	3	3	3	1278	0.00295714
8.48246	1	2	3	428	0.00238571
8.48281	1	4	3	428	0.00274285
8.48346	1	2	3	428	0.00238571
8.48381	1	4	3	428	0.00274285
8.48431	1	2	3	428	0.00224286
8.48474	1	4	3	428	0.00267142
8.48503	3	4	3	633	0.00295714
8.48531	1	2	3	428	0.00224286
8.48567	1	4	3	428	0.0026
8.48603	1	1	3	223	0.00795714
8.48646	1	2	3	868	0.00238571
8.48667	1	4	3	428	0.0026
8.48703	1	1	3	223	0.00795714
8.48746	1	2	3	868	0.00238571
8.48767	1	4	3	428	0.0026
8.48789	1	5	3	340	0.00781428
8.48803	3	3	3	1920	0.00295714
8.48803	1	1	3	223	0.00795714
8.48846	1	2	3	868	0.00238571
8.48867	1	4	3	428	0.0026
8.48889	1	5	3	340	0.00781428
8.48903	1	1	3	223	0.00795714
8.48946	1	2	3	868	0.00238571
8.48974	1	4	3	575	0.00267142
8.48981	1	1	3	106	0.0127429
8.49003	1	5	3	340	0.00795714
8.4906	1	2	3	648	0.00252857
8.49081	1	4	3	428	0.00274285
8.49103	3	4	3	5192	0.00295714
8.49103	1	5	3	340	0.00795714
8.4916	1	2	3	648	0.00252857
8.49181	1	4	3	428	0.00274285
8.49203	1	5	3	340	0.00795714
8.49203	3	1	3	633	0.00295714
8.4926	1	2	3	648	0.00252857
8.49281	1	4	3	428	0.00274285
8.4936	1	2	3	296	0.00252857
8.49381	1	4	3	428	0.00274285
8.49403	3	3	3	627	0.00295714
8.49481	1	4	3	428	0.00274285
8.4956	1	4	3	428	0.00252857
8.49603	1	1	3	340	0.00795714
8.49653	1	4	3	428	0.00245714
8.49696	1	1	3	130	0.00788571
8.4976	1	4	3	575	0.00252857
8.49781	1	5	3	340	0.00774285
8.49803	3	1	3	6647	0.00295714
8.4986	1	4	3	868	0.00252857
8.49881	1	5	3	340	0.00774285
8.4996	1	4	3	868	0.00252857
8.49981	1	5	3	340	0.00774285
8.50003	3	3	3	633	0.00295714
8.50081	1	4	3	232	0.00274285
8.50103	1	5	3	340	0.00795714
8.50203	1	5	3	340	0.00795714
8.50503	3	4	3	633	0.00295714
8.50803	1	5	3	692	0.00795714
8.50903	1	5	3	692	0.00795714
8.51003	1	5	3	799	0.00795714
8.51089	3	4	3	5192	0.00281428
8.51103	1	5	3	1161	0.00795714
8.51103	3	3	3	1278	0.00795714
8.51203	1	5	3	273	0.00795714
8.51203	3	1	3	956	0.00295714
8.51589	1	2	3	208	0.00281428
8.51596	1	3	3	736	0.00288571
8.51603	1	4	3	135	0.00295714
8.51703	3	3	3	2389	0.00295714
8.51803	3	1	3	7780	0.00295714
8.51803	1	5	3	106	0.00795714
8.5206	1	2	3	1308	0.00252857
8.52096	1	3	3	3717	0.00288571
8.52146	1	2	3	868	0.00238571
8.52174	1	3	3	2973	0.00267142
8.52203	1	4	3	575	0.00295714
8.52246	1	2	3	868	0.00238571
8.52274	1	3	3	2770	0.00267142
8.52303	1	4	3	575	0.00295714
8.52303	3	3	3	531	0.00295714
8.52346	1	2	3	868	0.00238571
8.52396	1	4	3	721	0.00288571
8.52403	3	4	3	633	0.00295714
8.52403	1	5	3	106	0.00795714
8.52446	1	2	3	868	0.00238571
8.52474	1	4	3	575	0.00267142
8.52531	1	2	3	428	0.00224286
8.52574	1	4	3	428	0.00267142
8.52603	1	1	3	106	0.0129571
8.52639	1	2	3	648	0.00231428
8.52681	1	4	3	428	0.00274285
8.52746	1	2	3	868	0.00238571
8.52781	1	4	3	721	0.00274285
8.5286	1	2	3	1308	0.00252857
8.52896	3	3	3	1073	0.00288571
8.52903	1	4	3	868	0.00295714
8.52946	1	2	3	868	0.00238571
8.52974	1	4	3	575	0.00267142
8.53003	3	4	3	6647	0.00295714
8.53003	1	5	3	458	0.00795714
8.53039	1	2	3	648	0.00231428
8.5306	1	4	3	428	0.00252857
8.53081	1	5	3	340	0.00774285
8.53174	1	4	3	575	0.00267142
8.53196	1	5	3	340	0.00788571
8.53203	3	1	3	956	0.00295714
8.5326	1	2	3	460	0.00252857
8.53281	1	4	3	428	0.00274285
8.53303	1	5	3	340	0.00795714
8.53381	1	4	3	428	0.00274285
8.53403	3	3	3	1612	0.00295714
8.53481	1	4	3	428	0.00274285
8.53581	1	4	3	428	0.00274285
8.53646	1	4	3	575	0.00238571
8.53746	1	4	3	575	0.00238571
8.53803	3	1	3	9235	0.00295714
8.53803	1	1	3	340	0.00795714
8.5386	1	4	3	762	0.00252857
8.53881	1	5	3	340	0.00774285
8.53903	1	1	3	340	0.00795714
8.53981	1	5	3	340	0.00774285
8.54003	3	3	3	1612	0.00295714
8.54003	1	1	3	340	0.00795714
8.54081	1	5	3	340	0.00774285
8.54103	1	1	3	340	0.00795714
8.54174	1	1	3	458	0.0126714
8.54203	1	5	3	458	0.00795714
8.54296	1	5	3	575	0.00788571
8.54403	3	4	3	633	0.00295714
8.54603	3	3	3	908	0.00295714
8.5486	1	5	3	692	0.00752857
8.54903	1	1	3	692	0.00795714
8.5496	1	5	3	692	0.00752857
8.55003	3	4	3	7701	0.00295714
8.55003	1	1	3	692	0.00795714
8.5506	1	5	3	692	0.00752857
8.55103	3	4	3	404	0.00295714
8.5516	1	5	3	692	0.00752857
8.55203	3	1	3	956	0.00295714
8.5526	1	5	3	679	0.00752857
8.55303	1	1	3	692	0.00795714
8.55303	3	3	3	531	0.00295714
8.55603	1	1	3	692	0.0129571
8.55703	1	1	3	692	0.0129571
8.55803	3	1	3	7780	0.00295714
8.55903	3	3	3	1073	0.00295714
8.55967	1	5	3	106	0.0076
8.56096	1	5	3	692	0.00788571
8.56203	1	5	3	638	0.00795714
8.56224	1	4	3	150	0.00217143
8.56267	1	5	3	692	0.0076
8.56403	1	1	3	462	0.0129571
8.56431	1	2	3	208	0.00224286
8.56439	1	3	3	736	0.00231428
8.56496	3	3	3	1612	0.00288571
8.56503	3	4	3	736	0.00295714
8.56767	1	4	3	868	0.0026
8.56874	1	4	3	575	0.00267142
8.56924	1	2	3	208	0.00217143
8.56931	1	3	3	736	0.00224286
8.56939	1	4	3	135	0.00231428
8.57003	1	5	3	1044	0.00795714
8.57003	3	3	3	1612	0.00295714
8.57103	3	4	3	8929	0.00295714
8.57103	1	5	3	809	0.00795714
8.57146	1	2	3	428	0.00238571
8.57167	1	3	3	2228	0.0026
8.57181	3	1	3	956	0.00274285
8.57189	1	4	3	428	0.00281428
8.57203	3	4	3	528	0.00295714
8.57203	1	5	3	223	0.00795714
8.57231	1	2	3	428	0.00224286
8.57246	1	3	3	1484	0.00238571
8.5726	1	4	3	282	0.00252857
8.57296	1	5	3	104	0.00788571
8.57331	1	2	3	428	0.00224286
8.57339	1	3	3	736	0.00231428
8.57346	1	4	3	135	0.00238571
8.5746	1	2	3	648	0.00252857
8.57503	1	4	3	428	0.00295714
8.5756	1	2	3	648	0.00252857
8.57581	1	3	3	2056	0.00274285
8.57603	1	4	3	428	0.00295714
8.57603	3	3	3	908	0.00295714
8.57646	1	2	3	868	0.00238571
8.57681	1	4	3	721	0.00274285
8.57696	1	1	3	223	0.00788571
8.57746	1	2	3	868	0.00238571
8.57789	1	4	3	428	0.00281428
8.57803	1	1	3	106	0.0129571
8.57831	1	2	3	428	0.00224286
8.5786	1	4	3	282	0.00252857
8.57903	1	1	3	458	0.0129571
8.57931	1	2	3	428	0.00224286
8.57946	1	4	3	282	0.00238571
8.57981	1	3	3	2228	0.00774285
8.58003	1	1	3	340	0.00795714
8.58039	1	2	3	648	0.00231428
8.5806	1	4	3	428	0.00252857
8.58103	1	1	3	340	0.00795714
8.58131	3	3	3	531	0.00224286
8.5816	1	2	3	648	0.00252857
8.58181	1	4	3	428	0.00274285
8.58203	3	1	3	9235	0.00795714
8.58274	1	2	3	633	0.00267142
8.58296	1	4	3	428	0.00288571
8.58303	1	5	3	106	0.00795714
8.58367	1	2	3	648	0.0026
8.58389	1	4	3	428	0.00281428
8.58403	1	5	3	223	0.00795714
8.58467	1	2	3	648	0.0026
8.58489	1	4	3	428	0.00281428
8.58503	1	5	3	223	0.00795714
8.5856	1	2	3	648	0.00252857
8.58581	1	4	3	428	0.00274285
8.58603	1	5	3	340	0.00795714
8.58603	3	4	3	736	0.00295714
8.58639	1	2	3	648	0.00231428
8.5866	1	4	3	428	0.00252857
8.58681	1	5	3	340	0.00774285
8.58703	1	1	3	340	0.00795714
8.58703	3	3	3	1278	0.00295714
8.58731	1	2	3	119	0.00224286
8.58753	1	4	3	428	0.00245714
8.58803	1	1	3	458	0.00795714
8.58853	1	4	3	428	0.00245714
8.58903	1	1	3	458	0.00795714
8.58953	1	4	3	428	0.00245714
8.5906	1	4	3	428	0.00252857
8.59181	1	4	3	390	0.00274285
8.59203	3	4	3	8000	0.00295714
8.59303	1	5	3	340	0.00795714
8.59403	1	5	3	340	0.00795714
8.59481	1	1	3	205	0.0127429
8.59503	1	5	3	340	0.00795714
8.59603	1	5	3	340	0.00795714
8.59603	3	1	3	868	0.00295714
8.59667	1	5	3	340	0.0076
8.59803	3	3	3	1920	0.00795714
8.60203	3	1	3	9323	0.00295714
8.60303	1	5	3	1396	0.00795714
8.60403	1	5	3	1396	0.00795714
8.60403	3	3	3	1278	0.00295714
8.60503	1	5	3	28	0.00795714
8.60603	3	4	3	736	0.00295714
8.60781	1	2	3	208	0.00274285
8.60789	1	3	3	736	0.00281428
8.60796	1	4	3	135	0.00288571
8.61003	3	3	3	1278	0.00295714
8.61203	3	4	3	8929	0.00295714
8.61246	1	2	3	868	0.00238571
8.61267	1	3	3	2228	0.0026
8.61289	1	4	3	428	0.00281428
8.61296	1	5	3	106	0.00788571
8.61303	3	4	3	528	0.00295714
8.61403	1	5	3	1328	0.00795714
8.61503	1	5	3	1396	0.00795714
8.61589	3	1	3	956	0.00281428
8.61603	1	5	3	38	0.00795714
8.61603	3	3	3	1278	0.00295714
8.61624	1	4	3	135	0.00217143
8.61746	1	2	3	868	0.00238571
8.61774	1	3	3	2973	0.00267142
8.61796	1	4	3	428	0.00288571
8.61803	1	1	3	106	0.0129571
8.61846	1	2	3	868	0.00238571
8.61874	1	3	3	2973	0.00267142
8.61903	1	4	3	575	0.00295714
8.61946	1	2	3	868	0.00238571
8.61967	1	3	3	1287	0.0026
8.62003	1	4	3	721	0.00295714
8.6206	1	2	3	1308	0.00252857
8.62103	1	4	3	868	0.00295714
8.6216	1	2	3	1308	0.00252857
8.62203	1	4	3	868	0.00295714
8.62246	1	2	3	633	0.00238571
8.62289	1	4	3	428	0.00281428
8.62367	1	2	3	472	0.0026
8.62403	1	4	3	428	0.00295714
8.62474	1	2	3	868	0.00267142
8.62503	1	4	3	575	0.00295714
8.62524	3	4	3	736	0.00217143
8.62574	1	2	3	868	0.00267142
8.62603	3	1	3	9235	0.00795714
8.62603	1	4	3	575	0.00295714
8.62674	1	2	3	868	0.00267142
8.62703	1	4	3	575	0.00295714
8.62703	3	3	3	1920	0.00795714
8.62774	1	2	3	211	0.00267142
8.62796	1	4	3	428	0.00288571
8.62803	1	5	3	106	0.00795714
8.62874	1	4	3	575	0.00267142
8.62903	1	1	3	458	0.00795714
8.62974	1	4	3	575	0.00267142
8.63003	1	1	3	458	0.00795714
8.63074	1	4	3	575	0.00267142
8.63103	1	1	3	458	0.00795714
8.63174	1	4	3	1015	0.00267142
8.63203	1	1	3	458	0.00795714
8.63274	1	4	3	321	0.00267142
8.63303	1	1	3	458	0.00795714
8.63303	3	3	3	1073	0.00295714
8.63603	3	4	3	9455	0.00795714
8.63874	1	5	3	458	0.00767142
8.63903	1	1	3	458	0.00795714
8.63903	3	3	3	1278	0.00295714
8.63974	1	5	3	458	0.00767142
8.64003	1	1	3	458	0.00795714
8.64003	3	1	3	868	0.00295714
8.64067	1	5	3	458	0.0076
8.64096	1	1	3	458	0.00788571
8.64174	1	5	3	458	0.00767142
8.64203	1	1	3	458	0.00795714
8.6426	1	5	3	575	0.00752857
8.64303	1	1	3	160	0.00795714
8.64503	3	3	3	1920	0.00295714
8.64603	3	1	3	9323	0.00295714
8.64624	1	2	3	150	0.00217143
8.64631	1	3	3	736	0.00224286
8.64639	1	4	3	135	0.00231428
8.6486	1	5	3	692	0.00752857
8.65003	1	5	3	1396	0.00795714
8.65003	3	4	3	868	0.00295714
8.65103	1	5	3	1143	0.00795714
8.65103	3	3	3	586	0.00295714
8.65124	1	2	3	208	0.00217143
8.65131	1	3	3	736	0.00224286
8.65139	1	4	3	135	0.00231428
8.65203	1	5	3	1044	0.00795714
8.65303	1	5	3	390	0.00795714
8.65346	1	2	3	868	0.00238571
8.65374	1	3	3	2900	0.00267142
8.65396	1	4	3	428	0.00288571
8.6546	1	2	3	1308	0.00252857
8.65503	1	4	3	721	0.00295714
8.6556	1	2	3	1308	0.00252857
8.65603	1	4	3	868	0.00295714
8.6566	1	2	3	536	0.00252857
8.65689	3	3	3	633	0.00281428
8.65696	1	4	3	721	0.00288571
8.65803	1	4	3	575	0.00295714
8.65896	1	4	3	721	0.00288571
8.65996	1	4	3	80	0.00288571
8.66003	3	1	3	956	0.00295714
8.66103	3	4	3	9323	0.00795714
8.66503	1	5	3	106	0.00795714
8.66603	3	1	3	3413	0.00295714
8.66703	3	3	3	1278	0.00795714
8.67003	1	3	3	736	0.00295714
8.67103	1	5	3	1396	0.00795714
8.67189	1	2	3	208	0.00281428
8.67196	1	4	3	135	0.00288571
8.67203	1	5	3	106	0.00795714
8.67303	3	3	3	2389	0.00295714
8.67503	3	4	3	868	0.00295714
8.67603	1	3	3	5089	0.00295714
8.6766	1	2	3	956	0.00252857
8.67696	1	4	3	721	0.00288571
8.67803	1	5	3	1396	0.00795714
8.67903	1	5	3	1300	0.00795714
8.67903	3	3	3	633	0.00295714
8.67953	1	2	3	795	0.00245714
8.67989	1	4	3	721	0.00281428
8.67996	1	1	3	106	0.0128857
8.68003	3	1	3	956	0.00295714
8.68046	1	2	3	633	0.00238571
8.68074	1	4	3	575	0.00267142
8.68103	3	4	3	9323	0.00295714
8.68146	1	2	3	633	0.00238571
8.68174	1	4	3	575	0.00267142
8.6826	1	2	3	956	0.00252857
8.68296	1	4	3	721	0.00288571
8.68346	1	2	3	633	0.00238571
8.68374	1	4	3	575	0.00267142
8.6846	1	2	3	472	0.00252857
8.68481	1	4	3	428	0.00274285
8.68553	1	2	3	472	0.00245714
8.68574	1	4	3	428	0.00267142
8.68603	1	5	3	458	0.00795714
8.68603	3	3	3	1278	0.00295714
8.68653	1	2	3	84	0.00245714
8.68674	1	4	3	428	0.00267142
8.68703	1	5	3	458	0.00795714
8.68796	1	4	3	428	0.00288571
8.68803	1	5	3	106	0.00795714
8.68874	1	4	3	111	0.00267142
8.68903	1	5	3	416	0.00795714
8.68981	1	5	3	340	0.00774285
8.69003	1	1	3	340	0.00795714
8.69103	3	1	3	4869	0.00795714
8.69103	1	1	3	223	0.00795714
8.69196	1	1	3	223	0.00788571
8.69203	3	3	3	1278	0.00295714
8.69303	1	1	3	458	0.00795714
8.69403	1	1	3	223	0.00795714
8.69503	3	4	3	956	0.00295714
8.69603	1	5	3	106	0.00795714
8.69703	1	5	3	575	0.00795714
8.69803	1	5	3	809	0.00795714
8.69803	3	3	3	1920	0.00295714
8.69903	1	5	3	1042	0.00795714
8.70003	1	1	3	692	0.00795714
8.70103	1	1	3	1278	0.00795714
8.70103	3	4	3	3413	0.00295714
8.70203	1	1	3	809	0.00795714
8.70296	1	1	3	575	0.00788571
8.70403	3	3	3	1278	0.00295714
8.70403	1	1	3	223	0.00795714
8.70603	1	5	3	106	0.00795714
8.70924	1	5	3	106	0.00717143
8.70989	3	1	3	956	0.00281428
8.71003	1	1	3	696	0.00795714
8.71003	3	3	3	783	0.00295714
8.71039	1	2	3	150	0.00231428
8.71046	1	3	3	736	0.00238571
8.71053	1	4	3	135	0.00245714
8.71496	3	1	3	4869	0.00288571
8.71503	3	4	3	956	0.00295714
8.71546	1	2	3	311	0.00238571
8.7156	1	3	3	1278	0.00252857
8.71581	1	4	3	428	0.00274285
8.71703	1	5	3	575	0.00795714
8.71703	3	3	3	633	0.00295714
8.71746	1	2	3	311	0.00238571
8.7176	1	3	3	1278	0.00252857
8.71796	1	5	3	575	0.00788571
8.71824	1	3	3	633	0.00217143
8.71831	1	4	3	135	0.00224286
8.71853	1	5	3	340	0.00745714
8.71903	1	1	3	809	0.00795714
8.71996	1	5	3	1278	0.00788571
8.72031	1	2	3	311	0.00224286
8.72046	1	3	3	1278	0.00238571
8.7206	1	4	3	282	0.00252857
8.72081	1	5	3	340	0.00774285
8.72103	3	4	3	4869	0.00295714
8.72146	1	2	3	311	0.00238571
8.7216	1	3	3	631	0.00252857
8.72181	1	4	3	428	0.00274285
8.72231	1	2	3	311	0.00224286
8.72267	1	4	3	428	0.0026
8.72303	3	3	3	1278	0.00295714
8.72346	1	2	3	311	0.00238571
8.72381	1	4	3	428	0.00274285
8.72439	1	2	3	472	0.00231428
8.72474	1	4	3	428	0.00267142
8.72503	1	1	3	106	0.0129571
8.72531	1	2	3	311	0.00224286
8.72567	1	4	3	428	0.0026
8.72603	1	1	3	223	0.0129571
8.72646	1	2	3	633	0.00238571
8.72667	1	4	3	428	0.0026
8.72689	1	5	3	340	0.00781428
8.72746	1	2	3	633	0.00238571
8.72767	1	4	3	428	0.0026
8.72781	1	1	3	223	0.0127429
8.72803	1	5	3	340	0.00795714
8.72846	1	2	3	633	0.00238571
8.72867	1	4	3	428	0.0026
8.72889	1	5	3	340	0.00781428
8.72903	3	3	3	1278	0.00295714
8.72903	1	1	3	223	0.00795714
8.7296	1	2	3	472	0.00252857
8.72981	1	4	3	428	0.00274285
8.73003	1	5	3	340	0.00795714
8.7306	1	2	3	472	0.00252857
8.73081	1	4	3	428	0.00274285
8.73103	1	5	3	340	0.00795714
8.73146	1	2	3	210	0.00238571
8.73167	1	4	3	428	0.0026
8.73203	1	1	3	223	0.0129571
8.73281	1	4	3	166	0.00274285
8.73303	3	1	3	956	0.00295714
8.73496	3	3	3	1920	0.00288571
8.73503	3	4	3	956	0.00295714
8.73696	1	5	3	340	0.00788571
8.73781	1	5	3	340	0.00774285
8.73881	1	5	3	340	0.00774285
8.73903	3	1	3	6324	0.00295714
8.73903	1	1	3	340	0.00795714
8.73981	1	1	3	340	0.0127429
8.74003	1	5	3	340	0.00795714
8.74003	3	3	3	627	0.00295714
8.74081	1	1	3	340	0.0127429
8.74103	3	4	3	4869	0.00295714
8.74103	1	5	3	340	0.00795714
8.74303	1	1	3	340	0.0129571
8.74553	1	2	3	150	0.00245714
8.7456	1	3	3	633	0.00252857
8.74567	1	4	3	135	0.0026
8.7466	1	1	3	692	0.0125286
8.74703	1	5	3	692	0.00795714
8.74703	3	3	3	633	0.00295714
8.74803	1	5	3	1044	0.00795714
8.7486	1	5	3	692	0.00752857
8.74967	1	5	3	809	0.0076
8.75024	1	2	3	150	0.00217143
8.75031	1	3	3	736	0.00224286
8.75039	1	4	3	135	0.00231428
8.75074	1	5	3	109	0.00767142
8.75139	1	2	3	472	0.00231428
8.7516	1	3	3	2228	0.00252857
8.75181	1	4	3	428	0.00274285
8.75246	1	2	3	633	0.00238571
8.75289	3	1	3	956	0.00281428
8.75296	1	4	3	428	0.00288571
8.75303	3	3	3	1278	0.00295714
8.75331	1	2	3	311	0.00224286
8.75346	1	3	3	716	0.00238571
8.7536	1	4	3	282	0.00252857
8.75403	1	1	3	531	0.0129571
8.7546	1	2	3	956	0.00252857
8.75503	1	4	3	721	0.00295714
8.75503	3	4	3	956	0.00295714
8.75553	1	2	3	633	0.00245714
8.75603	1	4	3	428	0.00295714
8.75646	1	2	3	311	0.00238571
8.75674	1	4	3	282	0.00267142
8.75696	1	5	3	340	0.00788571
8.75739	1	2	3	472	0.00231428
8.7576	1	4	3	428	0.00252857
8.75803	1	3	3	2973	0.00795714
8.75874	1	2	3	633	0.00267142
8.75903	1	4	3	575	0.00295714
8.75903	3	3	3	1278	0.00295714
8.75974	1	2	3	633	0.00267142
8.76003	1	4	3	575	0.00295714
8.7606	1	2	3	956	0.00252857
8.76096	1	4	3	721	0.00288571
8.76103	3	4	3	6324	0.00295714
8.76146	1	2	3	633	0.00238571
8.76167	1	4	3	428	0.0026
8.76274	1	2	3	363	0.00267142
8.76296	1	4	3	428	0.00288571
8.76303	3	1	3	4869	0.00795714
8.76303	1	5	3	106	0.00795714
8.76353	1	4	3	428	0.00245714
8.76453	1	4	3	428	0.00245714
8.76503	1	1	3	458	0.00795714
8.76574	1	4	3	462	0.00267142
8.76603	3	3	3	1612	0.00295714
8.76603	1	1	3	106	0.0129571
8.76681	1	1	3	223	0.0127429
8.76703	1	5	3	340	0.00795714
8.76803	1	1	3	458	0.00795714
8.76881	1	1	3	458	0.0127429
8.76903	1	5	3	340	0.00795714
8.77003	1	5	3	340	0.00795714
8.77103	1	5	3	340	0.00795714
8.77303	1	5	3	106	0.00795714
8.77503	3	4	3	956	0.00295714
8.7766	1	5	3	575	0.00752857
8.77689	3	1	3	736	0.00281428
8.77703	3	3	3	1278	0.00795714
8.7786	1	5	3	692	0.00752857
8.77953	1	1	3	575	0.0124571
8.78003	1	5	3	809	0.00795714
8.78081	1	1	3	646	0.0127429
8.78103	3	4	3	4869	0.00295714
8.78103	1	5	3	340	0.00795714
8.78124	1	2	3	150	0.00217143
8.78131	1	3	3	633	0.00224286
8.78139	1	4	3	135	0.00231428
8.78203	3	1	3	5089	0.00295714
8.78296	1	5	3	575	0.00788571
8.78303	3	3	3	1920	0.00295714
8.78639	1	2	3	472	0.00231428
8.7866	1	3	3	1920	0.00252857
8.78681	1	4	3	428	0.00274285
8.78703	1	5	3	340	0.00795714
8.78739	1	2	3	472	0.00231428
8.7876	1	3	3	1920	0.00252857
8.78781	1	4	3	428	0.00274285
8.78831	1	2	3	311	0.00224286
8.78846	1	3	3	1278	0.00238571
8.78867	1	4	3	428	0.0026
8.78903	1	5	3	575	0.00795714
8.78903	3	3	3	1278	0.00295714
8.78946	1	2	3	633	0.00238571
8.78953	1	3	3	80	0.00245714
8.78974	1	4	3	428	0.00267142
8.79003	1	5	3	458	0.00795714
8.79031	1	2	3	150	0.00224286
8.79039	1	4	3	135	0.00231428
8.79103	1	5	3	914	0.00795714
8.79139	1	2	3	472	0.00231428
8.79181	1	4	3	428	0.00274285
8.79239	1	2	3	472	0.00231428
8.79281	1	4	3	428	0.00274285
8.79353	1	2	3	795	0.00245714
8.79396	1	4	3	721	0.00288571
8.79446	1	2	3	633	0.00238571
8.79474	1	4	3	575	0.00267142
8.79496	3	3	3	1073	0.00288571
8.79503	3	4	3	956	0.00295714
8.79546	1	2	3	633	0.00238571
8.79574	1	4	3	575	0.00267142
8.79603	3	1	3	956	0.00295714
8.79646	1	2	3	633	0.00238571
8.79681	1	4	3	721	0.00274285
8.79703	1	5	3	340	0.00795714
8.79896	1	4	3	418	0.00288571
8.79903	1	5	3	106	0.00795714
8.80003	1	5	3	458	0.00795714
8.80003	3	3	3	1122	0.00295714
8.80074	1	1	3	106	0.0126714
8.80096	1	5	3	340	0.00788571
8.80103	3	4	3	4869	0.00295714
8.80203	3	1	3	6324	0.00295714
8.80303	1	5	3	575	0.00795714
8.80603	3	3	3	531	0.00295714
8.80703	1	5	3	927	0.00795714
8.80903	1	5	3	1396	0.00795714
8.81003	1	5	3	168	0.00795714
8.81146	1	2	3	150	0.00238571
8.81153	1	3	3	633	0.00245714
8.8116	1	4	3	135	0.00252857
8.81203	3	3	3	1073	0.00295714
8.81503	3	4	3	956	0.00295714
8.81603	1	1	3	692	0.0129571
8.81603	3	1	3	956	0.00295714
8.81631	1	2	3	311	0.00224286
8.81653	1	4	3	428	0.00245714
8.81681	1	1	3	458	0.0127429
8.81696	1	5	3	223	0.00788571
8.81731	1	2	3	311	0.00224286
8.81746	1	3	3	1278	0.00238571
8.81753	1	4	3	135	0.00245714
8.81803	1	1	3	692	0.0129571
8.81803	3	3	3	1612	0.00295714
8.82046	1	2	3	311	0.00238571
8.8206	1	3	3	1278	0.00252857
8.82081	1	4	3	428	0.00274285
8.82146	1	2	3	311	0.00238571
8.8216	1	3	3	1278	0.00252857
8.82181	1	4	3	428	0.00274285
8.82253	1	2	3	472	0.00245714
8.82274	1	3	3	1365	0.00267142
8.82296	1	4	3	428	0.00288571
8.82303	1	5	3	106	0.00795714
8.82403	1	1	3	1396	0.0129571
8.82403	3	3	3	1612	0.00295714
8.82503	1	1	3	1396	0.0129571
8.82531	1	2	3	311	0.00224286
8.82567	1	4	3	428	0.0026
8.82589	1	5	3	340	0.00781428
8.82603	3	4	3	6324	0.00795714
8.82631	1	2	3	311	0.00224286
8.82667	1	4	3	428	0.0026
8.82689	1	5	3	340	0.00781428
8.82703	3	1	3	7780	0.00795714
8.82703	1	1	3	223	0.00795714
8.82746	1	2	3	633	0.00238571
8.82767	1	4	3	428	0.0026
8.8286	1	2	3	472	0.00252857
8.82881	1	4	3	428	0.00274285
8.8296	1	2	3	472	0.00252857
8.82981	1	4	3	428	0.00274285
8.83003	3	3	3	908	0.00295714
8.83046	1	2	3	633	0.00238571
8.83067	1	4	3	428	0.0026
8.83103	1	1	3	223	0.0129571
8.8316	1	2	3	472	0.00252857
8.83181	1	4	3	428	0.00274285
8.83246	1	2	3	633	0.00238571
8.83267	1	4	3	428	0.0026
8.83281	1	1	3	223	0.0127429
8.83303	1	5	3	340	0.00795714
8.83339	1	2	3	71	0.00231428
8.8336	1	4	3	428	0.00252857
8.83381	1	5	3	340	0.00774285
8.83481	1	5	3	340	0.00774285
8.83603	1	5	3	340	0.00795714
8.83603	3	3	3	531	0.00295714
8.83674	1	5	3	340	0.00767142
8.83903	1	1	3	340	0.0129571
8.84003	1	1	3	95	0.0129571
8.84003	3	4	3	956	0.00295714
8.84103	3	1	3	736	0.00295714
8.84203	3	3	3	1073	0.00295714
8.84303	1	5	3	809	0.00795714
8.84403	1	5	3	1044	0.00795714
8.84503	1	5	3	1044	0.00795714
8.84603	3	4	3	7780	0.00295714
8.84603	1	5	3	146	0.00795714
8.84703	1	5	3	1396	0.00795714
8.84703	3	1	3	9455	0.00295714
8.84803	3	3	3	1612	0.00295714
8.84996	1	4	3	135	0.00288571
8.85089	1	2	3	150	0.00281428
8.85096	1	3	3	633	0.00288571
8.85303	1	5	3	38	0.00795714
8.85403	3	3	3	1612	0.00295714
8.85403	1	5	3	106	0.00795714
8.85496	1	4	3	1598	0.00288571
8.85503	1	5	3	106	0.00795714
8.85553	1	2	3	633	0.00245714
8.85574	1	3	3	1920	0.00267142
8.85596	1	4	3	428	0.00288571
8.85603	1	5	3	106	0.00795714
8.85646	1	2	3	633	0.00238571
8.85674	1	3	3	2562	0.00267142
8.85696	1	4	3	428	0.00288571
8.85703	1	5	3	106	0.00795714
8.85746	1	2	3	633	0.00238571
8.85774	1	3	3	2170	0.00267142
8.85796	1	4	3	428	0.00288571
8.85846	1	2	3	633	0.00238571
8.85881	1	4	3	575	0.00274285
8.85946	1	2	3	633	0.00238571
8.85974	1	4	3	575	0.00267142
8.85996	3	3	3	908	0.00288571
8.86003	3	4	3	956	0.00295714
8.86031	1	2	3	311	0.00224286
8.86074	1	4	3	428	0.00267142
8.86103	3	1	3	956	0.00295714
8.86139	1	2	3	472	0.00231428
8.86181	1	4	3	428	0.00274285
8.86253	1	2	3	795	0.00245714
8.86289	1	4	3	721	0.00281428
8.86296	1	5	3	106	0.00788571
8.86346	1	2	3	633	0.00238571
8.86381	1	4	3	721	0.00274285
8.86403	1	5	3	340	0.00795714
8.86446	1	2	3	633	0.00238571
8.86474	1	4	3	575	0.00267142
8.86503	1	5	3	458	0.00795714
8.86524	3	3	3	531	0.00217143
8.86546	1	2	3	633	0.00238571
8.86574	1	4	3	284	0.00267142
8.86581	1	1	3	106	0.0127429
8.86603	3	4	3	9235	0.00295714
8.86603	1	5	3	340	0.00795714
8.86646	1	2	3	512	0.00238571
8.86703	1	5	3	340	0.00795714
8.87103	3	3	3	1073	0.00295714
8.87203	3	1	3	7780	0.00795714
8.87303	1	5	3	458	0.00795714
8.87403	1	5	3	458	0.00795714
8.87503	1	5	3	575	0.00795714
8.87574	1	5	3	458	0.00767142
8.8766	1	5	3	692	0.00752857
8.87703	3	3	3	1612	0.00295714
8.88003	3	4	3	868	0.00295714
8.88096	1	1	3	458	0.0128857
8.88203	1	1	3	692	0.0129571
8.88281	1	1	3	927	0.0127429
8.88303	3	3	3	1612	0.00295714
8.88303	1	5	3	340	0.00795714
8.88374	1	1	3	927	0.0126714
8.88403	1	5	3	458	0.00795714
8.88467	1	1	3	809	0.0126
8.88503	1	5	3	575	0.00795714
8.88539	1	2	3	150	0.00231428
8.88546	1	3	3	633	0.00238571
8.88553	1	4	3	135	0.00245714
8.88603	1	5	3	809	0.00795714
8.88703	1	5	3	365	0.00795714
8.88903	3	3	3	908	0.00295714
8.89039	1	2	3	472	0.00231428
8.8906	1	3	3	1920	0.00252857
8.89081	1	4	3	428	0.00274285
8.89103	3	4	3	7868	0.00795714
8.89131	1	2	3	311	0.00224286
8.89146	1	3	3	1278	0.00238571
8.89153	1	4	3	135	0.00245714
8.89203	3	1	3	956	0.00295714
8.8926	1	5	3	692	0.00752857
8.89539	1	2	3	472	0.00231428
8.8956	1	3	3	1920	0.00252857
8.89581	1	4	3	428	0.00274285
8.89596	1	1	3	223	0.0128857
8.89603	3	3	3	531	0.00295714
8.89603	1	5	3	106	0.00795714
8.89631	1	2	3	311	0.00224286
8.89646	1	4	3	282	0.00238571
8.89689	1	1	3	692	0.0128143
8.89696	1	5	3	106	0.00788571
8.89731	1	2	3	311	0.00224286
8.89746	1	3	3	1278	0.00238571
8.89753	1	4	3	135	0.00245714
8.89803	1	1	3	692	0.0129571
8.89903	1	1	3	1396	0.0129571
8.90003	1	1	3	378	0.0129571
8.90039	1	2	3	472	0.00231428
8.9006	1	3	3	1717	0.00252857
8.90081	1	4	3	428	0.00274285
8.90139	1	2	3	472	0.00231428
8.90181	1	4	3	428	0.00274285
8.90203	3	3	3	1073	0.00295714
8.90246	1	2	3	633	0.00238571
8.90296	1	4	3	428	0.00288571
8.90303	3	1	3	9235	0.00795714
8.90303	1	5	3	106	0.00795714
8.90346	1	2	3	633	0.00238571
8.90374	1	4	3	575	0.00267142
8.90446	1	2	3	633	0.00238571
8.90474	1	4	3	575	0.00267142
8.90503	3	4	3	736	0.00295714
8.90546	1	2	3	633	0.00238571
8.90581	1	4	3	721	0.00274285
8.90603	1	5	3	340	0.00795714
8.90646	1	2	3	633	0.00238571
8.90681	1	4	3	721	0.00274285
8.90703	1	5	3	340	0.00795714
8.90746	1	2	3	633	0.00238571
8.90774	1	4	3	575	0.00267142
8.90803	3	3	3	1612	0.00295714
8.90846	1	2	3	633	0.00238571
8.90874	1	4	3	575	0.00267142
8.90903	1	5	3	458	0.00795714
8.90946	1	2	3	633	0.00238571
8.90974	1	4	3	575	0.00267142
8.91003	1	5	3	458	0.00795714
8.91046	1	2	3	633	0.00238571
8.91074	1	4	3	575	0.00267142
8.91146	1	2	3	102	0.00238571
8.91174	1	4	3	575	0.00267142
8.91274	1	4	3	478	0.00267142
8.91303	1	5	3	458	0.00795714
8.91403	3	3	3	1612	0.00295714
8.91603	3	4	3	9455	0.00795714
8.91603	1	5	3	458	0.00795714
8.91696	1	5	3	458	0.00788571
8.91703	3	1	3	633	0.00295714
8.91903	1	5	3	458	0.00795714
8.92003	1	5	3	458	0.00795714
8.92003	3	3	3	908	0.00295714
8.92303	1	5	3	1396	0.00795714
8.92303	3	1	3	9558	0.00295714
8.92431	1	2	3	150	0.00224286
8.92439	1	3	3	633	0.00231428
8.92603	1	5	3	896	0.00795714
8.92603	3	3	3	531	0.00295714
8.92739	1	4	3	135	0.00231428
8.92903	1	5	3	1396	0.00795714
8.92931	1	2	3	311	0.00224286
8.92939	1	3	3	633	0.00231428
8.93003	1	5	3	38	0.00795714
8.93003	3	4	3	736	0.00295714
8.9306	1	2	3	956	0.00252857
8.93096	1	3	3	3204	0.00288571
8.93196	1	3	3	5726	0.00288571
8.93231	1	2	3	311	0.00224286
8.93239	1	4	3	135	0.00231428
8.9336	1	2	3	956	0.00252857
8.93403	1	4	3	868	0.00295714
8.93446	1	2	3	633	0.00238571
8.93503	1	4	3	575	0.00295714
8.93553	1	2	3	633	0.00245714
8.93596	1	4	3	428	0.00288571
8.93603	3	4	3	8929	0.00295714
8.93603	1	5	3	106	0.00795714
8.9366	1	2	3	956	0.00252857
8.93689	3	4	3	528	0.00281428
8.93696	1	4	3	721	0.00288571
8.93703	3	3	3	1073	0.00795714
8.9376	1	2	3	956	0.00252857
8.93803	1	4	3	868	0.00295714
8.93846	1	2	3	633	0.00238571
8.93874	1	4	3	575	0.00267142
8.93946	1	2	3	633	0.00238571
8.93974	1	4	3	575	0.00267142
8.94046	1	2	3	633	0.00238571
8.94074	1	4	3	575	0.00267142
8.9416	1	2	3	956	0.00252857
8.94196	1	4	3	721	0.00288571
8.94203	3	1	3	956	0.00295714
8.94203	1	5	3	106	0.00795714
8.94246	1	2	3	633	0.00238571
8.94274	1	4	3	575	0.00267142
8.94303	3	3	3	3233	0.00295714
8.94346	1	2	3	633	0.00238571
8.94374	1	4	3	575	0.00267142
8.94403	1	5	3	458	0.00795714
8.94446	1	2	3	239	0.00238571
8.94474	1	4	3	575	0.00267142
8.94503	1	5	3	458	0.00795714
8.94574	1	4	3	575	0.00267142
8.94581	1	1	3	106	0.0127429
8.94603	1	5	3	340	0.00795714
8.94674	1	4	3	575	0.00267142
8.94781	1	4	3	721	0.00274285
8.94803	1	5	3	340	0.00795714
8.94867	1	4	3	454	0.0026
8.94903	3	3	3	896	0.00295714
8.95003	3	4	3	736	0.00295714
8.95203	1	5	3	458	0.00795714
8.95303	3	1	3	9235	0.00795714
8.95403	1	5	3	575	0.00795714
8.95503	1	5	3	692	0.00795714
8.95524	3	3	3	531	0.00217143
8.95574	1	5	3	458	0.00767142
8.95603	3	4	3	8184	0.00295714
8.95603	1	1	3	458	0.00795714
8.95703	3	4	3	1273	0.00295714
8.95767	1	5	3	325	0.0076
8.96103	3	3	3	1073	0.00295714
8.96146	1	1	3	458	0.0123857
8.96203	1	5	3	927	0.00795714
8.96224	1	2	3	150	0.00217143
8.96231	1	3	3	633	0.00224286
8.96239	1	4	3	135	0.00231428
8.96303	1	1	3	440	0.0129571
8.96403	1	5	3	106	0.00795714
8.96503	1	5	3	403	0.00795714
8.96603	1	5	3	1278	0.00795714
8.96681	3	1	3	868	0.00274285
8.96703	3	3	3	1612	0.00295714
8.96731	1	2	3	311	0.00224286
8.96746	1	3	3	1278	0.00238571
8.96767	1	4	3	428	0.0026
8.96803	1	5	3	156	0.00795714
8.96846	1	2	3	633	0.00238571
8.96867	1	3	3	1920	0.0026
8.96889	1	4	3	428	0.00281428
8.96946	1	2	3	633	0.00238571
8.96974	1	3	3	2562	0.00267142
8.97003	1	4	3	575	0.00295714
8.97003	3	4	3	736	0.00295714
8.97046	1	2	3	633	0.00238571
8.97074	1	3	3	2350	0.00267142
8.97103	1	4	3	575	0.00295714
8.97146	1	2	3	633	0.00238571
8.97196	1	4	3	428	0.00288571
8.97246	1	2	3	633	0.00238571
8.97303	1	4	3	575	0.00295714
8.97303	3	3	3	1612	0.00295714
8.97346	1	2	3	633	0.00238571
8.97389	1	4	3	428	0.00281428
8.97403	1	5	3	223	0.00795714
8.97446	1	2	3	633	0.00238571
8.97496	1	4	3	428	0.00288571
8.9756	1	2	3	956	0.00252857
8.97603	3	4	3	5041	0.00295714
8.97603	1	4	3	868	0.00295714
8.9766	1	2	3	956	0.00252857
8.97696	3	1	3	9323	0.00788571
8.97696	1	4	3	721	0.00288571
8.97746	1	2	3	633	0.00238571
8.97774	1	4	3	575	0.00267142
8.97846	1	2	3	633	0.00238571
8.97874	1	4	3	575	0.00267142
8.97903	3	3	3	908	0.00295714
8.9796	1	2	3	692	0.00252857
8.97996	1	4	3	721	0.00288571
8.98003	1	5	3	106	0.00795714
8.98074	1	4	3	575	0.00267142
8.98174	1	4	3	575	0.00267142
8.98274	1	4	3	158	0.00267142
8.98303	1	5	3	458	0.00795714
8.98403	1	5	3	458	0.00795714
8.98603	1	5	3	458	0.00795714
8.98603	3	3	3	531	0.00295714
8.98703	1	5	3	458	0.00795714
8.99003	1	5	3	575	0.00795714
8.99003	3	4	3	56	0.00295714
8.99203	3	3	3	1073	0.00295714
8.99303	1	5	3	1396	0.00795714
8.99403	1	5	3	180	0.00795714
8.99424	1	2	3	150	0.00217143
8.99431	1	3	3	633	0.00224286
8.99439	1	4	3	135	0.00231428
8.99503	3	1	3	868	0.00295714
8.99603	1	5	3	1396	0.00795714
8.99803	1	5	3	38	0.00895714
8.99803	3	3	3	1612	0.00295714
8.99924	1	2	3	150	0.00217143
8.99931	1	3	3	633	0.00224286
8.99939	1	4	3	135	0.00231428
9.00046	1	2	3	633	0.00238571
9.00074	1	3	3	2562	0.00267142
9.00103	1	4	3	575	0.00295714
9.00146	1	2	3	633	0.00238571
9.00174	1	3	3	2562	0.00267142
9.00203	1	4	3	575	0.00295714
9.00246	1	2	3	633	0.00238571
9.00274	1	3	3	2562	0.00267142
9.00296	1	4	3	428	0.00288571
9.00339	1	2	3	472	0.00231428
9.0036	1	3	3	1247	0.00252857
9.00381	1	4	3	428	0.00274285
9.00403	3	3	3	1612	0.00295714
9.00439	1	2	3	472	0.00231428
9.00481	1	4	3	428	0.00274285
9.00539	1	2	3	472	0.00231428
9.00581	1	4	3	428	0.00274285
9.00603	3	1	3	3501	0.00795714
9.00639	1	2	3	472	0.00231428
9.00681	1	4	3	428	0.00274285
9.00746	1	2	3	633	0.00238571
9.00796	1	4	3	575	0.00288571
9.00803	1	5	3	106	0.00795714
9.00846	1	2	3	633	0.00238571
9.00881	1	4	3	721	0.00274285
9.00903	1	5	3	340	0.00795714
9.00946	1	2	3	633	0.00238571
9.00981	1	4	3	721	0.00274285
9.01003	1	5	3	340	0.00795714
9.01003	3	3	3	1073	0.00295714
9.01046	1	2	3	633	0.00238571
9.01081	1	4	3	721	0.00274285
9.01103	1	5	3	340	0.00795714
9.01174	1	4	3	1161	0.00267142
9.01196	1	5	3	340	0.00788571
9.01246	1	2	3	633	0.00238571
9.01274	1	4	3	575	0.00267142
9.01346	1	2	3	633	0.00238571
9.01374	1	4	3	575	0.00267142
9.01446	1	2	3	633	0.00238571
9.01474	1	4	3	575	0.00267142
9.01546	1	2	3	633	0.00238571
9.01574	1	4	3	575	0.00267142
9.01603	3	3	3	1269	0.00295714
9.01646	1	2	3	633	0.00238571
9.01674	1	4	3	469	0.00267142
9.01746	1	2	3	444	0.00238571
9.01803	1	5	3	458	0.00795714
9.01903	1	5	3	458	0.00795714
9.02003	1	5	3	458	0.00795714
9.02003	3	1	3	1073	0.00295714
9.02103	1	5	3	458	0.00795714
9.02203	1	5	3	458	0.00795714
9.02303	3	3	3	531	0.00295714
9.02603	3	1	3	4752	0.00295714
9.02803	1	5	3	1044	0.00795714
9.02903	1	5	3	809	0.00795714
9.02903	3	3	3	1073	0.00295714
9.02939	1	2	3	150	0.00231428
9.02946	1	3	3	633	0.00238571
9.02953	1	4	3	135	0.00245714
9.03003	1	5	3	143	0.00795714
9.03439	1	2	3	648	0.00231428
9.0346	1	3	3	1920	0.00252857
9.03481	1	4	3	428	0.00274285
9.03503	3	3	3	1612	0.00295714
9.03539	1	2	3	648	0.00231428
9.0356	1	3	3	1920	0.00252857
9.03581	1	4	3	428	0.00274285
9.03639	1	2	3	648	0.00231428
9.0366	1	3	3	1920	0.00252857
9.03681	1	4	3	428	0.00274285
9.03753	1	2	3	1088	0.00245714
9.03789	1	3	3	3204	0.00281428
9.03796	1	5	3	106	0.00788571
9.03903	1	5	3	1328	0.00795714
9.03939	1	2	3	648	0.00231428
9.0396	1	3	3	603	0.00252857
9.03981	1	4	3	428	0.00274285
9.04031	1	2	3	428	0.00224286
9.04074	1	4	3	428	0.00267142
9.04096	1	5	3	340	0.00788571
9.04103	3	3	3	1612	0.00295714
9.04139	1	2	3	648	0.00231428
9.04181	1	4	3	428	0.00274285
9.04203	1	5	3	340	0.00795714
9.04246	1	2	3	868	0.00238571
9.04281	1	4	3	428	0.00274285
9.04346	1	2	3	868	0.00238571
9.04374	1	4	3	575	0.00267142
9.04446	1	2	3	868	0.00238571
9.04474	1	4	3	575	0.00267142
9.04503	3	1	3	1073	0.00295714
9.04546	1	2	3	868	0.00238571
9.04574	1	4	3	575	0.00267142
9.04646	1	2	3	868	0.00238571
9.04674	1	4	3	575	0.00267142
9.04703	3	3	3	908	0.00295714
9.04746	1	2	3	868	0.00238571
9.04781	1	4	3	721	0.00274285
9.04803	1	5	3	340	0.00795714
9.04846	1	2	3	106	0.00238571
9.04874	1	4	3	575	0.00267142
9.04903	1	5	3	458	0.00795714
9.04974	1	4	3	575	0.00267142
9.05003	1	5	3	458	0.00795714
9.05074	1	4	3	575	0.00267142
9.05103	3	1	3	4752	0.00295714
9.05103	1	5	3	458	0.00795714
9.05174	1	4	3	575	0.00267142
9.05203	1	5	3	458	0.00795714
9.05267	1	4	3	868	0.0026
9.05303	3	3	3	531	0.00295714
9.05396	1	4	3	908	0.00288571
9.05803	1	5	3	575	0.00795714
9.05903	3	3	3	1073	0.00295714
9.05903	1	5	3	106	0.00795714
9.06003	1	5	3	106	0.00795714
9.06103	1	5	3	106	0.00795714
9.06203	1	5	3	573	0.00795714
9.06481	3	1	3	1073	0.00274285
9.06503	3	3	3	1612	0.00295714
9.06624	1	2	3	150	0.00217143
9.06631	1	3	3	633	0.00224286
9.06639	1	4	3	135	0.00231428
9.06803	1	5	3	106	0.00795714
9.06903	1	5	3	1328	0.00795714
9.07003	3	1	3	6207	0.00295714
9.07103	1	5	3	1396	0.00795714
9.07103	3	3	3	1612	0.00295714
9.07124	1	2	3	208	0.00217143
9.07131	1	3	3	633	0.00224286
9.07139	1	4	3	135	0.00231428
9.07203	1	5	3	38	0.00795714
9.07246	1	2	3	868	0.00238571
9.07274	1	3	3	2562	0.00267142
9.07296	1	4	3	428	0.00288571
9.07346	1	2	3	868	0.00238571
9.07374	1	3	3	2562	0.00267142
9.07403	1	4	3	575	0.00295714
9.07446	1	2	3	868	0.00238571
9.07474	1	3	3	2562	0.00267142
9.07503	1	4	3	575	0.00295714
9.07546	1	2	3	868	0.00238571
9.07574	1	3	3	1247	0.00267142
9.07603	1	4	3	575	0.00295714
9.07646	1	2	3	868	0.00238571
9.07696	1	4	3	428	0.00288571
9.07703	3	3	3	908	0.00295714
9.07746	1	2	3	868	0.00238571
9.07796	1	4	3	428	0.00288571
9.07803	1	5	3	106	0.00795714
9.07846	1	2	3	868	0.00238571
9.07896	1	4	3	428	0.00288571
9.07946	1	2	3	868	0.00238571
9.08003	1	4	3	721	0.00295714
9.0806	1	2	3	1308	0.00252857
9.08103	1	4	3	868	0.00295714
9.0816	1	2	3	1308	0.00252857
9.08203	1	4	3	868	0.00295714
9.0826	1	2	3	298	0.00252857
9.08303	1	4	3	868	0.00295714
9.08303	3	3	3	428	0.00295714
9.08396	1	4	3	721	0.00288571
9.08403	3	1	3	1073	0.00295714
9.08403	1	5	3	106	0.00795714
9.08474	1	4	3	575	0.00267142
9.08574	1	4	3	575	0.00267142
9.08667	1	4	3	721	0.0026
9.08803	1	4	3	602	0.00295714
9.08896	3	3	3	1308	0.00288571
9.09003	1	5	3	458	0.00795714
9.09103	1	5	3	458	0.00795714
9.09196	1	5	3	575	0.00788571
9.09403	3	3	3	1744	0.00295714
9.09503	3	1	3	4752	0.00795714
9.09803	1	5	3	1396	0.00795714
9.09903	1	5	3	1209	0.00795714
9.10003	3	3	3	1073	0.00295714
9.10003	1	5	3	106	0.00795714
9.10103	1	5	3	1328	0.00795714
9.10274	1	2	3	208	0.00267142
9.10281	1	3	3	633	0.00274285
9.10289	1	4	3	135	0.00281428
9.10603	3	3	3	1183	0.00295714
9.10746	1	2	3	868	0.00238571
9.10774	1	3	3	2562	0.00267142
9.10796	1	4	3	428	0.00288571
9.10803	1	5	3	106	0.00795714
9.10846	1	2	3	868	0.00238571
9.10874	1	3	3	2562	0.00267142
9.10896	1	4	3	428	0.00288571
9.10946	1	2	3	868	0.00238571
9.10974	1	3	3	2562	0.00267142
9.11003	1	4	3	575	0.00295714
9.11074	1	3	3	1879	0.00267142
9.11103	1	4	3	575	0.00295714
9.1116	1	2	3	1308	0.00252857
9.11203	1	4	3	721	0.00295714
9.11246	1	2	3	868	0.00238571
9.11303	1	4	3	575	0.00295714
9.11303	3	3	3	531	0.00295714
9.11346	1	2	3	868	0.00238571
9.11396	1	4	3	428	0.00288571
9.11403	3	1	3	1073	0.00295714
9.11403	1	5	3	106	0.00795714
9.11439	1	2	3	472	0.00231428
9.11481	1	4	3	428	0.00274285
9.11546	1	4	3	575	0.00238571
9.11603	1	2	3	868	0.00795714
9.11646	1	2	3	868	0.00238571
9.11674	1	4	3	575	0.00267142
9.11781	1	2	3	1440	0.00274285
9.1186	1	2	3	710	0.00252857
9.11903	1	4	3	868	0.00295714
9.11903	3	3	3	1308	0.00295714
9.11981	1	4	3	721	0.00274285
9.12003	3	1	3	4752	0.00295714
9.12003	1	5	3	340	0.00795714
9.12067	1	4	3	428	0.0026
9.12096	1	5	3	458	0.00788571
9.12174	1	4	3	575	0.00267142
9.12203	1	5	3	458	0.00795714
9.12289	1	4	3	721	0.00281428
9.12303	1	5	3	223	0.00795714
9.1236	1	4	3	868	0.00252857
9.1246	1	4	3	602	0.00252857
9.12503	3	3	3	1308	0.00295714
9.12903	1	5	3	692	0.00795714
9.13003	1	5	3	692	0.00795714
9.13103	1	5	3	692	0.00795714
9.13103	3	3	3	1612	0.00295714
9.13203	1	5	3	692	0.00795714
9.13303	1	5	3	692	0.00795714
9.13403	1	5	3	1396	0.00295714
9.13696	3	3	3	1073	0.00288571
9.13739	1	2	3	150	0.00231428
9.13746	1	3	3	633	0.00238571
9.13753	1	4	3	135	0.00245714
9.13903	3	1	3	956	0.00295714
9.14003	1	5	3	637	0.00795714
9.14103	1	5	3	809	0.00295714
9.14203	3	3	3	1338	0.00295714
9.14246	1	2	3	868	0.00238571
9.14274	1	3	3	2562	0.00267142
9.14303	1	4	3	575	0.00295714
9.14346	1	2	3	868	0.00238571
9.14367	1	3	3	1176	0.0026
9.14403	1	4	3	721	0.00295714
9.1446	1	2	3	1308	0.00252857
9.14496	1	4	3	721	0.00288571
9.14546	1	2	3	868	0.00238571
9.14574	1	4	3	575	0.00267142
9.14603	1	5	3	458	0.00295714
9.14646	1	2	3	316	0.00238571
9.14674	1	4	3	575	0.00267142
9.14703	1	5	3	65	0.00295714
9.14781	1	4	3	428	0.00274285
9.14803	1	5	3	340	0.00295714
9.14874	1	4	3	575	0.00267142
9.14903	1	5	3	458	0.00295714
9.14946	3	3	3	531	0.00238571
9.14996	1	4	3	79	0.00288571
9.15003	3	1	3	6324	0.00795714
9.15003	1	5	3	106	0.00795714
9.15203	1	5	3	106	0.00295714
9.15303	1	5	3	106	0.00295714
9.15503	1	5	3	809	0.00295714
9.15503	3	3	3	1073	0.00295714
9.15603	1	5	3	625	0.00295714
9.15903	1	5	3	430	0.00795714
9.15996	1	3	3	633	0.00288571
9.16046	1	2	3	208	0.00238571
9.16053	1	4	3	135	0.00245714
9.16103	3	3	3	1612	0.00295714
9.16403	3	1	3	736	0.00295714
9.16496	1	3	3	5192	0.00288571
9.1656	1	2	3	956	0.00252857
9.16603	1	4	3	868	0.00295714
9.1666	1	2	3	956	0.00252857
9.16703	1	4	3	868	0.00295714
9.16703	3	3	3	1612	0.00295714
9.1676	1	2	3	956	0.00252857
9.16796	1	4	3	721	0.00288571
9.1686	1	2	3	956	0.00252857
9.16903	1	4	3	868	0.00295714
9.1696	1	2	3	956	0.00252857
9.17003	1	4	3	868	0.00295714
9.17046	1	2	3	633	0.00238571
9.17074	1	4	3	575	0.00267142
9.1716	1	4	3	868	0.00252857
9.17196	1	5	3	575	0.00288571
9.1726	1	2	3	217	0.00252857
9.17296	1	4	3	69	0.00288571
9.17303	3	3	3	908	0.00295714
9.17303	1	5	3	106	0.00795714
9.17403	1	5	3	458	0.00295714
9.17503	3	1	3	8000	0.00795714
9.17603	1	5	3	458	0.00795714
9.17703	1	5	3	1275	0.00295714
9.17903	1	5	3	625	0.00295714
9.18003	3	3	3	531	0.00295714
9.18296	1	5	3	809	0.00788571
9.18581	1	2	3	150	0.00274285
9.18589	1	3	3	633	0.00281428
9.18596	1	4	3	135	0.00288571
9.18603	3	3	3	1073	0.00295714
9.18903	3	1	3	736	0.00295714
9.19053	1	2	3	868	0.00245714
9.19081	1	3	3	2562	0.00274285
9.19103	1	4	3	428	0.00295714
9.19139	1	2	3	648	0.00231428
9.1916	1	3	3	1920	0.00252857
9.19181	1	4	3	428	0.00274285
9.19203	3	3	3	1612	0.00295714
9.19203	1	5	3	340	0.00295714
9.19246	1	2	3	868	0.00238571
9.1926	1	3	3	714	0.00252857
9.19281	1	4	3	428	0.00274285
9.19303	1	5	3	340	0.00295714
9.19346	1	2	3	868	0.00238571
9.19374	1	4	3	575	0.00267142
9.1946	1	2	3	1308	0.00252857
9.19496	1	4	3	721	0.00288571
9.19503	1	5	3	106	0.00795714
9.19531	1	2	3	428	0.00224286
9.19574	1	4	3	428	0.00267142
9.19596	1	5	3	340	0.00288571
9.19603	1	1	3	106	0.00795714
9.19653	1	2	3	700	0.00245714
9.19703	1	4	3	721	0.00295714
9.19796	1	5	3	575	0.00288571
9.19803	3	3	3	1612	0.00295714
9.19874	1	4	3	575	0.00267142
9.19903	1	5	3	458	0.00795714
9.19974	1	4	3	575	0.00267142
9.20003	3	1	3	9455	0.00795714
9.20003	1	5	3	458	0.00295714
9.20074	1	4	3	575	0.00267142
9.20096	1	5	3	340	0.00288571
9.20174	1	4	3	257	0.00267142
9.20203	1	5	3	458	0.00295714
9.20303	1	5	3	458	0.00295714
9.20396	3	3	3	1073	0.00288571
9.20503	1	5	3	105	0.00295714
9.20674	1	5	3	927	0.00267142
9.20703	1	1	3	458	0.00795714
9.20774	1	5	3	507	0.00267142
9.20803	1	1	3	458	0.00795714
9.20874	1	5	3	340	0.00767142
9.20903	1	1	3	458	0.00795714
9.20903	3	3	3	1269	0.00295714
9.21003	1	1	3	458	0.00795714
9.21103	1	1	3	575	0.00795714
9.21639	1	2	3	150	0.00231428
9.21646	1	4	3	135	0.00238571
9.21696	1	1	3	411	0.00788571
9.21696	3	3	3	531	0.00288571
9.2176	1	3	3	633	0.00252857
9.21903	3	1	3	956	0.00295714
9.21967	1	5	3	106	0.0026
9.2216	1	2	3	1308	0.00252857
9.22203	1	4	3	868	0.00295714
9.22203	3	3	3	1073	0.00295714
9.22239	1	2	3	648	0.00231428
9.2226	1	3	3	1920	0.00252857
9.22281	1	4	3	428	0.00274285
9.22303	1	5	3	340	0.00295714
9.22339	1	2	3	648	0.00231428
9.2236	1	3	3	1920	0.00252857
9.22381	1	4	3	428	0.00274285
9.22439	1	2	3	648	0.00231428
9.2246	1	3	3	1920	0.00252857
9.22481	1	4	3	428	0.00274285
9.22539	1	2	3	648	0.00231428
9.2256	1	3	3	894	0.00252857
9.22581	1	4	3	428	0.00274285
9.22603	1	5	3	340	0.00295714
9.22646	1	2	3	868	0.00238571
9.22674	1	4	3	575	0.00267142
9.22739	1	2	3	648	0.00231428
9.22781	1	4	3	428	0.00274285
9.22803	3	3	3	1612	0.00295714
9.22803	1	5	3	340	0.00295714
9.22839	1	2	3	648	0.00231428
9.22881	1	4	3	428	0.00274285
9.22903	1	5	3	340	0.00795714
9.22946	1	2	3	868	0.00238571
9.22981	1	4	3	428	0.00274285
9.23003	3	1	3	7780	0.00795714
9.23003	1	5	3	340	0.00795714
9.23046	1	2	3	216	0.00238571
9.23074	1	4	3	575	0.00267142
9.23103	1	5	3	458	0.00295714
9.23174	1	4	3	575	0.00267142
9.23203	1	5	3	458	0.00795714
9.23274	1	4	3	575	0.00267142
9.23303	1	5	3	458	0.00295714
9.23374	1	4	3	575	0.00267142
9.23403	1	5	3	458	0.00295714
9.23403	3	3	3	1612	0.00295714
9.23467	1	4	3	434	0.0026
9.23503	1	5	3	575	0.00295714
9.23603	1	5	3	105	0.00295714
9.23803	1	5	3	692	0.00295714
9.23903	1	5	3	742	0.00295714
9.24003	3	3	3	908	0.00295714
9.24703	3	3	3	531	0.00295714
9.24789	1	2	3	208	0.00281428
9.24796	1	3	3	633	0.00288571
9.24803	1	4	3	135	0.00295714
9.25003	1	5	3	106	0.00295714
9.25003	3	1	3	736	0.00295714
9.25196	1	5	3	1278	0.00288571
9.25253	1	2	3	868	0.00245714
9.25289	1	3	3	3204	0.00281428
9.25303	3	3	3	1073	0.00295714
9.25303	1	5	3	223	0.00295714
9.25346	1	2	3	868	0.00238571
9.25374	1	3	3	1990	0.00267142
9.25403	1	4	3	633	0.00295714
9.2546	1	2	3	1308	0.00252857
9.25503	1	4	3	956	0.00295714
9.25546	1	2	3	868	0.00238571
9.25574	1	4	3	633	0.00267142
9.25603	1	5	3	458	0.00295714
9.25646	1	2	3	868	0.00238571
9.25674	1	4	3	633	0.00267142
9.25703	1	5	3	458	0.00295714
9.25731	1	2	3	428	0.00224286
9.25774	1	4	3	472	0.00267142
9.25803	1	1	3	106	0.00795714
9.25846	1	2	3	422	0.00238571
9.25874	1	4	3	633	0.00267142
9.25903	3	3	3	1612	0.00295714
9.25974	1	4	3	633	0.00267142
9.26074	1	4	3	633	0.00267142
9.26103	3	1	3	9455	0.00795714
9.26103	1	5	3	458	0.00295714
9.26174	1	4	3	481	0.00267142
9.26296	1	5	3	340	0.00788571
9.26403	1	5	3	13	0.00795714
9.26503	1	5	3	458	0.00795714
9.26503	3	3	3	1612	0.00295714
9.26703	1	5	3	458	0.00795714
9.26803	1	5	3	106	0.00295714
9.26903	1	1	3	458	0.00795714
9.26974	1	5	3	106	0.00267142
9.27003	1	1	3	458	0.00795714
9.27053	1	5	3	64	0.00745714
9.27103	1	1	3	809	0.00795714
9.27103	3	3	3	908	0.00295714
9.27146	1	5	3	106	0.00238571
9.27203	1	1	3	927	0.00795714
9.27303	1	1	3	1278	0.00795714
9.27403	1	5	3	692	0.00295714
9.27503	1	5	3	692	0.00295714
9.27653	1	2	3	208	0.00245714
9.2766	1	3	3	633	0.00252857
9.27667	1	4	3	150	0.0026
9.27703	1	5	3	378	0.00295714
9.27703	3	3	3	531	0.00295714
9.27796	1	5	3	106	0.00788571
9.27903	1	1	3	692	0.00795714
9.28003	1	1	3	692	0.00795714
9.28003	3	1	3	868	0.00295714
9.28096	1	1	3	420	0.00788571
9.28124	1	3	3	633	0.00217143
9.28131	1	4	3	150	0.00224286
9.28203	1	5	3	692	0.00895714
9.28224	1	3	3	633	0.00217143
9.28231	1	4	3	150	0.00224286
9.28303	3	3	3	1073	0.00295714
9.2836	1	2	3	648	0.00252857
9.28381	1	3	3	1920	0.00274285
9.28403	1	4	3	472	0.00295714
9.28446	1	2	3	868	0.00238571
9.28474	1	3	3	2013	0.00267142
9.28503	1	4	3	633	0.00295714
9.2856	1	2	3	1308	0.00252857
9.28603	1	4	3	956	0.00295714
9.28646	1	2	3	868	0.00238571
9.28696	1	4	3	472	0.00288571
9.28739	1	2	3	648	0.00231428
9.28781	1	4	3	472	0.00274285
9.28803	1	5	3	340	0.00295714
9.28831	1	2	3	428	0.00224286
9.2886	1	4	3	311	0.00252857
9.28881	1	5	3	340	0.00274285
9.28903	3	3	3	1612	0.00295714
9.28946	1	2	3	868	0.00238571
9.28974	1	4	3	633	0.00267142
9.29003	1	5	3	458	0.00295714
9.29046	1	2	3	868	0.00238571
9.29081	1	4	3	795	0.00274285
9.29103	3	1	3	9323	0.00795714
9.29103	1	5	3	340	0.00295714
9.2916	1	2	3	586	0.00252857
9.29196	1	4	3	652	0.00288571
9.29203	1	5	3	106	0.00795714
9.29403	1	5	3	458	0.00295714
9.29503	3	3	3	1612	0.00295714
9.29503	1	5	3	340	0.00295714
9.29603	1	5	3	458	0.00295714
9.29696	1	5	3	1278	0.00288571
9.29803	1	5	3	196	0.00295714
9.30103	3	3	3	908	0.00295714
9.30689	1	2	3	208	0.00281428
9.30696	1	3	3	633	0.00288571
9.30703	1	4	3	150	0.00295714
9.30703	3	3	3	531	0.00295714
9.31003	3	1	3	736	0.00295714
9.3116	1	2	3	1308	0.00252857
9.31196	1	3	3	3204	0.00288571
9.31203	1	1	3	106	0.00795714
9.31246	1	2	3	868	0.00238571
9.31274	1	3	3	2562	0.00267142
9.31303	1	4	3	633	0.00295714
9.31303	3	3	3	1073	0.00295714
9.31346	1	2	3	868	0.00238571
9.31367	1	3	3	885	0.0026
9.31403	1	4	3	795	0.00295714
9.3146	1	2	3	1308	0.00252857
9.31496	1	4	3	795	0.00288571
9.31503	1	5	3	106	0.00795714
9.3156	1	2	3	1308	0.00252857
9.31603	1	4	3	956	0.00295714
9.31646	1	2	3	868	0.00238571
9.31696	1	4	3	472	0.00288571
9.31767	1	2	3	648	0.0026
9.31803	1	4	3	472	0.00295714
9.31874	1	2	3	868	0.00267142
9.31903	1	4	3	633	0.00295714
9.31903	3	3	3	1612	0.00295714
9.31974	1	2	3	502	0.00267142
9.32003	1	4	3	633	0.00295714
9.32081	1	4	3	472	0.00274285
9.32103	3	1	3	9455	0.00795714
9.32181	1	4	3	472	0.00274285
9.32253	1	4	3	472	0.00245714
9.32303	1	1	3	458	0.00795714
9.32353	1	4	3	349	0.00245714
9.32403	1	1	3	458	0.00795714
9.32503	1	1	3	458	0.00795714
9.32581	1	5	3	340	0.00774285
9.32603	1	1	3	340	0.00795714
9.32603	3	3	3	1612	0.00295714
9.32681	1	5	3	340	0.00774285
9.32703	1	1	3	340	0.00795714
9.32803	1	5	3	340	0.00795714
9.32903	1	5	3	340	0.00795714
9.33003	1	5	3	458	0.00795714
9.33203	3	3	3	1073	0.00295714
9.33303	1	1	3	692	0.00795714
9.33339	1	5	3	340	0.00231428
9.33403	1	1	3	1044	0.00795714
9.33503	1	1	3	927	0.00795714
9.33503	3	1	3	868	0.00295714
9.3356	1	5	3	692	0.00752857
9.33603	1	1	3	692	0.00795714
9.3366	1	5	3	575	0.00752857
9.33703	1	1	3	692	0.00795714
9.33803	1	5	3	692	0.00795714
9.33803	3	3	3	1269	0.00295714
9.33903	1	5	3	692	0.00295714
9.34003	1	5	3	458	0.00795714
9.34103	3	1	3	9323	0.00295714
9.34103	1	5	3	692	0.00295714
9.34253	1	5	3	575	0.00245714
9.34296	1	1	3	692	0.00788571
9.34403	1	1	3	405	0.00795714
9.34403	3	3	3	531	0.00295714
9.34424	1	3	3	633	0.00217143
9.34446	1	5	3	340	0.00238571
9.3456	1	5	3	262	0.00252857
9.3466	1	5	3	692	0.00752857
9.34903	1	5	3	692	0.00795714
9.34981	1	3	3	5775	0.00274285
9.35003	3	3	3	1073	0.00295714
9.35103	1	3	3	2330	0.00295714
9.35503	1	5	3	340	0.00795714
9.35603	1	5	3	990	0.00295714
9.35603	3	3	3	1612	0.00295714
9.35689	1	2	3	208	0.00281428
9.35696	1	4	3	150	0.00288571
9.35703	1	5	3	106	0.00295714
9.35903	1	5	3	106	0.00795714
9.36003	1	5	3	1328	0.00295714
9.36003	3	1	3	956	0.00295714
9.3616	1	2	3	795	0.00252857
9.36196	1	4	3	795	0.00288571
9.36203	3	3	3	1612	0.00295714
9.36246	1	2	3	633	0.00238571
9.36253	1	3	3	633	0.00245714
9.36281	1	4	3	633	0.00274285
9.36346	1	2	3	633	0.00238571
9.36374	1	4	3	633	0.00267142
9.36403	1	5	3	458	0.00295714
9.36446	1	2	3	633	0.00238571
9.36474	1	4	3	633	0.00267142
9.36503	1	5	3	458	0.00295714
9.36531	1	2	3	311	0.00224286
9.36539	1	4	3	150	0.00231428
9.36603	3	1	3	3413	0.00295714
9.36653	1	2	3	795	0.00245714
9.36689	1	4	3	795	0.00281428
9.36703	1	1	3	106	0.00795714
9.36746	1	2	3	633	0.00238571
9.36774	1	3	3	2562	0.00267142
9.36803	1	4	3	633	0.00295714
9.36803	3	3	3	908	0.00295714
9.36846	1	2	3	633	0.00238571
9.36874	1	3	3	2562	0.00267142
9.36896	1	4	3	472	0.00288571
9.36903	1	5	3	106	0.00295714
9.36939	1	2	3	472	0.00231428
9.3696	1	3	3	1920	0.00252857
9.36981	1	4	3	472	0.00274285
9.37003	1	5	3	340	0.00295714
9.37039	1	2	3	472	0.00231428
9.3706	1	3	3	1920	0.00252857
9.37081	1	4	3	472	0.00274285
9.37103	1	5	3	78	0.00295714
9.37139	1	2	3	472	0.00231428
9.3716	1	3	3	603	0.00252857
9.37181	1	4	3	472	0.00274285
9.37246	1	2	3	311	0.00238571
9.37289	1	4	3	472	0.00281428
9.37303	1	5	3	223	0.00295714
9.3736	1	2	3	472	0.00252857
9.37403	1	4	3	472	0.00295714
9.37403	3	3	3	531	0.00295714
9.37446	1	2	3	311	0.00238571
9.37481	1	4	3	472	0.00274285
9.37503	1	5	3	340	0.00295714
9.3756	1	2	3	472	0.00252857
9.37596	1	4	3	472	0.00288571
9.37653	1	2	3	472	0.00245714
9.37674	1	4	3	472	0.00267142
9.37696	1	5	3	340	0.00788571
9.37746	1	2	3	42	0.00238571
9.37781	1	4	3	100	0.00274285
9.37789	1	5	3	106	0.00281428
9.37803	1	1	3	223	0.00795714
9.37881	1	5	3	340	0.00274285
9.37903	1	1	3	340	0.00795714
9.37989	3	1	3	956	0.00281428
9.38003	3	3	3	1073	0.00295714
9.38003	1	1	3	223	0.00795714
9.38081	1	5	3	106	0.00774285
9.38103	1	1	3	340	0.00795714
9.38203	1	1	3	223	0.00795714
9.38303	1	5	3	458	0.00295714
9.38403	1	5	3	54	0.00295714
9.38503	3	1	3	4869	0.00295714
9.38503	1	5	3	340	0.00795714
9.38603	3	3	3	1612	0.00295714
9.38703	1	5	3	575	0.00795714
9.38746	1	5	3	458	0.00238571
9.38803	1	1	3	927	0.00795714
9.38903	1	1	3	692	0.00795714
9.38924	1	2	3	150	0.00217143
9.38931	1	3	3	633	0.00224286
9.38939	1	4	3	150	0.00231428
9.39003	1	1	3	1044	0.00795714
9.39103	1	1	3	692	0.00795714
9.39203	1	1	3	809	0.00795714
9.39203	3	3	3	1612	0.00295714
9.39303	1	5	3	692	0.00295714
9.39403	1	5	3	106	0.00795714
9.39446	1	2	3	311	0.00238571
9.3946	1	3	3	1278	0.00252857
9.39481	1	4	3	472	0.00274285
9.39546	1	2	3	311	0.00238571
9.3956	1	3	3	1278	0.00252857
9.39581	1	4	3	472	0.00274285
9.39646	1	2	3	311	0.00238571
9.39667	1	3	3	1920	0.0026
9.39689	1	4	3	472	0.00281428
9.39696	1	5	3	106	0.00788571
9.39731	1	2	3	311	0.00224286
9.39746	1	3	3	1278	0.00238571
9.39753	1	4	3	150	0.00245714
9.39803	1	1	3	227	0.00795714
9.39803	3	3	3	908	0.00295714
9.39831	1	2	3	311	0.00224286
9.39853	1	3	3	1920	0.00245714
9.39874	1	4	3	472	0.00267142
9.39931	1	2	3	311	0.00224286
9.39946	1	3	3	441	0.00238571
9.39967	1	4	3	472	0.0026
9.39989	1	5	3	340	0.00781428
9.40031	1	2	3	311	0.00224286
9.40067	1	4	3	472	0.0026
9.40089	1	5	3	340	0.00781428
9.40131	1	2	3	311	0.00224286
9.40167	1	4	3	472	0.0026
9.40253	1	2	3	472	0.00245714
9.40296	1	4	3	472	0.00288571
9.40303	1	5	3	106	0.00795714
9.40353	1	2	3	795	0.00245714
9.40396	1	4	3	795	0.00288571
9.40396	3	1	3	956	0.00288571
9.40403	1	5	3	106	0.00795714
9.40446	1	2	3	633	0.00238571
9.40474	1	4	3	633	0.00267142
9.40546	1	2	3	633	0.00238571
9.40574	1	4	3	633	0.00267142
9.40646	1	2	3	633	0.00238571
9.40681	1	4	3	795	0.00274285
9.40703	1	5	3	340	0.00795714
9.40746	1	2	3	633	0.00238571
9.40767	1	4	3	472	0.0026
9.40846	1	2	3	633	0.00238571
9.40874	1	4	3	633	0.00267142
9.40896	3	3	3	531	0.00788571
9.40946	1	2	3	633	0.00238571
9.40974	1	4	3	633	0.00267142
9.41003	3	1	3	4869	0.00295714
9.41003	1	5	3	458	0.00795714
9.41046	1	2	3	633	0.00238571
9.41074	1	4	3	633	0.00267142
9.41103	1	5	3	458	0.00795714
9.4116	1	4	3	925	0.00252857
9.41246	1	2	3	633	0.00238571
9.41303	1	5	3	340	0.00795714
9.41346	1	2	3	633	0.00238571
9.41403	1	5	3	458	0.00795714
9.41446	1	2	3	630	0.00238571
9.41703	1	5	3	575	0.00795714
9.41903	3	3	3	3233	0.00795714
9.42003	1	5	3	458	0.00795714
9.42103	1	5	3	458	0.00795714
9.42296	1	5	3	692	0.00788571
9.42403	1	5	3	703	0.00795714
9.42403	3	1	3	956	0.00295714
9.42503	3	3	3	868	0.00295714
9.42789	1	2	3	150	0.00281428
9.42796	1	3	3	633	0.00288571
9.42803	1	4	3	150	0.00295714
9.43003	1	5	3	1396	0.00795714
9.43003	3	1	3	6324	0.00295714
9.43103	3	3	3	1744	0.00295714
9.43253	1	2	3	795	0.00245714
9.43289	1	3	3	3204	0.00281428
9.43303	1	1	3	106	0.00795714
9.43346	1	2	3	633	0.00238571
9.43374	1	3	3	2562	0.00267142
9.43396	1	4	3	472	0.00288571
9.43403	1	5	3	38	0.00795714
9.43446	1	2	3	633	0.00238571
9.43474	1	3	3	2562	0.00267142
9.43503	1	4	3	633	0.00295714
9.43603	1	5	3	1396	0.00795714
9.43646	1	2	3	633	0.00238571
9.43674	1	3	3	1236	0.00267142
9.43696	1	4	3	472	0.00288571
9.43703	3	3	3	1308	0.00295714
9.43703	1	5	3	38	0.00795714
9.43753	1	2	3	795	0.00245714
9.43853	1	2	3	472	0.00245714
9.43896	1	4	3	472	0.00288571
9.4396	1	2	3	472	0.00252857
9.44003	1	4	3	472	0.00295714
9.44074	1	2	3	633	0.00267142
9.44096	1	4	3	472	0.00288571
9.44174	1	2	3	633	0.00267142
9.44203	1	4	3	633	0.00295714
9.44274	1	2	3	633	0.00267142
9.44303	1	4	3	633	0.00295714
9.44303	3	3	3	1308	0.00295714
9.44346	1	2	3	633	0.00238571
9.44381	1	4	3	795	0.00274285
9.44389	1	5	3	106	0.00781428
9.44403	1	1	3	223	0.00795714
9.44446	1	2	3	633	0.00238571
9.44474	1	4	3	633	0.00267142
9.44503	1	1	3	340	0.00795714
9.44546	1	2	3	633	0.00238571
9.44574	1	4	3	633	0.00267142
9.44603	1	1	3	458	0.00795714
9.44646	1	2	3	383	0.00238571
9.44674	1	4	3	633	0.00267142
9.44703	1	1	3	458	0.00795714
9.44774	1	4	3	633	0.00267142
9.44803	1	1	3	458	0.00795714
9.44881	1	4	3	472	0.00274285
9.44903	3	3	3	1043	0.00295714
9.44996	1	4	3	472	0.00288571
9.45003	1	5	3	106	0.00795714
9.45081	1	4	3	88	0.00274285
9.45381	1	5	3	340	0.00774285
9.45403	1	1	3	340	0.00795714
9.45403	3	1	3	956	0.00795714
9.45503	1	1	3	458	0.00795714
9.45581	1	5	3	340	0.00774285
9.45603	1	1	3	340	0.00795714
9.45603	3	3	3	428	0.00295714
9.45667	1	5	3	458	0.0076
9.45696	1	1	3	458	0.00788571
9.45774	1	5	3	340	0.00767142
9.45803	1	1	3	458	0.00795714
9.46003	3	1	3	4869	0.00295714
9.46167	1	3	3	633	0.0026
9.46203	3	3	3	1308	0.00295714
9.4626	1	2	3	150	0.00252857
9.46267	1	4	3	150	0.0026
9.4636	1	5	3	692	0.00752857
9.46403	1	1	3	692	0.00795714
9.4646	1	5	3	692	0.00752857
9.46503	1	1	3	692	0.00795714
9.4656	1	5	3	692	0.00752857
9.46603	1	1	3	692	0.00795714
9.46624	1	3	3	633	0.00217143
9.4666	1	5	3	575	0.00752857
9.46703	1	1	3	692	0.00795714
9.46724	1	3	3	633	0.00217143
9.46767	1	5	3	575	0.0076
9.46803	1	1	3	575	0.00795714
9.46803	3	3	3	1744	0.00295714
9.46846	1	2	3	311	0.00238571
9.4686	1	3	3	1278	0.00252857
9.46881	1	4	3	472	0.00274285
9.46946	1	2	3	311	0.00238571
9.4696	1	3	3	1278	0.00252857
9.46981	1	4	3	472	0.00274285
9.47046	1	2	3	311	0.00238571
9.4706	1	3	3	1278	0.00252857
9.47081	1	4	3	472	0.00274285
9.47146	1	2	3	311	0.00238571
9.4716	1	3	3	1278	0.00252857
9.47181	1	4	3	472	0.00274285
9.47253	1	2	3	472	0.00245714
9.47274	1	3	3	1920	0.00267142
9.47303	1	4	3	150	0.00795714
9.47331	1	2	3	311	0.00224286
9.47346	1	3	3	1276	0.00238571
9.47367	1	4	3	472	0.0026
9.47389	1	5	3	340	0.00781428
9.47403	3	3	3	1308	0.00295714
9.47403	1	1	3	223	0.00795714
9.47431	1	2	3	311	0.00224286
9.47467	1	4	3	472	0.0026
9.47489	1	5	3	340	0.00781428
9.47503	1	1	3	223	0.00795714
9.47531	1	2	3	311	0.00224286
9.47567	1	4	3	472	0.0026
9.47589	1	5	3	340	0.00781428
9.47603	1	1	3	223	0.00795714
9.47631	1	2	3	311	0.00224286
9.4766	1	4	3	311	0.00252857
9.47681	1	5	3	340	0.00774285
9.47696	1	1	3	223	0.00788571
9.47731	1	2	3	311	0.00224286
9.47767	1	4	3	472	0.0026
9.47789	1	5	3	340	0.00781428
9.47803	1	1	3	223	0.00795714
9.4786	1	2	3	472	0.00252857
9.47881	1	4	3	472	0.00274285
9.47903	3	1	3	868	0.00295714
9.4796	1	2	3	472	0.00252857
9.47981	1	4	3	472	0.00274285
9.48003	3	3	3	948	0.00295714
9.4806	1	2	3	472	0.00252857
9.48081	1	4	3	472	0.00274285
9.4816	1	2	3	472	0.00252857
9.48181	1	4	3	472	0.00274285
9.48246	1	2	3	633	0.00238571
9.48274	1	4	3	633	0.00267142
9.48339	1	2	3	472	0.00231428
9.4836	1	4	3	472	0.00252857
9.48381	1	5	3	340	0.00774285
9.48403	1	1	3	223	0.00795714
9.48439	1	2	3	472	0.00231428
9.4846	1	4	3	472	0.00252857
9.48481	1	5	3	340	0.00774285
9.48496	3	1	3	4957	0.00288571
9.48539	1	2	3	472	0.00231428
9.4856	1	4	3	472	0.00252857
9.48581	1	5	3	340	0.00774285
9.48603	3	3	3	428	0.00295714
9.48639	1	2	3	472	0.00231428
9.4866	1	4	3	472	0.00252857
9.48681	1	5	3	340	0.00774285
9.48753	1	2	3	472	0.00245714
9.48774	1	4	3	472	0.00267142
9.48803	1	5	3	458	0.00795714
9.48853	1	2	3	633	0.00245714
9.48881	1	4	3	633	0.00274285
9.48946	1	2	3	633	0.00238571
9.48974	1	4	3	335	0.00267142
9.49046	1	2	3	633	0.00238571
9.49203	3	3	3	1308	0.00295714
9.49396	1	5	3	340	0.00788571
9.49503	1	5	3	458	0.00795714
9.49603	1	5	3	458	0.00795714
9.49703	1	5	3	575	0.00795714
9.49774	3	1	3	868	0.00267142
9.49803	3	3	3	1744	0.00295714
9.49803	1	5	3	340	0.00795714
9.50224	1	2	3	150	0.00217143
9.50231	1	3	3	633	0.00224286
9.50303	3	1	3	6412	0.00295714
9.50339	1	4	3	150	0.00231428
9.50403	1	5	3	1044	0.00795714
9.50403	3	3	3	1308	0.00295714
9.50603	1	5	3	1044	0.00795714
9.50703	1	5	3	251	0.00795714
9.50731	1	2	3	150	0.00224286
9.50739	1	3	3	633	0.00231428
9.50846	1	2	3	633	0.00238571
9.50874	1	3	3	2562	0.00267142
9.50903	1	4	3	633	0.00295714
9.50924	1	2	3	150	0.00217143
9.50931	1	3	3	633	0.00224286
9.50939	1	4	3	150	0.00231428
9.51003	3	3	3	948	0.00295714
9.51046	1	2	3	633	0.00238571
9.51074	1	3	3	2562	0.00267142
9.51096	1	4	3	472	0.00288571
9.51139	1	2	3	472	0.00231428
9.5116	1	3	3	1920	0.00252857
9.51181	1	4	3	472	0.00274285
9.51231	1	2	3	311	0.00224286
9.51253	1	3	3	1259	0.00245714
9.51274	1	4	3	472	0.00267142
9.51303	1	1	3	106	0.00795714
9.51339	1	2	3	472	0.00231428
9.51381	1	4	3	472	0.00274285
9.51439	1	2	3	472	0.00231428
9.51481	1	4	3	472	0.00274285
9.51546	1	2	3	633	0.00238571
9.51596	1	4	3	472	0.00288571
9.51603	3	3	3	428	0.00295714
9.51603	1	5	3	106	0.00795714
9.51639	1	2	3	472	0.00231428
9.51681	1	4	3	472	0.00274285
9.51703	1	5	3	340	0.00795714
9.51703	3	1	3	956	0.00295714
9.51774	1	2	3	1278	0.00267142
9.51796	1	5	3	340	0.00788571
9.5186	1	2	3	472	0.00252857
9.51881	1	4	3	472	0.00274285
9.51903	1	5	3	340	0.00795714
9.5196	1	2	3	472	0.00252857
9.51981	1	4	3	472	0.00274285
9.52003	1	5	3	340	0.00795714
9.52053	1	2	3	472	0.00245714
9.52074	1	4	3	472	0.00267142
9.5216	1	2	3	472	0.00252857
9.52181	1	4	3	472	0.00274285
9.52203	3	3	3	1308	0.00295714
9.5226	1	2	3	472	0.00252857
9.52281	1	4	3	472	0.00274285
9.52339	1	2	3	472	0.00231428
9.5236	1	4	3	472	0.00252857
9.52403	1	1	3	340	0.00795714
9.52439	1	2	3	153	0.00231428
9.52503	1	1	3	340	0.00795714
9.52567	1	4	3	472	0.0026
9.52589	1	5	3	340	0.00781428
9.52603	1	1	3	223	0.00795714
9.5266	1	4	3	472	0.00252857
9.52681	1	5	3	340	0.00774285
9.52703	1	1	3	340	0.00795714
9.52724	3	3	3	428	0.00217143
9.5276	1	4	3	472	0.00252857
9.52781	1	5	3	340	0.00774285
9.52803	3	1	3	7780	0.00795714
9.52803	1	1	3	340	0.00795714
9.52881	1	4	3	633	0.00274285
9.52903	3	3	3	1308	0.00295714
9.52903	1	5	3	340	0.00795714
9.52981	1	5	3	340	0.00774285
9.53003	1	4	3	472	0.00795714
9.53074	1	4	3	633	0.00267142
9.53303	3	3	3	2264	0.00295714
9.53403	1	1	3	458	0.00795714
9.53503	1	1	3	692	0.00795714
9.53574	1	5	3	458	0.00767142
9.53603	1	1	3	458	0.00795714
9.53667	1	5	3	458	0.0076
9.53696	1	1	3	458	0.00788571
9.53774	1	5	3	458	0.00767142
9.53803	1	1	3	458	0.00795714
9.53903	1	5	3	458	0.00795714
9.54003	1	5	3	458	0.00795714
9.54203	3	1	3	868	0.00295714
9.54324	1	2	3	150	0.00217143
9.54331	1	3	3	633	0.00224286
9.54339	1	4	3	135	0.00231428
9.54403	1	1	3	927	0.00795714
9.54503	1	1	3	708	0.00795714
9.5456	1	5	3	692	0.00752857
9.54603	3	3	3	428	0.00295714
9.5466	1	5	3	692	0.00752857
9.5476	1	5	3	692	0.00752857
9.54803	3	1	3	9323	0.00295714
9.54853	1	2	3	472	0.00245714
9.54874	1	3	3	1920	0.00267142
9.54896	1	4	3	428	0.00288571
9.54903	1	5	3	106	0.00795714
9.54931	1	2	3	311	0.00224286
9.54953	1	3	3	1920	0.00245714
9.54974	1	4	3	428	0.00267142
9.55003	1	5	3	458	0.00795714
9.55039	1	2	3	472	0.00231428
9.5506	1	3	3	1920	0.00252857
9.55081	1	4	3	428	0.00274285
9.55139	1	2	3	472	0.00231428
9.5516	1	3	3	1920	0.00252857
9.55181	1	4	3	428	0.00274285
9.55203	3	3	3	1308	0.00295714
9.55239	1	2	3	472	0.00231428
9.5526	1	3	3	1888	0.00252857
9.55281	1	4	3	428	0.00274285
9.55331	1	2	3	311	0.00224286
9.55367	1	4	3	428	0.0026
9.55439	1	2	3	472	0.00231428
9.55481	1	4	3	428	0.00274285
9.55539	1	2	3	472	0.00231428
9.55581	1	4	3	428	0.00274285
9.55603	1	5	3	340	0.00795714
9.55631	1	2	3	311	0.00224286
9.55674	1	4	3	428	0.00267142
9.55696	1	5	3	340	0.00788571
9.55746	1	2	3	633	0.00238571
9.55781	1	4	3	721	0.00274285
9.55803	3	3	3	1744	0.00295714
9.55803	1	5	3	340	0.00795714
9.55846	1	2	3	633	0.00238571
9.55881	1	4	3	721	0.00274285
9.55903	1	5	3	340	0.00795714
9.55946	1	2	3	633	0.00238571
9.55981	1	4	3	721	0.00274285
9.56003	1	5	3	340	0.00795714
9.56046	1	2	3	633	0.00238571
9.56074	1	4	3	575	0.00267142
9.56146	1	2	3	633	0.00238571
9.56181	1	4	3	721	0.00274285
9.56203	3	1	3	956	0.00295714
9.5626	1	2	3	956	0.00252857
9.56303	1	4	3	868	0.00295714
9.56346	1	2	3	633	0.00238571
9.56374	1	4	3	575	0.00267142
9.56403	3	3	3	1308	0.00295714
9.56446	1	2	3	633	0.00238571
9.56474	1	4	3	575	0.00267142
9.56546	1	2	3	633	0.00238571
9.56574	1	4	3	575	0.00267142
9.56603	1	5	3	458	0.00795714
9.56646	1	2	3	295	0.00238571
9.56681	1	4	3	204	0.00274285
9.56703	1	5	3	340	0.00795714
9.56903	1	5	3	458	0.00795714
9.57003	1	5	3	458	0.00795714
9.57003	3	3	3	1308	0.00295714
9.57303	3	1	3	7780	0.00795714
9.57303	1	5	3	458	0.00795714
9.57603	1	5	3	106	0.00795714
9.57703	1	5	3	876	0.00795714
9.57903	1	5	3	1396	0.00795714
9.57931	1	3	3	633	0.00224286
9.57939	1	4	3	135	0.00231428
9.58003	1	5	3	38	0.00795714
9.58103	3	3	3	1074	0.00795714
9.58403	1	2	3	150	0.00295714
9.5846	1	3	3	3736	0.00252857
9.58496	1	4	3	795	0.00288571
9.58503	1	1	3	106	0.00795714
9.58603	1	5	3	1396	0.00795714
9.58696	1	4	3	1598	0.00288571
9.58703	3	3	3	1744	0.00295714
9.58796	1	4	3	1759	0.00288571
9.58803	3	3	3	531	0.00795714
9.58903	1	4	3	1920	0.00295714
9.5896	1	2	3	956	0.00252857
9.59003	1	4	3	956	0.00295714
9.59074	1	2	3	633	0.00267142
9.59103	1	4	3	633	0.00295714
9.59174	1	2	3	633	0.00267142
9.59196	1	4	3	472	0.00288571
9.59203	3	1	3	956	0.00295714
9.59203	1	5	3	38	0.00795714
9.59274	1	2	3	633	0.00267142
9.59296	1	4	3	472	0.00288571
9.59303	3	3	3	868	0.00295714
9.59303	1	5	3	106	0.00795714
9.59374	1	2	3	633	0.00267142
9.59396	1	4	3	472	0.00288571
9.59403	3	3	3	868	0.00295714
9.59474	1	2	3	633	0.00267142
9.59503	1	4	3	633	0.00295714
9.59546	1	2	3	633	0.00238571
9.59574	1	4	3	368	0.00267142
9.59603	1	1	3	458	0.00795714
9.59646	1	2	3	633	0.00238571
9.59703	1	1	3	458	0.00795714
9.59746	1	2	3	633	0.00238571
9.59767	1	5	3	340	0.0026
9.59796	1	1	3	458	0.00788571
9.59803	3	1	3	9235	0.00295714
9.59846	1	2	3	633	0.00238571
9.59874	1	5	3	106	0.00767142
9.59903	3	3	3	293	0.00295714
9.59903	1	1	3	458	0.00795714
9.59931	1	2	3	311	0.00224286
9.60003	1	1	3	458	0.00795714
9.60003	3	3	3	428	0.00295714
9.60074	1	2	3	633	0.00267142
9.60174	1	2	3	633	0.00267142
9.60274	1	2	3	384	0.00267142
9.60503	1	5	3	340	0.00795714
9.60503	3	3	3	428	0.00295714
9.60574	1	5	3	340	0.00767142
9.60603	1	1	3	458	0.00795714
9.60603	3	3	3	580	0.00295714
9.60674	1	5	3	458	0.00767142
9.60703	1	1	3	458	0.00795714
9.60774	1	5	3	458	0.00767142
9.60803	1	1	3	458	0.00795714
9.60874	1	5	3	458	0.00767142
9.60903	1	1	3	458	0.00795714
9.60974	1	5	3	927	0.00267142
9.61003	1	1	3	458	0.00795714
9.61103	3	3	3	868	0.00295714
9.61203	3	1	3	956	0.00295714
9.61303	3	3	3	428	0.00295714
9.61467	1	3	3	633	0.0026
9.6156	1	5	3	692	0.00752857
9.61603	1	1	3	692	0.00795714
9.61624	1	2	3	150	0.00217143
9.61696	1	1	3	692	0.00788571
9.61696	3	3	3	868	0.00288571
9.6176	1	1	3	692	0.00752857
9.61803	3	1	3	9235	0.00295714
9.61803	1	5	3	692	0.00895714
9.6186	1	5	3	143	0.00752857
9.61903	1	1	3	546	0.00795714
9.61903	3	3	3	428	0.00295714
9.61924	1	3	3	633	0.00217143
9.62103	1	3	3	3846	0.00295714
9.62181	1	2	3	1440	0.00274285
9.62196	1	3	3	717	0.00288571
9.62203	1	4	3	150	0.00795714
9.62296	1	2	3	1759	0.00288571
9.6236	1	2	3	956	0.00252857
9.62403	1	5	3	692	0.00295714
9.62446	1	2	3	633	0.00238571
9.62503	3	3	3	428	0.00295714
9.62531	1	2	3	311	0.00224286
9.6266	1	2	3	956	0.00252857
9.62703	3	3	3	280	0.00795714
9.6276	1	2	3	956	0.00252857
9.62796	1	4	3	795	0.00288571
9.62803	1	5	3	106	0.00795714
9.62803	3	3	3	208	0.00295714
9.6286	1	2	3	956	0.00252857
9.62896	1	4	3	795	0.00288571
9.62946	1	2	3	633	0.00238571
9.62974	1	4	3	633	0.00267142
9.63003	1	5	3	458	0.00795714
9.63089	1	4	3	795	0.00281428
9.63103	3	3	3	1308	0.00295714
9.63103	1	5	3	223	0.00795714
9.6316	1	4	3	472	0.00252857
9.63203	1	5	3	692	0.00795714
9.63203	3	1	3	956	0.00295714
9.63274	1	4	3	633	0.00267142
9.63303	1	5	3	458	0.00295714
9.63303	3	3	3	926	0.00295714
9.63396	1	4	3	109	0.00288571
9.63403	1	5	3	106	0.00795714
9.63803	3	1	3	9235	0.00295714
9.64003	1	5	3	692	0.00795714
9.64103	1	5	3	692	0.00795714
9.64303	1	5	3	195	0.00795714
9.64303	3	3	3	428	0.00295714
9.64403	1	5	3	38	0.00295714
9.64489	1	2	3	150	0.00281428
9.64496	1	3	3	633	0.00288571
9.64503	1	4	3	150	0.00295714
9.64703	1	5	3	1396	0.00795714
9.64803	1	5	3	1396	0.00295714
9.64896	3	3	3	1308	0.00288571
9.64903	1	5	3	38	0.00295714
9.6496	1	2	3	956	0.00252857
9.64996	1	3	3	3204	0.00288571
9.65003	1	1	3	106	0.00795714
9.65046	1	2	3	633	0.00238571
9.65074	1	3	3	1990	0.00267142
9.65096	1	4	3	472	0.00288571
9.65196	1	4	3	1759	0.00288571
9.65203	3	1	3	956	0.00295714
9.6526	1	2	3	956	0.00252857
9.65296	1	4	3	795	0.00288571
9.6536	1	2	3	956	0.00252857
9.65396	1	4	3	795	0.00288571
9.65403	3	3	3	1744	0.00295714
9.65446	1	2	3	633	0.00238571
9.65503	1	4	3	633	0.00295714
9.65574	1	2	3	633	0.00267142
9.65603	1	4	3	633	0.00295714
9.65674	1	2	3	633	0.00267142
9.65703	1	4	3	601	0.00295714
9.65774	1	2	3	633	0.00267142
9.65874	1	2	3	633	0.00267142
9.65974	1	2	3	633	0.00267142
9.66003	3	3	3	1308	0.00295714
9.66046	1	2	3	633	0.00238571
9.66103	1	1	3	458	0.00795714
9.66146	1	2	3	633	0.00238571
9.66203	1	1	3	458	0.00795714
9.66267	1	2	3	53	0.0026
9.66296	1	1	3	458	0.00788571
9.66303	3	1	3	9235	0.00795714
9.66403	1	1	3	458	0.00795714
9.66474	1	5	3	458	0.00267142
9.66503	1	1	3	458	0.00795714
9.66603	3	3	3	948	0.00295714
9.66603	1	5	3	106	0.00795714
9.66703	1	5	3	575	0.00295714
9.66803	1	5	3	458	0.00295714
9.67003	1	5	3	692	0.00295714
9.6706	1	5	3	692	0.00252857
9.67103	1	1	3	692	0.00795714
9.6716	1	5	3	692	0.00252857
9.67203	1	1	3	692	0.00795714
9.67246	1	5	3	458	0.00238571
9.67303	1	1	3	927	0.00795714
9.67303	3	3	3	428	0.00295714
9.67403	1	1	3	1396	0.00795714
9.6746	1	5	3	181	0.00252857
9.67503	1	1	3	692	0.00795714
9.67703	3	1	3	956	0.00295714
9.67796	1	5	3	223	0.00288571
9.67903	3	3	3	1308	0.00295714
9.68096	1	1	3	692	0.00788571
9.68203	1	1	3	692	0.00795714
9.68303	1	1	3	583	0.00795714
9.68303	3	1	3	3413	0.00295714
9.68503	3	3	3	1744	0.00295714
9.68803	1	5	3	106	0.00795714
9.68889	1	2	3	150	0.00281428
9.68896	1	3	3	633	0.00288571
9.68903	1	4	3	150	0.00295714
9.69103	3	3	3	1308	0.00295714
9.69346	1	2	3	633	0.00238571
9.69374	1	3	3	2562	0.00267142
9.69396	1	5	3	340	0.00288571
9.69403	1	1	3	106	0.00795714
9.69503	1	1	3	1396	0.00795714
9.69603	1	1	3	1396	0.00795714
9.69653	1	2	3	472	0.00245714
9.69674	1	4	3	472	0.00267142
9.69674	3	1	3	956	0.00267142
9.69696	3	3	3	1308	0.00288571
9.69696	1	5	3	340	0.00288571
9.69803	1	1	3	1396	0.00895714
9.69846	1	2	3	311	0.00238571
9.6986	1	3	3	1278	0.00252857
9.69881	1	4	3	472	0.00274285
9.69903	1	5	3	340	0.00295714
9.69946	1	2	3	311	0.00238571
9.6996	1	3	3	1278	0.00252857
9.69981	1	4	3	472	0.00274285
9.70003	1	5	3	340	0.00295714
9.70046	1	2	3	311	0.00238571
9.7006	1	3	3	1278	0.00252857
9.70081	1	4	3	472	0.00274285
9.70103	1	5	3	340	0.00295714
9.70131	1	2	3	311	0.00224286
9.70146	1	3	3	1278	0.00238571
9.70167	1	4	3	472	0.0026
9.70189	1	5	3	340	0.00281428
9.70203	3	3	3	1074	0.00295714
9.70203	1	1	3	223	0.00795714
9.70246	1	2	3	311	0.00238571
9.7026	1	3	3	440	0.00252857
9.70281	1	4	3	472	0.00274285
9.70303	1	5	3	340	0.00295714
9.70331	1	2	3	311	0.00224286
9.70367	1	4	3	472	0.0026
9.70389	1	5	3	340	0.00281428
9.70403	1	1	3	223	0.00795714
9.70431	1	2	3	311	0.00224286
9.70467	1	4	3	472	0.0026
9.70489	1	5	3	340	0.00281428
9.70503	1	1	3	223	0.00795714
9.70531	1	2	3	311	0.00224286
9.70567	1	4	3	472	0.0026
9.70589	1	5	3	340	0.00281428
9.70603	1	1	3	223	0.00795714
9.70653	1	2	3	472	0.00245714
9.70681	1	4	3	472	0.00274285
9.70703	3	1	3	4869	0.00795714
9.70703	1	5	3	340	0.00295714
9.70746	1	2	3	633	0.00238571
9.70767	1	4	3	472	0.0026
9.70789	1	5	3	340	0.00281428
9.70803	1	1	3	223	0.00795714
9.7086	1	2	3	472	0.00252857
9.70881	1	4	3	472	0.00274285
9.70903	1	5	3	340	0.00295714
9.7096	1	2	3	472	0.00252857
9.70981	1	4	3	36	0.00274285
9.71003	1	5	3	340	0.00295714
9.71003	3	3	3	428	0.00295714
9.7106	1	2	3	472	0.00252857
9.71103	1	5	3	340	0.00295714
9.71146	1	2	3	633	0.00238571
9.71189	1	5	3	340	0.00281428
9.71203	1	1	3	223	0.00795714
9.7126	1	2	3	472	0.00252857
9.71303	1	5	3	340	0.00295714
9.71346	1	2	3	633	0.00238571
9.71381	1	5	3	458	0.00274285
9.71403	1	1	3	340	0.00795714
9.71446	1	2	3	633	0.00238571
9.71481	1	5	3	575	0.00274285
9.71503	1	1	3	340	0.00795714
9.71546	1	2	3	141	0.00238571
9.71581	1	5	3	575	0.00274285
9.71603	3	3	3	1308	0.00295714
9.71603	1	1	3	340	0.00795714
9.7166	1	1	3	692	0.00252857
9.71781	1	5	3	575	0.00274285
9.71803	1	1	3	340	0.00795714
9.71903	1	5	3	346	0.00295714
9.72203	3	3	3	1744	0.00295714
9.72303	1	5	3	458	0.00295714
9.72403	1	1	3	458	0.00795714
9.72503	1	1	3	688	0.00795714
9.72603	3	1	3	736	0.00295714
9.72803	3	3	3	1308	0.00295714
9.72903	1	5	3	692	0.00295714
9.73003	1	5	3	340	0.00295714
9.73089	1	2	3	150	0.00281428
9.73096	1	3	3	633	0.00288571
9.73103	1	4	3	150	0.00295714
9.73203	3	1	3	5089	0.00295714
9.73303	1	5	3	106	0.00795714
9.73403	1	1	3	692	0.00795714
9.73403	3	3	3	948	0.00295714
9.73503	1	5	3	223	0.00295714
9.73546	1	2	3	633	0.00238571
9.73574	1	3	3	2562	0.00267142
9.73596	1	5	3	340	0.00288571
9.73603	1	1	3	106	0.00795714
9.73703	1	1	3	1278	0.00795714
9.73724	1	5	3	106	0.00217143
9.73803	1	1	3	842	0.00795714
9.73846	1	2	3	311	0.00238571
9.7386	1	3	3	1278	0.00252857
9.73881	1	4	3	472	0.00274285
9.73903	1	5	3	340	0.00295714
9.73924	1	4	3	150	0.00217143
9.74003	3	3	3	428	0.00295714
9.74039	1	2	3	472	0.00231428
9.7406	1	3	3	1920	0.00252857
9.74081	1	4	3	472	0.00274285
9.74103	1	5	3	340	0.00295714
9.74146	1	2	3	633	0.00238571
9.74174	1	3	3	2350	0.00267142
9.74196	1	4	3	472	0.00288571
9.74203	1	5	3	106	0.00795714
9.74231	1	2	3	311	0.00224286
9.74274	1	4	3	472	0.00267142
9.74331	1	2	3	311	0.00224286
9.74367	1	4	3	472	0.0026
9.74389	1	5	3	340	0.00281428
9.74446	1	2	3	633	0.00238571
9.74496	1	4	3	472	0.00288571
9.74503	1	5	3	106	0.00795714
9.74539	1	2	3	472	0.00231428
9.74581	1	4	3	472	0.00274285
9.74603	3	3	3	1308	0.00295714
9.74646	1	2	3	633	0.00238571
9.74674	1	4	3	633	0.00267142
9.74703	1	5	3	458	0.00295714
9.74746	1	2	3	633	0.00238571
9.74781	1	4	3	795	0.00274285
9.74803	1	5	3	340	0.00795714
9.74846	1	2	3	633	0.00238571
9.74874	1	4	3	633	0.00267142
9.74903	1	5	3	458	0.00295714
9.7496	1	2	3	956	0.00252857
9.74996	1	4	3	795	0.00288571
9.75046	1	2	3	633	0.00238571
9.75081	1	4	3	795	0.00274285
9.75103	1	5	3	340	0.00795714
9.75103	3	1	3	956	0.00295714
9.75146	1	2	3	633	0.00238571
9.75174	1	4	3	633	0.00267142
9.75203	3	3	3	1744	0.00295714
9.75203	1	5	3	458	0.00295714
9.75246	1	2	3	633	0.00238571
9.75274	1	4	3	633	0.00267142
9.75303	1	5	3	458	0.00295714
9.75346	1	2	3	88	0.00238571
9.75374	1	4	3	247	0.00267142
9.75403	1	5	3	458	0.00295714
9.75503	1	5	3	106	0.00795714
9.75603	1	5	3	458	0.00295714
9.75703	1	5	3	171	0.00295714
9.75803	3	3	3	1308	0.00295714
9.76003	1	5	3	809	0.00295714
9.76096	1	5	3	625	0.00288571
9.76203	3	1	3	6324	0.00795714
9.76396	3	3	3	948	0.00288571
9.76589	1	2	3	150	0.00281428
9.76596	1	3	3	633	0.00288571
9.76603	1	4	3	150	0.00295714
9.77003	3	3	3	428	0.00295714
9.7706	1	2	3	956	0.00252857
9.77103	1	3	3	3846	0.00295714
9.77146	1	2	3	633	0.00238571
9.77174	1	3	3	2562	0.00267142
9.77203	1	4	3	633	0.00295714
9.77246	1	2	3	633	0.00238571
9.77274	1	3	3	1700	0.00267142
9.77296	1	4	3	472	0.00288571
9.77346	1	2	3	633	0.00238571
9.77403	1	4	3	795	0.00295714
9.7746	1	2	3	956	0.00252857
9.77503	1	4	3	956	0.00295714
9.7756	1	2	3	956	0.00252857
9.77581	3	1	3	956	0.00274285
9.77603	1	4	3	956	0.00295714
9.77603	3	3	3	1308	0.00295714
9.7766	1	2	3	956	0.00252857
9.77696	1	4	3	795	0.00288571
9.7776	1	2	3	956	0.00252857
9.77796	1	4	3	795	0.00288571
9.77803	1	5	3	106	0.00795714
9.7786	1	2	3	956	0.00252857
9.77903	1	4	3	956	0.00295714
9.7796	1	2	3	956	0.00252857
9.78003	1	4	3	956	0.00295714
9.7806	1	2	3	956	0.00252857
9.78103	1	4	3	956	0.00295714
9.7816	1	2	3	519	0.00252857
9.78203	1	4	3	338	0.00295714
9.78403	1	5	3	458	0.00295714
9.78503	1	5	3	458	0.00295714
9.78603	3	1	3	4869	0.00795714
9.78603	1	5	3	458	0.00295714
9.78703	1	5	3	1044	0.00295714
9.78703	3	3	3	1744	0.00795714
9.78803	1	5	3	458	0.00295714
9.79003	1	5	3	1396	0.00295714
9.79103	1	5	3	1364	0.00295714
9.79303	3	3	3	2254	0.00295714
9.79524	1	2	3	150	0.00217143
9.79531	1	3	3	633	0.00224286
9.79539	1	4	3	150	0.00231428
9.79903	3	3	3	428	0.00295714
9.80046	1	2	3	633	0.00238571
9.80074	1	3	3	2562	0.00267142
9.80103	1	4	3	633	0.00295714
9.80146	1	2	3	633	0.00238571
9.80174	1	3	3	2562	0.00267142
9.80203	1	4	3	633	0.00295714
9.80246	1	2	3	633	0.00238571
9.80274	1	3	3	2562	0.00267142
9.80296	1	4	3	472	0.00288571
9.80346	1	2	3	633	0.00238571
9.80374	1	3	3	423	0.00267142
9.80403	1	4	3	633	0.00295714
9.8046	1	2	3	956	0.00252857
9.80496	3	1	3	956	0.00288571
9.80503	1	4	3	795	0.00295714
9.80546	1	2	3	633	0.00238571
9.80603	1	4	3	633	0.00295714
9.80603	3	3	3	1308	0.00295714
9.80646	1	2	3	633	0.00238571
9.80703	1	4	3	633	0.00295714
9.80753	1	2	3	795	0.00245714
9.80796	1	4	3	795	0.00288571
9.80803	1	5	3	106	0.00795714
9.8086	1	2	3	956	0.00252857
9.80903	1	4	3	956	0.00295714
9.8096	1	2	3	956	0.00252857
9.81003	1	4	3	956	0.00295714
9.8106	1	2	3	956	0.00252857
9.81103	1	4	3	956	0.00295714
9.81196	1	4	3	515	0.00288571
9.81203	3	3	3	1744	0.00295714
9.8126	1	2	3	956	0.00252857
9.81346	1	2	3	633	0.00238571
9.81403	1	5	3	458	0.00295714
9.81446	1	2	3	64	0.00238571
9.81503	3	1	3	4869	0.00795714
9.81503	1	5	3	458	0.00295714
9.81603	1	5	3	458	0.00295714
9.81703	1	5	3	692	0.00295714
9.81803	1	5	3	809	0.00295714
9.81803	3	3	3	1044	0.00295714
9.82003	1	5	3	1396	0.00295714
9.82103	1	5	3	1365	0.00295714
9.82403	3	3	3	1744	0.00295714
9.82689	1	2	3	150	0.00281428
9.82696	1	3	3	633	0.00288571
9.82703	1	4	3	150	0.00295714
9.83003	3	3	3	902	0.00295714
9.83153	1	2	3	795	0.00245714
9.83189	1	3	3	3204	0.00281428
9.83203	1	1	3	106	0.00795714
9.83246	1	2	3	633	0.00238571
9.83274	1	3	3	2562	0.00267142
9.83303	1	4	3	633	0.00295714
9.83346	1	2	3	633	0.00238571
9.83374	1	3	3	2341	0.00267142
9.83403	1	4	3	633	0.00295714
9.83446	1	2	3	633	0.00238571
9.83503	1	4	3	633	0.00295714
9.8356	1	2	3	956	0.00252857
9.83603	1	4	3	956	0.00295714
9.83646	1	2	3	633	0.00238571
9.83696	1	4	3	472	0.00288571
9.83703	3	3	3	428	0.00295714
9.83703	1	5	3	106	0.00795714
9.83774	1	2	3	633	0.00267142
9.83874	1	2	3	633	0.00267142
9.83903	1	4	3	633	0.00295714
9.83903	3	1	3	956	0.00795714
9.83974	1	2	3	633	0.00267142
9.84003	1	4	3	633	0.00295714
9.84074	1	2	3	633	0.00267142
9.84096	1	4	3	472	0.00288571
9.84174	1	2	3	633	0.00267142
9.84203	1	4	3	633	0.00295714
9.84231	1	2	3	311	0.00224286
9.84253	1	4	3	472	0.00245714
9.84274	1	5	3	340	0.00267142
9.84303	1	1	3	458	0.00795714
9.84303	3	3	3	1308	0.00295714
9.84331	1	2	3	311	0.00224286
9.84353	1	4	3	472	0.00245714
9.84374	1	5	3	340	0.00267142
9.84403	1	1	3	458	0.00795714
9.84431	1	2	3	311	0.00224286
9.84453	1	4	3	472	0.00245714
9.84474	1	5	3	340	0.00267142
9.84503	3	1	3	6324	0.00295714
9.84503	1	1	3	458	0.00795714
9.84531	1	2	3	311	0.00224286
9.84553	1	4	3	472	0.00245714
9.84574	1	5	3	340	0.00267142
9.84603	1	1	3	458	0.00795714
9.84631	1	2	3	311	0.00224286
9.84653	1	4	3	472	0.00245714
9.84674	1	5	3	340	0.00267142
9.84703	1	1	3	458	0.00795714
9.8476	1	2	3	472	0.00252857
9.84781	1	4	3	472	0.00274285
9.84803	1	5	3	340	0.00295714
9.8486	1	2	3	472	0.00252857
9.84881	1	4	3	88	0.00274285
9.84903	3	3	3	1744	0.00295714
9.84903	1	5	3	340	0.00295714
9.8496	1	2	3	133	0.00252857
9.85003	1	5	3	340	0.00295714
9.85103	1	5	3	340	0.00295714
9.85203	1	5	3	340	0.00295714
9.85281	1	5	3	458	0.00274285
9.85303	1	1	3	340	0.00795714
9.85381	1	5	3	927	0.00274285
9.85403	1	1	3	340	0.00795714
9.85481	1	5	3	863	0.00274285
9.85503	3	3	3	1308	0.00295714
9.85503	1	1	3	340	0.00795714
9.85603	1	1	3	340	0.00795714
9.85674	1	5	3	927	0.00267142
9.85696	1	1	3	340	0.00788571
9.85803	1	5	3	507	0.00295714
9.85903	3	1	3	956	0.00295714
9.86103	3	3	3	948	0.00295714
9.86303	1	1	3	692	0.00795714
9.86403	1	1	3	692	0.00795714
9.86503	1	1	3	370	0.00795714
9.86503	3	1	3	7780	0.00295714
9.86703	3	3	3	428	0.00295714
9.87003	1	5	3	106	0.00295714
9.87089	1	2	3	150	0.00281428
9.87096	1	3	3	633	0.00288571
9.87103	1	4	3	150	0.00295714
9.87303	3	3	3	1308	0.00295714
9.87553	1	2	3	633	0.00245714
9.87581	1	3	3	2562	0.00274285
9.87603	1	5	3	340	0.00295714
9.87646	1	2	3	633	0.00238571
9.87674	1	3	3	2562	0.00267142
9.87696	1	4	3	472	0.00288571
9.87739	1	2	3	472	0.00231428
9.8776	1	3	3	1920	0.00252857
9.87781	1	4	3	472	0.00274285
9.87803	1	5	3	340	0.00295714
9.87846	1	2	3	311	0.00238571
9.8786	1	3	3	1278	0.00252857
9.87881	1	4	3	472	0.00274285
9.87903	3	3	3	1744	0.00295714
9.87903	1	5	3	340	0.00295714
9.87946	1	2	3	311	0.00238571
9.8796	1	3	3	1245	0.00252857
9.87981	1	4	3	472	0.00274285
9.88003	1	5	3	340	0.00295714
9.88046	1	2	3	633	0.00238571
9.88089	1	4	3	472	0.00281428
9.88103	1	1	3	106	0.00795714
9.88146	1	2	3	311	0.00238571
9.88181	1	4	3	472	0.00274285
9.88203	1	5	3	340	0.00295714
9.88246	1	2	3	311	0.00238571
9.88281	1	4	3	472	0.00274285
9.88303	1	5	3	340	0.00295714
9.88331	1	2	3	311	0.00224286
9.88367	1	4	3	472	0.0026
9.88389	1	5	3	340	0.00281428
9.88403	1	1	3	223	0.00795714
9.88403	3	1	3	956	0.00795714
9.88446	1	2	3	633	0.00238571
9.88467	1	4	3	472	0.0026
9.88489	1	5	3	340	0.00281428
9.88503	1	1	3	223	0.00795714
9.88574	1	2	3	633	0.00267142
9.88596	1	4	3	472	0.00288571
9.88603	3	3	3	1044	0.00295714
9.88603	1	5	3	106	0.00795714
9.88646	1	2	3	633	0.00238571
9.88667	1	4	3	472	0.0026
9.88689	1	5	3	340	0.00281428
9.88703	1	1	3	223	0.00795714
9.88746	1	2	3	633	0.00238571
9.88767	1	4	3	472	0.0026
9.88789	1	5	3	340	0.00281428
9.88803	1	1	3	223	0.00795714
9.8886	1	2	3	472	0.00252857
9.88881	1	4	3	472	0.00274285
9.88903	1	5	3	340	0.00295714
9.8896	1	2	3	472	0.00252857
9.88981	1	4	3	472	0.00274285
9.89003	1	5	3	340	0.00295714
9.89031	1	2	3	311	0.00224286
9.89053	1	4	3	472	0.00245714
9.89074	1	5	3	340	0.00267142
9.89103	1	1	3	458	0.00795714
9.89174	1	4	3	633	0.00267142
9.89196	1	5	3	340	0.00288571
9.89203	3	3	3	1744	0.00295714
9.8926	1	2	3	472	0.00252857
9.89281	1	4	3	472	0.00274285
9.89303	1	5	3	340	0.00295714
9.89339	1	2	3	472	0.00231428
9.8936	1	4	3	437	0.00252857
9.89381	1	5	3	340	0.00274285
9.89403	1	1	3	340	0.00795714
9.89439	1	2	3	472	0.00231428
9.89481	1	5	3	340	0.00274285
9.89503	3	1	3	9235	0.00795714
9.89503	1	1	3	340	0.00795714
9.8956	1	2	3	472	0.00252857
9.89603	1	5	3	340	0.00295714
9.89631	1	2	3	311	0.00224286
9.89674	1	5	3	340	0.00267142
9.89703	1	1	3	458	0.00795714
9.89739	1	2	3	174	0.00231428
9.89781	1	5	3	340	0.00274285
9.89803	3	3	3	902	0.00295714
9.89803	1	1	3	340	0.00795714
9.89903	1	5	3	192	0.00295714
9.90103	1	1	3	340	0.00795714
9.90203	1	5	3	575	0.00295714
9.90296	1	5	3	223	0.00288571
9.90403	1	1	3	458	0.00795714
9.90403	3	3	3	340	0.00295714
9.90503	1	1	3	458	0.00795714
9.9066	1	5	3	106	0.00252857
9.90703	1	1	3	204	0.00795714
9.90803	1	5	3	534	0.00295714
9.90903	3	1	3	868	0.00295714
9.91003	3	3	3	1744	0.00295714
9.91103	1	1	3	1396	0.00795714
9.91139	1	2	3	150	0.00231428
9.91146	1	3	3	633	0.00238571
9.91153	1	4	3	150	0.00245714
9.91203	1	5	3	809	0.00295714
9.91303	1	1	3	223	0.00795714
9.91403	1	5	3	106	0.00295714
9.91503	3	1	3	7868	0.00295714
9.91603	3	3	3	1044	0.00295714
9.91646	1	2	3	633	0.00238571
9.91674	1	3	3	2562	0.00267142
9.91696	1	4	3	472	0.00288571
9.91703	1	1	3	106	0.00795714
9.91753	1	2	3	472	0.00245714
9.91774	1	3	3	1920	0.00267142
9.91796	1	5	3	340	0.00288571
9.91824	1	5	3	106	0.00217143
9.91903	1	1	3	1278	0.00795714
9.91931	1	2	3	311	0.00224286
9.91939	1	3	3	633	0.00231428
9.91946	1	4	3	150	0.00238571
9.91953	1	5	3	106	0.00245714
9.92003	1	1	3	809	0.00795714
9.92046	1	2	3	311	0.00238571
9.9206	1	3	3	1278	0.00252857
9.92074	1	4	3	311	0.00267142
9.92096	1	5	3	340	0.00288571
9.92153	1	2	3	472	0.00245714
9.92174	1	3	3	1719	0.00267142
9.92196	1	4	3	472	0.00288571
9.92203	1	5	3	106	0.00295714
9.92231	1	2	3	311	0.00224286
9.92267	1	4	3	472	0.0026
9.92289	1	5	3	340	0.00281428
9.92303	1	1	3	223	0.00795714
9.92346	1	2	3	311	0.00238571
9.92381	1	4	3	472	0.00274285
9.92403	1	5	3	340	0.00295714
9.92446	1	2	3	311	0.00238571
9.92481	1	4	3	472	0.00274285
9.92503	1	5	3	340	0.00295714
9.92531	1	2	3	311	0.00224286
9.92567	1	4	3	472	0.0026
9.92589	1	5	3	340	0.00281428
9.92603	1	1	3	223	0.00795714
9.92646	1	2	3	633	0.00238571
9.92667	1	4	3	472	0.0026
9.92689	1	5	3	340	0.00281428
9.92703	3	3	3	1744	0.00795714
9.92703	1	1	3	223	0.00795714
9.9276	1	2	3	164	0.00252857
9.92781	1	4	3	472	0.00274285
9.92803	1	5	3	340	0.00295714
9.92867	1	4	3	472	0.0026
9.92889	1	5	3	340	0.00281428
9.92903	1	1	3	223	0.00795714
9.92903	3	1	3	956	0.00295714
9.92967	1	4	3	472	0.0026
9.92989	1	5	3	31	0.00281428
9.93003	1	1	3	223	0.00795714
9.93081	1	4	3	472	0.00274285
9.93181	1	4	3	472	0.00274285
9.93203	1	5	3	340	0.00295714
9.93253	1	4	3	795	0.00245714
9.93281	1	5	3	458	0.00274285
9.93303	3	3	3	1044	0.00295714
9.93303	1	1	3	340	0.00795714
9.93396	1	4	3	795	0.00288571
9.93403	1	5	3	106	0.00295714
9.93503	1	4	3	956	0.00295714
9.93581	1	4	3	1407	0.00274285
9.93603	1	1	3	340	0.00795714
9.93667	1	5	3	106	0.0026
9.93696	1	1	3	241	0.00788571
9.93803	1	5	3	430	0.00295714
9.9386	1	5	3	340	0.00252857
9.93903	3	3	3	1744	0.00295714
9.9396	1	5	3	340	0.00252857
9.94003	3	1	3	9235	0.00795714
9.94103	1	5	3	458	0.00295714
9.94203	1	5	3	300	0.00295714
9.94503	3	3	3	1044	0.00295714
9.94703	1	5	3	458	0.00295714
9.94889	1	2	3	150	0.00281428
9.94896	1	3	3	633	0.00288571
9.94903	1	4	3	150	0.00295714
9.95103	3	3	3	1744	0.00295714
9.95203	1	5	3	106	0.00295714
9.95303	1	5	3	872	0.00295714
9.9536	1	2	3	956	0.00252857
9.95396	1	3	3	3204	0.00288571
9.95403	3	1	3	868	0.00295714
9.95403	1	1	3	106	0.00795714
9.95446	1	2	3	633	0.00238571
9.95474	1	3	3	2562	0.00267142
9.95503	1	4	3	633	0.00295714
9.95546	1	2	3	633	0.00238571
9.95574	1	3	3	2562	0.00267142
9.95603	1	4	3	633	0.00295714
9.95646	1	2	3	633	0.00238571
9.95674	1	3	3	1236	0.00267142
9.95696	1	4	3	472	0.00288571
9.95703	3	3	3	1024	0.00295714
9.95746	1	2	3	633	0.00238571
9.95774	1	4	3	633	0.00267142
9.95803	1	5	3	458	0.00295714
9.95846	1	2	3	633	0.00238571
9.95896	1	4	3	472	0.00288571
9.95903	1	5	3	106	0.00295714
9.9596	1	2	3	472	0.00252857
9.96003	1	4	3	472	0.00295714
9.9606	1	2	3	472	0.00252857
9.96103	1	4	3	472	0.00295714
9.96174	1	2	3	627	0.00267142
9.96203	1	4	3	633	0.00295714
9.96303	1	4	3	633	0.00295714
9.96381	1	4	3	472	0.00274285
9.96403	1	5	3	340	0.00295714
9.96403	3	3	3	340	0.00295714
9.9646	1	4	3	472	0.00252857
9.96481	1	5	3	340	0.00274285
9.96503	1	1	3	340	0.00795714
9.9656	1	4	3	472	0.00252857
9.96581	1	5	3	340	0.00274285
9.96603	3	1	3	9323	0.00895714
9.96603	1	1	3	340	0.00795714
9.96653	1	4	3	795	0.00245714
9.96674	1	5	3	340	0.00267142
9.96703	1	1	3	458	0.00795714
9.96774	1	4	3	1278	0.00267142
9.96803	1	1	3	458	0.00795714
9.96881	1	4	3	74	0.00274285
9.96903	1	1	3	340	0.00795714
9.97003	3	3	3	1744	0.00295714
9.97003	1	5	3	458	0.00295714
9.97103	1	5	3	458	0.00295714
9.97196	1	5	3	340	0.00288571
9.97303	1	5	3	575	0.00295714
9.97403	1	5	3	106	0.00295714
9.97503	1	1	3	458	0.00795714
9.97574	1	5	3	457	0.00267142
9.97603	1	1	3	458	0.00795714
9.97603	3	3	3	1044	0.00295714
9.97674	1	5	3	927	0.00267142
9.97703	1	1	3	458	0.00795714
9.9776	1	5	3	507	0.00252857
9.97803	1	1	3	692	0.00795714
9.97903	1	1	3	1278	0.00795714
9.98203	3	3	3	1744	0.00295714
9.98281	1	2	3	150	0.00274285
9.98289	1	3	3	633	0.00281428
9.98296	1	4	3	150	0.00288571
9.98503	1	1	3	460	0.00795714
9.98503	3	1	3	736	0.00295714
9.9876	1	2	3	472	0.00252857
9.98781	1	3	3	1920	0.00274285
9.98803	3	3	3	864	0.00295714
9.98803	1	4	3	472	0.00295714
9.98831	1	2	3	311	0.00224286
9.98846	1	3	3	1278	0.00238571
9.9886	1	4	3	311	0.00252857
9.98867	1	5	3	106	0.0026
9.98903	1	1	3	575	0.00795714
9.98953	1	2	3	633	0.00245714
9.98981	1	3	3	2562	0.00274285
9.99003	1	4	3	472	0.00295714
9.9906	1	2	3	472	0.00252857
9.99081	1	3	3	1920	0.00274285
9.99103	1	4	3	472	0.00295714
9.9916	1	2	3	472	0.00252857
9.99181	1	3	3	1888	0.00274285
9.99203	1	4	3	472	0.00295714
9.99239	1	2	3	472	0.00231428
9.99281	1	4	3	472	0.00274285
9.99303	1	1	3	340	0.00795714
9.99346	1	2	3	311	0.00238571
9.99381	1	4	3	472	0.00274285
9.99403	1	5	3	340	0.00295714
9.99403	3	3	3	340	0.00295714
9.99431	1	2	3	311	0.00224286
9.99474	1	4	3	472	0.00267142
9.99496	1	5	3	340	0.00288571
9.99503	1	1	3	106	0.00795714
9.99531	1	2	3	311	0.00224286
9.9956	1	4	3	311	0.00252857
9.99581	1	5	3	340	0.00274285
9.99603	3	1	3	9455	0.00795714
9.99603	1	1	3	340	0.00795714
9.99639	1	2	3	472	0.00231428
9.9966	1	4	3	472	0.00252857
9.99681	1	5	3	340	0.00274285
9.99703	1	1	3	340	0.00795714
9.99789	1	2	3	795	0.00281428
9.99796	1	5	3	106	0.00288571
9.99853	1	2	3	666	0.00245714
9.99889	1	4	3	795	0.00281428
9.99903	1	1	3	223	0.00795714
9.99981	1	4	3	472	0.00274285
