% time(s)	cellId	bwpId	IMSI	RNTI	frame	sframe	slot	symStart	numSym	harqId	ndi	rv	mcs	tbSize
0.018	1	0	0	6	2	2	0	7	1	0	1	0	0	114
0.018	1	0	0	5	2	2	0	8	1	0	1	0	0	114
0.018	1	0	0	4	2	2	0	9	1	0	1	0	0	114
0.018	1	0	0	3	2	2	0	10	1	0	1	0	0	114
0.018	1	0	0	2	2	2	0	11	1	0	1	0	0	114
0.018	1	0	0	1	2	2	0	12	1	0	1	0	0	114
0.018	3	0	0	4	2	2	0	9	1	0	1	0	0	114
0.018	3	0	0	3	2	2	0	10	1	0	1	0	0	114
0.018	3	0	0	2	2	2	0	11	1	0	1	0	0	114
0.018	3	0	0	1	2	2	0	12	1	0	1	0	0	114
1.003	1	0	0	1	100	7	0	12	1	15	1	0	0	114
1.008	1	0	0	1	101	2	0	12	1	15	0	1	0	114
1.027	1	0	0	1	103	1	0	12	1	15	1	0	0	114
1.032	1	0	0	1	103	6	0	12	1	15	0	1	0	114
1.038	1	0	0	1	104	2	0	1	12	15	1	0	0	1404
1.039	1	0	0	1	104	3	0	1	12	14	1	0	0	1404
1.04	1	0	0	1	104	4	0	1	12	13	1	0	0	1404
1.041	1	0	0	1	104	5	0	1	12	12	1	0	0	1404
1.042	1	0	0	1	104	6	0	1	12	11	1	0	0	1404
1.043	1	0	0	1	104	7	0	1	12	15	0	1	0	1404
1.044	1	0	0	1	104	8	0	1	12	14	0	1	0	1404
1.045	1	0	0	1	104	9	0	1	12	13	0	1	0	1404
1.046	1	0	0	1	105	0	0	1	12	12	0	1	0	1404
1.047	1	0	0	1	105	1	0	1	12	11	0	1	0	1404
1.048	1	0	0	1	105	2	0	1	12	15	1	0	0	1404
1.049	1	0	0	1	105	3	0	1	12	14	1	0	0	1404
1.05	1	0	0	1	105	4	0	1	12	13	1	0	0	1404
1.051	1	0	0	1	105	5	0	1	12	12	1	0	0	1404
1.052	1	0	0	1	105	6	0	1	11	11	1	0	0	1286
1.053	1	0	0	1	105	7	0	1	12	15	0	1	0	1404
1.054	1	0	0	1	105	8	0	1	12	14	0	1	0	1404
1.055	1	0	0	1	105	9	0	1	12	13	0	1	0	1404
1.056	1	0	0	1	106	0	0	1	12	12	0	1	0	1404
1.057	1	0	0	1	106	1	0	2	11	11	0	1	0	1286
1.058	1	0	0	1	106	2	0	1	12	15	1	0	0	1404
1.063	1	0	0	1	106	7	0	1	12	15	0	1	0	1404
1.07	1	0	0	1	107	4	0	12	1	15	1	0	0	114
1.075	1	0	0	1	107	9	0	12	1	15	0	1	0	114
1.081	1	0	0	1	108	5	0	1	12	15	1	0	0	1404
1.082	1	0	0	1	108	6	0	1	12	14	1	0	0	1404
1.083	1	0	0	1	108	7	0	1	12	13	1	0	0	1404
1.084	1	0	0	1	108	8	0	1	12	12	1	0	0	1404
1.085	1	0	0	1	108	9	0	1	12	11	1	0	0	1404
1.086	1	0	0	1	109	0	0	1	12	15	0	1	0	1404
1.087	1	0	0	1	109	1	0	1	11	10	1	0	0	1286
1.088	1	0	0	1	109	2	0	1	12	14	0	1	0	1404
1.089	1	0	0	1	109	3	0	1	12	12	0	1	0	1404
1.09	1	0	0	1	109	4	0	1	12	11	0	1	0	1404
1.091	1	0	0	1	109	5	0	1	12	15	1	0	0	1404
1.092	1	0	0	1	109	6	0	2	11	10	0	1	0	1286
1.093	1	0	0	1	109	7	0	1	12	14	1	0	0	1404
1.094	1	0	0	1	109	8	0	1	12	12	1	0	0	1404
1.095	1	0	0	1	109	9	0	1	12	11	1	0	0	1404
1.096	1	0	0	1	110	0	0	1	12	15	0	1	0	1404
1.097	1	0	0	1	110	1	0	1	12	10	1	0	0	1404
1.099	1	0	0	1	110	3	0	1	12	14	0	1	0	1404
1.1	1	0	0	1	110	4	0	1	12	11	0	1	0	1404
1.101	1	0	0	1	110	5	0	12	1	15	1	0	0	114
1.102	1	0	0	1	110	6	0	1	12	10	0	1	0	1404
1.103	1	0	0	1	110	7	0	11	1	13	1	0	0	114
1.103	1	0	0	2	110	7	0	12	1	15	1	0	0	114
1.106	1	0	0	1	111	0	0	12	1	15	0	1	0	114
1.117	1	0	0	2	112	1	0	12	1	15	1	0	3	216
1.123	1	0	0	2	112	7	0	1	12	15	1	0	3	2629
1.124	1	0	0	2	112	8	0	1	12	14	1	0	3	2629
1.125	1	0	0	2	112	9	0	1	12	13	1	0	3	2629
1.126	1	0	0	2	113	0	0	1	12	12	1	0	3	2629
1.127	1	0	0	2	113	1	0	12	1	11	1	0	3	216
1.129	1	0	0	2	113	3	0	1	12	15	1	0	3	2629
1.13	1	0	0	2	113	4	0	1	12	14	1	0	3	2629
1.131	1	0	0	2	113	5	0	1	12	13	1	0	3	2629
1.14	1	0	0	2	114	4	0	12	1	15	1	0	3	216
1.146	1	0	0	2	115	0	0	1	12	15	1	0	3	2629
1.147	1	0	0	2	115	1	0	1	12	14	1	0	3	2629
1.148	1	0	0	2	115	2	0	1	12	13	1	0	3	2629
1.149	1	0	0	2	115	3	0	1	12	12	1	0	3	2629
1.15	1	0	0	2	115	4	0	12	1	11	1	0	3	216
1.152	1	0	0	2	115	6	0	1	11	15	1	0	3	2409
1.153	1	0	0	2	115	7	0	1	12	14	1	0	3	2629
1.154	1	0	0	2	115	8	0	1	12	13	1	0	3	2629
1.163	1	0	0	2	116	7	0	12	1	15	1	0	3	216
1.169	1	0	0	2	117	3	0	1	12	15	1	0	3	2629
1.17	1	0	0	2	117	4	0	1	12	14	1	0	3	2629
1.171	1	0	0	2	117	5	0	1	12	13	1	0	3	2629
1.172	1	0	0	2	117	6	0	1	12	12	1	0	3	2629
1.173	1	0	0	2	117	7	0	12	1	11	1	0	3	216
1.175	1	0	0	2	117	9	0	1	12	15	1	0	3	2629
1.176	1	0	0	2	118	0	0	1	12	14	1	0	3	2629
1.177	1	0	0	2	118	1	0	1	12	13	1	0	3	2629
1.186	1	0	0	2	119	0	0	12	1	15	1	0	3	216
1.192	1	0	0	2	119	6	0	1	12	15	1	0	3	2629
1.193	1	0	0	2	119	7	0	1	11	14	1	0	3	2409
1.194	1	0	0	2	119	8	0	1	12	13	1	0	3	2629
1.195	1	0	0	2	119	9	0	1	12	12	1	0	3	2629
1.196	1	0	0	2	120	0	0	10	2	11	1	0	3	436
1.198	1	0	0	2	120	2	0	1	12	15	1	0	3	2629
1.199	1	0	0	2	120	3	0	1	12	14	1	0	3	2629
1.2	1	0	0	2	120	4	0	1	12	13	1	0	3	2629
1.203	1	0	0	3	120	7	0	12	1	15	1	0	0	114
1.209	1	0	0	1	121	3	0	11	1	15	1	0	0	114
1.209	1	0	0	2	121	3	0	12	1	15	1	0	3	216
1.214	1	0	0	1	121	8	0	12	1	15	0	1	0	114
1.215	1	0	0	2	121	9	0	1	12	15	1	0	3	2629
1.216	1	0	0	2	122	0	0	1	12	14	1	0	3	2629
1.217	1	0	0	2	122	1	0	1	11	13	1	0	3	2409
1.217	1	0	0	3	122	1	0	12	1	15	1	0	6	436
1.218	1	0	0	2	122	2	0	1	12	12	1	0	3	2629
1.219	1	0	0	2	122	3	0	11	2	11	1	0	3	436
1.22	1	0	0	1	122	4	0	1	12	15	1	0	0	1404
1.221	1	0	0	1	122	5	0	1	6	14	1	0	0	700
1.221	1	0	0	2	122	5	0	7	6	15	1	0	3	1316
1.222	1	0	0	1	122	6	0	1	6	13	1	0	0	700
1.222	1	0	0	2	122	6	0	7	6	14	1	0	3	1316
1.223	1	0	0	1	122	7	0	1	4	12	1	0	0	466
1.223	1	0	0	2	122	7	0	5	4	13	1	0	3	876
1.223	1	0	0	3	122	7	0	9	4	15	1	0	6	1752
1.224	1	0	0	1	122	8	0	1	6	11	1	0	0	700
1.224	1	0	0	3	122	8	0	7	6	14	1	0	6	2629
1.225	1	0	0	1	122	9	0	1	12	15	0	1	0	1404
1.226	1	0	0	3	123	0	0	1	6	13	1	0	6	2629
1.226	1	0	0	1	123	0	0	7	6	14	0	1	0	700
1.227	1	0	0	3	123	1	0	1	6	12	1	0	6	2629
1.227	1	0	0	1	123	1	0	7	6	13	0	1	0	700
1.228	1	0	0	1	123	2	0	1	9	12	1	0	0	1052
1.228	1	0	0	3	123	2	0	10	3	15	1	0	6	1316
1.229	1	0	0	3	123	3	0	1	6	14	1	0	6	2629
1.229	1	0	0	1	123	3	0	7	6	11	0	1	0	700
1.23	1	0	0	1	123	4	0	1	6	15	1	0	0	700
1.23	1	0	0	3	123	4	0	7	6	11	1	0	6	2629
1.231	1	0	0	1	123	5	0	1	6	14	1	0	0	700
1.231	1	0	0	3	123	5	0	7	6	13	1	0	6	2629
1.232	1	0	0	1	123	6	0	1	10	13	1	0	0	1169
1.232	1	0	0	3	123	6	0	11	1	12	1	0	6	436
1.233	1	0	0	1	123	7	0	4	9	12	0	1	0	1052
1.234	1	0	0	1	123	8	0	1	12	11	1	0	0	1404
1.235	1	0	0	1	123	9	0	7	6	15	0	1	0	700
1.236	1	0	0	1	124	0	0	7	6	14	0	1	0	700
1.237	1	0	0	1	124	1	0	3	10	13	0	1	0	1169
1.238	1	0	0	1	124	2	0	4	9	12	1	0	0	1052
1.239	1	0	0	1	124	3	0	1	12	11	0	1	0	1404
1.241	1	0	0	3	124	5	0	12	1	15	1	0	6	436
1.243	1	0	0	1	124	7	0	4	9	12	0	1	0	1052
1.246	1	0	0	1	125	0	0	12	1	15	1	0	0	114
1.247	1	0	0	3	125	1	0	1	11	15	1	0	6	4818
1.248	1	0	0	3	125	2	0	1	12	14	1	0	6	5258
1.249	1	0	0	1	125	3	0	1	10	14	1	0	0	1169
1.249	1	0	0	3	125	3	0	11	2	13	1	0	6	876
1.25	1	0	0	1	125	4	0	1	12	13	1	0	0	1404
1.251	1	0	0	1	125	5	0	12	1	15	0	1	0	114
1.252	1	0	0	1	125	6	0	1	6	12	1	0	0	700
1.252	1	0	0	3	125	6	0	7	6	15	1	0	6	2629
1.253	1	0	0	1	125	7	0	1	6	11	1	0	0	700
1.253	1	0	0	3	125	7	0	7	6	14	1	0	6	2629
1.254	1	0	0	1	125	8	0	3	10	14	0	1	0	1169
1.255	1	0	0	1	125	9	0	1	12	13	0	1	0	1404
1.257	1	0	0	1	126	1	0	7	6	12	0	1	0	700
1.258	1	0	0	1	126	2	0	6	6	11	0	1	0	700
1.259	1	0	0	1	126	3	0	1	12	15	1	0	0	1404
1.26	1	0	0	1	126	4	0	1	12	14	1	0	0	1404
1.261	1	0	0	1	126	5	0	1	12	13	1	0	0	1404
1.262	1	0	0	1	126	6	0	6	6	12	1	0	0	700
1.262	1	0	0	3	126	6	0	12	1	15	1	0	6	436
1.263	1	0	0	1	126	7	0	1	12	11	1	0	0	1404
1.264	1	0	0	1	126	8	0	1	12	15	0	1	0	1404
1.265	1	0	0	1	126	9	0	1	12	14	0	1	0	1404
1.266	1	0	0	1	127	0	0	1	12	13	0	1	0	1404
1.267	1	0	0	1	127	1	0	7	6	12	0	1	0	700
1.268	1	0	0	1	127	2	0	1	12	11	0	1	0	1404
1.269	1	0	0	1	127	3	0	1	6	15	1	0	0	700
1.269	1	0	0	3	127	3	0	7	6	15	1	0	6	2629
1.27	1	0	0	3	127	4	0	1	12	14	1	0	6	5258
1.271	1	0	0	3	127	5	0	6	7	13	1	0	6	3066
1.274	1	0	0	1	127	8	0	7	6	15	0	1	0	700
1.275	1	0	0	1	127	9	0	1	1	14	1	0	0	114
1.275	1	0	0	3	127	9	0	2	11	15	1	0	6	4818
1.276	1	0	0	3	128	0	0	7	5	14	1	0	6	2192
1.28	1	0	0	1	128	4	0	12	1	14	0	1	0	114
1.281	1	0	0	1	128	5	0	1	12	15	1	0	0	1404
1.282	1	0	0	1	128	6	0	7	6	13	1	0	0	700
1.284	1	0	0	3	128	8	0	12	1	15	1	0	6	436
1.285	1	0	0	1	128	9	0	12	1	14	0	2	0	114
1.286	1	0	0	1	129	0	0	1	12	15	0	1	0	1404
1.287	1	0	0	1	129	1	0	7	6	13	0	1	0	700
1.29	1	0	0	3	129	4	0	1	12	15	1	0	6	5258
1.291	1	0	0	1	129	5	0	1	6	15	1	0	0	700
1.291	1	0	0	3	129	5	0	7	6	14	1	0	6	2629
1.292	1	0	0	1	129	6	0	1	11	14	1	0	0	1286
1.293	1	0	0	1	129	7	0	1	6	13	1	0	0	700
1.293	1	0	0	3	129	7	0	7	6	13	1	0	6	2629
1.294	1	0	0	1	129	8	0	1	11	12	1	0	0	1286
1.294	1	0	0	3	129	8	0	12	1	12	1	0	6	436
1.295	1	0	0	1	129	9	0	1	12	11	1	0	0	1404
1.296	1	0	0	3	130	0	0	1	6	15	1	0	6	2629
1.296	1	0	0	1	130	0	0	7	6	15	0	1	0	700
1.297	1	0	0	3	130	1	0	1	1	14	1	0	6	436
1.297	1	0	0	1	130	1	0	2	11	14	0	1	0	1286
1.298	1	0	0	3	130	2	0	3	4	13	1	0	6	1752
1.298	1	0	0	1	130	2	0	7	6	13	0	1	0	700
1.299	1	0	0	1	130	3	0	2	11	12	0	1	0	1286
1.3	1	0	0	1	130	4	0	1	12	11	0	1	0	1404
1.301	1	0	0	1	130	5	0	1	12	15	1	0	0	1404
1.302	1	0	0	1	130	6	0	1	12	14	1	0	0	1404
1.303	1	0	0	1	130	7	0	1	11	13	1	0	0	1286
1.303	1	0	0	4	130	7	0	12	1	15	1	0	0	114
1.304	1	0	0	1	130	8	0	1	12	12	1	0	0	1404
1.305	1	0	0	1	130	9	0	1	12	11	1	0	0	1404
1.306	1	0	0	1	131	0	0	1	12	15	0	1	0	1404
1.307	1	0	0	1	131	1	0	1	12	14	0	1	0	1404
1.308	1	0	0	3	131	2	0	1	1	15	1	0	6	436
1.308	1	0	0	1	131	2	0	2	11	13	0	1	0	1286
1.309	1	0	0	1	131	3	0	1	12	12	0	1	0	1404
1.31	1	0	0	1	131	4	0	1	12	11	0	1	0	1404
1.311	1	0	0	1	131	5	0	1	12	15	1	0	0	1404
1.313	1	0	0	3	131	7	0	1	12	15	1	0	6	5258
1.314	1	0	0	3	131	8	0	1	12	14	1	0	6	5258
1.315	1	0	0	3	131	9	0	12	1	13	1	0	6	436
1.316	1	0	0	1	132	0	0	1	12	15	0	1	0	1404
1.319	1	0	0	3	132	3	0	1	12	14	0	1	6	5258
1.32	1	0	0	1	132	4	0	1	1	14	1	0	0	114
1.32	1	0	0	3	132	4	0	2	10	15	1	0	5	3505
1.32	1	0	0	4	132	4	0	12	1	15	1	0	0	114
1.322	1	0	0	1	132	6	0	1	12	15	1	0	0	1404
1.323	1	0	0	1	132	7	0	7	6	13	1	0	0	700
1.325	1	0	0	1	132	9	0	12	1	14	0	1	0	114
1.326	1	0	0	4	133	0	0	1	12	15	1	0	0	1404
1.327	1	0	0	4	133	1	0	1	11	14	1	0	0	1286
1.328	1	0	0	1	133	2	0	1	12	15	0	1	0	1404
1.329	1	0	0	1	133	3	0	1	1	12	1	0	0	114
1.329	1	0	0	4	133	3	0	2	11	13	1	0	0	1286
1.33	1	0	0	4	133	4	0	1	12	12	1	0	0	1404
1.331	1	0	0	1	133	5	0	1	6	14	1	0	0	700
1.331	1	0	0	4	133	5	0	7	6	15	1	0	0	700
1.332	1	0	0	1	133	6	0	1	6	11	1	0	0	700
1.332	1	0	0	4	133	6	0	7	6	14	1	0	0	700
1.333	1	0	0	1	133	7	0	1	6	15	1	0	0	700
1.333	1	0	0	4	133	7	0	7	6	11	1	0	0	700
1.334	1	0	0	4	133	8	0	1	11	13	1	0	0	1286
1.334	1	0	0	1	133	8	0	12	1	12	0	1	0	114
1.335	1	0	0	1	133	9	0	1	6	10	1	0	0	700
1.335	1	0	0	4	133	9	0	7	6	12	1	0	0	700
1.336	1	0	0	4	134	0	0	1	6	15	1	0	0	700
1.336	1	0	0	1	134	0	0	7	6	14	0	1	0	700
1.337	1	0	0	4	134	1	0	1	6	14	1	0	0	700
1.337	1	0	0	1	134	1	0	7	6	11	0	1	0	700
1.338	1	0	0	4	134	2	0	1	5	11	1	0	0	583
1.338	1	0	0	1	134	2	0	6	6	15	0	1	0	700
1.339	1	0	0	1	134	3	0	1	6	12	1	0	0	700
1.339	1	0	0	4	134	3	0	7	6	13	1	0	0	700
1.34	1	0	0	4	134	4	0	1	6	12	1	0	0	700
1.34	1	0	0	1	134	4	0	7	6	10	0	1	0	700
1.341	1	0	0	1	134	5	0	1	11	14	1	0	0	1286
1.341	1	0	0	4	134	5	0	12	1	15	1	0	0	114
1.342	1	0	0	1	134	6	0	1	12	13	1	0	0	1404
1.343	1	0	0	1	134	7	0	1	12	15	1	0	0	1404
1.344	1	0	0	1	134	8	0	7	6	12	0	1	0	700
1.345	1	0	0	1	134	9	0	1	12	11	1	0	0	1404
1.346	1	0	0	1	135	0	0	2	11	14	0	1	0	1286
1.347	1	0	0	1	135	1	0	1	12	13	1	0	0	1404
1.348	1	0	0	1	135	2	0	1	12	15	0	1	0	1404
1.349	1	0	0	1	135	3	0	1	12	12	1	0	0	1404
1.35	1	0	0	1	135	4	0	1	12	11	0	1	0	1404
1.351	1	0	0	1	135	5	0	1	12	14	1	0	0	1404
1.352	1	0	0	1	135	6	0	1	12	13	0	1	0	1404
1.353	1	0	0	1	135	7	0	1	11	15	1	0	0	1286
1.354	1	0	0	1	135	8	0	1	12	12	0	1	0	1404
1.355	1	0	0	4	135	9	0	12	1	15	1	0	0	114
1.357	1	0	0	1	136	1	0	1	12	14	0	1	0	1404
1.358	1	0	0	1	136	2	0	2	11	15	0	1	0	1286
1.361	1	0	0	4	136	5	0	1	12	15	1	0	0	1404
1.362	1	0	0	4	136	6	0	1	12	14	1	0	0	1404
1.363	1	0	0	1	136	7	0	1	1	15	1	0	0	114
1.363	1	0	0	4	136	7	0	2	11	13	1	0	0	1286
1.364	1	0	0	1	136	8	0	1	6	14	1	0	0	700
1.364	1	0	0	4	136	8	0	7	6	12	1	0	0	700
1.365	1	0	0	1	136	9	0	1	6	13	1	0	0	700
1.365	1	0	0	4	136	9	0	7	6	11	1	0	0	700
1.366	1	0	0	1	137	0	0	1	6	12	1	0	0	700
1.366	1	0	0	4	137	0	0	7	6	15	1	0	0	700
1.367	1	0	0	1	137	1	0	1	6	11	1	0	0	700
1.367	1	0	0	4	137	1	0	7	6	14	1	0	0	700
1.368	1	0	0	4	137	2	0	1	11	13	1	0	0	1286
1.368	1	0	0	1	137	2	0	12	1	15	0	1	0	114
1.369	1	0	0	4	137	3	0	1	6	12	1	0	0	700
1.369	1	0	0	1	137	3	0	7	6	14	0	1	0	700
1.37	1	0	0	4	137	4	0	1	6	11	1	0	0	700
1.37	1	0	0	1	137	4	0	7	6	13	0	1	0	700
1.371	1	0	0	4	137	5	0	1	6	15	1	0	0	700
1.371	1	0	0	1	137	5	0	7	6	12	0	1	0	700
1.372	1	0	0	4	137	6	0	1	5	14	1	0	0	583
1.372	1	0	0	1	137	6	0	6	6	11	0	1	0	700
1.373	1	0	0	1	137	7	0	1	6	15	1	0	0	700
1.373	1	0	0	4	137	7	0	7	6	13	1	0	0	700
1.374	1	0	0	1	137	8	0	1	1	14	1	0	0	114
1.374	1	0	0	4	137	8	0	2	11	12	1	0	0	1286
1.375	1	0	0	1	137	9	0	5	1	13	1	0	0	114
1.375	1	0	0	4	137	9	0	6	7	11	1	0	0	817
1.376	1	0	0	1	138	0	0	12	1	12	1	0	0	114
1.377	1	0	0	1	138	1	0	12	1	11	1	0	0	114
1.378	1	0	0	1	138	2	0	7	6	15	0	1	0	700
1.379	1	0	0	1	138	3	0	12	1	14	0	1	0	114
1.38	1	0	0	1	138	4	0	12	1	13	0	1	0	114
1.381	1	0	0	1	138	5	0	12	1	12	0	1	0	114
1.382	1	0	0	1	138	6	0	12	1	11	0	1	0	114
1.383	1	0	0	1	138	7	0	12	1	15	1	0	0	114
1.384	1	0	0	1	138	8	0	1	11	14	1	0	0	1286
1.384	1	0	0	4	138	8	0	12	1	15	1	0	0	114
1.385	1	0	0	1	138	9	0	12	1	13	0	2	0	114
1.386	1	0	0	1	139	0	0	1	12	12	1	0	0	1404
1.387	1	0	0	1	139	1	0	1	12	11	1	0	0	1404
1.388	1	0	0	1	139	2	0	12	1	15	0	1	0	114
1.389	1	0	0	1	139	3	0	2	11	14	0	1	0	1286
1.39	1	0	0	1	139	4	0	1	6	13	1	0	0	700
1.39	1	0	0	4	139	4	0	7	6	15	1	0	0	700
1.391	1	0	0	1	139	5	0	1	12	12	0	1	0	1404
1.392	1	0	0	1	139	6	0	1	6	10	1	0	0	700
1.392	1	0	0	4	139	6	0	7	5	14	1	0	0	583
1.393	1	0	0	1	139	7	0	1	12	11	0	1	0	1404
1.394	1	0	0	1	139	8	0	1	6	14	1	0	0	700
1.394	1	0	0	4	139	8	0	7	6	13	1	0	0	700
1.395	1	0	0	4	139	9	0	1	6	15	1	0	0	700
1.395	1	0	0	1	139	9	0	7	6	13	0	1	0	700
1.396	1	0	0	1	140	0	0	1	6	12	1	0	0	700
1.396	1	0	0	4	140	0	0	7	6	12	1	0	0	700
1.397	1	0	0	4	140	1	0	1	6	14	1	0	0	700
1.397	1	0	0	1	140	1	0	7	6	10	0	1	0	700
1.398	1	0	0	1	140	2	0	1	6	11	1	0	0	700
1.398	1	0	0	4	140	2	0	7	6	11	1	0	0	700
1.399	1	0	0	4	140	3	0	1	6	13	1	0	0	700
1.399	1	0	0	1	140	3	0	7	6	14	0	1	0	700
1.4	1	0	0	1	140	4	0	1	6	13	1	0	0	700
1.4	1	0	0	4	140	4	0	7	6	15	1	0	0	700
1.401	1	0	0	4	140	5	0	1	6	12	1	0	0	700
1.401	1	0	0	1	140	5	0	7	6	12	0	1	0	700
1.402	1	0	0	1	140	6	0	1	6	10	1	0	0	700
1.402	1	0	0	4	140	6	0	7	6	14	1	0	0	700
1.403	1	0	0	4	140	7	0	1	6	11	1	0	0	700
1.403	1	0	0	1	140	7	0	7	6	11	0	1	0	700
1.403	3	0	0	1	140	7	0	12	1	15	1	0	0	114
1.404	1	0	0	1	140	8	0	1	6	14	1	0	0	700
1.404	1	0	0	4	140	8	0	7	6	13	1	0	0	700
1.405	1	0	0	4	140	9	0	1	6	15	1	0	0	700
1.405	1	0	0	1	140	9	0	7	6	13	0	1	0	700
1.406	1	0	0	1	141	0	0	1	6	15	1	0	0	700
1.406	1	0	0	4	141	0	0	7	6	12	1	0	0	700
1.407	1	0	0	4	141	1	0	1	5	14	1	0	0	583
1.407	1	0	0	1	141	1	0	6	6	10	0	1	0	700
1.408	1	0	0	1	141	2	0	1	6	12	1	0	0	700
1.408	1	0	0	4	141	2	0	7	6	11	1	0	0	700
1.409	1	0	0	4	141	3	0	1	6	13	1	0	0	700
1.409	1	0	0	1	141	3	0	7	6	14	0	1	0	700
1.41	1	0	0	1	141	4	0	1	7	13	1	0	0	817
1.41	1	0	0	4	141	4	0	8	5	15	1	0	0	583
1.413	1	0	0	1	141	7	0	7	6	12	0	1	0	700
1.414	1	0	0	1	141	8	0	7	6	14	0	2	0	700
1.415	1	0	0	1	141	9	0	6	7	13	0	1	0	817
1.417	3	0	0	1	142	1	0	12	1	15	1	0	9	744
1.419	1	0	0	1	142	3	0	11	1	15	1	0	0	114
1.419	1	0	0	4	142	3	0	12	1	15	1	0	0	114
1.42	1	0	0	1	142	4	0	6	7	13	0	2	0	817
1.421	1	0	0	1	142	5	0	1	12	14	1	0	0	1404
1.422	1	0	0	1	142	6	0	7	6	12	1	0	0	700
1.423	3	0	0	1	142	7	0	1	12	15	1	0	8	7709
1.424	1	0	0	1	142	8	0	12	1	15	0	1	0	114
1.424	3	0	0	1	142	8	0	8	5	14	1	0	8	3212
1.425	1	0	0	4	142	9	0	1	12	15	1	0	0	1404
1.426	1	0	0	1	143	0	0	1	12	14	0	1	0	1404
1.427	1	0	0	4	143	1	0	1	6	14	1	0	0	700
1.427	1	0	0	1	143	1	0	7	6	12	0	1	0	700
1.428	1	0	0	1	143	2	0	1	6	13	1	0	0	700
1.428	1	0	0	4	143	2	0	7	6	13	1	0	0	700
1.429	1	0	0	4	143	3	0	1	11	12	1	0	0	1286
1.429	1	0	0	1	143	3	0	12	1	15	0	2	0	114
1.429	3	0	0	1	143	3	0	9	4	15	1	0	8	2570
1.43	1	0	0	1	143	4	0	1	6	11	1	0	0	700
1.43	1	0	0	4	143	4	0	7	6	15	1	0	0	700
1.431	1	0	0	1	143	5	0	1	1	14	1	0	0	114
1.431	1	0	0	4	143	5	0	2	11	11	1	0	0	1286
1.432	1	0	0	4	143	6	0	1	12	14	1	0	0	1404
1.433	1	0	0	1	143	7	0	6	6	13	0	1	0	700
1.434	1	0	0	4	143	8	0	1	12	13	1	0	0	1404
1.434	3	0	0	1	143	8	0	9	4	15	0	1	8	2570
1.435	1	0	0	4	143	9	0	1	6	15	1	0	0	700
1.435	1	0	0	1	143	9	0	7	6	11	0	1	0	700
1.436	1	0	0	4	144	0	0	1	10	12	1	0	0	1169
1.436	1	0	0	1	144	0	0	11	1	14	0	1	0	114
1.437	1	0	0	4	144	1	0	1	12	14	1	0	0	1404
1.437	3	0	0	1	144	1	0	12	1	14	1	0	7	539
1.438	1	0	0	4	144	2	0	1	12	11	1	0	0	1404
1.439	1	0	0	4	144	3	0	1	12	13	1	0	0	1404
1.44	1	0	0	4	144	4	0	6	7	15	1	0	0	817
1.44	3	0	0	1	144	4	0	1	12	15	1	0	8	7709
1.441	1	0	0	4	144	5	0	4	9	12	1	0	0	1052
1.441	3	0	0	1	144	5	0	8	5	13	1	0	8	3212
1.443	3	0	0	1	144	7	0	1	12	14	1	0	8	7709
1.444	3	0	0	1	144	8	0	8	5	12	1	0	8	3212
1.445	3	0	0	1	144	9	0	1	12	15	0	1	8	7709
1.448	1	0	0	4	145	2	0	12	1	15	1	0	0	114
1.454	1	0	0	4	145	8	0	1	12	15	1	0	0	1404
1.455	1	0	0	4	145	9	0	1	12	14	1	0	0	1404
1.456	1	0	0	4	146	0	0	1	12	13	1	0	0	1404
1.457	1	0	0	4	146	1	0	1	12	12	1	0	0	1404
1.458	1	0	0	4	146	2	0	1	12	11	1	0	0	1404
1.459	1	0	0	4	146	3	0	1	12	15	1	0	0	1404
1.459	3	0	0	1	146	3	0	12	1	15	1	0	9	744
1.46	1	0	0	4	146	4	0	1	12	14	1	0	0	1404
1.461	1	0	0	4	146	5	0	1	12	13	1	0	0	1404
1.462	1	0	0	4	146	6	0	1	12	12	1	0	0	1404
1.463	1	0	0	4	146	7	0	1	12	11	1	0	0	1404
1.464	1	0	0	4	146	8	0	1	12	15	1	0	0	1404
1.464	3	0	0	1	146	8	0	12	1	15	0	1	9	744
1.465	1	0	0	4	146	9	0	1	12	14	1	0	0	1404
1.466	1	0	0	4	147	0	0	9	4	13	1	0	0	466
1.47	3	0	0	1	147	4	0	1	12	15	1	0	8	7709
1.471	3	0	0	1	147	5	0	8	5	14	1	0	8	3212
1.476	3	0	0	1	148	0	0	9	4	15	1	0	8	2570
1.485	3	0	0	1	148	9	0	12	1	15	1	0	8	641
1.491	3	0	0	1	149	5	0	1	12	15	1	0	8	7709
1.492	3	0	0	1	149	6	0	8	5	14	1	0	8	3212
1.497	3	0	0	1	150	1	0	9	4	15	1	0	8	2570
1.503	3	0	0	2	150	7	0	12	1	15	1	0	0	114
1.508	1	0	0	1	151	2	0	12	1	15	1	0	0	114
1.51	3	0	0	1	151	4	0	12	1	15	1	0	8	641
1.513	1	0	0	1	151	7	0	11	1	15	0	1	0	114
1.516	3	0	0	1	152	0	0	1	12	15	1	0	8	7709
1.517	3	0	0	1	152	1	0	7	5	14	1	0	8	3212
1.517	3	0	0	2	152	1	0	12	1	15	1	0	28	4030
1.518	1	0	0	1	152	2	0	12	1	15	0	2	0	114
1.523	3	0	0	2	152	7	0	11	2	15	1	0	28	8060
1.524	1	0	0	1	152	8	0	1	12	15	1	0	0	1404
1.525	1	0	0	1	152	9	0	1	12	14	1	0	0	1404
1.526	1	0	0	1	153	0	0	1	12	13	1	0	0	1404
1.527	1	0	0	1	153	1	0	1	12	12	1	0	0	1404
1.528	1	0	0	1	153	2	0	1	12	11	1	0	0	1404
1.529	1	0	0	1	153	3	0	1	12	15	0	1	0	1404
1.53	1	0	0	1	153	4	0	1	12	14	0	1	0	1404
1.531	1	0	0	1	153	5	0	1	12	13	0	1	0	1404
1.531	3	0	0	2	153	5	0	12	1	15	1	0	28	4030
1.532	1	0	0	1	153	6	0	1	11	10	1	0	0	1286
1.533	1	0	0	1	153	7	0	1	12	12	0	1	0	1404
1.534	1	0	0	1	153	8	0	1	12	15	0	2	0	1404
1.535	1	0	0	1	153	9	0	1	12	14	0	2	0	1404
1.536	1	0	0	1	154	0	0	1	12	13	0	2	0	1404
1.537	1	0	0	1	154	1	0	2	11	10	0	1	0	1286
1.537	3	0	0	2	154	1	0	12	1	15	1	0	28	4030
1.538	1	0	0	1	154	2	0	1	12	12	0	2	0	1404
1.539	1	0	0	1	154	3	0	1	12	15	1	0	0	1404
1.54	1	0	0	1	154	4	0	1	12	14	1	0	0	1404
1.541	1	0	0	1	154	5	0	1	12	13	1	0	0	1404
1.542	1	0	0	1	154	6	0	2	11	10	0	2	0	1286
1.543	1	0	0	1	154	7	0	1	12	12	1	0	0	1404
1.543	3	0	0	2	154	7	0	11	2	15	1	0	28	8060
1.544	1	0	0	1	154	8	0	1	12	15	0	1	0	1404
1.545	1	0	0	1	154	9	0	1	12	14	0	1	0	1404
1.546	1	0	0	1	155	0	0	1	12	13	0	1	0	1404
1.547	1	0	0	1	155	1	0	1	12	11	1	0	0	1404
1.548	1	0	0	1	155	2	0	1	12	12	0	1	0	1404
1.549	1	0	0	1	155	3	0	1	12	15	0	2	0	1404
1.549	3	0	0	2	155	3	0	12	1	15	1	0	28	4030
1.55	1	0	0	1	155	4	0	1	12	14	0	2	0	1404
1.551	1	0	0	1	155	5	0	1	12	13	0	2	0	1404
1.553	1	0	0	1	155	7	0	1	12	11	0	1	0	1404
1.555	3	0	0	2	155	9	0	12	1	15	1	0	28	4030
1.56	1	0	0	1	156	4	0	12	1	15	1	0	0	114
1.561	3	0	0	2	156	5	0	11	2	15	1	0	28	8060
1.565	1	0	0	1	156	9	0	12	1	15	0	1	0	114
1.567	3	0	0	2	157	1	0	12	1	15	1	0	28	4030
1.571	1	0	0	1	157	5	0	1	12	15	1	0	0	1404
1.572	1	0	0	1	157	6	0	1	12	14	1	0	0	1404
1.573	1	0	0	1	157	7	0	1	12	13	1	0	0	1404
1.574	1	0	0	1	157	8	0	2	11	12	1	0	0	1286
1.575	3	0	0	2	157	9	0	12	1	15	1	0	28	4030
1.576	1	0	0	1	158	0	0	1	12	15	0	1	0	1404
1.577	1	0	0	1	158	1	0	1	12	14	0	1	0	1404
1.579	1	0	0	1	158	3	0	1	12	13	0	1	0	1404
1.581	1	0	0	1	158	5	0	1	12	15	0	2	0	1404
1.581	3	0	0	2	158	5	0	12	1	15	1	0	28	4030
1.582	1	0	0	1	158	6	0	1	12	14	0	2	0	1404
1.584	1	0	0	1	158	8	0	1	12	13	0	2	0	1404
1.587	3	0	0	2	159	1	0	11	2	15	1	0	28	8060
1.595	3	0	0	2	159	9	0	12	1	15	1	0	28	4030
1.601	3	0	0	2	160	5	0	12	1	15	1	0	28	4030
1.607	3	0	0	2	161	1	0	12	1	15	1	0	28	4030
1.611	3	0	0	3	161	5	0	12	1	15	1	0	0	114
1.613	3	0	0	2	161	7	0	12	1	15	1	0	28	4030
1.617	3	0	0	3	162	1	0	11	2	15	1	0	12	2163
1.619	3	0	0	2	162	3	0	12	1	15	1	0	28	4030
1.623	3	0	0	3	162	7	0	12	1	15	1	0	12	1081
1.625	3	0	0	2	162	9	0	12	1	15	1	0	28	4030
1.629	3	0	0	3	163	3	0	12	1	15	1	0	12	1081
1.631	3	0	0	2	163	5	0	12	1	15	1	0	28	4030
1.635	3	0	0	3	163	9	0	11	2	15	1	0	12	2163
1.637	3	0	0	2	164	1	0	12	1	15	1	0	28	4030
1.641	3	0	0	3	164	5	0	12	1	15	1	0	12	1081
1.643	3	0	0	2	164	7	0	12	1	15	1	0	28	4030
1.647	3	0	0	3	165	1	0	12	1	15	1	0	12	1081
1.649	3	0	0	2	165	3	0	12	1	15	1	0	28	4030
1.653	3	0	0	3	165	7	0	12	1	15	1	0	12	1081
1.655	3	0	0	2	165	9	0	12	1	15	1	0	28	4030
1.659	3	0	0	3	166	3	0	11	2	15	1	0	12	2163
1.661	1	0	0	1	166	5	0	12	1	15	1	0	0	114
1.661	3	0	0	2	166	5	0	12	1	15	1	0	28	4030
1.665	3	0	0	3	166	9	0	12	1	15	1	0	12	1081
1.666	1	0	0	1	167	0	0	12	1	15	0	1	0	114
1.667	3	0	0	2	167	1	0	12	1	15	1	0	28	4030
1.671	1	0	0	1	167	5	0	12	1	15	0	2	0	114
1.671	3	0	0	3	167	5	0	12	1	15	1	0	12	1081
1.673	3	0	0	2	167	7	0	12	1	15	1	0	28	4030
1.677	1	0	0	1	168	1	0	1	12	15	1	0	0	1404
1.677	3	0	0	3	168	1	0	12	1	15	1	0	12	1081
1.678	1	0	0	1	168	2	0	1	12	14	1	0	0	1404
1.679	1	0	0	1	168	3	0	1	12	13	1	0	0	1404
1.679	3	0	0	2	168	3	0	11	1	15	1	0	28	4030
1.68	1	0	0	1	168	4	0	1	12	12	1	0	0	1404
1.681	1	0	0	1	168	5	0	1	12	11	1	0	0	1404
1.682	1	0	0	1	168	6	0	1	12	15	0	1	0	1404
1.683	1	0	0	1	168	7	0	1	12	14	0	1	0	1404
1.683	3	0	0	3	168	7	0	12	1	15	1	0	12	1081
1.684	1	0	0	1	168	8	0	1	12	13	0	1	0	1404
1.684	3	0	0	2	168	8	0	12	1	15	1	0	28	4030
1.685	1	0	0	1	168	9	0	1	12	12	0	1	0	1404
1.686	1	0	0	1	169	0	0	1	12	11	0	1	0	1404
1.687	1	0	0	1	169	1	0	1	12	15	0	2	0	1404
1.688	1	0	0	1	169	2	0	1	12	14	0	2	0	1404
1.689	1	0	0	1	169	3	0	1	12	13	0	2	0	1404
1.689	3	0	0	3	169	3	0	11	2	15	1	0	12	2163
1.69	1	0	0	1	169	4	0	1	12	12	0	2	0	1404
1.69	3	0	0	2	169	4	0	11	2	15	1	0	28	8060
1.691	1	0	0	1	169	5	0	1	12	11	0	2	0	1404
1.692	1	0	0	1	169	6	0	7	5	15	1	0	0	583
1.693	1	0	0	1	169	7	0	10	3	14	1	0	0	348
1.694	1	0	0	1	169	8	0	10	3	13	1	0	0	348
1.695	1	0	0	1	169	9	0	10	3	12	1	0	0	348
1.695	3	0	0	3	169	9	0	12	1	15	1	0	12	1081
1.696	1	0	0	1	170	0	0	10	3	11	1	0	0	348
1.697	1	0	0	1	170	1	0	8	5	15	0	1	0	583
1.698	1	0	0	1	170	2	0	10	3	14	0	1	0	348
1.698	3	0	0	2	170	2	0	12	1	15	1	0	28	4030
1.699	1	0	0	1	170	3	0	10	3	13	0	1	0	348
1.7	1	0	0	1	170	4	0	10	3	12	0	1	0	348
1.701	1	0	0	1	170	5	0	10	3	11	0	1	0	348
1.701	3	0	0	3	170	5	0	12	1	15	1	0	12	1081
1.702	1	0	0	1	170	6	0	8	5	15	0	2	0	583
1.703	1	0	0	1	170	7	0	10	3	14	0	2	0	348
1.704	1	0	0	1	170	8	0	10	3	13	0	2	0	348
1.704	3	0	0	2	170	8	0	12	1	15	1	0	28	4030
1.705	1	0	0	1	170	9	0	10	3	12	0	2	0	348
1.706	1	0	0	1	171	0	0	12	1	11	1	0	0	114
1.707	1	0	0	1	171	1	0	1	12	15	1	0	0	1404
1.708	1	0	0	1	171	2	0	1	12	14	1	0	0	1404
1.708	3	0	0	3	171	2	0	12	1	15	1	0	12	1081
1.709	1	0	0	1	171	3	0	1	12	13	1	0	0	1404
1.71	1	0	0	1	171	4	0	1	12	12	1	0	0	1404
1.71	3	0	0	2	171	4	0	11	2	15	1	0	28	8060
1.711	1	0	0	5	171	5	0	11	1	15	1	0	0	114
1.711	1	0	0	1	171	5	0	12	1	11	0	1	0	114
1.712	1	0	0	1	171	6	0	1	11	10	1	0	0	1286
1.713	1	0	0	1	171	7	0	1	12	15	0	1	0	1404
1.714	1	0	0	1	171	8	0	1	12	13	0	1	0	1404
1.714	3	0	0	3	171	8	0	12	1	15	1	0	12	1081
1.715	1	0	0	1	171	9	0	1	12	12	0	1	0	1404
1.716	1	0	0	1	172	0	0	11	1	11	0	2	0	114
1.716	1	0	0	5	172	0	0	12	1	15	0	1	0	114
1.717	1	0	0	1	172	1	0	2	11	10	0	1	0	1286
1.718	1	0	0	1	172	2	0	1	12	15	0	2	0	1404
1.718	3	0	0	2	172	2	0	12	1	15	1	0	28	4030
1.719	1	0	0	1	172	3	0	1	12	13	0	2	0	1404
1.72	1	0	0	1	172	4	0	1	12	12	1	0	0	1404
1.721	3	0	0	3	172	5	0	12	1	15	1	0	12	1081
1.722	1	0	0	5	172	6	0	1	1	15	1	0	0	114
1.722	1	0	0	1	172	6	0	2	11	10	0	2	0	1286
1.723	1	0	0	5	172	7	0	1	12	14	1	0	0	1404
1.724	1	0	0	1	172	8	0	1	1	15	1	0	0	114
1.724	1	0	0	5	172	8	0	2	11	13	1	0	0	1286
1.724	3	0	0	2	172	8	0	11	1	15	1	0	28	4030
1.725	1	0	0	1	172	9	0	1	12	12	0	1	0	1404
1.726	1	0	0	1	173	0	0	1	11	14	1	0	0	1286
1.726	1	0	0	5	173	0	0	12	1	12	1	0	0	114
1.727	1	0	0	1	173	1	0	1	6	13	1	0	0	700
1.727	1	0	0	5	173	1	0	7	5	15	1	0	0	583
1.727	3	0	0	3	173	1	0	11	2	15	1	0	12	2163
1.728	1	0	0	5	173	2	0	1	12	14	0	1	0	1404
1.729	1	0	0	5	173	3	0	1	11	13	0	1	0	1286
1.729	1	0	0	1	173	3	0	12	1	15	0	1	0	114
1.729	3	0	0	2	173	3	0	11	2	15	1	0	28	8060
1.73	1	0	0	1	173	4	0	1	12	12	0	2	0	1404
1.731	1	0	0	5	173	5	0	1	1	12	0	1	0	114
1.731	1	0	0	1	173	5	0	2	11	14	0	1	0	1286
1.732	1	0	0	5	173	6	0	2	5	15	0	1	0	583
1.732	1	0	0	1	173	6	0	7	6	13	0	1	0	700
1.733	1	0	0	1	173	7	0	1	1	11	1	0	0	114
1.733	1	0	0	5	173	7	0	2	11	14	1	0	0	1286
1.733	3	0	0	3	173	7	0	12	1	15	1	0	12	1081
1.734	1	0	0	5	173	8	0	1	11	13	1	0	0	1286
1.734	1	0	0	1	173	8	0	12	1	15	0	2	0	114
1.735	1	0	0	5	173	9	0	1	12	11	1	0	0	1404
1.736	1	0	0	5	174	0	0	1	12	12	1	0	0	1404
1.737	1	0	0	5	174	1	0	1	6	15	1	0	0	700
1.737	1	0	0	1	174	1	0	7	6	13	0	2	0	700
1.737	3	0	0	2	174	1	0	12	1	15	1	0	28	4030
1.738	1	0	0	5	174	2	0	1	10	10	1	0	0	1169
1.738	1	0	0	1	174	2	0	11	1	11	0	1	0	114
1.739	1	0	0	5	174	3	0	2	11	14	0	1	0	1286
1.739	3	0	0	3	174	3	0	12	1	15	1	0	12	1081
1.74	1	0	0	5	174	4	0	2	11	13	0	1	0	1286
1.741	1	0	0	5	174	5	0	1	12	11	0	1	0	1404
1.742	1	0	0	5	174	6	0	7	6	15	0	1	0	700
1.743	1	0	0	5	174	7	0	3	10	10	0	1	0	1169
1.743	3	0	0	2	174	7	0	12	1	15	1	0	28	4030
1.744	1	0	0	5	174	8	0	12	1	14	1	0	0	114
1.745	3	0	0	3	174	9	0	12	1	15	1	0	12	1081
1.747	1	0	0	1	175	1	0	12	1	15	1	0	0	114
1.748	1	0	0	5	175	2	0	12	1	15	1	0	0	114
1.749	1	0	0	5	175	3	0	12	1	14	0	1	0	114
1.749	3	0	0	2	175	3	0	11	2	15	1	0	28	8060
1.75	1	0	0	5	175	4	0	1	12	13	1	0	0	1404
1.751	1	0	0	5	175	5	0	12	1	11	1	0	0	114
1.751	3	0	0	3	175	5	0	12	1	15	1	0	12	1081
1.752	1	0	0	1	175	6	0	12	1	15	0	1	0	114
1.753	1	0	0	5	175	7	0	11	1	15	0	1	0	114
1.755	1	0	0	5	175	9	0	1	12	13	0	1	0	1404
1.755	3	0	0	2	175	9	0	12	1	15	1	0	28	4030
1.756	1	0	0	5	176	0	0	11	1	11	0	1	0	114
1.757	1	0	0	5	176	1	0	11	1	14	1	0	0	114
1.757	1	0	0	1	176	1	0	12	1	15	0	2	0	114
1.757	3	0	0	3	176	1	0	12	1	15	1	0	11	964
1.758	1	0	0	5	176	2	0	1	12	15	1	0	0	1404
1.759	1	0	0	5	176	3	0	12	1	12	1	0	0	114
1.761	1	0	0	5	176	5	0	1	12	13	1	0	0	1404
1.761	3	0	0	2	176	5	0	12	1	15	1	0	28	4030
1.762	1	0	0	5	176	6	0	12	1	14	0	1	0	114
1.763	1	0	0	5	176	7	0	1	12	15	0	1	0	1404
1.763	3	0	0	3	176	7	0	11	2	15	1	0	12	2163
1.764	1	0	0	1	176	8	0	1	11	15	1	0	0	1286
1.764	1	0	0	5	176	8	0	12	1	12	1	0	0	114
1.765	1	0	0	1	176	9	0	1	2	14	1	0	0	231
1.765	1	0	0	5	176	9	0	3	10	11	1	0	0	1169
1.766	1	0	0	5	177	0	0	1	12	13	0	1	0	1404
1.767	1	0	0	5	177	1	0	10	3	14	1	0	0	348
1.767	3	0	0	2	177	1	0	11	2	15	1	0	28	8060
1.769	1	0	0	5	177	3	0	1	1	12	0	1	0	114
1.769	1	0	0	1	177	3	0	2	11	15	0	1	0	1286
1.769	3	0	0	3	177	3	0	12	1	15	1	0	12	1081
1.77	1	0	0	5	177	4	0	1	10	11	0	1	0	1169
1.77	1	0	0	1	177	4	0	11	2	14	0	1	0	231
1.771	1	0	0	5	177	5	0	12	1	15	1	0	0	114
1.772	1	0	0	5	177	6	0	9	3	14	0	1	0	348
1.773	1	0	0	5	177	7	0	1	12	13	1	0	0	1404
1.773	3	0	0	2	177	7	0	12	1	15	1	0	28	4030
1.774	1	0	0	5	177	8	0	1	12	12	1	0	0	1404
1.775	1	0	0	5	177	9	0	1	10	11	1	0	0	1169
1.775	1	0	0	1	177	9	0	11	2	14	0	2	0	231
1.775	3	0	0	3	177	9	0	12	1	15	1	0	12	1081
1.776	1	0	0	5	178	0	0	12	1	15	0	1	0	114
1.777	1	0	0	5	178	1	0	4	9	14	1	0	0	1052
1.778	1	0	0	5	178	2	0	1	12	13	0	1	0	1404
1.779	1	0	0	5	178	3	0	1	12	12	0	1	0	1404
1.78	1	0	0	5	178	4	0	3	10	11	0	1	0	1169
1.781	3	0	0	2	178	5	0	11	1	15	1	0	28	4030
1.781	3	0	0	3	178	5	0	12	1	15	1	0	12	1081
1.782	1	0	0	5	178	6	0	4	9	14	0	1	0	1052
1.786	1	0	0	5	179	0	0	12	1	15	1	0	0	114
1.786	3	0	0	2	179	0	0	11	2	15	1	0	28	8060
1.787	3	0	0	3	179	1	0	12	1	15	1	0	12	1081
1.788	1	0	0	5	179	2	0	1	12	14	1	0	0	1404
1.789	1	0	0	5	179	3	0	12	1	13	1	0	0	114
1.791	1	0	0	5	179	5	0	12	1	15	0	1	0	114
1.793	1	0	0	5	179	7	0	1	12	14	0	1	0	1404
1.793	3	0	0	3	179	7	0	11	2	15	1	0	12	2163
1.794	1	0	0	5	179	8	0	12	1	13	0	1	0	114
1.794	3	0	0	2	179	8	0	12	1	15	1	0	28	4030
1.797	1	0	0	5	180	1	0	1	12	15	1	0	0	1404
1.798	1	0	0	5	180	2	0	12	1	14	1	0	0	114
1.799	1	0	0	5	180	3	0	1	12	13	1	0	0	1404
1.799	3	0	0	3	180	3	0	12	1	15	1	0	12	1081
1.8	1	0	0	5	180	4	0	1	12	12	1	0	0	1404
1.8	3	0	0	2	180	4	0	11	1	15	1	0	28	4030
1.801	1	0	0	5	180	5	0	12	1	11	1	0	0	114
1.802	1	0	0	5	180	6	0	1	12	15	0	1	0	1404
1.803	1	0	0	6	180	7	0	11	1	15	1	0	0	114
1.803	1	0	0	5	180	7	0	12	1	14	0	1	0	114
1.804	1	0	0	5	180	8	0	1	12	13	0	1	0	1404
1.805	1	0	0	5	180	9	0	1	12	12	0	1	0	1404
1.805	3	0	0	2	180	9	0	11	2	15	1	0	28	8060
1.806	1	0	0	5	181	0	0	12	1	11	0	1	0	114
1.806	3	0	0	3	181	0	0	12	1	15	1	0	12	1081
1.808	1	0	0	5	181	2	0	11	1	15	1	0	0	114
1.808	1	0	0	6	181	2	0	12	1	15	0	1	0	114
1.809	1	0	0	5	181	3	0	1	12	14	1	0	0	1404
1.81	1	0	0	5	181	4	0	1	12	13	1	0	0	1404
1.811	1	0	0	5	181	5	0	1	12	12	1	0	0	1404
1.812	1	0	0	5	181	6	0	1	12	11	1	0	0	1404
1.812	3	0	0	3	181	6	0	12	1	15	1	0	11	964
1.813	1	0	0	6	181	7	0	11	1	15	0	2	0	114
1.813	1	0	0	5	181	7	0	12	1	15	0	1	0	114
1.813	3	0	0	2	181	7	0	12	1	15	1	0	28	4030
1.814	1	0	0	5	181	8	0	1	12	14	0	1	0	1404
1.815	1	0	0	5	181	9	0	1	12	13	0	1	0	1404
1.816	1	0	0	5	182	0	0	1	12	12	0	1	0	1404
1.817	1	0	0	5	182	1	0	1	12	11	0	1	0	1404
1.818	1	0	0	5	182	2	0	10	1	15	1	0	0	114
1.818	1	0	0	6	182	2	0	11	1	15	0	3	0	114
1.818	3	0	0	3	182	2	0	12	1	15	1	0	12	1081
1.819	3	0	0	2	182	3	0	12	1	15	1	0	28	4030
1.823	1	0	0	5	182	7	0	12	1	15	0	1	0	114
1.824	1	0	0	5	182	8	0	12	1	14	1	0	0	114
1.824	3	0	0	3	182	8	0	11	2	15	1	0	12	2163
1.825	3	0	0	2	182	9	0	11	2	15	1	0	28	8060
1.829	1	0	0	5	183	3	0	12	1	14	0	1	0	114
1.83	1	0	0	5	183	4	0	1	12	15	1	0	0	1404
1.83	3	0	0	3	183	4	0	12	1	15	1	0	12	1081
1.831	1	0	0	5	183	5	0	12	1	13	1	0	0	114
1.833	3	0	0	2	183	7	0	12	1	15	1	0	28	4030
1.834	1	0	0	1	183	8	0	12	1	15	1	0	0	114
1.835	1	0	0	5	183	9	0	1	12	15	0	1	0	1404
1.836	1	0	0	5	184	0	0	11	1	13	0	1	0	114
1.836	3	0	0	3	184	0	0	12	1	15	1	0	12	1081
1.837	1	0	0	5	184	1	0	1	12	14	1	0	0	1404
1.838	1	0	0	5	184	2	0	1	12	12	1	0	0	1404
1.839	1	0	0	5	184	3	0	11	1	11	1	0	0	114
1.839	1	0	0	1	184	3	0	12	1	15	0	1	0	114
1.839	3	0	0	2	184	3	0	11	1	15	1	0	28	4030
1.841	1	0	0	5	184	5	0	1	12	15	1	0	0	1404
1.842	1	0	0	5	184	6	0	1	12	14	0	1	0	1404
1.842	3	0	0	3	184	6	0	12	1	15	1	0	12	1081
1.843	1	0	0	5	184	7	0	1	12	12	0	1	0	1404
1.844	1	0	0	1	184	8	0	11	1	15	0	2	0	114
1.844	1	0	0	5	184	8	0	12	1	11	0	1	0	114
1.844	3	0	0	2	184	8	0	11	2	15	1	0	28	8060
1.845	1	0	0	5	184	9	0	12	1	13	1	0	0	114
1.846	1	0	0	5	185	0	0	1	12	15	0	1	0	1404
1.848	1	0	0	5	185	2	0	12	1	14	1	0	0	114
1.848	3	0	0	3	185	2	0	12	1	15	1	0	12	1081
1.849	1	0	0	1	185	3	0	1	11	15	1	0	0	1286
1.849	1	0	0	5	185	3	0	12	1	12	1	0	0	114
1.85	1	0	0	1	185	4	0	1	11	14	1	0	0	1286
1.85	1	0	0	5	185	4	0	12	1	13	0	1	0	114
1.85	3	0	0	2	185	4	0	12	1	15	1	0	28	4030
1.851	1	0	0	1	185	5	0	1	11	13	1	0	0	1286
1.851	1	0	0	5	185	5	0	12	1	15	1	0	0	114
1.852	1	0	0	1	185	6	0	1	11	12	1	0	0	1286
1.853	1	0	0	1	185	7	0	1	11	11	1	0	0	1286
1.853	1	0	0	5	185	7	0	12	1	14	0	1	0	114
1.854	1	0	0	5	185	8	0	1	1	12	0	1	0	114
1.854	1	0	0	1	185	8	0	2	11	15	0	1	0	1286
1.854	3	0	0	3	185	8	0	12	1	15	1	0	11	964
1.855	1	0	0	5	185	9	0	1	1	13	1	0	0	114
1.855	1	0	0	1	185	9	0	2	11	14	0	1	0	1286
1.856	1	0	0	5	186	0	0	1	1	15	0	1	0	114
1.856	1	0	0	1	186	0	0	2	11	13	0	1	0	1286
1.857	1	0	0	5	186	1	0	1	1	11	1	0	0	114
1.857	1	0	0	1	186	1	0	2	11	12	0	1	0	1286
1.858	1	0	0	5	186	2	0	1	1	14	1	0	0	114
1.858	1	0	0	1	186	2	0	2	11	11	0	1	0	1286
1.858	3	0	0	2	186	2	0	12	1	15	1	0	28	4030
1.859	1	0	0	1	186	3	0	1	6	15	1	0	0	700
1.859	1	0	0	5	186	3	0	7	6	12	1	0	0	700
1.86	1	0	0	1	186	4	0	1	11	14	0	2	0	1286
1.86	1	0	0	5	186	4	0	12	1	13	0	1	0	114
1.86	3	0	0	3	186	4	0	11	2	15	1	0	12	2163
1.861	1	0	0	5	186	5	0	1	1	15	1	0	0	114
1.861	1	0	0	1	186	5	0	2	11	13	0	2	0	1286
1.862	1	0	0	1	186	6	0	1	11	12	0	2	0	1286
1.862	1	0	0	5	186	6	0	12	1	11	0	1	0	114
1.863	1	0	0	5	186	7	0	12	1	14	0	1	0	114
1.864	1	0	0	5	186	8	0	1	6	12	0	1	0	700
1.864	1	0	0	1	186	8	0	7	6	15	0	1	0	700
1.864	3	0	0	2	186	8	0	11	2	15	1	0	28	8060
1.865	1	0	0	5	186	9	0	1	12	13	1	0	0	1404
1.866	1	0	0	5	187	0	0	12	1	15	0	1	0	114
1.866	3	0	0	3	187	0	0	12	1	15	1	0	12	1081
1.867	1	0	0	5	187	1	0	1	12	11	1	0	0	1404
1.868	1	0	0	5	187	2	0	1	12	14	1	0	0	1404
1.869	1	0	0	5	187	3	0	1	6	12	1	0	0	700
1.869	1	0	0	1	187	3	0	7	6	15	0	2	0	700
1.87	1	0	0	5	187	4	0	1	12	13	0	1	0	1404
1.871	1	0	0	5	187	5	0	1	12	15	1	0	0	1404
1.872	3	0	0	2	187	6	0	11	1	15	1	0	28	4030
1.872	3	0	0	3	187	6	0	12	1	15	1	0	12	1081
1.873	1	0	0	5	187	7	0	1	12	11	0	1	0	1404
1.874	1	0	0	5	187	8	0	7	6	12	0	1	0	700
1.875	1	0	0	5	187	9	0	12	1	13	1	0	0	114
1.876	1	0	0	5	188	0	0	1	12	15	0	1	0	1404
1.877	1	0	0	5	188	1	0	1	12	10	1	0	0	1404
1.878	1	0	0	5	188	2	0	12	1	11	1	0	0	114
1.878	3	0	0	2	188	2	0	11	1	15	1	0	28	4030
1.878	3	0	0	3	188	2	0	12	1	15	1	0	12	1081
1.879	1	0	0	5	188	3	0	12	1	12	1	0	0	114
1.88	1	0	0	1	188	4	0	11	1	15	1	0	0	114
1.88	1	0	0	5	188	4	0	12	1	13	0	1	0	114
1.881	1	0	0	5	188	5	0	12	1	15	1	0	0	114
1.882	1	0	0	5	188	6	0	1	12	10	0	1	0	1404
1.883	1	0	0	5	188	7	0	12	1	11	0	1	0	114
1.883	3	0	0	2	188	7	0	11	2	15	1	0	28	8060
1.884	1	0	0	5	188	8	0	12	1	12	0	1	0	114
1.884	3	0	0	3	188	8	0	11	1	15	1	0	11	964
1.885	1	0	0	5	188	9	0	11	1	14	1	0	0	114
1.885	1	0	0	1	188	9	0	12	1	15	0	1	0	114
1.886	1	0	0	5	189	0	0	12	1	15	0	1	0	114
1.887	1	0	0	5	189	1	0	1	11	13	1	0	0	1286
1.888	1	0	0	5	189	2	0	1	12	11	1	0	0	1404
1.889	1	0	0	5	189	3	0	1	12	12	1	0	0	1404
1.889	3	0	0	2	189	3	0	10	1	15	1	0	28	4030
1.889	3	0	0	3	189	3	0	11	2	15	1	0	11	1928
1.89	1	0	0	5	189	4	0	1	12	14	1	0	0	1404
1.891	1	0	0	1	189	5	0	1	6	15	1	0	0	700
1.891	1	0	0	5	189	5	0	7	6	15	1	0	0	700
1.892	1	0	0	1	189	6	0	1	1	14	1	0	0	114
1.892	1	0	0	5	189	6	0	2	11	13	0	1	0	1286
1.893	1	0	0	5	189	7	0	1	12	11	0	1	0	1404
1.894	1	0	0	5	189	8	0	1	12	12	0	1	0	1404
1.895	1	0	0	5	189	9	0	1	12	14	0	1	0	1404
1.895	3	0	0	3	189	9	0	12	1	15	1	0	11	964
1.896	1	0	0	5	190	0	0	1	6	15	0	1	0	700
1.896	1	0	0	1	190	0	0	7	6	15	0	1	0	700
1.897	1	0	0	5	190	1	0	1	11	13	1	0	0	1286
1.897	1	0	0	1	190	1	0	12	1	14	0	1	0	114
1.897	3	0	0	2	190	1	0	12	1	15	1	0	28	4030
1.898	1	0	0	5	190	2	0	11	1	11	1	0	0	114
1.899	1	0	0	1	190	3	0	1	6	13	1	0	0	700
1.899	1	0	0	5	190	3	0	7	6	12	1	0	0	700
1.9	1	0	0	1	190	4	0	1	6	12	1	0	0	700
1.9	1	0	0	5	190	4	0	7	6	14	1	0	0	700
1.901	1	0	0	5	190	5	0	1	6	15	1	0	0	700
1.901	1	0	0	1	190	5	0	7	6	15	0	2	0	700
1.901	3	0	0	3	190	5	0	12	1	15	1	0	12	1081
1.902	1	0	0	1	190	6	0	1	1	14	0	2	0	114
1.902	1	0	0	5	190	6	0	2	11	13	0	1	0	1286
1.903	1	0	0	1	190	7	0	1	11	11	1	0	0	1286
1.903	1	0	0	5	190	7	0	12	1	11	0	1	0	114
1.903	3	0	0	2	190	7	0	11	2	15	1	0	28	8060
1.904	1	0	0	5	190	8	0	1	6	12	0	1	0	700
1.904	1	0	0	1	190	8	0	7	6	13	0	1	0	700
1.905	1	0	0	5	190	9	0	1	6	14	0	1	0	700
1.905	1	0	0	1	190	9	0	7	6	12	0	1	0	700
1.906	1	0	0	1	191	0	0	1	6	15	1	0	0	700
1.906	1	0	0	5	191	0	0	7	6	15	0	1	0	700
1.907	1	0	0	1	191	1	0	1	11	14	1	0	0	1286
1.907	1	0	0	5	191	1	0	12	1	13	1	0	0	114
1.907	3	0	0	3	191	1	0	12	1	15	1	0	12	1081
1.908	1	0	0	5	191	2	0	1	1	11	1	0	0	114
1.908	1	0	0	1	191	2	0	2	11	11	0	1	0	1286
1.909	1	0	0	5	191	3	0	6	1	12	1	0	0	114
1.909	1	0	0	1	191	3	0	7	6	13	0	2	0	700
1.91	1	0	0	5	191	4	0	6	1	14	1	0	0	114
1.91	1	0	0	1	191	4	0	7	6	12	0	2	0	700
1.911	1	0	0	1	191	5	0	7	6	15	0	1	0	700
1.911	3	0	0	2	191	5	0	12	1	15	1	0	28	4030
1.912	1	0	0	5	191	6	0	1	1	13	0	1	0	114
1.912	1	0	0	1	191	6	0	2	11	14	0	1	0	1286
1.913	1	0	0	1	191	7	0	1	10	10	1	0	0	1169
1.913	1	0	0	5	191	7	0	11	1	11	0	1	0	114
1.913	3	0	0	3	191	7	0	11	2	15	1	0	12	2163
1.914	1	0	0	5	191	8	0	1	1	12	0	1	0	114
1.914	1	0	0	1	191	8	0	2	11	11	0	2	0	1286
1.915	1	0	0	1	191	9	0	8	4	13	1	0	0	466
1.915	1	0	0	5	191	9	0	12	1	14	0	1	0	114
1.916	1	0	0	5	192	0	0	5	1	15	1	0	0	114
1.916	1	0	0	1	192	0	0	6	6	15	0	2	0	700
1.917	1	0	0	5	192	1	0	1	1	13	1	0	0	114
1.917	1	0	0	1	192	1	0	2	11	14	0	2	0	1286
1.917	3	0	0	2	192	1	0	12	1	15	1	0	28	4030
1.918	1	0	0	5	192	2	0	1	2	11	1	0	0	231
1.918	1	0	0	1	192	2	0	3	10	10	0	1	0	1169
1.919	1	0	0	1	192	3	0	1	4	12	1	0	0	466
1.919	1	0	0	5	192	3	0	5	8	12	1	0	0	935
1.919	3	0	0	3	192	3	0	11	1	15	1	0	12	1081
1.92	1	0	0	5	192	4	0	4	5	14	1	0	0	583
1.92	1	0	0	1	192	4	0	9	4	13	0	1	0	466
1.921	1	0	0	5	192	5	0	12	1	15	0	1	0	114
1.922	1	0	0	5	192	6	0	12	1	13	0	1	0	114
1.923	1	0	0	1	192	7	0	1	10	10	0	2	0	1169
1.923	1	0	0	5	192	7	0	11	2	11	0	1	0	231
1.923	3	0	0	2	192	7	0	12	1	15	1	0	28	4030
1.924	1	0	0	5	192	8	0	1	8	12	0	1	0	935
1.924	1	0	0	1	192	8	0	9	4	12	0	1	0	466
1.924	3	0	0	3	192	8	0	12	1	15	1	0	12	1081
1.925	1	0	0	1	192	9	0	4	4	13	0	2	0	466
1.925	1	0	0	5	192	9	0	8	5	14	0	1	0	583
1.926	1	0	0	5	193	0	0	1	12	15	1	0	0	1404
1.927	1	0	0	5	193	1	0	6	7	13	1	0	0	817
1.928	1	0	0	1	193	2	0	1	1	15	1	0	0	114
1.928	1	0	0	5	193	2	0	2	11	11	1	0	0	1286
1.929	1	0	0	5	193	3	0	1	12	12	1	0	0	1404
1.929	3	0	0	2	193	3	0	12	1	15	1	0	28	4030
1.93	1	0	0	1	193	4	0	1	6	14	1	0	0	700
1.93	1	0	0	5	193	4	0	7	6	14	1	0	0	700
1.931	1	0	0	5	193	5	0	1	12	15	0	1	0	1404
1.932	1	0	0	1	193	6	0	1	4	13	1	0	0	466
1.932	1	0	0	5	193	6	0	5	7	13	0	1	0	817
1.932	3	0	0	3	193	6	0	11	1	15	1	0	12	1081
1.933	1	0	0	5	193	7	0	1	11	11	0	1	0	1286
1.933	1	0	0	1	193	7	0	12	1	15	0	1	0	114
1.934	1	0	0	5	193	8	0	1	12	12	0	1	0	1404
1.935	1	0	0	5	193	9	0	1	6	14	0	1	0	700
1.935	1	0	0	1	193	9	0	7	6	14	0	1	0	700
1.935	3	0	0	2	193	9	0	12	1	15	1	0	28	4030
1.936	1	0	0	1	194	0	0	4	8	12	1	0	0	935
1.936	1	0	0	5	194	0	0	12	1	15	1	0	0	114
1.937	1	0	0	5	194	1	0	1	8	13	1	0	0	935
1.937	1	0	0	1	194	1	0	9	4	13	0	1	0	466
1.937	3	0	0	3	194	1	0	12	1	15	1	0	12	1081
1.938	1	0	0	5	194	2	0	3	9	11	1	0	0	1052
1.938	1	0	0	1	194	2	0	12	1	15	0	2	0	114
1.94	1	0	0	5	194	4	0	1	6	14	1	0	0	700
1.94	1	0	0	1	194	4	0	7	6	14	0	2	0	700
1.941	1	0	0	5	194	5	0	4	1	15	0	1	0	114
1.941	1	0	0	1	194	5	0	5	8	12	0	1	0	935
1.941	3	0	0	2	194	5	0	12	1	15	1	0	28	4030
1.942	1	0	0	5	194	6	0	5	8	13	0	1	0	935
1.943	1	0	0	1	194	7	0	1	3	15	1	0	0	348
1.943	1	0	0	5	194	7	0	4	9	11	0	1	0	1052
1.943	3	0	0	3	194	7	0	12	1	15	1	0	12	1081
1.944	1	0	0	1	194	8	0	3	7	13	1	0	0	817
1.944	1	0	0	5	194	8	0	10	3	12	1	0	0	348
1.945	1	0	0	5	194	9	0	7	6	14	0	1	0	700
1.946	1	0	0	1	195	0	0	1	12	14	1	0	0	1404
1.947	1	0	0	1	195	1	0	1	12	12	1	0	0	1404
1.947	3	0	0	2	195	1	0	12	1	15	1	0	28	4030
1.948	1	0	0	1	195	2	0	10	3	15	0	1	0	348
1.949	1	0	0	5	195	3	0	3	3	12	0	1	0	348
1.949	1	0	0	1	195	3	0	6	7	13	0	1	0	817
1.949	3	0	0	3	195	3	0	11	2	15	1	0	11	1928
1.95	1	0	0	1	195	4	0	1	11	11	1	0	0	1286
1.95	1	0	0	5	195	4	0	12	1	15	1	0	0	114
1.951	1	0	0	1	195	5	0	1	12	14	0	1	0	1404
1.952	1	0	0	1	195	6	0	11	1	10	1	0	0	114
1.953	1	0	0	1	195	7	0	1	12	12	0	1	0	1404
1.953	3	0	0	2	195	7	0	12	1	15	1	0	28	4030
1.954	1	0	0	5	195	8	0	1	5	14	1	0	0	583
1.954	1	0	0	1	195	8	0	6	7	13	0	2	0	817
1.955	1	0	0	5	195	9	0	1	1	15	0	1	0	114
1.955	1	0	0	1	195	9	0	2	11	11	0	1	0	1286
1.955	3	0	0	3	195	9	0	12	1	15	1	0	12	1081
1.956	1	0	0	5	196	0	0	5	8	13	1	0	0	935
1.957	1	0	0	1	196	1	0	12	1	10	0	1	0	114
1.958	1	0	0	1	196	2	0	1	12	12	0	2	0	1404
1.959	1	0	0	5	196	3	0	8	5	14	0	1	0	583
1.959	3	0	0	2	196	3	0	12	1	15	1	0	28	4030
1.96	1	0	0	5	196	4	0	1	1	15	1	0	0	114
1.96	1	0	0	1	196	4	0	2	11	11	0	2	0	1286
1.961	1	0	0	5	196	5	0	5	8	13	0	1	0	935
1.962	1	0	0	5	196	6	0	1	11	12	1	0	0	1286
1.962	1	0	0	1	196	6	0	12	1	10	0	2	0	114
1.962	3	0	0	3	196	6	0	12	1	15	1	0	12	1081
1.963	1	0	0	5	196	7	0	1	12	11	1	0	0	1404
1.964	1	0	0	1	196	8	0	11	1	14	1	0	0	114
1.964	1	0	0	5	196	8	0	12	1	14	1	0	0	114
1.965	1	0	0	5	196	9	0	12	1	15	0	1	0	114
1.965	3	0	0	2	196	9	0	12	1	15	1	0	28	4030
1.966	1	0	0	1	197	0	0	1	6	15	1	0	0	700
1.966	1	0	0	5	197	0	0	7	6	13	1	0	0	700
1.967	1	0	0	5	197	1	0	1	11	12	0	1	0	1286
1.967	3	0	0	3	197	1	0	12	1	15	0	1	12	1081
1.968	1	0	0	5	197	2	0	1	12	11	0	1	0	1404
1.969	1	0	0	5	197	3	0	11	1	14	0	1	0	114
1.969	1	0	0	1	197	3	0	12	1	14	0	1	0	114
1.97	1	0	0	1	197	4	0	1	6	13	1	0	0	700
1.97	1	0	0	5	197	4	0	7	6	15	1	0	0	700
1.971	1	0	0	1	197	5	0	1	6	15	1	0	0	700
1.971	1	0	0	5	197	5	0	7	6	13	0	1	0	700
1.971	3	0	0	2	197	5	0	12	1	15	1	0	28	4030
1.972	1	0	0	1	197	6	0	11	1	12	1	0	0	114
1.972	1	0	0	5	197	6	0	12	1	12	1	0	0	114
1.973	3	0	0	3	197	7	0	10	3	15	1	0	11	2893
1.974	1	0	0	5	197	8	0	1	11	14	1	0	0	1286
1.974	1	0	0	1	197	8	0	12	1	14	0	2	0	114
1.975	1	0	0	5	197	9	0	1	6	15	0	1	0	700
1.975	1	0	0	1	197	9	0	7	6	13	0	1	0	700
1.976	1	0	0	5	198	0	0	5	2	13	1	0	0	231
1.976	1	0	0	1	198	0	0	7	6	15	0	1	0	700
1.977	1	0	0	5	198	1	0	11	1	12	0	1	0	114
1.977	1	0	0	1	198	1	0	12	1	12	0	1	0	114
1.977	3	0	0	2	198	1	0	12	1	15	1	0	28	4030
1.978	1	0	0	5	198	2	0	3	9	11	1	0	0	1052
1.979	1	0	0	5	198	3	0	2	11	14	0	1	0	1286
1.979	3	0	0	3	198	3	0	12	1	15	1	0	12	1081
1.98	1	0	0	5	198	4	0	6	1	15	1	0	0	114
1.98	1	0	0	1	198	4	0	7	6	13	0	2	0	700
1.981	1	0	0	1	198	5	0	5	6	15	0	2	0	700
1.981	1	0	0	5	198	5	0	11	2	13	0	1	0	231
1.982	1	0	0	5	198	6	0	1	11	12	1	0	0	1286
1.982	1	0	0	1	198	6	0	12	1	12	0	2	0	114
1.983	1	0	0	5	198	7	0	4	9	11	0	1	0	1052
1.983	3	0	0	2	198	7	0	12	1	15	1	0	28	4030
1.984	1	0	0	5	198	8	0	11	2	14	1	0	0	231
1.985	1	0	0	5	198	9	0	12	1	15	0	1	0	114
1.985	3	0	0	3	198	9	0	12	1	15	1	0	11	964
1.986	1	0	0	5	199	0	0	11	2	13	1	0	0	231
1.987	1	0	0	5	199	1	0	2	11	12	0	1	0	1286
1.988	1	0	0	5	199	2	0	12	1	11	1	0	0	114
1.989	1	0	0	5	199	3	0	11	2	14	0	1	0	231
1.989	3	0	0	2	199	3	0	12	1	15	1	0	28	4030
1.99	1	0	0	5	199	4	0	10	3	15	1	0	0	348
1.991	1	0	0	5	199	5	0	11	2	13	0	1	0	231
1.992	3	0	0	3	199	6	0	12	1	15	1	0	12	1081
1.993	1	0	0	5	199	7	0	11	1	11	0	1	0	114
1.995	1	0	0	5	199	9	0	10	3	15	0	1	0	348
1.995	3	0	0	2	199	9	0	11	2	15	1	0	28	8060
1.996	1	0	0	5	200	0	0	11	1	14	1	0	0	114
1.997	1	0	0	5	200	1	0	1	12	13	1	0	0	1404
1.997	3	0	0	3	200	1	0	12	1	15	0	1	12	1081
1.998	1	0	0	5	200	2	0	1	12	12	1	0	0	1404
1.999	1	0	0	5	200	3	0	12	1	11	1	0	0	114
2.001	1	0	0	5	200	5	0	12	1	14	0	1	0	114
2.002	1	0	0	5	200	6	0	1	12	13	0	1	0	1404
2.003	1	0	0	5	200	7	0	1	12	12	0	1	0	1404
2.003	3	0	0	2	200	7	0	9	1	15	1	0	28	4030
2.003	3	0	0	3	200	7	0	10	2	15	1	0	12	2163
2.003	3	0	0	4	200	7	0	12	1	15	1	0	0	114
2.004	1	0	0	5	200	8	0	12	1	11	0	1	0	114
2.005	1	0	0	5	200	9	0	1	12	15	1	0	0	1404
2.006	1	0	0	5	201	0	0	12	1	14	0	2	0	114
2.007	1	0	0	5	201	1	0	12	1	13	1	0	0	114
2.008	3	0	0	3	201	2	0	11	2	15	1	0	12	2163
2.009	3	0	0	2	201	3	0	12	1	15	1	0	28	4030
2.01	1	0	0	5	201	4	0	1	12	15	0	1	0	1404
2.011	1	0	0	5	201	5	0	12	1	14	1	0	0	114
2.012	1	0	0	5	201	6	0	11	1	13	0	1	0	114
2.013	1	0	0	5	201	7	0	12	1	12	1	0	0	114
2.014	3	0	0	3	201	8	0	12	1	15	1	0	12	1081
2.015	3	0	0	2	201	9	0	11	2	15	1	0	28	8060
2.016	1	0	0	5	202	0	0	12	1	14	0	1	0	114
2.017	1	0	0	5	202	1	0	12	1	13	0	2	0	114
2.017	3	0	0	4	202	1	0	12	1	15	1	0	8	641
2.018	1	0	0	5	202	2	0	12	1	12	0	1	0	114
2.019	1	0	0	5	202	3	0	12	1	15	1	0	0	114
2.02	3	0	0	3	202	4	0	12	1	15	1	0	12	1081
2.022	1	0	0	5	202	6	0	1	12	14	1	0	0	1404
2.023	1	0	0	5	202	7	0	1	12	13	1	0	0	1404
2.023	3	0	0	2	202	7	0	1	1	15	1	0	28	4030
2.023	3	0	0	4	202	7	0	2	11	15	1	0	8	7067
2.024	1	0	0	5	202	8	0	12	1	15	0	1	0	114
2.024	3	0	0	4	202	8	0	7	6	14	1	0	8	3854
2.025	1	0	0	5	202	9	0	1	12	12	1	0	0	1404
2.026	1	0	0	5	203	0	0	12	1	11	1	0	0	114
2.026	3	0	0	3	203	0	0	12	1	15	1	0	12	1081
2.027	1	0	0	5	203	1	0	1	12	14	0	1	0	1404
2.028	1	0	0	5	203	2	0	1	12	13	0	1	0	1404
2.029	3	0	0	2	203	3	0	7	1	15	1	0	28	4030
2.029	3	0	0	4	203	3	0	8	5	15	1	0	8	3212
2.03	1	0	0	5	203	4	0	1	12	12	0	1	0	1404
2.031	1	0	0	5	203	5	0	12	1	11	0	1	0	114
2.032	3	0	0	3	203	6	0	11	2	15	1	0	12	2163
2.033	1	0	0	5	203	7	0	1	12	15	1	0	0	1404
2.034	1	0	0	5	203	8	0	1	12	14	1	0	0	1404
2.034	3	0	0	2	203	8	0	11	2	15	1	0	28	8060
2.035	1	0	0	5	203	9	0	12	1	13	1	0	0	114
2.036	1	0	0	5	204	0	0	12	1	11	0	2	0	114
2.037	1	0	0	5	204	1	0	1	12	12	1	0	0	1404
2.037	3	0	0	4	204	1	0	12	1	15	1	0	8	641
2.038	1	0	0	5	204	2	0	1	12	15	0	1	0	1404
2.038	3	0	0	3	204	2	0	12	1	15	1	0	12	1081
2.039	1	0	0	5	204	3	0	1	12	14	0	1	0	1404
2.04	1	0	0	5	204	4	0	12	1	13	0	1	0	114
2.04	3	0	0	2	204	4	0	11	1	15	1	0	28	4030
2.041	1	0	0	5	204	5	0	12	1	11	1	0	0	114
2.042	1	0	0	5	204	6	0	1	12	12	0	1	0	1404
2.043	3	0	0	4	204	7	0	1	12	15	1	0	8	7709
2.044	3	0	0	3	204	8	0	6	1	15	1	0	12	1081
2.044	3	0	0	4	204	8	0	7	5	14	1	0	8	3212
2.045	1	0	0	5	204	9	0	12	1	13	0	2	0	114
2.046	1	0	0	5	205	0	0	12	1	11	0	1	0	114
2.047	1	0	0	5	205	1	0	11	1	15	1	0	0	114
2.048	1	0	0	5	205	2	0	1	12	14	1	0	0	1404
2.048	3	0	0	4	205	2	0	1	12	15	0	1	8	7709
2.049	1	0	0	5	205	3	0	12	1	12	1	0	0	114
2.049	3	0	0	2	205	3	0	6	1	15	1	0	28	4030
2.049	3	0	0	3	205	3	0	7	1	15	1	0	12	1081
2.049	3	0	0	4	205	3	0	8	5	14	0	1	8	3212
2.051	1	0	0	5	205	5	0	1	12	13	1	0	0	1404
2.052	1	0	0	5	205	6	0	12	1	15	0	1	0	114
2.053	1	0	0	5	205	7	0	1	12	14	0	1	0	1404
2.054	1	0	0	5	205	8	0	12	1	12	0	1	0	114
2.054	3	0	0	2	205	8	0	10	2	15	1	0	28	8060
2.054	3	0	0	3	205	8	0	12	1	15	1	0	12	1081
2.055	1	0	0	5	205	9	0	12	1	11	1	0	0	114
2.056	1	0	0	5	206	0	0	1	12	13	0	1	0	1404
2.06	1	0	0	5	206	4	0	12	1	11	0	1	0	114
2.06	3	0	0	3	206	4	0	11	2	15	1	0	12	2163
2.062	1	0	0	5	206	6	0	12	1	15	1	0	0	114
2.062	3	0	0	2	206	6	0	11	1	15	1	0	28	4030
2.062	3	0	0	4	206	6	0	12	1	15	1	0	7	539
2.066	1	0	0	5	207	0	0	1	12	14	1	0	0	1404
2.066	3	0	0	3	207	0	0	12	1	15	1	0	12	1081
2.067	1	0	0	5	207	1	0	12	1	15	0	1	0	114
2.067	3	0	0	2	207	1	0	11	2	15	1	0	28	8060
2.068	1	0	0	5	207	2	0	12	1	13	1	0	0	114
2.068	3	0	0	4	207	2	0	1	12	15	1	0	7	6483
2.069	3	0	0	4	207	3	0	5	8	14	1	0	7	4323
2.07	1	0	0	1	207	4	0	12	1	15	1	0	0	114
2.071	1	0	0	5	207	5	0	1	12	14	0	1	0	1404
2.072	3	0	0	3	207	6	0	12	1	15	1	0	12	1081
2.073	1	0	0	5	207	7	0	11	1	13	0	1	0	114
2.074	1	0	0	5	207	8	0	1	12	15	1	0	0	1404
2.074	3	0	0	4	207	8	0	5	8	15	1	0	7	4323
2.075	1	0	0	5	207	9	0	11	1	12	1	0	0	114
2.075	1	0	0	1	207	9	0	12	1	15	0	1	0	114
2.075	3	0	0	2	207	9	0	12	1	15	1	0	28	4030
2.077	1	0	0	5	208	1	0	1	12	14	1	0	0	1404
2.078	1	0	0	5	208	2	0	1	12	13	1	0	0	1404
2.078	3	0	0	3	208	2	0	12	1	15	1	0	12	1081
2.079	1	0	0	5	208	3	0	1	12	15	0	1	0	1404
2.08	1	0	0	5	208	4	0	12	1	12	0	1	0	114
2.081	1	0	0	1	208	5	0	1	6	15	1	0	0	700
2.081	1	0	0	5	208	5	0	7	6	11	1	0	0	700
2.081	3	0	0	2	208	5	0	12	1	15	1	0	28	4030
2.082	1	0	0	5	208	6	0	1	12	14	0	1	0	1404
2.082	3	0	0	4	208	6	0	12	1	15	1	0	7	539
2.083	1	0	0	5	208	7	0	1	12	13	0	1	0	1404
2.084	1	0	0	1	208	8	0	1	11	14	1	0	0	1286
2.084	1	0	0	5	208	8	0	12	1	15	1	0	0	114
2.084	3	0	0	3	208	8	0	11	2	15	1	0	12	2163
2.085	1	0	0	1	208	9	0	1	6	13	1	0	0	700
2.085	1	0	0	5	208	9	0	7	6	12	1	0	0	700
2.086	1	0	0	5	209	0	0	1	6	11	0	1	0	700
2.086	1	0	0	1	209	0	0	7	6	15	0	1	0	700
2.087	1	0	0	1	209	1	0	1	6	12	1	0	0	700
2.087	1	0	0	5	209	1	0	7	6	14	1	0	0	700
2.087	3	0	0	2	209	1	0	12	1	15	1	0	28	4030
2.088	1	0	0	1	209	2	0	1	6	11	1	0	0	700
2.088	1	0	0	5	209	2	0	7	6	13	1	0	0	700
2.088	3	0	0	4	209	2	0	1	12	15	1	0	7	6483
2.089	1	0	0	5	209	3	0	1	1	15	0	1	0	114
2.089	1	0	0	1	209	3	0	2	11	14	0	1	0	1286
2.089	3	0	0	4	209	3	0	5	8	14	1	0	7	4323
2.09	1	0	0	5	209	4	0	1	6	12	0	1	0	700
2.09	1	0	0	1	209	4	0	7	6	13	0	1	0	700
2.09	3	0	0	3	209	4	0	12	1	15	1	0	12	1081
2.091	1	0	0	1	209	5	0	1	12	15	1	0	0	1404
2.092	1	0	0	5	209	6	0	5	1	11	1	0	0	114
2.092	1	0	0	1	209	6	0	6	6	12	0	1	0	700
2.093	1	0	0	1	209	7	0	1	6	11	0	1	0	700
2.093	1	0	0	5	209	7	0	7	6	14	0	1	0	700
2.093	3	0	0	2	209	7	0	12	1	15	1	0	28	4030
2.094	1	0	0	1	209	8	0	1	11	14	0	2	0	1286
2.094	1	0	0	5	209	8	0	12	1	15	0	2	0	114
2.094	3	0	0	4	209	8	0	5	8	14	0	1	7	4323
2.095	1	0	0	1	209	9	0	1	11	13	1	0	0	1286
2.095	1	0	0	5	209	9	0	12	1	12	1	0	0	114
2.095	3	0	0	4	209	9	0	5	8	15	1	0	7	4323
2.096	1	0	0	1	210	0	0	1	12	15	0	1	0	1404
2.096	3	0	0	3	210	0	0	12	1	15	1	0	12	1081
2.097	1	0	0	5	210	1	0	12	1	11	0	1	0	114
2.099	1	0	0	5	210	3	0	12	1	15	1	0	0	114
2.099	3	0	0	2	210	3	0	12	1	15	1	0	28	4030
2.1	1	0	0	5	210	4	0	1	1	12	0	1	0	114
2.1	1	0	0	1	210	4	0	2	11	13	0	1	0	1286
2.1	3	0	0	4	210	4	0	5	8	15	0	1	7	4323
2.101	1	0	0	5	210	5	0	1	12	14	1	0	0	1404
2.102	1	0	0	5	210	6	0	12	1	11	1	0	0	114
2.102	3	0	0	3	210	6	0	11	1	15	1	0	11	964
2.102	3	0	0	4	210	6	0	12	1	14	1	0	6	436
2.103	1	0	0	5	210	7	0	1	12	10	1	0	0	1404
2.104	1	0	0	5	210	8	0	12	1	15	0	1	0	114
2.105	1	0	0	5	210	9	0	1	1	13	1	0	0	114
2.105	1	0	0	1	210	9	0	2	11	13	0	2	0	1286
2.105	3	0	0	2	210	9	0	12	1	15	1	0	28	4030
2.106	1	0	0	5	211	0	0	1	12	14	0	1	0	1404
2.106	3	0	0	4	211	0	0	1	12	15	1	0	6	5258
2.107	1	0	0	5	211	1	0	12	1	11	0	1	0	114
2.107	3	0	0	3	211	1	0	1	2	15	1	0	11	1928
2.107	3	0	0	4	211	1	0	3	10	14	1	0	6	4382
2.108	1	0	0	5	211	2	0	1	12	10	0	1	0	1404
2.108	3	0	0	4	211	2	0	1	12	13	1	0	6	5258
2.109	1	0	0	5	211	3	0	12	1	15	1	0	0	114
2.109	3	0	0	4	211	3	0	1	12	12	1	0	6	5258
2.11	1	0	0	5	211	4	0	12	1	13	0	1	0	114
2.11	3	0	0	4	211	4	0	12	1	11	1	0	6	436
2.111	3	0	0	2	211	5	0	12	1	15	1	0	28	4030
2.112	1	0	0	1	211	6	0	11	1	15	1	0	0	114
2.112	3	0	0	3	211	6	0	1	1	15	1	0	11	964
2.112	3	0	0	4	211	6	0	2	11	15	1	0	6	4818
2.113	1	0	0	5	211	7	0	1	12	10	0	2	0	1404
2.113	3	0	0	4	211	7	0	12	1	14	1	0	6	436
2.114	1	0	0	5	211	8	0	12	1	15	0	1	0	114
2.115	1	0	0	5	211	9	0	12	1	13	0	2	0	114
2.116	1	0	0	5	212	0	0	12	1	14	1	0	0	114
2.117	1	0	0	1	212	1	0	12	1	15	0	1	0	114
2.117	3	0	0	2	212	1	0	12	1	15	1	0	28	4030
2.119	1	0	0	5	212	3	0	12	1	15	0	2	0	114
2.119	3	0	0	3	212	3	0	12	1	15	1	0	11	964
2.12	1	0	0	5	212	4	0	12	1	13	0	3	0	114
2.121	1	0	0	5	212	5	0	12	1	14	0	1	0	114
2.122	1	0	0	5	212	6	0	1	11	12	1	0	0	1286
2.122	1	0	0	1	212	6	0	12	1	15	0	2	0	114
2.123	1	0	0	5	212	7	0	11	2	11	1	0	0	231
2.123	3	0	0	2	212	7	0	12	1	15	1	0	28	4030
2.125	1	0	0	5	212	9	0	1	12	15	1	0	0	1404
2.125	3	0	0	3	212	9	0	12	1	15	1	0	11	964
2.126	1	0	0	5	213	0	0	1	12	14	1	0	0	1404
2.127	1	0	0	5	213	1	0	1	11	12	0	1	0	1286
2.128	1	0	0	1	213	2	0	1	10	15	1	0	0	1169
2.128	1	0	0	5	213	2	0	11	2	11	0	1	0	231
2.129	1	0	0	1	213	3	0	1	6	14	1	0	0	700
2.129	1	0	0	5	213	3	0	7	6	13	1	0	0	700
2.129	3	0	0	2	213	3	0	12	1	15	1	0	28	4030
2.13	1	0	0	5	213	4	0	1	12	15	0	1	0	1404
2.131	1	0	0	5	213	5	0	1	12	14	0	1	0	1404
2.131	3	0	0	3	213	5	0	11	2	15	1	0	11	1928
2.132	1	0	0	1	213	6	0	1	1	13	1	0	0	114
2.132	1	0	0	5	213	6	0	2	11	12	0	2	0	1286
2.133	1	0	0	5	213	7	0	1	2	11	0	2	0	231
2.133	1	0	0	1	213	7	0	3	10	15	0	1	0	1169
2.134	1	0	0	5	213	8	0	1	6	13	0	1	0	700
2.134	1	0	0	1	213	8	0	7	6	14	0	1	0	700
2.135	1	0	0	5	213	9	0	1	12	15	0	2	0	1404
2.135	3	0	0	2	213	9	0	12	1	15	1	0	28	4030
2.136	1	0	0	1	214	0	0	1	6	12	1	0	0	700
2.136	1	0	0	5	214	0	0	7	6	14	1	0	0	700
2.137	1	0	0	5	214	1	0	11	1	12	1	0	0	114
2.137	1	0	0	1	214	1	0	12	1	13	0	1	0	114
2.137	3	0	0	3	214	1	0	12	1	15	1	0	11	964
2.138	1	0	0	5	214	2	0	1	11	11	1	0	0	1286
2.139	1	0	0	1	214	3	0	1	6	15	1	0	0	700
2.139	1	0	0	5	214	3	0	7	6	13	1	0	0	700
2.14	1	0	0	1	214	4	0	1	6	14	1	0	0	700
2.14	1	0	0	5	214	4	0	7	6	15	1	0	0	700
2.141	1	0	0	5	214	5	0	1	6	14	0	1	0	700
2.141	1	0	0	1	214	5	0	7	6	12	0	1	0	700
2.141	3	0	0	2	214	5	0	12	1	15	1	0	28	4030
2.142	1	0	0	1	214	6	0	11	1	13	0	2	0	114
2.142	1	0	0	5	214	6	0	12	1	12	0	1	0	114
2.143	1	0	0	1	214	7	0	1	1	11	1	0	0	114
2.143	1	0	0	5	214	7	0	2	11	11	0	1	0	1286
2.143	3	0	0	3	214	7	0	11	2	15	1	0	11	1928
2.144	1	0	0	5	214	8	0	1	6	13	0	1	0	700
2.144	1	0	0	1	214	8	0	7	6	15	0	1	0	700
2.145	1	0	0	5	214	9	0	1	6	15	0	1	0	700
2.145	1	0	0	1	214	9	0	7	6	14	0	1	0	700
2.146	1	0	0	1	215	0	0	1	11	12	1	0	0	1286
2.146	1	0	0	5	215	0	0	12	1	14	1	0	0	114
2.147	1	0	0	1	215	1	0	10	3	13	1	0	0	348
2.147	3	0	0	2	215	1	0	12	1	15	1	0	28	4030
2.148	1	0	0	5	215	2	0	11	1	12	1	0	0	114
2.148	1	0	0	1	215	2	0	12	1	11	0	1	0	114
2.149	1	0	0	5	215	3	0	12	1	13	1	0	0	114
2.149	3	0	0	3	215	3	0	12	1	15	1	0	11	964
2.15	1	0	0	1	215	4	0	10	2	15	1	0	0	231
2.15	1	0	0	5	215	4	0	12	1	15	1	0	0	114
2.151	1	0	0	5	215	5	0	1	1	14	0	1	0	114
2.151	1	0	0	1	215	5	0	2	11	12	0	1	0	1286
2.152	1	0	0	1	215	6	0	10	3	13	0	1	0	348
2.153	1	0	0	1	215	7	0	9	2	14	1	0	0	231
2.153	1	0	0	5	215	7	0	11	1	12	0	1	0	114
2.153	3	0	0	2	215	7	0	12	1	15	1	0	28	4030
2.154	1	0	0	5	215	8	0	12	1	13	0	1	0	114
2.155	1	0	0	5	215	9	0	10	1	15	0	1	0	114
2.155	1	0	0	1	215	9	0	11	2	15	0	1	0	231
2.156	1	0	0	1	216	0	0	10	1	12	1	0	0	114
2.156	1	0	0	5	216	0	0	11	1	14	0	2	0	114
2.156	3	0	0	3	216	0	0	12	1	15	1	0	11	964
2.157	1	0	0	1	216	1	0	1	12	13	1	0	0	1404
2.158	1	0	0	5	216	2	0	1	10	12	1	0	0	1169
2.158	1	0	0	1	216	2	0	11	2	14	0	1	0	231
2.159	1	0	0	1	216	3	0	1	9	11	1	0	0	1052
2.159	1	0	0	5	216	3	0	10	3	13	1	0	0	348
2.159	3	0	0	2	216	3	0	10	2	15	1	0	28	8060
2.16	1	0	0	1	216	4	0	1	4	15	1	0	0	466
2.16	1	0	0	5	216	4	0	5	8	15	1	0	0	935
2.161	1	0	0	5	216	5	0	1	11	14	1	0	0	1286
2.161	1	0	0	1	216	5	0	12	1	12	0	1	0	114
2.162	1	0	0	1	216	6	0	1	12	13	0	1	0	1404
2.162	3	0	0	3	216	6	0	12	1	15	1	0	11	964
2.163	1	0	0	1	216	7	0	2	1	14	1	0	0	114
2.163	1	0	0	5	216	7	0	3	10	12	0	1	0	1169
2.164	1	0	0	5	216	8	0	1	3	13	0	1	0	348
2.164	1	0	0	1	216	8	0	4	9	11	0	1	0	1052
2.165	1	0	0	5	216	9	0	1	8	15	0	1	0	935
2.165	1	0	0	1	216	9	0	9	4	15	0	1	0	466
2.166	1	0	0	1	217	0	0	1	1	12	1	0	0	114
2.166	1	0	0	5	217	0	0	2	11	14	0	1	0	1286
2.167	1	0	0	5	217	1	0	1	12	11	1	0	0	1404
2.167	3	0	0	2	217	1	0	12	1	15	1	0	28	4030
2.168	1	0	0	5	217	2	0	10	2	12	1	0	0	231
2.168	1	0	0	1	217	2	0	12	1	14	0	1	0	114
2.168	3	0	0	3	217	2	0	11	2	15	1	0	11	1928
2.169	1	0	0	5	217	3	0	10	3	13	1	0	0	348
2.17	1	0	0	5	217	4	0	5	8	15	0	2	0	935
2.171	1	0	0	1	217	5	0	12	1	12	0	1	0	114
2.172	1	0	0	5	217	6	0	9	3	14	1	0	0	348
2.173	1	0	0	5	217	7	0	1	12	11	0	1	0	1404
2.173	3	0	0	2	217	7	0	11	2	15	1	0	28	8060
2.174	1	0	0	5	217	8	0	10	3	13	0	1	0	348
2.174	3	0	0	3	217	8	0	12	1	15	1	0	11	964
2.175	1	0	0	5	217	9	0	12	1	15	1	0	0	114
2.176	1	0	0	1	218	0	0	1	1	15	1	0	0	114
2.176	1	0	0	5	218	0	0	2	11	10	1	0	0	1286
2.177	1	0	0	1	218	1	0	1	9	14	1	0	0	1052
2.177	1	0	0	5	218	1	0	10	3	14	0	1	0	348
2.178	1	0	0	1	218	2	0	2	9	13	1	0	0	1052
2.178	1	0	0	5	218	2	0	11	2	11	1	0	0	231
2.179	1	0	0	5	218	3	0	4	9	13	1	0	0	1052
2.18	1	0	0	5	218	4	0	12	1	15	0	1	0	114
2.18	3	0	0	3	218	4	0	11	2	15	1	0	11	1928
2.181	1	0	0	5	218	5	0	1	11	10	0	1	0	1286
2.181	1	0	0	1	218	5	0	12	1	15	0	1	0	114
2.181	3	0	0	2	218	5	0	12	1	15	1	0	28	4030
2.182	1	0	0	5	218	6	0	1	3	14	1	0	0	348
2.182	1	0	0	1	218	6	0	4	9	14	0	1	0	1052
2.183	1	0	0	5	218	7	0	2	2	11	0	1	0	231
2.183	1	0	0	1	218	7	0	4	9	13	0	1	0	1052
2.184	1	0	0	5	218	8	0	4	9	13	0	1	0	1052
2.185	1	0	0	5	218	9	0	4	9	15	1	0	0	1052
2.186	1	0	0	2	219	0	0	12	1	15	1	0	3	216
2.186	3	0	0	3	219	0	0	12	1	15	1	0	11	964
2.187	1	0	0	1	219	1	0	1	9	15	1	0	0	1052
2.187	1	0	0	5	219	1	0	10	3	14	0	1	0	348
2.187	3	0	0	2	219	1	0	12	1	15	1	0	28	4030
2.188	1	0	0	1	219	2	0	1	12	14	1	0	0	1404
2.189	1	0	0	1	219	3	0	1	11	13	1	0	0	1286
2.189	1	0	0	5	219	3	0	12	1	13	1	0	0	114
2.19	1	0	0	1	219	4	0	1	3	12	1	0	0	348
2.19	1	0	0	5	219	4	0	4	9	15	0	1	0	1052
2.191	1	0	0	1	219	5	0	1	6	11	1	0	0	700
2.191	1	0	0	5	219	5	0	7	6	12	1	0	0	700
2.192	1	0	0	2	219	6	0	1	2	15	1	0	4	553
2.192	1	0	0	1	219	6	0	3	9	15	0	1	0	1052
2.192	3	0	0	3	219	6	0	12	1	15	1	0	11	964
2.193	1	0	0	1	219	7	0	1	12	14	0	1	0	1404
2.193	3	0	0	2	219	7	0	11	2	15	1	0	28	8060
2.194	1	0	0	5	219	8	0	1	1	13	0	1	0	114
2.194	1	0	0	1	219	8	0	2	11	13	0	1	0	1286
2.195	1	0	0	2	219	9	0	1	4	14	1	0	4	1110
2.195	1	0	0	5	219	9	0	5	5	15	1	0	0	583
2.195	1	0	0	1	219	9	0	10	3	12	0	1	0	348
2.196	1	0	0	5	220	0	0	3	4	14	1	0	0	466
2.196	1	0	0	1	220	0	0	7	6	11	0	1	0	700
2.197	1	0	0	2	220	1	0	1	3	15	1	0	4	832
2.197	1	0	0	5	220	1	0	4	9	12	1	0	0	1052
2.198	3	0	0	3	220	2	0	11	2	15	1	0	11	1928
2.199	1	0	0	5	220	3	0	12	1	13	0	2	0	114
2.2	1	0	0	5	220	4	0	8	5	15	0	1	0	583
2.201	1	0	0	5	220	5	0	9	4	14	0	1	0	466
2.201	3	0	0	2	220	5	0	12	1	15	1	0	28	4030
2.202	1	0	0	5	220	6	0	4	9	12	0	1	0	1052
2.204	1	0	0	5	220	8	0	12	1	13	1	0	0	114
2.204	3	0	0	3	220	8	0	11	1	15	1	0	11	964
2.205	1	0	0	5	220	9	0	1	12	15	1	0	0	1404
2.206	1	0	0	5	221	0	0	9	4	14	0	2	0	466
2.207	1	0	0	5	221	1	0	3	9	12	0	2	0	1052
2.207	3	0	0	2	221	1	0	12	1	15	1	0	28	4030
2.208	1	0	0	2	221	2	0	1	1	15	1	0	4	275
2.208	1	0	0	5	221	2	0	2	11	11	1	0	0	1286
2.209	1	0	0	1	221	3	0	11	1	15	1	0	0	114
2.209	1	0	0	5	221	3	0	12	1	13	0	1	0	114
2.209	3	0	0	3	221	3	0	11	2	15	1	0	11	1928
2.21	1	0	0	5	221	4	0	1	12	15	0	1	0	1404
2.211	1	0	0	5	221	5	0	12	1	14	1	0	0	114
2.212	1	0	0	5	221	6	0	1	12	12	1	0	0	1404
2.213	1	0	0	2	221	7	0	1	1	15	1	0	4	275
2.213	1	0	0	5	221	7	0	2	11	11	0	1	0	1286
2.213	3	0	0	2	221	7	0	11	2	15	1	0	28	8060
2.214	1	0	0	2	221	8	0	1	10	14	1	0	4	2775
2.214	1	0	0	5	221	8	0	11	1	13	0	2	0	114
2.214	1	0	0	1	221	8	0	12	1	15	0	1	0	114
2.215	1	0	0	5	221	9	0	12	1	15	1	0	0	114
2.216	1	0	0	5	222	0	0	12	1	14	0	1	0	114
2.216	3	0	0	3	222	0	0	12	1	15	1	0	11	964
2.217	1	0	0	5	222	1	0	1	12	12	0	1	0	1404
2.218	1	0	0	5	222	2	0	9	2	10	1	0	0	231
2.218	1	0	0	2	222	2	0	11	1	15	0	1	4	275
2.219	1	0	0	5	222	3	0	2	11	11	0	2	0	1286
2.22	1	0	0	1	222	4	0	1	11	15	1	0	0	1286
2.22	1	0	0	5	222	4	0	12	1	15	0	1	0	114
2.221	1	0	0	1	222	5	0	1	11	14	1	0	0	1286
2.221	1	0	0	5	222	5	0	12	1	14	1	0	0	114
2.221	3	0	0	2	222	5	0	12	1	15	1	0	28	4030
2.222	1	0	0	5	222	6	0	1	12	12	0	2	0	1404
2.222	3	0	0	3	222	6	0	12	1	15	1	0	11	964
2.223	1	0	0	1	222	7	0	1	10	13	1	0	0	1169
2.223	1	0	0	5	222	7	0	11	2	10	0	1	0	231
2.224	1	0	0	1	222	8	0	1	6	12	1	0	0	700
2.224	1	0	0	5	222	8	0	7	6	13	1	0	0	700
2.225	1	0	0	5	222	9	0	1	1	15	0	2	0	114
2.225	1	0	0	1	222	9	0	2	11	15	0	1	0	1286
2.226	1	0	0	5	223	0	0	1	1	14	0	1	0	114
2.226	1	0	0	1	223	0	0	2	11	14	0	1	0	1286
2.227	1	0	0	1	223	1	0	1	6	11	1	0	0	700
2.227	1	0	0	5	223	1	0	7	6	12	1	0	0	700
2.227	3	0	0	2	223	1	0	12	1	15	1	0	28	4030
2.228	1	0	0	5	223	2	0	1	2	11	1	0	0	231
2.228	1	0	0	1	223	2	0	3	10	13	0	1	0	1169
2.228	3	0	0	3	223	2	0	11	2	15	1	0	11	1928
2.229	1	0	0	5	223	3	0	1	6	13	0	1	0	700
2.229	1	0	0	1	223	3	0	7	6	12	0	1	0	700
2.23	1	0	0	1	223	4	0	1	3	15	1	0	0	348
2.23	1	0	0	5	223	4	0	4	9	15	1	0	0	1052
2.231	1	0	0	5	223	5	0	12	1	14	0	2	0	114
2.232	1	0	0	5	223	6	0	1	6	12	0	1	0	700
2.232	1	0	0	1	223	6	0	7	6	11	0	1	0	700
2.233	1	0	0	5	223	7	0	10	2	11	0	1	0	231
2.233	3	0	0	2	223	7	0	12	1	15	1	0	28	4030
2.234	1	0	0	5	223	8	0	7	6	13	0	2	0	700
2.234	3	0	0	3	223	8	0	12	1	15	1	0	11	964
2.235	1	0	0	5	223	9	0	1	9	15	0	1	0	1052
2.235	1	0	0	1	223	9	0	10	3	15	0	1	0	348
2.236	1	0	0	5	224	0	0	3	9	14	1	0	0	1052
2.237	1	0	0	5	224	1	0	7	6	12	0	2	0	700
2.238	1	0	0	5	224	2	0	11	2	11	0	2	0	231
2.239	1	0	0	2	224	3	0	1	1	15	1	0	4	275
2.239	1	0	0	5	224	3	0	2	11	13	1	0	0	1286
2.239	3	0	0	2	224	3	0	11	1	15	1	0	28	4030
2.24	1	0	0	5	224	4	0	4	9	15	0	2	0	1052
2.24	3	0	0	3	224	4	0	11	2	15	1	0	11	1928
2.241	1	0	0	5	224	5	0	4	9	14	0	1	0	1052
2.242	1	0	0	5	224	6	0	1	12	12	1	0	0	1404
2.243	1	0	0	5	224	7	0	1	12	11	1	0	0	1404
2.244	1	0	0	5	224	8	0	1	11	13	0	1	0	1286
2.244	1	0	0	2	224	8	0	12	1	15	0	1	4	275
2.245	1	0	0	5	224	9	0	1	12	15	1	0	0	1404
2.246	1	0	0	1	225	0	0	3	1	15	1	0	0	114
2.246	1	0	0	5	225	0	0	4	9	14	0	2	0	1052
2.246	3	0	0	3	225	0	0	12	1	15	1	0	11	964
2.247	1	0	0	5	225	1	0	1	12	12	0	1	0	1404
2.247	3	0	0	2	225	1	0	12	1	15	1	0	28	4030
2.248	1	0	0	5	225	2	0	1	12	11	0	1	0	1404
2.249	1	0	0	5	225	3	0	2	11	13	0	2	0	1286
2.25	1	0	0	5	225	4	0	1	12	15	0	1	0	1404
2.251	1	0	0	2	225	5	0	1	10	15	1	0	3	2192
2.251	1	0	0	5	225	5	0	11	1	14	1	0	0	114
2.251	1	0	0	1	225	5	0	12	1	15	0	1	0	114
2.252	1	0	0	2	225	6	0	1	11	14	1	0	3	2409
2.252	3	0	0	3	225	6	0	11	1	15	1	0	11	964
2.253	1	0	0	5	225	7	0	1	12	12	0	2	0	1404
2.253	3	0	0	2	225	7	0	12	1	15	1	0	28	4030
2.254	1	0	0	2	225	8	0	9	4	13	1	0	3	876
2.255	1	0	0	5	225	9	0	1	12	15	0	2	0	1404
2.256	1	0	0	2	226	0	0	2	10	15	1	0	3	2192
2.256	1	0	0	5	226	0	0	12	1	14	0	1	0	114
2.257	1	0	0	1	226	1	0	1	11	15	1	0	0	1286
2.257	1	0	0	5	226	1	0	12	1	13	1	0	0	114
2.257	3	0	0	3	226	1	0	11	2	15	1	0	11	1928
2.258	1	0	0	1	226	2	0	1	12	14	1	0	0	1404
2.259	1	0	0	1	226	3	0	1	6	13	1	0	0	700
2.259	1	0	0	5	226	3	0	7	6	12	1	0	0	700
2.26	1	0	0	1	226	4	0	1	5	12	1	0	0	583
2.26	1	0	0	5	226	4	0	6	7	15	1	0	0	817
2.261	1	0	0	5	226	5	0	12	1	14	0	2	0	114
2.261	3	0	0	2	226	5	0	12	1	15	1	0	28	4030
2.262	1	0	0	5	226	6	0	1	1	13	0	1	0	114
2.262	1	0	0	1	226	6	0	2	11	15	0	1	0	1286
2.263	1	0	0	1	226	7	0	1	12	14	0	1	0	1404
2.263	3	0	0	3	226	7	0	12	1	15	1	0	11	964
2.264	1	0	0	5	226	8	0	1	6	12	0	1	0	700
2.264	1	0	0	1	226	8	0	7	6	13	0	1	0	700
2.265	1	0	0	5	226	9	0	1	7	15	0	1	0	817
2.265	1	0	0	1	226	9	0	8	5	12	0	1	0	583
2.266	1	0	0	2	227	0	0	1	1	15	1	0	3	216
2.266	1	0	0	5	227	0	0	2	11	14	1	0	0	1286
2.267	1	0	0	5	227	1	0	12	1	13	0	2	0	114
2.267	3	0	0	2	227	1	0	12	1	15	1	0	28	4030
2.268	1	0	0	5	227	2	0	1	12	11	1	0	0	1404
2.269	1	0	0	5	227	3	0	7	6	12	0	2	0	700
2.269	3	0	0	3	227	3	0	11	2	15	1	0	11	1928
2.27	1	0	0	5	227	4	0	6	7	15	0	2	0	817
2.271	1	0	0	2	227	5	0	1	1	15	1	0	3	216
2.271	1	0	0	5	227	5	0	2	11	14	0	1	0	1286
2.272	1	0	0	2	227	6	0	1	11	14	1	0	3	2409
2.273	1	0	0	2	227	7	0	1	6	13	1	0	3	1316
2.273	1	0	0	5	227	7	0	7	6	13	1	0	0	700
2.273	3	0	0	2	227	7	0	12	1	15	1	0	28	4030
2.274	1	0	0	2	227	8	0	1	12	12	1	0	3	2629
2.275	1	0	0	2	227	9	0	8	5	11	1	0	3	1096
2.276	1	0	0	2	228	0	0	1	1	15	1	0	3	216
2.276	1	0	0	5	228	0	0	2	11	14	0	2	0	1286
2.276	3	0	0	3	228	0	0	12	1	15	1	0	11	964
2.277	1	0	0	2	228	1	0	1	12	14	1	0	3	2629
2.278	1	0	0	2	228	2	0	1	6	13	1	0	3	1316
2.278	1	0	0	5	228	2	0	7	6	13	0	1	0	700
2.279	1	0	0	2	228	3	0	8	4	12	1	0	3	876
2.279	1	0	0	5	228	3	0	12	1	15	1	0	0	114
2.279	3	0	0	2	228	3	0	12	1	15	1	0	28	4030
2.282	1	0	0	5	228	6	0	4	9	14	1	0	0	1052
2.282	3	0	0	3	228	6	0	12	1	15	1	0	11	964
2.283	1	0	0	5	228	7	0	7	6	13	0	2	0	700
2.284	1	0	0	3	228	8	0	11	1	15	1	0	5	348
2.284	1	0	0	5	228	8	0	12	1	15	0	1	0	114
2.287	1	0	0	1	229	1	0	2	1	15	1	0	0	114
2.287	1	0	0	5	229	1	0	3	9	14	0	1	0	1052
2.287	3	0	0	2	229	1	0	12	1	15	1	0	28	4030
2.288	1	0	0	2	229	2	0	12	1	15	1	0	3	216
2.288	3	0	0	3	229	2	0	11	2	15	1	0	11	1928
2.289	1	0	0	3	229	3	0	9	3	15	1	0	7	1620
2.289	1	0	0	5	229	3	0	12	1	15	0	2	0	114
2.29	1	0	0	5	229	4	0	4	9	13	1	0	0	1052
2.292	1	0	0	5	229	6	0	3	9	14	0	2	0	1052
2.292	1	0	0	1	229	6	0	12	1	15	0	1	0	114
2.293	3	0	0	2	229	7	0	12	1	15	1	0	28	4030
2.294	1	0	0	2	229	8	0	1	12	15	1	0	3	2629
2.294	3	0	0	3	229	8	0	12	1	15	1	0	11	964
2.295	1	0	0	2	229	9	0	1	3	14	1	0	3	656
2.295	1	0	0	5	229	9	0	4	9	13	0	1	0	1052
2.296	1	0	0	2	230	0	0	1	6	13	1	0	3	1316
2.296	1	0	0	5	230	0	0	7	6	15	1	0	0	700
2.297	1	0	0	2	230	1	0	1	6	12	1	0	3	1316
2.297	1	0	0	5	230	1	0	7	6	14	1	0	0	700
2.298	1	0	0	2	230	2	0	1	6	11	1	0	3	1316
2.298	1	0	0	5	230	2	0	7	5	12	1	0	0	583
2.299	1	0	0	1	230	3	0	1	5	15	1	0	0	583
2.299	1	0	0	2	230	3	0	6	5	15	1	0	3	1096
2.299	1	0	0	5	230	3	0	11	2	11	1	0	0	231
2.299	3	0	0	2	230	3	0	12	1	15	1	0	28	4030
2.3	1	0	0	1	230	4	0	1	2	14	1	0	0	231
2.3	1	0	0	2	230	4	0	3	1	14	1	0	3	216
2.3	1	0	0	5	230	4	0	4	9	13	0	2	0	1052
2.3	3	0	0	3	230	4	0	11	2	15	1	0	11	1928
2.301	1	0	0	1	230	5	0	1	3	13	1	0	0	348
2.301	1	0	0	2	230	5	0	4	3	13	1	0	3	656
2.301	1	0	0	5	230	5	0	7	6	15	0	1	0	700
2.302	1	0	0	1	230	6	0	1	3	12	1	0	0	348
2.302	1	0	0	2	230	6	0	4	3	12	1	0	3	656
2.302	1	0	0	5	230	6	0	7	6	14	0	1	0	700
2.303	1	0	0	1	230	7	0	1	4	11	1	0	0	466
2.303	1	0	0	2	230	7	0	5	3	11	1	0	3	656
2.303	1	0	0	5	230	7	0	8	5	12	0	1	0	583
2.304	1	0	0	2	230	8	0	4	2	15	1	0	3	436
2.304	1	0	0	5	230	8	0	6	2	11	0	1	0	231
2.304	1	0	0	1	230	8	0	8	5	15	0	1	0	583
2.305	1	0	0	2	230	9	0	10	1	14	1	0	3	216
2.305	1	0	0	1	230	9	0	11	2	14	0	1	0	231
2.305	3	0	0	2	230	9	0	12	1	15	1	0	28	4030
2.306	1	0	0	5	231	0	0	4	6	15	0	2	0	700
2.306	1	0	0	1	231	0	0	10	3	13	0	1	0	348
2.306	3	0	0	3	231	0	0	12	1	15	1	0	11	964
2.307	1	0	0	5	231	1	0	4	6	14	0	2	0	700
2.307	1	0	0	1	231	1	0	10	3	12	0	1	0	348
2.308	1	0	0	5	231	2	0	4	5	12	0	2	0	583
2.308	1	0	0	1	231	2	0	9	4	11	0	1	0	466
2.309	1	0	0	1	231	3	0	1	10	15	1	0	0	1169
2.309	1	0	0	5	231	3	0	11	2	11	0	2	0	231
2.31	1	0	0	1	231	4	0	1	6	14	1	0	0	700
2.31	1	0	0	5	231	4	0	7	6	13	1	0	0	700
2.311	1	0	0	1	231	5	0	1	6	13	1	0	0	700
2.311	1	0	0	5	231	5	0	7	6	15	1	0	0	700
2.311	3	0	0	2	231	5	0	12	1	15	1	0	28	4030
2.312	1	0	0	1	231	6	0	1	5	12	1	0	0	583
2.312	1	0	0	2	231	6	0	6	1	15	1	0	3	216
2.312	1	0	0	3	231	6	0	7	1	15	1	0	7	539
2.312	1	0	0	5	231	6	0	8	5	14	1	0	0	583
2.313	1	0	0	1	231	7	0	1	6	11	1	0	0	700
2.313	1	0	0	5	231	7	0	7	5	12	1	0	0	583
2.313	3	0	0	3	231	7	0	12	1	15	1	0	11	964
2.314	1	0	0	5	231	8	0	1	2	11	1	0	0	231
2.314	1	0	0	1	231	8	0	3	10	15	0	1	0	1169
2.315	1	0	0	5	231	9	0	1	6	13	0	1	0	700
2.315	1	0	0	1	231	9	0	7	6	14	0	1	0	700
2.316	1	0	0	5	232	0	0	1	5	10	1	0	0	583
2.316	1	0	0	1	232	0	0	6	6	13	0	1	0	700
2.317	1	0	0	3	232	1	0	1	1	15	1	0	7	539
2.317	1	0	0	1	232	1	0	2	5	12	0	1	0	583
2.317	1	0	0	5	232	1	0	7	6	15	0	1	0	700
2.318	1	0	0	3	232	2	0	1	1	14	1	0	7	539
2.318	1	0	0	1	232	2	0	2	6	11	0	1	0	700
2.318	1	0	0	5	232	2	0	8	5	14	0	1	0	583
2.319	1	0	0	1	232	3	0	1	2	15	1	0	0	231
2.319	1	0	0	2	232	3	0	3	2	15	1	0	3	436
2.319	1	0	0	3	232	3	0	5	1	13	1	0	7	539
2.319	1	0	0	5	232	3	0	6	2	11	0	1	0	231
2.319	1	0	0	5	232	3	0	8	5	12	0	1	0	583
2.319	3	0	0	2	232	3	0	10	1	15	1	0	28	4030
2.319	3	0	0	3	232	3	0	11	1	15	1	0	11	964
2.32	1	0	0	2	232	4	0	1	3	14	1	0	3	656
2.32	1	0	0	3	232	4	0	4	3	12	1	0	7	1620
2.32	1	0	0	5	232	4	0	7	6	13	0	2	0	700
2.321	1	0	0	2	232	5	0	1	7	13	1	0	3	1533
2.321	1	0	0	5	232	5	0	8	5	10	0	1	0	583
2.322	1	0	0	2	232	6	0	1	3	12	1	0	3	656
2.322	1	0	0	3	232	6	0	4	3	15	1	0	6	1316
2.322	1	0	0	5	232	6	0	7	6	15	0	2	0	700
2.323	1	0	0	2	232	7	0	1	4	11	1	0	3	876
2.323	1	0	0	3	232	7	0	5	3	14	1	0	7	1620
2.323	1	0	0	5	232	7	0	8	5	14	0	2	0	583
2.324	1	0	0	2	232	8	0	1	6	15	1	0	3	1316
2.324	1	0	0	3	232	8	0	7	2	13	1	0	7	1081
2.324	1	0	0	5	232	8	0	9	2	11	0	2	0	231
2.324	1	0	0	1	232	8	0	11	2	15	0	1	0	231
2.324	3	0	0	2	232	8	0	11	1	15	1	0	28	4030
2.324	3	0	0	3	232	8	0	12	1	15	1	0	12	1081
2.325	1	0	0	2	232	9	0	1	6	14	1	0	3	1316
2.325	1	0	0	5	232	9	0	7	6	13	1	0	0	700
2.326	1	0	0	2	233	0	0	1	7	13	1	0	3	1533
2.326	1	0	0	5	233	0	0	8	5	10	0	2	0	583
2.327	1	0	0	2	233	1	0	1	6	12	1	0	3	1316
2.327	1	0	0	5	233	1	0	7	6	15	1	0	0	700
2.328	1	0	0	2	233	2	0	1	6	11	1	0	3	1316
2.328	1	0	0	5	233	2	0	7	6	14	1	0	0	700
2.329	1	0	0	2	233	3	0	1	6	15	1	0	3	1316
2.329	1	0	0	5	233	3	0	7	6	12	1	0	0	700
2.329	3	0	0	2	233	3	0	12	1	15	1	0	28	4030
2.33	1	0	0	2	233	4	0	1	6	14	1	0	3	1316
2.33	1	0	0	5	233	4	0	7	6	13	0	1	0	700
2.33	3	0	0	3	233	4	0	11	2	15	1	0	12	2163
2.331	1	0	0	2	233	5	0	1	6	13	1	0	4	1664
2.331	1	0	0	5	233	5	0	7	6	11	1	0	0	700
2.332	1	0	0	2	233	6	0	4	2	12	1	0	4	553
2.332	1	0	0	5	233	6	0	6	6	15	0	1	0	700
2.333	1	0	0	5	233	7	0	7	6	14	0	1	0	700
2.334	1	0	0	5	233	8	0	7	6	12	0	1	0	700
2.335	1	0	0	5	233	9	0	7	6	13	0	2	0	700
2.335	3	0	0	2	233	9	0	12	1	15	1	0	28	4030
2.336	1	0	0	5	234	0	0	7	6	11	0	1	0	700
2.336	3	0	0	3	234	0	0	12	1	15	1	0	12	1081
2.337	1	0	0	5	234	1	0	7	6	15	0	2	0	700
2.338	1	0	0	5	234	2	0	7	6	14	0	2	0	700
2.339	1	0	0	5	234	3	0	7	6	12	0	2	0	700
2.34	1	0	0	2	234	4	0	10	1	15	1	0	3	216
2.34	1	0	0	3	234	4	0	11	1	15	1	0	7	539
2.34	1	0	0	5	234	4	0	12	1	13	1	0	0	114
2.341	1	0	0	5	234	5	0	7	6	11	0	2	0	700
2.341	3	0	0	2	234	5	0	12	1	15	1	0	28	4030
2.342	1	0	0	5	234	6	0	1	12	15	1	0	0	1404
2.343	1	0	0	5	234	7	0	1	12	14	1	0	0	1404
2.343	3	0	0	3	234	7	0	12	1	15	1	0	12	1081
2.344	1	0	0	5	234	8	0	1	12	12	1	0	0	1404
2.345	1	0	0	1	234	9	0	1	1	15	1	0	0	114
2.345	1	0	0	2	234	9	0	2	5	15	1	0	3	1096
2.345	1	0	0	3	234	9	0	7	5	15	1	0	7	2702
2.345	1	0	0	5	234	9	0	12	1	13	0	1	0	114
2.346	1	0	0	2	235	0	0	1	4	14	1	0	3	876
2.346	1	0	0	3	235	0	0	5	3	14	1	0	7	1620
2.346	1	0	0	5	235	0	0	8	5	11	1	0	0	583
2.347	1	0	0	5	235	1	0	1	12	15	0	1	0	1404
2.347	3	0	0	2	235	1	0	12	1	15	1	0	28	4030
2.348	1	0	0	5	235	2	0	1	12	14	0	1	0	1404
2.349	1	0	0	5	235	3	0	1	12	12	0	1	0	1404
2.349	3	0	0	3	235	3	0	12	1	15	1	0	12	1081
2.35	1	0	0	2	235	4	0	1	7	15	1	0	3	1533
2.35	1	0	0	3	235	4	0	8	3	15	1	0	7	1620
2.35	1	0	0	5	235	4	0	11	1	13	0	2	0	114
2.35	1	0	0	1	235	4	0	12	1	15	0	1	0	114
2.351	1	0	0	2	235	5	0	1	7	14	1	0	3	1533
2.351	1	0	0	5	235	5	0	8	5	11	0	1	0	583
2.352	1	0	0	2	235	6	0	1	11	13	1	0	3	2409
2.353	1	0	0	5	235	7	0	1	12	15	0	2	0	1404
2.353	3	0	0	2	235	7	0	12	1	15	1	0	28	4030
2.354	1	0	0	5	235	8	0	1	12	12	0	2	0	1404
2.355	1	0	0	2	235	9	0	1	11	15	1	0	4	3054
2.355	1	0	0	5	235	9	0	12	1	13	1	0	0	114
2.355	3	0	0	3	235	9	0	12	1	15	1	0	12	1081
2.356	1	0	0	1	236	0	0	1	4	15	1	0	0	466
2.356	1	0	0	2	236	0	0	5	3	14	1	0	4	832
2.356	1	0	0	5	236	0	0	8	5	11	0	2	0	583
2.357	1	0	0	1	236	1	0	1	6	14	1	0	0	700
2.357	1	0	0	2	236	1	0	7	6	13	1	0	4	1664
2.358	1	0	0	1	236	2	0	1	7	13	1	0	0	817
2.358	1	0	0	2	236	2	0	8	5	12	1	0	4	1389
2.359	1	0	0	1	236	3	0	1	6	12	1	0	0	700
2.359	1	0	0	5	236	3	0	7	6	15	1	0	0	700
2.359	3	0	0	2	236	3	0	12	1	15	1	0	28	4030
2.36	1	0	0	1	236	4	0	1	11	11	1	0	0	1286
2.36	1	0	0	5	236	4	0	12	1	13	0	1	0	114
2.361	1	0	0	5	236	5	0	1	8	12	1	0	0	935
2.361	1	0	0	1	236	5	0	9	4	15	0	1	0	466
2.361	3	0	0	3	236	5	0	11	2	15	1	0	12	2163
2.362	1	0	0	5	236	6	0	1	6	11	1	0	0	700
2.362	1	0	0	1	236	6	0	7	6	14	0	1	0	700
2.363	1	0	0	5	236	7	0	1	5	10	1	0	0	583
2.363	1	0	0	1	236	7	0	6	7	13	0	1	0	817
2.364	1	0	0	5	236	8	0	1	6	15	0	1	0	700
2.364	1	0	0	1	236	8	0	7	6	12	0	1	0	700
2.365	1	0	0	5	236	9	0	1	1	13	0	2	0	114
2.365	1	0	0	1	236	9	0	2	11	11	0	1	0	1286
2.365	3	0	0	2	236	9	0	12	1	15	1	0	28	4030
2.366	1	0	0	1	237	0	0	1	4	15	1	0	0	466
2.366	1	0	0	5	237	0	0	5	8	12	0	1	0	935
2.367	1	0	0	1	237	1	0	2	4	14	1	0	0	466
2.367	1	0	0	5	237	1	0	6	6	11	0	1	0	700
2.367	3	0	0	3	237	1	0	12	1	15	1	0	12	1081
2.368	1	0	0	1	237	2	0	4	4	13	1	0	0	466
2.368	1	0	0	5	237	2	0	8	5	10	0	1	0	583
2.369	1	0	0	1	237	3	0	3	4	12	1	0	0	466
2.369	1	0	0	5	237	3	0	7	6	15	0	2	0	700
2.37	1	0	0	1	237	4	0	1	4	11	1	0	0	466
2.37	1	0	0	5	237	4	0	5	8	14	1	0	0	935
2.371	1	0	0	5	237	5	0	1	8	12	0	2	0	935
2.371	1	0	0	1	237	5	0	9	4	15	0	1	0	466
2.371	3	0	0	2	237	5	0	11	2	15	1	0	28	8060
2.372	1	0	0	5	237	6	0	3	6	11	0	2	0	700
2.372	1	0	0	1	237	6	0	9	4	14	0	1	0	466
2.373	1	0	0	5	237	7	0	4	5	10	0	2	0	583
2.373	1	0	0	1	237	7	0	9	4	13	0	1	0	466
2.373	3	0	0	3	237	7	0	12	1	15	1	0	12	1081
2.374	1	0	0	5	237	8	0	4	5	15	1	0	0	583
2.374	1	0	0	1	237	8	0	9	4	12	0	1	0	466
2.375	1	0	0	3	237	9	0	1	1	15	1	0	7	539
2.375	1	0	0	5	237	9	0	2	7	14	1	0	0	817
2.375	1	0	0	1	237	9	0	9	4	11	0	1	0	466
2.376	1	0	0	1	238	0	0	1	4	15	1	0	0	466
2.376	1	0	0	2	238	0	0	5	1	15	1	0	3	216
2.376	1	0	0	5	238	0	0	6	7	13	1	0	0	817
2.377	1	0	0	5	238	1	0	1	12	12	1	0	0	1404
2.378	1	0	0	5	238	2	0	1	11	11	1	0	0	1286
2.379	1	0	0	5	238	3	0	8	5	15	0	1	0	583
2.379	3	0	0	2	238	3	0	12	1	15	1	0	28	4030
2.38	1	0	0	3	238	4	0	1	5	15	1	0	7	2702
2.38	1	0	0	5	238	4	0	6	7	14	0	1	0	817
2.38	3	0	0	3	238	4	0	12	1	15	1	0	12	1081
2.381	1	0	0	3	238	5	0	1	1	14	1	0	7	539
2.381	1	0	0	5	238	5	0	2	7	13	0	1	0	817
2.381	1	0	0	1	238	5	0	9	4	15	0	1	0	466
2.382	1	0	0	5	238	6	0	1	12	12	0	1	0	1404
2.383	1	0	0	3	238	7	0	1	1	13	1	0	7	539
2.383	1	0	0	5	238	7	0	2	11	11	0	1	0	1286
2.384	1	0	0	2	238	8	0	1	4	15	1	0	3	876
2.384	1	0	0	3	238	8	0	5	3	12	1	0	7	1620
2.384	1	0	0	5	238	8	0	8	5	15	0	2	0	583
2.385	1	0	0	2	238	9	0	1	2	14	1	0	3	436
2.385	1	0	0	3	238	9	0	3	3	15	1	0	7	1620
2.385	1	0	0	5	238	9	0	6	7	14	0	2	0	817
2.385	3	0	0	2	238	9	0	12	1	15	1	0	28	4030
2.386	1	0	0	2	239	0	0	1	2	13	1	0	3	436
2.386	1	0	0	3	239	0	0	3	3	14	1	0	7	1620
2.386	1	0	0	5	239	0	0	6	7	13	0	2	0	817
2.386	3	0	0	3	239	0	0	12	1	15	1	0	12	1081
2.387	1	0	0	5	239	1	0	1	12	12	0	2	0	1404
2.388	1	0	0	3	239	2	0	1	1	13	1	0	7	539
2.388	1	0	0	5	239	2	0	2	11	11	0	2	0	1286
2.389	1	0	0	1	239	3	0	1	1	15	1	0	0	114
2.389	1	0	0	2	239	3	0	2	10	15	1	0	3	2192
2.389	1	0	0	5	239	3	0	12	1	15	1	0	0	114
2.39	1	0	0	2	239	4	0	1	10	14	1	0	3	2192
2.39	1	0	0	5	239	4	0	11	2	14	1	0	0	231
2.391	1	0	0	2	239	5	0	1	6	13	1	0	3	1316
2.391	1	0	0	5	239	5	0	7	6	13	1	0	0	700
2.391	3	0	0	2	239	5	0	11	2	15	1	0	28	8060
2.392	1	0	0	2	239	6	0	1	6	12	1	0	3	1316
2.392	1	0	0	5	239	6	0	7	6	12	1	0	0	700
2.392	3	0	0	3	239	6	0	12	1	15	1	0	12	1081
2.393	1	0	0	2	239	7	0	1	6	11	1	0	3	1316
2.393	1	0	0	5	239	7	0	7	5	11	1	0	0	583
2.394	1	0	0	2	239	8	0	1	10	15	1	0	3	2192
2.394	1	0	0	5	239	8	0	11	1	15	0	1	0	114
2.394	1	0	0	1	239	8	0	12	1	15	0	1	0	114
2.395	1	0	0	2	239	9	0	1	10	14	1	0	4	2775
2.395	1	0	0	5	239	9	0	11	2	14	0	1	0	231
2.396	1	0	0	2	240	0	0	1	5	13	1	0	3	1096
2.396	1	0	0	5	240	0	0	6	6	13	0	1	0	700
2.397	1	0	0	5	240	1	0	7	6	12	0	1	0	700
2.397	3	0	0	2	240	1	0	12	1	15	1	0	28	4030
2.398	1	0	0	5	240	2	0	8	5	11	0	1	0	583
2.398	3	0	0	3	240	2	0	11	2	15	1	0	12	2163
2.399	1	0	0	5	240	3	0	12	1	15	0	2	0	114
2.4	1	0	0	1	240	4	0	1	10	15	1	0	0	1169
2.4	1	0	0	5	240	4	0	11	2	14	0	2	0	231
2.401	1	0	0	1	240	5	0	1	6	14	1	0	0	700
2.401	1	0	0	5	240	5	0	7	6	13	0	2	0	700
2.402	1	0	0	1	240	6	0	1	6	13	1	0	0	700
2.402	1	0	0	5	240	6	0	7	6	12	0	2	0	700
2.403	1	0	0	1	240	7	0	1	7	12	1	0	0	817
2.403	1	0	0	5	240	7	0	8	5	11	0	2	0	583
2.404	1	0	0	1	240	8	0	1	11	11	1	0	0	1286
2.404	1	0	0	5	240	8	0	12	1	15	1	0	0	114
2.404	3	0	0	3	240	8	0	12	1	15	1	0	12	1081
2.405	1	0	0	2	240	9	0	1	1	15	1	0	3	216
2.405	1	0	0	5	240	9	0	2	1	14	1	0	0	114
2.405	1	0	0	1	240	9	0	3	10	15	0	1	0	1169
2.405	3	0	0	2	240	9	0	12	1	15	1	0	28	4030
2.406	1	0	0	5	241	0	0	1	6	13	1	0	0	700
2.406	1	0	0	1	241	0	0	7	6	14	0	1	0	700
2.407	1	0	0	5	241	1	0	1	6	12	1	0	0	700
2.407	1	0	0	1	241	1	0	7	6	13	0	1	0	700
2.408	1	0	0	5	241	2	0	1	5	11	1	0	0	583
2.408	1	0	0	1	241	2	0	6	7	12	0	1	0	817
2.409	1	0	0	5	241	3	0	1	1	15	0	1	0	114
2.409	1	0	0	1	241	3	0	2	11	11	0	1	0	1286
2.41	1	0	0	1	241	4	0	1	6	15	1	0	0	700
2.41	1	0	0	2	241	4	0	7	5	15	1	0	4	1389
2.41	1	0	0	5	241	4	0	12	1	14	0	1	0	114
2.41	3	0	0	3	241	4	0	12	1	15	1	0	12	1081
2.411	1	0	0	1	241	5	0	1	3	14	1	0	0	348
2.411	1	0	0	2	241	5	0	4	3	14	1	0	4	832
2.411	1	0	0	5	241	5	0	7	6	13	0	1	0	700
2.411	3	0	0	2	241	5	0	11	2	15	1	0	28	8060
2.412	1	0	0	1	241	6	0	1	2	13	1	0	0	231
2.412	1	0	0	2	241	6	0	3	3	13	1	0	4	832
2.412	1	0	0	5	241	6	0	6	6	12	0	1	0	700
2.413	1	0	0	1	241	7	0	1	4	12	1	0	0	466
2.413	1	0	0	2	241	7	0	5	3	12	1	0	4	832
2.413	1	0	0	5	241	7	0	8	5	11	0	1	0	583
2.414	1	0	0	1	241	8	0	1	6	11	1	0	0	700
2.414	1	0	0	2	241	8	0	7	5	11	1	0	4	1389
2.414	1	0	0	5	241	8	0	12	1	15	0	2	0	114
2.415	1	0	0	2	241	9	0	1	5	15	1	0	4	1389
2.415	1	0	0	5	241	9	0	6	1	14	0	2	0	114
2.415	1	0	0	1	241	9	0	7	6	15	0	1	0	700
2.416	1	0	0	2	242	0	0	1	3	14	1	0	4	832
2.416	1	0	0	5	242	0	0	4	6	13	0	2	0	700
2.416	1	0	0	1	242	0	0	10	3	14	0	1	0	348
2.416	3	0	0	3	242	0	0	12	1	15	1	0	12	1081
2.417	1	0	0	2	242	1	0	1	4	13	1	0	4	1110
2.417	1	0	0	5	242	1	0	5	6	12	0	2	0	700
2.417	1	0	0	1	242	1	0	11	2	13	0	1	0	231
2.417	3	0	0	2	242	1	0	12	1	15	1	0	28	4030
2.418	1	0	0	2	242	2	0	1	3	12	1	0	4	832
2.418	1	0	0	5	242	2	0	4	5	11	0	2	0	583
2.418	1	0	0	1	242	2	0	9	4	12	0	1	0	466
2.419	1	0	0	2	242	3	0	1	2	11	1	0	4	553
2.419	1	0	0	4	242	3	0	3	1	15	1	0	0	114
2.419	1	0	0	5	242	3	0	4	3	15	1	0	0	348
2.419	1	0	0	1	242	3	0	7	6	11	0	1	0	700
2.42	1	0	0	1	242	4	0	1	4	15	1	0	0	466
2.42	1	0	0	2	242	4	0	5	4	15	1	0	4	1110
2.42	1	0	0	5	242	4	0	9	4	14	1	0	0	466
2.421	1	0	0	2	242	5	0	1	6	14	1	0	4	1664
2.421	1	0	0	5	242	5	0	7	6	13	1	0	0	700
2.422	1	0	0	2	242	6	0	1	6	13	1	0	4	1664
2.422	1	0	0	5	242	6	0	7	6	12	1	0	0	700
2.422	3	0	0	3	242	6	0	12	1	15	1	0	12	1081
2.423	1	0	0	2	242	7	0	1	3	12	1	0	4	832
2.423	1	0	0	5	242	7	0	4	9	11	1	0	0	1052
2.424	1	0	0	2	242	8	0	8	1	11	1	0	4	275
2.424	1	0	0	5	242	8	0	9	3	15	0	1	0	348
2.424	1	0	0	4	242	8	0	12	1	15	0	1	0	114
2.425	1	0	0	5	242	9	0	5	4	14	0	1	0	466
2.425	1	0	0	1	242	9	0	9	4	15	0	1	0	466
2.425	3	0	0	2	242	9	0	12	1	15	1	0	28	4030
2.426	1	0	0	5	243	0	0	7	6	13	0	1	0	700
2.427	1	0	0	5	243	1	0	7	6	12	0	1	0	700
2.428	1	0	0	5	243	2	0	4	9	11	0	1	0	1052
2.428	3	0	0	3	243	2	0	11	2	15	1	0	12	2163
2.429	1	0	0	5	243	3	0	10	3	15	0	2	0	348
2.43	1	0	0	4	243	4	0	1	8	15	1	0	0	935
2.43	1	0	0	5	243	4	0	9	4	14	0	2	0	466
2.431	1	0	0	4	243	5	0	1	5	14	1	0	0	583
2.431	1	0	0	5	243	5	0	6	7	13	1	0	0	817
2.431	3	0	0	2	243	5	0	11	2	15	1	0	28	8060
2.432	1	0	0	2	243	6	0	10	1	15	1	0	4	275
2.432	1	0	0	3	243	6	0	11	1	15	1	0	7	539
2.433	1	0	0	5	243	7	0	4	9	11	0	2	0	1052
2.434	1	0	0	5	243	8	0	1	12	15	1	0	0	1404
2.434	3	0	0	3	243	8	0	12	1	15	1	0	12	1081
2.435	1	0	0	4	243	9	0	1	5	15	1	0	0	583
2.435	1	0	0	5	243	9	0	6	7	14	1	0	0	817
2.436	1	0	0	5	244	0	0	6	7	13	0	1	0	817
2.437	1	0	0	1	244	1	0	1	1	15	1	0	0	114
2.437	1	0	0	2	244	1	0	2	4	15	1	0	3	876
2.437	1	0	0	3	244	1	0	6	4	15	1	0	7	2163
2.437	1	0	0	5	244	1	0	10	3	12	1	0	0	348
2.437	3	0	0	2	244	1	0	12	1	15	1	0	28	4030
2.438	1	0	0	2	244	2	0	1	4	14	1	0	3	876
2.438	1	0	0	3	244	2	0	5	4	14	1	0	7	2163
2.438	1	0	0	5	244	2	0	9	4	11	1	0	0	466
2.439	1	0	0	5	244	3	0	1	12	15	0	1	0	1404
2.44	1	0	0	2	244	4	0	1	2	13	1	0	3	436
2.44	1	0	0	3	244	4	0	3	3	13	1	0	7	1620
2.44	1	0	0	5	244	4	0	6	7	14	0	1	0	817
2.441	1	0	0	2	244	5	0	1	2	12	1	0	3	436
2.441	1	0	0	3	244	5	0	3	3	12	1	0	7	1620
2.441	1	0	0	5	244	5	0	6	7	13	0	2	0	817
2.441	3	0	0	3	244	5	0	12	1	15	1	0	12	1081
2.442	1	0	0	2	244	6	0	1	4	15	1	0	4	1110
2.442	1	0	0	3	244	6	0	5	4	15	1	0	7	2163
2.442	1	0	0	5	244	6	0	9	3	12	0	1	0	348
2.442	1	0	0	1	244	6	0	12	1	15	0	1	0	114
2.443	1	0	0	2	244	7	0	1	4	14	1	0	4	1110
2.443	1	0	0	3	244	7	0	5	4	14	1	0	7	2163
2.443	1	0	0	5	244	7	0	9	4	11	0	1	0	466
2.443	3	0	0	2	244	7	0	12	1	15	1	0	28	4030
2.444	1	0	0	5	244	8	0	1	12	15	0	2	0	1404
2.445	1	0	0	2	244	9	0	1	2	13	1	0	4	553
2.445	1	0	0	3	244	9	0	3	2	13	1	0	7	1081
2.445	1	0	0	4	244	9	0	5	1	15	1	0	0	114
2.445	1	0	0	5	244	9	0	6	7	14	0	2	0	817
2.446	1	0	0	2	245	0	0	1	9	12	1	0	4	2497
2.446	1	0	0	3	245	0	0	10	2	12	1	0	7	1081
2.446	1	0	0	5	245	0	0	12	1	13	1	0	0	114
2.447	1	0	0	5	245	1	0	9	3	12	0	2	0	348
2.447	3	0	0	3	245	1	0	12	1	15	1	0	12	1081
2.448	1	0	0	1	245	2	0	1	4	15	1	0	0	466
2.448	1	0	0	2	245	2	0	5	4	15	1	0	4	1110
2.448	1	0	0	5	245	2	0	9	4	11	0	2	0	466
2.449	1	0	0	1	245	3	0	1	6	14	1	0	0	700
2.449	1	0	0	5	245	3	0	7	6	15	1	0	0	700
2.449	3	0	0	2	245	3	0	11	2	15	1	0	28	8060
2.45	1	0	0	1	245	4	0	1	4	13	1	0	0	466
2.45	1	0	0	2	245	4	0	5	2	14	1	0	4	553
2.45	1	0	0	4	245	4	0	7	3	15	1	0	0	348
2.45	1	0	0	5	245	4	0	10	3	14	1	0	0	348
2.451	1	0	0	1	245	5	0	1	6	12	1	0	0	700
2.451	1	0	0	4	245	5	0	7	5	14	1	0	0	583
2.451	1	0	0	5	245	5	0	12	1	13	0	1	0	114
2.452	1	0	0	1	245	6	0	1	4	11	1	0	0	466
2.452	1	0	0	4	245	6	0	5	4	13	1	0	0	466
2.452	1	0	0	5	245	6	0	9	4	12	1	0	0	466
2.453	1	0	0	4	245	7	0	1	4	12	1	0	0	466
2.453	1	0	0	5	245	7	0	5	4	11	1	0	0	466
2.453	1	0	0	1	245	7	0	9	4	15	0	1	0	466
2.453	3	0	0	3	245	7	0	12	1	15	1	0	12	1081
2.454	1	0	0	5	245	8	0	1	6	15	0	1	0	700
2.454	1	0	0	1	245	8	0	7	6	14	0	1	0	700
2.455	1	0	0	2	245	9	0	1	1	15	1	0	4	275
2.455	1	0	0	3	245	9	0	2	1	15	1	0	7	539
2.455	1	0	0	5	245	9	0	3	3	14	0	1	0	348
2.455	1	0	0	4	245	9	0	6	3	15	0	1	0	348
2.455	1	0	0	1	245	9	0	9	4	13	0	1	0	466
2.455	3	0	0	2	245	9	0	12	1	15	1	0	28	4030
2.456	1	0	0	4	246	0	0	1	5	14	1	0	0	583
2.456	1	0	0	5	246	0	0	6	1	13	0	2	0	114
2.456	1	0	0	1	246	0	0	7	6	12	0	1	0	700
2.457	1	0	0	4	246	1	0	1	4	13	1	0	0	466
2.457	1	0	0	5	246	1	0	5	4	12	0	1	0	466
2.457	1	0	0	1	246	1	0	9	4	11	0	1	0	466
2.458	1	0	0	4	246	2	0	1	7	12	1	0	0	817
2.458	1	0	0	5	246	2	0	8	4	11	0	1	0	466
2.459	1	0	0	1	246	3	0	1	4	15	1	0	0	466
2.459	1	0	0	4	246	3	0	5	2	11	1	0	0	231
2.459	1	0	0	5	246	3	0	7	6	15	0	2	0	700
2.459	3	0	0	3	246	3	0	11	2	15	1	0	12	2163
2.46	1	0	0	1	246	4	0	1	2	14	1	0	0	231
2.46	1	0	0	2	246	4	0	3	2	15	1	0	3	436
2.46	1	0	0	3	246	4	0	5	2	15	1	0	7	1081
2.46	1	0	0	4	246	4	0	7	3	15	1	0	0	348
2.46	1	0	0	5	246	4	0	10	3	14	0	2	0	348
2.461	1	0	0	1	246	5	0	1	2	13	1	0	0	231
2.461	1	0	0	2	246	5	0	3	2	14	1	0	3	436
2.461	1	0	0	3	246	5	0	5	2	14	1	0	7	1081
2.461	1	0	0	4	246	5	0	7	3	14	1	0	0	348
2.461	1	0	0	5	246	5	0	10	3	13	1	0	0	348
2.462	1	0	0	1	246	6	0	1	2	12	1	0	0	231
2.462	1	0	0	2	246	6	0	3	3	13	1	0	3	656
2.462	1	0	0	3	246	6	0	6	3	13	1	0	7	1620
2.462	1	0	0	5	246	6	0	9	4	12	0	2	0	466
2.463	1	0	0	1	246	7	0	1	2	11	1	0	0	231
2.463	1	0	0	2	246	7	0	3	3	12	1	0	3	656
2.463	1	0	0	3	246	7	0	6	3	12	1	0	7	1620
2.463	1	0	0	5	246	7	0	9	4	11	0	2	0	466
2.463	3	0	0	2	246	7	0	12	1	15	1	0	28	4030
2.464	1	0	0	2	246	8	0	1	2	11	1	0	3	436
2.464	1	0	0	3	246	8	0	3	2	11	1	0	7	1081
2.464	1	0	0	5	246	8	0	5	2	15	1	0	0	231
2.464	1	0	0	4	246	8	0	7	2	11	0	1	0	231
2.464	1	0	0	1	246	8	0	9	4	15	0	1	0	466
2.465	1	0	0	2	246	9	0	1	4	15	1	0	4	1110
2.465	1	0	0	3	246	9	0	5	3	15	1	0	7	1620
2.465	1	0	0	5	246	9	0	8	3	14	1	0	0	348
2.465	1	0	0	1	246	9	0	11	2	14	0	1	0	231
2.465	3	0	0	3	246	9	0	12	1	15	1	0	12	1081
2.466	1	0	0	2	247	0	0	1	4	14	1	0	4	1110
2.466	1	0	0	3	247	0	0	5	3	14	1	0	7	1620
2.466	1	0	0	5	247	0	0	8	3	13	0	1	0	348
2.466	1	0	0	1	247	0	0	11	2	13	0	1	0	231
2.467	1	0	0	2	247	1	0	1	4	13	1	0	4	1110
2.467	1	0	0	3	247	1	0	5	3	13	1	0	7	1620
2.467	1	0	0	5	247	1	0	8	3	12	1	0	0	348
2.467	1	0	0	1	247	1	0	11	2	12	0	1	0	231
2.468	1	0	0	2	247	2	0	1	4	12	1	0	4	1110
2.468	1	0	0	3	247	2	0	5	3	12	1	0	7	1620
2.468	1	0	0	5	247	2	0	8	3	11	1	0	0	348
2.468	1	0	0	1	247	2	0	11	2	11	0	1	0	231
2.469	1	0	0	1	247	3	0	1	4	15	1	0	0	466
2.469	1	0	0	2	247	3	0	5	3	11	1	0	4	832
2.469	1	0	0	3	247	3	0	8	3	11	1	0	7	1620
2.469	1	0	0	5	247	3	0	11	2	15	0	1	0	231
2.469	3	0	0	2	247	3	0	12	1	15	1	0	28	4030
2.47	1	0	0	1	247	4	0	1	5	14	1	0	0	583
2.47	1	0	0	3	247	4	0	6	4	15	1	0	7	2163
2.47	1	0	0	5	247	4	0	10	3	14	0	1	0	348
2.471	1	0	0	1	247	5	0	1	9	13	1	0	0	1052
2.471	1	0	0	5	247	5	0	10	3	13	0	2	0	348
2.471	3	0	0	3	247	5	0	12	1	15	1	0	12	1081
2.472	1	0	0	1	247	6	0	1	9	12	1	0	0	1052
2.472	1	0	0	5	247	6	0	10	3	12	0	1	0	348
2.473	1	0	0	1	247	7	0	1	8	11	1	0	0	935
2.473	1	0	0	5	247	7	0	9	3	11	0	1	0	348
2.474	1	0	0	5	247	8	0	7	2	15	0	2	0	231
2.474	1	0	0	1	247	8	0	9	4	15	0	1	0	466
2.475	1	0	0	5	247	9	0	5	3	14	0	2	0	348
2.475	1	0	0	1	247	9	0	8	5	14	0	1	0	583
2.475	3	0	0	2	247	9	0	12	1	15	1	0	28	4030
2.476	1	0	0	5	248	0	0	1	2	13	1	0	0	231
2.476	1	0	0	1	248	0	0	3	9	13	0	1	0	1052
2.477	1	0	0	5	248	1	0	1	3	12	0	2	0	348
2.477	1	0	0	1	248	1	0	4	9	12	0	1	0	1052
2.477	3	0	0	3	248	1	0	12	1	15	1	0	12	1081
2.478	1	0	0	5	248	2	0	2	3	11	0	2	0	348
2.478	1	0	0	1	248	2	0	5	8	11	0	1	0	935
2.479	1	0	0	1	248	3	0	1	6	15	1	0	0	700
2.479	1	0	0	5	248	3	0	7	6	15	1	0	0	700
2.48	1	0	0	1	248	4	0	1	5	14	1	0	0	583
2.48	1	0	0	5	248	4	0	6	7	14	1	0	0	817
2.481	1	0	0	1	248	5	0	6	5	13	1	0	0	583
2.481	1	0	0	5	248	5	0	11	2	13	0	1	0	231
2.481	3	0	0	2	248	5	0	12	1	15	1	0	28	4030
2.482	1	0	0	2	248	6	0	1	1	15	1	0	4	275
2.482	1	0	0	3	248	6	0	2	1	15	1	0	7	539
2.482	1	0	0	4	248	6	0	3	1	15	1	0	0	114
2.482	1	0	0	5	248	6	0	4	9	12	1	0	0	1052
2.483	1	0	0	1	248	7	0	1	5	12	1	0	0	583
2.483	1	0	0	5	248	7	0	6	7	11	1	0	0	817
2.483	3	0	0	3	248	7	0	12	1	15	1	0	12	1081
2.484	1	0	0	5	248	8	0	1	6	15	0	1	0	700
2.484	1	0	0	1	248	8	0	7	6	15	0	1	0	700
2.484	3	0	0	1	248	8	0	12	1	15	1	0	8	641
2.485	1	0	0	5	248	9	0	1	7	14	0	1	0	817
2.485	1	0	0	1	248	9	0	8	5	14	0	1	0	583
2.486	1	0	0	5	249	0	0	6	2	13	0	2	0	231
2.486	1	0	0	1	249	0	0	8	5	13	0	1	0	583
2.487	1	0	0	2	249	1	0	1	1	15	1	0	4	275
2.487	1	0	0	3	249	1	0	2	1	15	1	0	7	539
2.487	1	0	0	5	249	1	0	3	9	12	0	1	0	1052
2.487	1	0	0	4	249	1	0	12	1	15	0	1	0	114
2.487	3	0	0	2	249	1	0	11	2	15	1	0	28	8060
2.488	1	0	0	5	249	2	0	1	7	11	0	1	0	817
2.488	1	0	0	1	249	2	0	8	5	12	0	1	0	583
2.489	1	0	0	1	249	3	0	1	1	15	1	0	0	114
2.489	1	0	0	2	249	3	0	2	2	14	1	0	4	553
2.489	1	0	0	3	249	3	0	4	3	14	1	0	7	1620
2.489	1	0	0	5	249	3	0	7	6	15	0	2	0	700
2.489	3	0	0	3	249	3	0	12	1	15	1	0	12	1081
2.49	1	0	0	1	249	4	0	1	2	14	1	0	0	231
2.49	1	0	0	2	249	4	0	3	2	13	1	0	4	553
2.49	1	0	0	3	249	4	0	5	1	13	1	0	7	539
2.49	1	0	0	5	249	4	0	6	7	14	0	2	0	817
2.49	3	0	0	1	249	4	0	11	2	15	1	0	9	1492
2.491	1	0	0	1	249	5	0	1	3	13	1	0	0	348
2.491	1	0	0	2	249	5	0	4	3	12	1	0	4	832
2.491	1	0	0	3	249	5	0	7	3	12	1	0	7	1620
2.491	1	0	0	5	249	5	0	10	3	13	1	0	0	348
2.492	1	0	0	1	249	6	0	1	1	11	1	0	0	114
2.492	1	0	0	2	249	6	0	2	1	15	1	0	4	275
2.492	1	0	0	5	249	6	0	3	9	12	0	2	0	1052
2.493	1	0	0	1	249	7	0	1	2	12	1	0	0	231
2.493	1	0	0	2	249	7	0	3	1	11	1	0	4	275
2.493	1	0	0	3	249	7	0	4	1	15	1	0	7	539
2.493	1	0	0	4	249	7	0	5	1	15	1	0	0	114
2.493	1	0	0	5	249	7	0	6	7	11	0	2	0	817
2.494	1	0	0	2	249	8	0	1	2	14	1	0	4	553
2.494	1	0	0	3	249	8	0	3	3	14	1	0	7	1620
2.494	1	0	0	4	249	8	0	6	3	14	1	0	0	348
2.494	1	0	0	5	249	8	0	9	3	15	1	0	0	348
2.494	1	0	0	1	249	8	0	12	1	15	0	1	0	114
2.495	1	0	0	2	249	9	0	1	2	13	1	0	4	553
2.495	1	0	0	3	249	9	0	3	2	13	1	0	7	1081
2.495	1	0	0	4	249	9	0	5	3	13	1	0	0	348
2.495	1	0	0	5	249	9	0	8	3	14	1	0	0	348
2.495	1	0	0	1	249	9	0	11	2	14	0	1	0	231
2.495	3	0	0	2	249	9	0	8	1	15	1	0	28	4030
2.495	3	0	0	3	249	9	0	9	2	15	1	0	12	2163
2.495	3	0	0	1	249	9	0	11	2	15	0	1	9	1492
2.496	1	0	0	2	250	0	0	1	2	12	1	0	4	553
2.496	1	0	0	3	250	0	0	3	2	12	1	0	7	1081
2.496	1	0	0	4	250	0	0	5	2	12	1	0	0	231
2.496	1	0	0	5	250	0	0	7	3	13	0	1	0	348
2.496	1	0	0	1	250	0	0	10	3	13	0	1	0	348
2.497	1	0	0	2	250	1	0	1	2	15	1	0	4	553
2.497	1	0	0	3	250	1	0	3	3	11	1	0	7	1620
2.497	1	0	0	4	250	1	0	6	3	11	1	0	0	348
2.497	1	0	0	5	250	1	0	9	3	12	1	0	0	348
2.497	1	0	0	1	250	1	0	12	1	11	0	1	0	114
2.498	1	0	0	2	250	2	0	1	2	11	1	0	4	553
2.498	1	0	0	3	250	2	0	3	2	15	1	0	7	1081
2.498	1	0	0	4	250	2	0	5	3	15	1	0	0	348
2.498	1	0	0	5	250	2	0	8	3	11	1	0	0	348
2.498	1	0	0	1	250	2	0	11	2	12	0	1	0	231
2.499	1	0	0	1	250	3	0	1	2	15	1	0	0	231
2.499	1	0	0	2	250	3	0	3	2	14	1	0	4	553
2.499	1	0	0	3	250	3	0	5	2	14	1	0	7	1081
2.499	1	0	0	4	250	3	0	7	3	14	1	0	0	348
2.499	1	0	0	5	250	3	0	10	3	15	0	1	0	348
2.5	1	0	0	1	250	4	0	1	2	14	1	0	0	231
2.5	1	0	0	2	250	4	0	3	2	13	1	0	4	553
2.5	1	0	0	3	250	4	0	5	2	13	1	0	7	1081
2.5	1	0	0	4	250	4	0	7	3	13	1	0	0	348
2.5	1	0	0	5	250	4	0	10	3	14	0	1	0	348
2.5	3	0	0	3	250	4	0	12	1	15	1	0	12	1081
2.501	1	0	0	1	250	5	0	1	4	13	1	0	0	466
2.501	1	0	0	2	250	5	0	5	3	12	1	0	4	832
2.501	1	0	0	5	250	5	0	8	3	13	1	0	0	348
2.501	1	0	0	4	250	5	0	11	2	12	0	1	0	231
2.501	3	0	0	2	250	5	0	12	1	15	1	0	28	4030
2.502	1	0	0	1	250	6	0	1	3	11	1	0	0	348
2.502	1	0	0	2	250	6	0	4	3	15	1	0	4	832
2.502	1	0	0	4	250	6	0	7	3	11	1	0	0	348
2.502	1	0	0	5	250	6	0	10	3	12	0	1	0	348
2.503	1	0	0	1	250	7	0	1	4	12	1	0	0	466
2.503	1	0	0	2	250	7	0	5	1	11	1	0	4	275
2.503	1	0	0	4	250	7	0	6	4	15	1	0	0	466
2.503	1	0	0	5	250	7	0	10	3	11	0	1	0	348
2.504	1	0	0	4	250	8	0	1	7	14	1	0	0	817
2.504	1	0	0	5	250	8	0	8	3	15	0	2	0	348
2.504	1	0	0	1	250	8	0	11	2	15	0	1	0	231
2.505	1	0	0	4	250	9	0	3	5	13	1	0	0	583
2.505	1	0	0	5	250	9	0	8	3	14	0	2	0	348
2.505	1	0	0	1	250	9	0	11	2	14	0	1	0	231
2.506	1	0	0	5	251	0	0	6	3	13	0	1	0	348
2.506	1	0	0	1	251	0	0	9	4	13	0	1	0	466
2.507	1	0	0	4	251	1	0	5	2	12	1	0	0	231
2.507	1	0	0	5	251	1	0	7	3	12	0	2	0	348
2.507	1	0	0	1	251	1	0	10	3	11	0	1	0	348
2.507	3	0	0	2	251	1	0	11	1	15	1	0	28	4030
2.507	3	0	0	3	251	1	0	12	1	15	1	0	12	1081
2.508	1	0	0	5	251	2	0	6	3	11	0	2	0	348
2.508	1	0	0	1	251	2	0	9	4	12	0	1	0	466
2.509	1	0	0	1	251	3	0	1	6	15	1	0	0	700
2.509	1	0	0	5	251	3	0	7	6	15	1	0	0	700
2.509	3	0	0	1	251	3	0	12	1	15	1	0	9	744
2.51	1	0	0	1	251	4	0	1	3	14	1	0	0	348
2.51	1	0	0	5	251	4	0	4	9	14	1	0	0	1052
2.511	1	0	0	1	251	5	0	7	3	13	1	0	0	348
2.511	1	0	0	5	251	5	0	10	3	13	0	2	0	348
2.512	1	0	0	1	251	6	0	9	3	11	1	0	0	348
2.512	3	0	0	2	251	6	0	12	1	15	1	0	28	4030
2.513	1	0	0	1	251	7	0	1	3	12	1	0	0	348
2.513	1	0	0	3	251	7	0	4	1	15	1	0	7	539
2.513	1	0	0	5	251	7	0	5	8	12	1	0	0	935
2.513	3	0	0	3	251	7	0	12	1	15	1	0	12	1081
2.514	1	0	0	5	251	8	0	1	6	15	0	1	0	700
2.514	1	0	0	1	251	8	0	7	6	15	0	1	0	700
2.515	1	0	0	5	251	9	0	1	9	14	0	1	0	1052
2.515	1	0	0	1	251	9	0	10	3	14	0	1	0	348
2.515	3	0	0	1	251	9	0	9	4	15	1	0	9	2981
2.516	1	0	0	2	252	0	0	1	1	15	1	0	4	275
2.516	1	0	0	4	252	0	0	2	1	15	1	0	0	114
2.516	1	0	0	5	252	0	0	3	7	13	1	0	0	817
2.516	1	0	0	1	252	0	0	10	3	13	0	1	0	348
2.517	1	0	0	5	252	1	0	1	9	11	1	0	0	1052
2.517	1	0	0	1	252	1	0	10	3	11	0	1	0	348
2.518	1	0	0	3	252	2	0	1	1	15	1	0	7	539
2.518	1	0	0	5	252	2	0	2	8	12	0	1	0	935
2.518	1	0	0	1	252	2	0	10	3	12	0	1	0	348
2.519	1	0	0	1	252	3	0	1	3	15	1	0	0	348
2.519	1	0	0	3	252	3	0	4	3	14	1	0	7	1620
2.519	1	0	0	5	252	3	0	7	6	15	0	2	0	700
2.519	3	0	0	3	252	3	0	12	1	15	1	0	12	1081
2.52	1	0	0	1	252	4	0	1	2	14	1	0	0	231
2.52	1	0	0	3	252	4	0	3	1	13	1	0	7	539
2.52	1	0	0	5	252	4	0	4	9	14	0	2	0	1052
2.52	3	0	0	2	252	4	0	11	1	15	1	0	28	4030
2.521	1	0	0	1	252	5	0	1	2	13	1	0	0	231
2.521	1	0	0	2	252	5	0	3	1	15	1	0	4	275
2.521	1	0	0	3	252	5	0	4	1	12	1	0	7	539
2.521	1	0	0	4	252	5	0	5	1	15	1	0	0	114
2.521	1	0	0	5	252	5	0	6	7	13	0	1	0	817
2.522	1	0	0	2	252	6	0	1	1	14	1	0	4	275
2.522	1	0	0	3	252	6	0	2	1	11	1	0	7	539
2.522	1	0	0	4	252	6	0	3	1	14	1	0	0	114
2.522	1	0	0	5	252	6	0	4	9	11	0	1	0	1052
2.523	1	0	0	1	252	7	0	1	1	12	1	0	0	114
2.523	1	0	0	2	252	7	0	2	1	13	1	0	4	275
2.523	1	0	0	3	252	7	0	3	1	15	1	0	7	539
2.523	1	0	0	4	252	7	0	4	1	13	1	0	0	114
2.523	1	0	0	5	252	7	0	5	8	12	0	2	0	935
2.524	1	0	0	2	252	8	0	1	2	12	1	0	4	553
2.524	1	0	0	3	252	8	0	3	2	14	1	0	7	1081
2.524	1	0	0	4	252	8	0	5	2	12	1	0	0	231
2.524	1	0	0	5	252	8	0	7	3	15	1	0	0	348
2.524	1	0	0	1	252	8	0	10	3	15	0	1	0	348
2.525	1	0	0	2	252	9	0	1	2	11	1	0	4	553
2.525	1	0	0	3	252	9	0	3	2	13	1	0	7	1081
2.525	1	0	0	4	252	9	0	5	3	11	1	0	0	348
2.525	1	0	0	5	252	9	0	8	3	14	1	0	0	348
2.525	1	0	0	1	252	9	0	11	2	14	0	1	0	231
2.525	3	0	0	3	252	9	0	11	2	15	1	0	12	2163
2.526	1	0	0	2	253	0	0	1	1	15	1	0	4	275
2.526	1	0	0	3	253	0	0	2	1	12	1	0	7	539
2.526	1	0	0	4	253	0	0	3	1	15	1	0	0	114
2.526	1	0	0	5	253	0	0	4	7	13	0	2	0	817
2.526	1	0	0	1	253	0	0	11	2	13	0	1	0	231
2.526	3	0	0	2	253	0	0	12	1	15	1	0	28	4030
2.527	1	0	0	1	253	1	0	1	2	11	1	0	0	231
2.527	1	0	0	3	253	1	0	3	3	11	1	0	7	1620
2.527	1	0	0	4	253	1	0	6	3	14	1	0	0	348
2.527	1	0	0	5	253	1	0	9	3	11	1	0	0	348
2.528	1	0	0	2	253	2	0	1	4	14	1	0	4	1110
2.528	1	0	0	3	253	2	0	5	3	15	1	0	7	1620
2.528	1	0	0	5	253	2	0	8	3	12	1	0	0	348
2.528	1	0	0	4	253	2	0	11	1	13	0	1	0	114
2.528	1	0	0	1	253	2	0	12	1	12	0	1	0	114
2.529	1	0	0	1	253	3	0	1	2	15	1	0	0	231
2.529	1	0	0	2	253	3	0	3	2	13	1	0	4	553
2.529	1	0	0	3	253	3	0	5	3	14	1	0	7	1620
2.529	1	0	0	5	253	3	0	8	3	15	0	1	0	348
2.529	1	0	0	4	253	3	0	11	2	12	0	1	0	231
2.529	3	0	0	1	253	3	0	12	1	15	1	0	8	641
2.53	1	0	0	1	253	4	0	1	2	14	1	0	0	231
2.53	1	0	0	2	253	4	0	3	2	12	1	0	4	553
2.53	1	0	0	3	253	4	0	5	2	13	1	0	7	1081
2.53	1	0	0	4	253	4	0	7	3	11	1	0	0	348
2.53	1	0	0	5	253	4	0	10	3	14	0	1	0	348
2.531	1	0	0	1	253	5	0	1	2	13	1	0	0	231
2.531	1	0	0	2	253	5	0	3	3	15	1	0	4	832
2.531	1	0	0	3	253	5	0	6	3	12	1	0	7	1620
2.531	1	0	0	5	253	5	0	9	3	13	1	0	0	348
2.531	1	0	0	4	253	5	0	12	1	15	0	1	0	114
2.531	3	0	0	3	253	5	0	12	1	15	1	0	12	1081
2.532	1	0	0	2	253	6	0	1	2	11	1	0	4	553
2.532	1	0	0	3	253	6	0	3	2	11	1	0	7	1081
2.532	1	0	0	5	253	6	0	5	3	11	0	1	0	348
2.532	1	0	0	4	253	6	0	8	3	14	0	1	0	348
2.532	1	0	0	1	253	6	0	11	2	11	0	1	0	231
2.532	3	0	0	2	253	6	0	12	1	15	1	0	28	4030
2.533	1	0	0	1	253	7	0	1	3	12	1	0	0	348
2.533	1	0	0	2	253	7	0	4	3	14	1	0	4	832
2.533	1	0	0	4	253	7	0	7	3	13	1	0	0	348
2.533	1	0	0	5	253	7	0	10	3	12	0	1	0	348
2.534	1	0	0	2	253	8	0	1	4	13	1	0	4	1110
2.534	1	0	0	4	253	8	0	5	3	12	1	0	0	348
2.534	1	0	0	5	253	8	0	8	3	15	0	2	0	348
2.534	1	0	0	1	253	8	0	11	2	15	0	1	0	231
2.535	1	0	0	2	253	9	0	1	4	12	1	0	4	1110
2.535	1	0	0	4	253	9	0	5	3	11	1	0	0	348
2.535	1	0	0	5	253	9	0	8	3	14	0	2	0	348
2.535	1	0	0	1	253	9	0	11	2	14	0	1	0	231
2.535	3	0	0	1	253	9	0	6	7	15	1	0	8	4499
2.536	1	0	0	2	254	0	0	1	2	15	1	0	4	553
2.536	1	0	0	4	254	0	0	3	5	15	1	0	0	583
2.536	1	0	0	5	254	0	0	8	3	13	0	1	0	348
2.536	1	0	0	1	254	0	0	11	2	13	0	1	0	231
2.537	1	0	0	1	254	1	0	1	4	11	1	0	0	466
2.537	1	0	0	4	254	1	0	5	5	14	1	0	0	583
2.537	1	0	0	5	254	1	0	10	3	11	0	2	0	348
2.537	3	0	0	3	254	1	0	12	1	15	1	0	11	964
2.538	1	0	0	4	254	2	0	1	4	13	1	0	0	466
2.538	1	0	0	5	254	2	0	5	4	12	1	0	0	466
2.538	1	0	0	1	254	2	0	9	3	12	0	1	0	348
2.538	3	0	0	2	254	2	0	12	1	15	1	0	28	4030
2.539	1	0	0	1	254	3	0	1	4	15	1	0	0	466
2.539	1	0	0	4	254	3	0	5	4	12	1	0	0	466
2.539	1	0	0	5	254	3	0	9	4	15	1	0	0	466
2.54	1	0	0	1	254	4	0	1	4	14	1	0	0	466
2.54	1	0	0	5	254	4	0	5	5	14	1	0	0	583
2.54	1	0	0	4	254	4	0	10	3	11	0	1	0	348
2.541	1	0	0	1	254	5	0	1	4	13	1	0	0	466
2.541	1	0	0	5	254	5	0	5	3	13	1	0	0	348
2.541	1	0	0	4	254	5	0	8	5	15	0	1	0	583
2.542	1	0	0	4	254	6	0	1	4	14	1	0	0	466
2.542	1	0	0	5	254	6	0	5	4	11	1	0	0	466
2.542	1	0	0	1	254	6	0	9	4	11	0	1	0	466
2.543	1	0	0	1	254	7	0	1	4	12	1	0	0	466
2.543	1	0	0	5	254	7	0	5	4	12	0	1	0	466
2.543	1	0	0	4	254	7	0	9	4	13	0	1	0	466
2.543	3	0	0	3	254	7	0	12	1	15	1	0	12	1081
2.544	1	0	0	4	254	8	0	1	4	12	1	0	0	466
2.544	1	0	0	5	254	8	0	5	4	15	0	1	0	466
2.544	1	0	0	1	254	8	0	9	4	15	0	1	0	466
2.545	1	0	0	4	254	9	0	1	3	11	1	0	0	348
2.545	1	0	0	5	254	9	0	4	5	14	0	1	0	583
2.545	1	0	0	1	254	9	0	9	4	14	0	1	0	466
2.546	1	0	0	4	255	0	0	1	5	15	1	0	0	583
2.546	1	0	0	5	255	0	0	6	3	13	0	1	0	348
2.546	1	0	0	1	255	0	0	9	4	13	0	1	0	466
2.546	3	0	0	2	255	0	0	12	1	15	1	0	28	4030
2.547	1	0	0	1	255	1	0	1	4	11	1	0	0	466
2.547	1	0	0	5	255	1	0	5	4	11	0	1	0	466
2.547	1	0	0	4	255	1	0	9	4	14	0	1	0	466
2.548	1	0	0	4	255	2	0	1	4	13	1	0	0	466
2.548	1	0	0	5	255	2	0	5	4	12	0	2	0	466
2.548	1	0	0	1	255	2	0	9	4	12	0	1	0	466
2.548	3	0	0	3	255	2	0	12	1	15	0	1	12	1081
2.549	1	0	0	1	255	3	0	1	4	15	1	0	0	466
2.549	1	0	0	5	255	3	0	5	4	15	1	0	0	466
2.549	1	0	0	4	255	3	0	9	4	12	0	1	0	466
2.549	3	0	0	1	255	3	0	12	1	15	1	0	8	641
2.55	1	0	0	1	255	4	0	1	4	14	1	0	0	466
2.55	1	0	0	5	255	4	0	5	5	14	1	0	0	583
2.55	1	0	0	4	255	4	0	10	3	11	0	1	0	348
2.551	1	0	0	1	255	5	0	1	6	13	1	0	0	700
2.551	1	0	0	5	255	5	0	7	6	13	1	0	0	700
2.552	1	0	0	5	255	6	0	5	4	11	0	2	0	466
2.552	1	0	0	1	255	6	0	9	4	11	0	1	0	466
2.552	3	0	0	2	255	6	0	12	1	15	1	0	28	4030
2.553	1	0	0	1	255	7	0	1	4	12	1	0	0	466
2.553	1	0	0	5	255	7	0	5	3	12	1	0	0	348
2.553	1	0	0	4	255	7	0	8	4	13	0	1	0	466
2.554	1	0	0	5	255	8	0	5	4	15	0	1	0	466
2.554	1	0	0	1	255	8	0	9	4	15	0	1	0	466
2.554	3	0	0	3	255	8	0	10	3	15	1	0	12	3241
2.555	1	0	0	5	255	9	0	4	5	14	0	1	0	583
2.555	1	0	0	1	255	9	0	9	4	14	0	1	0	466
2.555	3	0	0	1	255	9	0	4	9	15	1	0	8	5783
2.556	1	0	0	5	256	0	0	1	5	10	1	0	0	583
2.556	1	0	0	1	256	0	0	6	6	13	0	1	0	700
2.557	1	0	0	1	256	1	0	1	6	11	1	0	0	700
2.557	1	0	0	5	256	1	0	7	6	13	0	1	0	700
2.558	1	0	0	5	256	2	0	6	3	12	0	1	0	348
2.558	1	0	0	1	256	2	0	9	4	12	0	1	0	466
2.558	3	0	0	2	256	2	0	12	1	15	1	0	28	4030
2.559	1	0	0	5	256	3	0	1	12	15	1	0	0	1404
2.56	1	0	0	1	256	4	0	4	1	15	1	0	0	114
2.56	1	0	0	2	256	4	0	5	1	15	1	0	5	348
2.56	1	0	0	3	256	4	0	6	1	15	1	0	7	539
2.56	1	0	0	4	256	4	0	7	1	15	1	0	0	114
2.56	1	0	0	5	256	4	0	8	5	14	0	2	0	583
2.56	3	0	0	3	256	4	0	12	1	15	1	0	12	1081
2.561	1	0	0	1	256	5	0	1	7	14	1	0	0	817
2.561	1	0	0	5	256	5	0	8	5	10	0	1	0	583
2.562	1	0	0	5	256	6	0	1	6	13	1	0	0	700
2.562	1	0	0	1	256	6	0	7	6	11	0	1	0	700
2.563	1	0	0	1	256	7	0	1	6	13	1	0	0	700
2.563	1	0	0	5	256	7	0	7	6	12	1	0	0	700
2.564	1	0	0	5	256	8	0	1	12	15	0	1	0	1404
2.564	3	0	0	2	256	8	0	12	1	15	1	0	28	4030
2.565	1	0	0	2	256	9	0	1	4	15	1	0	5	1404
2.565	1	0	0	3	256	9	0	5	3	15	1	0	7	1620
2.565	1	0	0	5	256	9	0	8	3	14	1	0	0	348
2.565	1	0	0	4	256	9	0	11	1	15	0	1	0	114
2.565	1	0	0	1	256	9	0	12	1	15	0	1	0	114
2.566	1	0	0	2	257	0	0	1	2	14	1	0	5	700
2.566	1	0	0	3	257	0	0	3	2	14	1	0	7	1081
2.566	1	0	0	5	257	0	0	5	1	11	1	0	0	114
2.566	1	0	0	1	257	0	0	6	7	14	0	1	0	817
2.567	1	0	0	1	257	1	0	1	2	12	1	0	0	231
2.567	1	0	0	2	257	1	0	3	2	13	1	0	5	700
2.567	1	0	0	3	257	1	0	5	2	13	1	0	7	1081
2.567	1	0	0	5	257	1	0	7	6	13	0	1	0	700
2.567	3	0	0	3	257	1	0	12	1	15	1	0	12	1081
2.568	1	0	0	5	257	2	0	1	6	12	0	1	0	700
2.568	1	0	0	1	257	2	0	7	6	13	0	1	0	700
2.569	1	0	0	1	257	3	0	1	3	11	1	0	0	348
2.569	1	0	0	2	257	3	0	4	3	12	1	0	5	1052
2.569	1	0	0	3	257	3	0	7	3	12	1	0	7	1620
2.569	1	0	0	5	257	3	0	10	3	15	1	0	0	348
2.569	3	0	0	1	257	3	0	12	1	15	1	0	8	641
2.57	1	0	0	1	257	4	0	1	2	15	1	0	0	231
2.57	1	0	0	2	257	4	0	3	2	15	1	0	5	700
2.57	1	0	0	3	257	4	0	5	2	15	1	0	7	1081
2.57	1	0	0	4	257	4	0	7	3	15	1	0	0	348
2.57	1	0	0	5	257	4	0	10	3	14	0	1	0	348
2.571	1	0	0	1	257	5	0	1	2	14	1	0	0	231
2.571	1	0	0	2	257	5	0	3	3	14	1	0	5	1052
2.571	1	0	0	3	257	5	0	6	3	14	1	0	7	1620
2.571	1	0	0	4	257	5	0	9	3	14	1	0	0	348
2.571	1	0	0	5	257	5	0	12	1	11	0	1	0	114
2.572	1	0	0	2	257	6	0	1	3	13	1	0	5	1052
2.572	1	0	0	4	257	6	0	4	3	13	1	0	0	348
2.572	1	0	0	5	257	6	0	7	3	13	1	0	0	348
2.572	1	0	0	1	257	6	0	10	2	12	0	1	0	231
2.573	1	0	0	1	257	7	0	1	2	13	1	0	0	231
2.573	1	0	0	2	257	7	0	3	2	11	1	0	5	700
2.573	1	0	0	3	257	7	0	5	2	13	1	0	7	1081
2.573	1	0	0	4	257	7	0	7	3	12	1	0	0	348
2.573	1	0	0	5	257	7	0	10	3	12	1	0	0	348
2.573	3	0	0	2	257	7	0	11	1	15	1	0	28	4030
2.573	3	0	0	3	257	7	0	12	1	15	1	0	12	1081
2.574	1	0	0	2	257	8	0	1	2	12	1	0	5	700
2.574	1	0	0	3	257	8	0	3	2	12	1	0	7	1081
2.574	1	0	0	4	257	8	0	5	2	11	1	0	0	231
2.574	1	0	0	5	257	8	0	7	3	15	0	1	0	348
2.574	1	0	0	1	257	8	0	10	3	11	0	1	0	348
2.575	1	0	0	2	257	9	0	1	2	15	1	0	5	700
2.575	1	0	0	3	257	9	0	3	2	15	1	0	7	1081
2.575	1	0	0	4	257	9	0	5	3	15	1	0	0	348
2.575	1	0	0	5	257	9	0	8	3	14	1	0	0	348
2.575	1	0	0	1	257	9	0	11	2	15	0	1	0	231
2.575	3	0	0	1	257	9	0	1	12	15	1	0	8	7709
2.576	1	0	0	3	258	0	0	1	1	14	1	0	7	539
2.576	1	0	0	4	258	0	0	2	8	14	1	0	0	935
2.576	1	0	0	5	258	0	0	10	1	11	0	2	0	114
2.576	1	0	0	1	258	0	0	11	2	14	0	1	0	231
2.576	3	0	0	1	258	0	0	8	5	14	1	0	8	3212
2.577	1	0	0	1	258	1	0	1	6	12	1	0	0	700
2.577	1	0	0	5	258	1	0	7	3	13	0	1	0	348
2.577	1	0	0	4	258	1	0	10	3	13	0	1	0	348
2.578	1	0	0	4	258	2	0	1	7	12	1	0	0	817
2.578	1	0	0	5	258	2	0	8	3	12	0	1	0	348
2.578	1	0	0	1	258	2	0	11	2	13	0	1	0	231
2.578	3	0	0	2	258	2	0	11	2	15	1	0	28	8060
2.579	1	0	0	1	258	3	0	1	5	11	1	0	0	583
2.579	1	0	0	5	258	3	0	6	5	15	1	0	0	583
2.579	1	0	0	4	258	3	0	11	2	11	0	1	0	231
2.579	3	0	0	3	258	3	0	12	1	15	1	0	12	1081
2.58	1	0	0	1	258	4	0	1	4	15	1	0	0	466
2.58	1	0	0	4	258	4	0	5	5	15	1	0	0	583
2.58	1	0	0	5	258	4	0	10	3	14	0	1	0	348
2.58	3	0	0	1	258	4	0	1	12	15	0	1	8	7709
2.581	1	0	0	1	258	5	0	1	2	14	1	0	0	231
2.581	1	0	0	5	258	5	0	3	2	11	1	0	0	231
2.581	1	0	0	4	258	5	0	5	8	14	0	1	0	935
2.582	1	0	0	4	258	6	0	1	3	13	1	0	0	348
2.582	1	0	0	5	258	6	0	4	3	13	1	0	0	348
2.582	1	0	0	1	258	6	0	7	6	12	0	1	0	700
2.583	1	0	0	1	258	7	0	1	2	13	1	0	0	231
2.583	1	0	0	5	258	7	0	3	3	12	1	0	0	348
2.583	1	0	0	4	258	7	0	6	7	12	0	1	0	817
2.584	1	0	0	4	258	8	0	1	2	11	1	0	0	231
2.584	1	0	0	5	258	8	0	3	5	15	0	1	0	583
2.584	1	0	0	1	258	8	0	8	5	11	0	1	0	583
2.584	3	0	0	3	258	8	0	12	1	15	0	1	12	1081
2.585	1	0	0	4	258	9	0	1	4	15	1	0	0	466
2.585	1	0	0	5	258	9	0	5	4	14	1	0	0	466
2.585	1	0	0	1	258	9	0	9	4	15	0	1	0	466
2.586	1	0	0	4	259	0	0	1	8	14	1	0	0	935
2.586	1	0	0	5	259	0	0	9	2	11	0	1	0	231
2.586	1	0	0	1	259	0	0	11	2	14	0	1	0	231
2.586	3	0	0	2	259	0	0	12	1	15	1	0	28	4030
2.587	1	0	0	1	259	1	0	1	4	12	1	0	0	466
2.587	1	0	0	4	259	1	0	5	5	13	1	0	0	583
2.587	1	0	0	5	259	1	0	10	3	13	0	1	0	348
2.588	1	0	0	4	259	2	0	1	7	12	1	0	0	817
2.588	1	0	0	5	259	2	0	8	3	12	0	1	0	348
2.588	1	0	0	1	259	2	0	11	2	13	0	1	0	231
2.589	1	0	0	1	259	3	0	1	4	11	1	0	0	466
2.589	1	0	0	4	259	3	0	5	4	11	1	0	0	466
2.589	1	0	0	5	259	3	0	9	4	15	1	0	0	466
2.59	1	0	0	1	259	4	0	1	4	15	1	0	0	466
2.59	1	0	0	5	259	4	0	5	4	14	0	1	0	466
2.59	1	0	0	4	259	4	0	9	4	15	0	1	0	466
2.59	3	0	0	3	259	4	0	10	3	15	1	0	11	2893
2.591	1	0	0	1	259	5	0	1	4	14	1	0	0	466
2.591	1	0	0	4	259	5	0	5	4	14	1	0	0	466
2.591	1	0	0	5	259	5	0	9	4	11	1	0	0	466
2.592	1	0	0	4	259	6	0	3	5	13	0	1	0	583
2.592	1	0	0	1	259	6	0	8	4	12	0	1	0	466
2.592	3	0	0	2	259	6	0	12	1	15	1	0	28	4030
2.593	1	0	0	1	259	7	0	1	2	13	1	0	0	231
2.593	1	0	0	5	259	7	0	3	3	13	1	0	0	348
2.593	1	0	0	4	259	7	0	6	7	12	0	1	0	817
2.594	1	0	0	5	259	8	0	1	4	15	0	1	0	466
2.594	1	0	0	4	259	8	0	5	4	11	0	1	0	466
2.594	1	0	0	1	259	8	0	9	4	11	0	1	0	466
2.594	3	0	0	1	259	8	0	12	1	15	1	0	7	539
2.595	1	0	0	4	259	9	0	1	4	15	1	0	0	466
2.595	1	0	0	5	259	9	0	5	4	14	1	0	0	466
2.595	1	0	0	1	259	9	0	9	4	15	0	1	0	466
2.596	1	0	0	4	260	0	0	1	4	14	1	0	0	466
2.596	1	0	0	5	260	0	0	5	4	11	0	1	0	466
2.596	1	0	0	1	260	0	0	9	4	14	0	1	0	466
2.597	1	0	0	1	260	1	0	1	4	12	1	0	0	466
2.597	1	0	0	4	260	1	0	5	4	13	1	0	0	466
2.597	1	0	0	5	260	1	0	9	4	12	1	0	0	466
2.597	3	0	0	3	260	1	0	12	1	15	1	0	11	964
2.598	1	0	0	4	260	2	0	1	7	12	1	0	0	817
2.598	1	0	0	5	260	2	0	8	3	13	0	1	0	348
2.598	1	0	0	1	260	2	0	11	2	13	0	1	0	231
2.598	3	0	0	2	260	2	0	11	2	15	1	0	28	8060
2.599	1	0	0	1	260	3	0	1	4	11	1	0	0	466
2.599	1	0	0	4	260	3	0	5	4	11	1	0	0	466
2.599	1	0	0	5	260	3	0	9	4	15	1	0	0	466
2.6	1	0	0	1	260	4	0	1	3	15	1	0	0	348
2.6	1	0	0	2	260	4	0	4	1	15	1	0	5	348
2.6	1	0	0	5	260	4	0	5	4	14	0	1	0	466
2.6	1	0	0	4	260	4	0	9	4	15	0	1	0	466
2.6	3	0	0	1	260	4	0	1	11	15	1	0	8	7067
2.601	1	0	0	1	260	5	0	1	4	14	1	0	0	466
2.601	1	0	0	5	260	5	0	5	4	11	1	0	0	466
2.601	1	0	0	4	260	5	0	9	4	14	0	1	0	466
2.601	3	0	0	1	260	5	0	7	6	14	1	0	8	3854
2.602	1	0	0	4	260	6	0	2	3	13	1	0	0	348
2.602	1	0	0	5	260	6	0	5	4	12	0	1	0	466
2.602	1	0	0	1	260	6	0	9	4	12	0	1	0	466
2.603	1	0	0	1	260	7	0	1	2	13	1	0	0	231
2.603	1	0	0	5	260	7	0	3	3	13	1	0	0	348
2.603	1	0	0	4	260	7	0	6	7	12	0	1	0	817
2.603	3	0	0	3	260	7	0	12	1	15	1	0	12	1081
2.604	1	0	0	5	260	8	0	5	4	15	0	1	0	466
2.604	1	0	0	1	260	8	0	9	4	11	0	1	0	466
2.605	1	0	0	2	260	9	0	1	4	15	1	0	5	1404
2.605	1	0	0	5	260	9	0	5	5	14	1	0	0	583
2.605	1	0	0	1	260	9	0	10	3	15	0	1	0	348
2.605	3	0	0	1	260	9	0	2	11	15	0	1	8	7067
2.606	1	0	0	2	261	0	0	1	4	14	1	0	5	1404
2.606	1	0	0	5	261	0	0	5	4	11	0	1	0	466
2.606	1	0	0	1	261	0	0	9	4	14	0	1	0	466
2.606	3	0	0	2	261	0	0	6	1	15	1	0	28	4030
2.606	3	0	0	1	261	0	0	7	6	14	0	1	8	3854
2.607	1	0	0	1	261	1	0	1	4	12	1	0	0	466
2.607	1	0	0	5	261	1	0	5	4	12	1	0	0	466
2.607	1	0	0	4	261	1	0	9	3	13	0	1	0	348
2.608	1	0	0	2	261	2	0	1	7	13	1	0	5	2453
2.608	1	0	0	5	261	2	0	8	3	13	0	1	0	348
2.608	1	0	0	1	261	2	0	11	2	13	0	1	0	231
2.609	1	0	0	2	261	3	0	1	6	12	1	0	5	2104
2.609	1	0	0	5	261	3	0	7	6	15	1	0	0	700
2.609	3	0	0	3	261	3	0	11	2	15	1	0	11	1928
2.61	1	0	0	2	261	4	0	1	6	15	1	0	5	2104
2.61	1	0	0	3	261	4	0	7	1	15	1	0	7	539
2.61	1	0	0	5	261	4	0	8	5	14	0	1	0	583
2.611	1	0	0	2	261	5	0	1	6	14	1	0	5	2104
2.611	1	0	0	5	261	5	0	7	6	11	1	0	0	700
2.612	1	0	0	2	261	6	0	1	3	11	1	0	5	1052
2.612	1	0	0	4	261	6	0	4	1	15	1	0	0	114
2.612	1	0	0	5	261	6	0	5	4	12	0	1	0	466
2.612	1	0	0	1	261	6	0	9	4	12	0	1	0	466
2.612	3	0	0	2	261	6	0	12	1	15	1	0	28	4030
2.613	1	0	0	2	261	7	0	1	6	13	1	0	5	2104
2.613	1	0	0	5	261	7	0	7	6	13	1	0	0	700
2.614	1	0	0	5	261	8	0	7	6	15	0	1	0	700
2.615	1	0	0	3	261	9	0	1	6	15	1	0	7	3241
2.615	1	0	0	5	261	9	0	7	6	14	1	0	0	700
2.615	3	0	0	3	261	9	0	12	1	15	1	0	12	1081
2.616	1	0	0	3	262	0	0	1	6	14	1	0	7	3241
2.616	1	0	0	5	262	0	0	7	6	11	0	1	0	700
2.617	1	0	0	3	262	1	0	1	6	13	1	0	7	3241
2.617	1	0	0	5	262	1	0	7	5	12	1	0	0	583
2.617	1	0	0	4	262	1	0	12	1	15	0	1	0	114
2.618	1	0	0	3	262	2	0	4	2	12	1	0	7	1081
2.618	1	0	0	5	262	2	0	6	6	13	0	1	0	700
2.618	3	0	0	2	262	2	0	11	2	15	1	0	28	8060
2.619	1	0	0	5	262	3	0	5	8	15	1	0	0	935
2.619	3	0	0	1	262	3	0	12	1	15	1	0	8	641
2.62	1	0	0	3	262	4	0	1	6	15	1	0	7	3241
2.62	1	0	0	5	262	4	0	7	6	14	0	1	0	700
2.621	1	0	0	3	262	5	0	1	6	14	1	0	7	3241
2.621	1	0	0	5	262	5	0	7	6	11	0	2	0	700
2.621	3	0	0	3	262	5	0	12	1	15	1	0	12	1081
2.622	1	0	0	1	262	6	0	6	1	15	1	0	0	114
2.622	1	0	0	2	262	6	0	7	1	15	1	0	5	348
2.622	1	0	0	5	262	6	0	8	5	12	0	1	0	583
2.623	1	0	0	4	262	7	0	1	6	15	1	0	0	700
2.623	1	0	0	5	262	7	0	7	6	13	1	0	0	700
2.624	1	0	0	4	262	8	0	1	4	14	1	0	0	466
2.624	1	0	0	5	262	8	0	5	8	15	0	1	0	935
2.624	3	0	0	2	262	8	0	12	1	15	1	0	28	4030
2.625	1	0	0	4	262	9	0	1	9	13	1	0	0	1052
2.625	1	0	0	5	262	9	0	10	3	14	1	0	0	348
2.625	3	0	0	1	262	9	0	1	12	15	1	0	8	7709
2.626	1	0	0	4	263	0	0	1	12	12	1	0	0	1404
2.626	3	0	0	1	263	0	0	8	5	14	1	0	8	3212
2.627	1	0	0	2	263	1	0	1	6	15	1	0	5	2104
2.627	1	0	0	4	263	1	0	7	5	11	1	0	0	583
2.627	1	0	0	1	263	1	0	12	1	15	0	1	0	114
2.627	3	0	0	3	263	1	0	11	2	15	1	0	12	2163
2.628	1	0	0	2	263	2	0	1	3	14	1	0	5	1052
2.628	1	0	0	4	263	2	0	4	3	15	1	0	0	348
2.628	1	0	0	5	263	2	0	7	6	13	0	1	0	700
2.629	1	0	0	2	263	3	0	1	2	13	1	0	5	700
2.629	1	0	0	4	263	3	0	3	2	14	1	0	0	231
2.629	1	0	0	5	263	3	0	5	8	15	0	2	0	935
2.63	1	0	0	5	263	4	0	1	3	14	0	1	0	348
2.63	1	0	0	4	263	4	0	4	9	13	0	1	0	1052
2.63	3	0	0	1	263	4	0	1	12	15	0	1	8	7709
2.631	1	0	0	4	263	5	0	1	12	12	0	1	0	1404
2.632	1	0	0	2	263	6	0	1	5	15	1	0	5	1752
2.632	1	0	0	3	263	6	0	6	1	15	1	0	7	539
2.632	1	0	0	4	263	6	0	7	5	11	1	0	0	583
2.632	1	0	0	5	263	6	0	12	1	12	1	0	0	114
2.632	3	0	0	2	263	6	0	12	1	15	1	0	28	4030
2.633	1	0	0	1	263	7	0	1	6	15	1	0	0	700
2.633	1	0	0	2	263	7	0	7	5	14	1	0	5	1752
2.634	1	0	0	1	263	8	0	1	4	14	1	0	0	466
2.634	1	0	0	2	263	8	0	5	3	13	1	0	5	1052
2.634	1	0	0	5	263	8	0	8	3	15	1	0	0	348
2.634	1	0	0	4	263	8	0	11	2	14	0	1	0	231
2.634	3	0	0	3	263	8	0	12	1	15	1	0	12	1081
2.635	1	0	0	1	263	9	0	1	3	13	1	0	0	348
2.635	1	0	0	2	263	9	0	4	3	12	1	0	5	1052
2.635	1	0	0	4	263	9	0	7	3	15	1	0	0	348
2.635	1	0	0	5	263	9	0	10	3	14	0	2	0	348
2.636	1	0	0	1	264	0	0	1	2	12	1	0	0	231
2.636	1	0	0	2	264	0	0	3	3	11	1	0	5	1052
2.636	1	0	0	4	264	0	0	6	3	13	1	0	0	348
2.636	1	0	0	5	264	0	0	9	3	13	1	0	0	348
2.637	1	0	0	1	264	1	0	1	2	11	1	0	0	231
2.637	1	0	0	2	264	1	0	3	3	15	1	0	5	1052
2.637	1	0	0	3	264	1	0	6	3	15	1	0	7	1620
2.637	1	0	0	4	264	1	0	9	3	12	1	0	0	348
2.637	1	0	0	5	264	1	0	12	1	12	0	1	0	114
2.638	1	0	0	2	264	2	0	1	2	14	1	0	5	700
2.638	1	0	0	3	264	2	0	3	2	14	1	0	7	1081
2.638	1	0	0	4	264	2	0	5	1	11	1	0	0	114
2.638	1	0	0	5	264	2	0	6	1	11	1	0	0	114
2.638	1	0	0	1	264	2	0	7	6	15	0	1	0	700
2.638	3	0	0	2	264	2	0	11	2	15	1	0	28	8060
2.639	1	0	0	2	264	3	0	1	1	13	1	0	5	348
2.639	1	0	0	3	264	3	0	2	2	13	1	0	7	1081
2.639	1	0	0	4	264	3	0	4	2	14	1	0	0	231
2.639	1	0	0	5	264	3	0	6	3	15	0	1	0	348
2.639	1	0	0	1	264	3	0	9	4	14	0	1	0	466
2.64	1	0	0	3	264	4	0	1	3	12	1	0	7	1620
2.64	1	0	0	4	264	4	0	4	3	15	1	0	0	348
2.64	1	0	0	5	264	4	0	7	3	14	1	0	0	348
2.64	1	0	0	1	264	4	0	10	3	13	0	1	0	348
2.64	3	0	0	3	264	4	0	12	1	15	1	0	11	964
2.641	1	0	0	3	264	5	0	1	1	11	1	0	7	539
2.641	1	0	0	4	264	5	0	2	6	13	1	0	0	700
2.641	1	0	0	5	264	5	0	8	3	13	0	1	0	348
2.641	1	0	0	1	264	5	0	11	2	12	0	1	0	231
2.642	1	0	0	3	264	6	0	1	4	15	1	0	7	2163
2.642	1	0	0	4	264	6	0	5	3	12	1	0	0	348
2.642	1	0	0	5	264	6	0	8	3	12	1	0	0	348
2.642	1	0	0	1	264	6	0	11	2	11	0	1	0	231
2.643	1	0	0	1	264	7	0	1	5	15	1	0	0	583
2.643	1	0	0	3	264	7	0	6	5	14	1	0	7	2702
2.643	1	0	0	5	264	7	0	11	1	11	0	1	0	114
2.643	1	0	0	4	264	7	0	12	1	11	0	1	0	114
2.644	1	0	0	1	264	8	0	1	4	14	1	0	0	466
2.644	1	0	0	3	264	8	0	5	3	13	1	0	7	1620
2.644	1	0	0	5	264	8	0	8	3	15	1	0	0	348
2.644	1	0	0	4	264	8	0	11	2	14	0	1	0	231
2.644	3	0	0	1	264	8	0	11	1	15	1	0	7	539
2.644	3	0	0	2	264	8	0	12	1	15	1	0	28	4030
2.645	1	0	0	1	264	9	0	1	4	13	1	0	0	466
2.645	1	0	0	4	264	9	0	5	5	15	1	0	0	583
2.645	1	0	0	5	264	9	0	10	3	14	0	1	0	348
2.646	1	0	0	1	265	0	0	1	4	12	1	0	0	466
2.646	1	0	0	4	265	0	0	5	4	13	1	0	0	466
2.646	1	0	0	5	265	0	0	9	4	13	1	0	0	466
2.646	3	0	0	3	265	0	0	12	1	15	1	0	12	1081
2.647	1	0	0	1	265	1	0	1	4	11	1	0	0	466
2.647	1	0	0	4	265	1	0	5	5	12	1	0	0	583
2.647	1	0	0	5	265	1	0	10	3	12	0	1	0	348
2.648	1	0	0	4	265	2	0	1	2	11	1	0	0	231
2.648	1	0	0	5	265	2	0	3	5	11	1	0	0	583
2.648	1	0	0	1	265	2	0	8	5	15	0	1	0	583
2.649	1	0	0	4	265	3	0	1	5	14	1	0	0	583
2.649	1	0	0	5	265	3	0	6	3	15	0	1	0	348
2.649	1	0	0	1	265	3	0	9	4	14	0	1	0	466
2.649	3	0	0	1	265	3	0	12	1	15	0	1	7	539
2.65	1	0	0	4	265	4	0	1	1	15	1	0	0	114
2.65	1	0	0	5	265	4	0	2	7	14	1	0	0	817
2.65	1	0	0	1	265	4	0	9	4	13	0	1	0	466
2.651	1	0	0	5	265	5	0	5	4	13	0	1	0	466
2.651	1	0	0	1	265	5	0	9	4	12	0	1	0	466
2.652	1	0	0	5	265	6	0	1	7	12	1	0	0	817
2.652	1	0	0	1	265	6	0	8	4	11	0	1	0	466
2.652	3	0	0	3	265	6	0	10	2	15	1	0	12	2163
2.653	1	0	0	1	265	7	0	1	7	15	1	0	0	817
2.653	1	0	0	5	265	7	0	8	5	11	0	1	0	583
2.653	3	0	0	2	265	7	0	12	1	15	1	0	28	4030
2.654	1	0	0	1	265	8	0	1	6	14	1	0	0	700
2.654	1	0	0	5	265	8	0	7	6	15	1	0	0	700
2.655	1	0	0	1	265	9	0	1	4	13	1	0	0	466
2.655	1	0	0	5	265	9	0	5	7	14	0	1	0	817
2.655	1	0	0	4	265	9	0	12	1	15	0	1	0	114
2.655	3	0	0	1	265	9	0	1	12	15	1	0	8	7709
2.656	1	0	0	1	266	0	0	1	6	12	1	0	0	700
2.656	1	0	0	5	266	0	0	7	6	13	1	0	0	700
2.656	3	0	0	1	266	0	0	8	5	14	1	0	8	3212
2.657	1	0	0	1	266	1	0	1	5	11	1	0	0	583
2.657	1	0	0	5	266	1	0	6	7	12	0	1	0	817
2.657	3	0	0	3	266	1	0	12	1	15	1	0	12	1081
2.658	1	0	0	5	266	2	0	1	5	11	1	0	0	583
2.658	1	0	0	1	266	2	0	6	7	15	0	1	0	817
2.659	1	0	0	5	266	3	0	1	6	15	0	1	0	700
2.659	1	0	0	1	266	3	0	7	6	14	0	1	0	700
2.659	3	0	0	2	266	3	0	11	2	15	1	0	28	8060
2.66	1	0	0	2	266	4	0	1	1	15	1	0	5	348
2.66	1	0	0	3	266	4	0	2	1	15	1	0	7	539
2.66	1	0	0	4	266	4	0	3	1	15	1	0	0	114
2.66	1	0	0	5	266	4	0	4	5	14	1	0	0	583
2.66	1	0	0	1	266	4	0	9	4	13	0	1	0	466
2.661	1	0	0	5	266	5	0	1	6	13	0	1	0	700
2.661	1	0	0	1	266	5	0	7	6	12	0	1	0	700
2.661	3	0	0	1	266	5	0	12	1	15	1	0	8	641
2.662	1	0	0	4	266	6	0	1	4	14	1	0	0	466
2.662	1	0	0	5	266	6	0	5	3	12	1	0	0	348
2.662	1	0	0	1	266	6	0	8	5	11	0	1	0	583
2.663	1	0	0	1	266	7	0	1	4	15	1	0	0	466
2.663	1	0	0	4	266	7	0	5	3	13	1	0	0	348
2.663	1	0	0	5	266	7	0	8	5	11	0	1	0	583
2.664	1	0	0	1	266	8	0	1	4	14	1	0	0	466
2.664	1	0	0	4	266	8	0	5	4	12	1	0	0	466
2.664	1	0	0	5	266	8	0	9	4	15	1	0	0	466
2.664	3	0	0	3	266	8	0	12	1	15	1	0	12	1081
2.665	1	0	0	1	266	9	0	1	2	13	1	0	0	231
2.665	1	0	0	2	266	9	0	3	2	15	1	0	5	700
2.665	1	0	0	3	266	9	0	5	2	15	1	0	7	1081
2.665	1	0	0	5	266	9	0	7	5	14	0	1	0	583
2.665	1	0	0	4	266	9	0	12	1	15	0	1	0	114
2.666	1	0	0	1	267	0	0	1	3	12	1	0	0	348
2.666	1	0	0	2	267	0	0	4	3	14	1	0	5	1052
2.666	1	0	0	3	267	0	0	7	3	14	1	0	7	1620
2.666	1	0	0	4	267	0	0	10	3	11	1	0	0	348
2.667	1	0	0	1	267	1	0	1	2	11	1	0	0	231
2.667	1	0	0	2	267	1	0	3	2	13	1	0	5	700
2.667	1	0	0	3	267	1	0	5	2	13	1	0	7	1081
2.667	1	0	0	4	267	1	0	7	3	14	1	0	0	348
2.667	1	0	0	5	267	1	0	10	3	12	0	1	0	348
2.667	3	0	0	2	267	1	0	12	1	15	1	0	28	4030
2.668	1	0	0	2	267	2	0	1	2	12	1	0	5	700
2.668	1	0	0	3	267	2	0	3	2	12	1	0	7	1081
2.668	1	0	0	4	267	2	0	5	3	13	1	0	0	348
2.668	1	0	0	5	267	2	0	8	1	13	1	0	0	114
2.668	1	0	0	1	267	2	0	9	4	15	0	1	0	466
2.669	1	0	0	2	267	3	0	1	2	11	1	0	5	700
2.669	1	0	0	3	267	3	0	3	1	11	1	0	7	539
2.669	1	0	0	4	267	3	0	4	1	12	1	0	0	114
2.669	1	0	0	5	267	3	0	5	4	15	0	1	0	466
2.669	1	0	0	1	267	3	0	9	4	14	0	1	0	466
2.67	1	0	0	2	267	4	0	1	2	15	1	0	5	700
2.67	1	0	0	3	267	4	0	3	2	15	1	0	7	1081
2.67	1	0	0	4	267	4	0	5	3	15	1	0	0	348
2.67	1	0	0	5	267	4	0	8	3	14	1	0	0	348
2.67	1	0	0	1	267	4	0	11	2	13	0	1	0	231
2.67	3	0	0	3	267	4	0	12	1	15	1	0	12	1081
2.671	1	0	0	2	267	5	0	1	2	14	1	0	5	700
2.671	1	0	0	3	267	5	0	3	2	14	1	0	7	1081
2.671	1	0	0	4	267	5	0	5	2	11	1	0	0	231
2.671	1	0	0	5	267	5	0	7	3	11	1	0	0	348
2.671	1	0	0	1	267	5	0	10	3	12	0	1	0	348
2.672	1	0	0	2	267	6	0	1	3	13	1	0	5	1052
2.672	1	0	0	3	267	6	0	4	3	13	1	0	7	1620
2.672	1	0	0	4	267	6	0	7	3	14	1	0	0	348
2.672	1	0	0	1	267	6	0	10	2	11	0	1	0	231
2.673	1	0	0	1	267	7	0	1	4	15	1	0	0	466
2.673	1	0	0	2	267	7	0	5	3	12	1	0	5	1052
2.673	1	0	0	3	267	7	0	8	1	12	1	0	7	539
2.673	1	0	0	4	267	7	0	9	3	13	1	0	0	348
2.673	1	0	0	5	267	7	0	12	1	13	0	1	0	114
2.673	3	0	0	2	267	7	0	12	1	15	1	0	28	4030
2.674	1	0	0	1	267	8	0	1	3	14	1	0	0	348
2.674	1	0	0	2	267	8	0	4	3	11	1	0	5	1052
2.674	1	0	0	4	267	8	0	7	3	12	1	0	0	348
2.674	1	0	0	5	267	8	0	10	3	15	1	0	0	348
2.674	3	0	0	1	267	8	0	12	1	15	1	0	8	641
2.675	1	0	0	1	267	9	0	1	3	13	1	0	0	348
2.675	1	0	0	2	267	9	0	4	3	15	1	0	5	1052
2.675	1	0	0	4	267	9	0	7	3	15	1	0	0	348
2.675	1	0	0	5	267	9	0	10	3	14	0	1	0	348
2.676	1	0	0	1	268	0	0	1	3	12	1	0	0	348
2.676	1	0	0	2	268	0	0	4	3	14	1	0	5	1052
2.676	1	0	0	4	268	0	0	7	3	11	1	0	0	348
2.676	1	0	0	5	268	0	0	10	3	11	0	1	0	348
2.676	3	0	0	3	268	0	0	12	1	15	1	0	12	1081
2.677	1	0	0	1	268	1	0	1	3	11	1	0	0	348
2.677	1	0	0	2	268	1	0	4	3	13	1	0	5	1052
2.677	1	0	0	4	268	1	0	7	3	14	1	0	0	348
2.677	1	0	0	5	268	1	0	10	3	12	1	0	0	348
2.678	1	0	0	2	268	2	0	1	4	12	1	0	5	1404
2.678	1	0	0	4	268	2	0	5	3	13	1	0	0	348
2.678	1	0	0	5	268	2	0	8	1	13	0	2	0	114
2.678	1	0	0	1	268	2	0	9	4	15	0	1	0	466
2.679	1	0	0	2	268	3	0	1	3	11	1	0	5	1052
2.679	1	0	0	4	268	3	0	4	3	12	1	0	0	348
2.679	1	0	0	5	268	3	0	7	3	15	0	1	0	348
2.679	1	0	0	1	268	3	0	10	3	14	0	1	0	348
2.679	3	0	0	2	268	3	0	12	1	15	1	0	28	4030
2.68	1	0	0	2	268	4	0	1	2	15	1	0	5	700
2.68	1	0	0	5	268	4	0	3	7	14	1	0	0	817
2.68	1	0	0	1	268	4	0	10	3	13	0	1	0	348
2.68	3	0	0	1	268	4	0	1	11	15	1	0	8	7067
2.681	1	0	0	5	268	5	0	1	9	11	1	0	0	1052
2.681	1	0	0	1	268	5	0	10	3	12	0	1	0	348
2.681	3	0	0	1	268	5	0	7	6	14	1	0	8	3854
2.682	1	0	0	5	268	6	0	7	3	12	0	1	0	348
2.682	1	0	0	1	268	6	0	10	3	11	0	1	0	348
2.682	3	0	0	3	268	6	0	11	2	15	1	0	12	2163
2.683	1	0	0	1	268	7	0	1	6	15	1	0	0	700
2.683	1	0	0	5	268	7	0	7	6	13	1	0	0	700
2.684	1	0	0	1	268	8	0	1	5	14	1	0	0	583
2.684	1	0	0	5	268	8	0	6	7	15	1	0	0	817
2.685	1	0	0	1	268	9	0	1	5	13	1	0	0	583
2.685	1	0	0	5	268	9	0	6	7	14	0	1	0	817
2.685	3	0	0	1	268	9	0	7	5	15	1	0	8	3212
2.685	3	0	0	2	268	9	0	12	1	15	1	0	28	4030
2.686	1	0	0	1	269	0	0	1	3	12	1	0	0	348
2.686	1	0	0	5	269	0	0	4	9	11	0	1	0	1052
2.687	1	0	0	1	269	1	0	4	5	11	1	0	0	583
2.687	1	0	0	5	269	1	0	9	3	12	1	0	0	348
2.688	1	0	0	5	269	2	0	1	6	13	0	1	0	700
2.688	1	0	0	1	269	2	0	7	6	15	0	1	0	700
2.688	3	0	0	3	269	2	0	12	1	15	1	0	12	1081
2.689	1	0	0	5	269	3	0	1	7	15	0	1	0	817
2.689	1	0	0	1	269	3	0	8	5	14	0	1	0	583
2.69	1	0	0	5	269	4	0	1	7	14	0	2	0	817
2.69	1	0	0	1	269	4	0	8	5	13	0	1	0	583
2.691	1	0	0	2	269	5	0	6	1	15	1	0	5	348
2.691	1	0	0	3	269	5	0	7	1	15	1	0	7	539
2.691	1	0	0	4	269	5	0	8	1	15	1	0	0	114
2.691	1	0	0	5	269	5	0	9	1	11	1	0	0	114
2.691	1	0	0	1	269	5	0	10	3	12	0	1	0	348
2.691	3	0	0	2	269	5	0	12	1	15	1	0	28	4030
2.692	1	0	0	5	269	6	0	5	3	12	0	1	0	348
2.692	1	0	0	1	269	6	0	8	5	11	0	1	0	583
2.693	1	0	0	1	269	7	0	8	1	15	1	0	0	114
2.693	1	0	0	5	269	7	0	9	4	13	1	0	0	466
2.693	3	0	0	1	269	7	0	12	1	15	1	0	8	641
2.694	1	0	0	1	269	8	0	1	8	14	1	0	0	935
2.694	1	0	0	5	269	8	0	9	4	15	1	0	0	466
2.694	3	0	0	3	269	8	0	12	1	15	1	0	11	964
2.695	1	0	0	1	269	9	0	1	8	13	1	0	0	935
2.695	1	0	0	5	269	9	0	9	4	14	1	0	0	466
2.696	1	0	0	1	270	0	0	1	2	12	1	0	0	231
2.696	1	0	0	2	270	0	0	3	3	15	1	0	5	1052
2.696	1	0	0	3	270	0	0	6	3	15	1	0	7	1620
2.696	1	0	0	4	270	0	0	9	3	15	1	0	0	348
2.696	1	0	0	5	270	0	0	12	1	11	0	1	0	114
2.697	1	0	0	1	270	1	0	1	2	11	1	0	0	231
2.697	1	0	0	2	270	1	0	3	2	14	1	0	5	700
2.697	1	0	0	3	270	1	0	5	2	14	1	0	7	1081
2.697	1	0	0	4	270	1	0	7	3	14	1	0	0	348
2.697	1	0	0	5	270	1	0	10	3	12	1	0	0	348
2.697	3	0	0	2	270	1	0	12	1	15	1	0	28	4030
2.698	1	0	0	2	270	2	0	1	2	13	1	0	5	700
2.698	1	0	0	3	270	2	0	3	2	13	1	0	7	1081
2.698	1	0	0	4	270	2	0	5	2	13	1	0	0	231
2.698	1	0	0	5	270	2	0	7	4	13	0	1	0	466
2.698	1	0	0	1	270	2	0	11	1	15	0	1	0	114
