Time	direction	frame	subF	slot	1stSym	nSymbol	cellId	bwpId	rnti	tbSize	mcs	rank	rv	SINR(dB)	CQI	corrupt	TBler
1.00793	UL	100	7	0	12	1	1	0	1	114	0	1	0	-9.72182	255	1	1
1.00793	UL	100	7	0	12	1	1	0	1	114	0	1	0	-9.72182	255	1	1
1.01293	UL	101	2	0	12	1	1	0	1	114	0	1	1	-9.79261	255	0	0.0874444
1.01293	UL	101	2	0	12	1	1	0	1	114	0	1	1	-9.79261	255	0	0.0874444
1.01814	DL	101	8	0	1	1	1	0	1	114	0	1	0	-7.73938	0	1	0.976348
1.02314	DL	102	3	0	1	1	1	0	1	114	0	1	1	-7.64397	0	0	0
1.03193	UL	103	1	0	12	1	1	0	1	114	0	1	0	-9.66133	255	1	1
1.03193	UL	103	1	0	12	1	1	0	1	114	0	1	0	-9.66133	255	1	1
1.03693	UL	103	6	0	12	1	1	0	1	114	0	1	1	-9.75401	255	0	0.0645616
1.03693	UL	103	6	0	12	1	1	0	1	114	0	1	1	-9.75401	255	0	0.0645616
1.04293	UL	104	2	0	1	12	1	0	1	1404	0	1	0	-9.76316	255	1	1
1.04293	UL	104	2	0	1	12	1	0	1	1404	0	1	0	-9.76316	255	1	1
1.04393	UL	104	3	0	1	12	1	0	1	1404	0	1	0	-9.75286	255	1	1
1.04393	UL	104	3	0	1	12	1	0	1	1404	0	1	0	-9.75286	255	1	1
1.04493	UL	104	4	0	1	12	1	0	1	1404	0	1	0	-9.70707	255	1	1
1.04493	UL	104	4	0	1	12	1	0	1	1404	0	1	0	-9.70707	255	1	1
1.04593	UL	104	5	0	1	12	1	0	1	1404	0	1	0	-9.77274	255	1	1
1.04593	UL	104	5	0	1	12	1	0	1	1404	0	1	0	-9.77274	255	1	1
1.04693	UL	104	6	0	1	12	1	0	1	1404	0	1	0	-9.78294	255	1	1
1.04693	UL	104	6	0	1	12	1	0	1	1404	0	1	0	-9.78294	255	1	1
1.04793	UL	104	7	0	1	12	1	0	1	1404	0	1	1	-9.79607	255	0	7.89201e-07
1.04793	UL	104	7	0	1	12	1	0	1	1404	0	1	1	-9.79607	255	0	7.89201e-07
1.04893	UL	104	8	0	1	12	1	0	1	1404	0	1	1	-9.77527	255	0	4.25935e-07
1.04893	UL	104	8	0	1	12	1	0	1	1404	0	1	1	-9.77527	255	0	4.25935e-07
1.04993	UL	104	9	0	1	12	1	0	1	1404	0	1	1	-9.7736	255	0	1.33029e-07
1.04993	UL	104	9	0	1	12	1	0	1	1404	0	1	1	-9.7736	255	0	1.33029e-07
1.05093	UL	105	0	0	1	12	1	0	1	1404	0	1	1	-9.78273	255	0	7.93534e-07
1.05093	UL	105	0	0	1	12	1	0	1	1404	0	1	1	-9.78273	255	0	7.93534e-07
1.05193	UL	105	1	0	1	12	1	0	1	1404	0	1	1	-9.75272	255	0	4.53663e-07
1.05193	UL	105	1	0	1	12	1	0	1	1404	0	1	1	-9.75272	255	0	4.53663e-07
1.05293	UL	105	2	0	1	12	1	0	1	1404	0	1	0	-9.78084	255	1	1
1.05293	UL	105	2	0	1	12	1	0	1	1404	0	1	0	-9.78084	255	1	1
1.05393	UL	105	3	0	1	12	1	0	1	1404	0	1	0	-9.77127	255	1	1
1.05393	UL	105	3	0	1	12	1	0	1	1404	0	1	0	-9.77127	255	1	1
1.05493	UL	105	4	0	1	12	1	0	1	1404	0	1	0	-9.77104	255	1	1
1.05493	UL	105	4	0	1	12	1	0	1	1404	0	1	0	-9.77104	255	1	1
1.05593	UL	105	5	0	1	12	1	0	1	1404	0	1	0	-9.75577	255	1	1
1.05686	UL	105	6	0	1	11	1	0	1	1286	0	1	0	-9.7675	255	1	1
1.05793	UL	105	7	0	1	12	1	0	1	1404	0	1	1	-9.80213	255	0	1.41838e-06
1.05793	UL	105	7	0	1	12	1	0	1	1404	0	1	1	-9.80213	255	0	1.41838e-06
1.05893	UL	105	8	0	1	12	1	0	1	1404	0	1	1	-9.81916	255	0	1.69288e-06
1.05893	UL	105	8	0	1	12	1	0	1	1404	0	1	1	-9.81916	255	0	1.69288e-06
1.05993	UL	105	9	0	1	12	1	0	1	1404	0	1	1	-9.80187	255	0	1.2467e-06
1.05993	UL	105	9	0	1	12	1	0	1	1404	0	1	1	-9.80187	255	0	1.2467e-06
1.06093	UL	106	0	0	1	12	1	0	1	1404	0	1	1	-9.8277	255	0	1.55781e-06
1.06114	DL	106	1	0	1	1	1	0	1	114	0	1	0	-7.81101	0	1	0.984752
1.06193	UL	106	1	0	2	11	1	0	1	1286	0	1	1	-9.83389	255	0	2.12025e-06
1.06293	UL	106	2	0	1	12	1	0	1	1404	0	1	0	-9.80444	255	1	1
1.06314	DL	106	3	0	1	1	1	0	1	114	0	1	0	-7.79788	0	1	0.983353
1.06514	DL	106	5	0	1	1	1	0	1	114	0	1	0	-7.8051	0	1	0.984457
1.06614	DL	106	6	0	1	1	1	0	1	114	0	1	1	-7.81509	0	0	0
1.06793	UL	106	7	0	1	12	1	0	1	1404	0	1	1	-9.83379	255	0	4.62978e-06
1.06814	DL	106	8	0	1	1	1	0	1	114	0	1	1	-7.78115	0	0	0
1.07014	DL	107	0	0	1	1	1	0	1	114	0	1	1	-7.79284	0	0	0
1.07493	UL	107	4	0	12	1	1	0	1	114	0	1	0	-9.84787	255	1	1
1.07493	UL	107	4	0	12	1	1	0	1	114	0	1	0	-9.84787	255	1	1
1.07993	UL	107	9	0	12	1	1	0	1	114	0	1	1	-9.86551	255	0	0.148383
1.07993	UL	107	9	0	12	1	1	0	1	114	0	1	1	-9.86551	255	0	0.148383
1.08593	UL	108	5	0	1	12	1	0	1	1404	0	1	0	-9.74813	255	1	1
1.08593	UL	108	5	0	1	12	1	0	1	1404	0	1	0	-9.74813	255	1	1
1.08693	UL	108	6	0	1	12	1	0	1	1404	0	1	0	-9.78033	255	1	1
1.08693	UL	108	6	0	1	12	1	0	1	1404	0	1	0	-9.78033	255	1	1
1.08793	UL	108	7	0	1	12	1	0	1	1404	0	1	0	-9.7897	255	1	1
1.08793	UL	108	7	0	1	12	1	0	1	1404	0	1	0	-9.7897	255	1	1
1.08893	UL	108	8	0	1	12	1	0	1	1404	0	1	0	-9.76143	255	1	1
1.08893	UL	108	8	0	1	12	1	0	1	1404	0	1	0	-9.76143	255	1	1
1.08993	UL	108	9	0	1	12	1	0	1	1404	0	1	0	-9.76014	255	1	1
1.08993	UL	108	9	0	1	12	1	0	1	1404	0	1	0	-9.76014	255	1	1
1.09093	UL	109	0	0	1	12	1	0	1	1404	0	1	1	-9.79179	255	0	6.11278e-07
1.09093	UL	109	0	0	1	12	1	0	1	1404	0	1	1	-9.79179	255	0	6.11278e-07
1.09186	UL	109	1	0	1	11	1	0	1	1286	0	1	0	-9.79949	255	1	1
1.09186	UL	109	1	0	1	11	1	0	1	1286	0	1	0	-9.79949	255	1	1
1.09293	UL	109	2	0	1	12	1	0	1	1404	0	1	1	-9.79476	255	0	1.37191e-06
1.09293	UL	109	2	0	1	12	1	0	1	1404	0	1	1	-9.79476	255	0	1.37191e-06
1.09393	UL	109	3	0	1	12	1	0	1	1404	0	1	1	-9.75745	255	0	3.56486e-07
1.09393	UL	109	3	0	1	12	1	0	1	1404	0	1	1	-9.75745	255	0	3.56486e-07
1.09493	UL	109	4	0	1	12	1	0	1	1404	0	1	1	-9.75375	255	0	3.49512e-07
1.09493	UL	109	4	0	1	12	1	0	1	1404	0	1	1	-9.75375	255	0	3.49512e-07
1.09593	UL	109	5	0	1	12	1	0	1	1404	0	1	0	-9.7339	255	1	1
1.09593	UL	109	5	0	1	12	1	0	1	1404	0	1	0	-9.7339	255	1	1
1.09614	DL	109	6	0	1	1	1	0	1	114	0	1	0	-7.70629	0	0	0.973745
1.09693	UL	109	6	0	2	11	1	0	1	1286	0	1	1	-9.71971	255	0	3.86412e-07
1.09693	UL	109	6	0	2	11	1	0	1	1286	0	1	1	-9.71971	255	0	3.86412e-07
1.09793	UL	109	7	0	1	12	1	0	1	1404	0	1	0	-9.74415	255	1	1
1.09793	UL	109	7	0	1	12	1	0	1	1404	0	1	0	-9.74415	255	1	1
1.09893	UL	109	8	0	1	12	1	0	1	1404	0	1	0	-9.73072	255	1	1
1.09993	UL	109	9	0	1	12	1	0	1	1404	0	1	0	-9.75679	255	1	1
1.09993	UL	109	9	0	1	12	1	0	1	1404	0	1	0	-9.75679	255	1	1
1.10093	UL	110	0	0	1	12	1	0	1	1404	0	1	1	-9.76377	255	0	2.35038e-07
1.10093	UL	110	0	0	1	12	1	0	1	1404	0	1	1	-9.76377	255	0	2.35038e-07
1.10193	UL	110	1	0	1	12	1	0	1	1404	0	1	0	-9.77217	255	1	1
1.10193	UL	110	1	0	1	12	1	0	1	1404	0	1	0	-9.77217	255	1	1
1.10393	UL	110	3	0	1	12	1	0	1	1404	0	1	1	-9.70683	255	0	8.02387e-08
1.10393	UL	110	3	0	1	12	1	0	1	1404	0	1	1	-9.70683	255	0	8.02387e-08
1.10493	UL	110	4	0	1	12	1	0	1	1404	0	1	1	-9.70442	255	0	9.24058e-08
1.10493	UL	110	4	0	1	12	1	0	1	1404	0	1	1	-9.70442	255	0	9.24058e-08
1.10593	UL	110	5	0	12	1	1	0	1	114	0	1	0	-9.71006	255	1	1
1.10693	UL	110	6	0	1	12	1	0	1	1404	0	1	1	-9.71351	255	0	1.76813e-07
1.10693	UL	110	6	0	1	12	1	0	1	1404	0	1	1	-9.71351	255	0	1.76813e-07
1.10786	UL	110	7	0	11	1	1	0	1	114	0	1	0	-9.75385	255	0	0.105904
1.10793	UL	110	7	0	12	1	1	0	2	114	0	1	0	-3.41255	255	0	0
1.10793	UL	110	7	0	12	1	1	0	2	114	0	1	0	-3.41255	255	0	0
1.11093	UL	111	0	0	12	1	1	0	1	114	0	1	1	-9.79279	255	0	0.086687
1.11314	DL	111	3	0	1	1	1	0	2	114	0	1	0	-1.37703	3	0	0
1.12193	UL	112	1	0	12	1	1	0	2	216	3	1	0	-3.27913	255	0	3.51614e-06
1.12193	UL	112	1	0	12	1	1	0	2	216	3	1	0	-3.27913	255	0	3.51614e-06
1.12793	UL	112	7	0	1	12	1	0	2	2629	3	1	0	-3.25603	255	0	0
1.12793	UL	112	7	0	1	12	1	0	2	2629	3	1	0	-3.25603	255	0	0
1.12893	UL	112	8	0	1	12	1	0	2	2629	3	1	0	-3.27467	255	0	0
1.12893	UL	112	8	0	1	12	1	0	2	2629	3	1	0	-3.27467	255	0	0
1.12993	UL	112	9	0	1	12	1	0	2	2629	3	1	0	-3.18571	255	0	0
1.12993	UL	112	9	0	1	12	1	0	2	2629	3	1	0	-3.18571	255	0	0
1.13093	UL	113	0	0	1	12	1	0	2	2629	3	1	0	-3.14774	255	0	0
1.13093	UL	113	0	0	1	12	1	0	2	2629	3	1	0	-3.14774	255	0	0
1.13193	UL	113	1	0	12	1	1	0	2	216	3	1	0	-3.14589	255	0	1.7672e-07
1.13393	UL	113	3	0	1	12	1	0	2	2629	3	1	0	-3.23193	255	0	0
1.13493	UL	113	4	0	1	12	1	0	2	2629	3	1	0	-3.26202	255	0	0
1.13593	UL	113	5	0	1	12	1	0	2	2629	3	1	0	-3.20073	255	0	0
1.13614	DL	113	6	0	1	1	1	0	2	275	4	1	0	-1.20727	3	0	0
1.14493	UL	114	4	0	12	1	1	0	2	216	3	1	0	-3.33659	255	0	1.11416e-05
1.14493	UL	114	4	0	12	1	1	0	2	216	3	1	0	-3.33659	255	0	1.11416e-05
1.15093	UL	115	0	0	1	12	1	0	2	2629	3	1	0	-3.33572	255	0	0
1.15093	UL	115	0	0	1	12	1	0	2	2629	3	1	0	-3.33572	255	0	0
1.15193	UL	115	1	0	1	12	1	0	2	2629	3	1	0	-3.28182	255	0	0
1.15193	UL	115	1	0	1	12	1	0	2	2629	3	1	0	-3.28182	255	0	0
1.15293	UL	115	2	0	1	12	1	0	2	2629	3	1	0	-3.31352	255	0	0
1.15293	UL	115	2	0	1	12	1	0	2	2629	3	1	0	-3.31352	255	0	0
1.15393	UL	115	3	0	1	12	1	0	2	2629	3	1	0	-3.33163	255	0	0
1.15393	UL	115	3	0	1	12	1	0	2	2629	3	1	0	-3.33163	255	0	0
1.15493	UL	115	4	0	12	1	1	0	2	216	3	1	0	-3.43828	255	0	7.70066e-05
1.15686	UL	115	6	0	1	11	1	0	2	2409	3	1	0	-3.5031	255	0	9.76996e-14
1.15793	UL	115	7	0	1	12	1	0	2	2629	3	1	0	-3.48238	255	0	2.35367e-14
1.15893	UL	115	8	0	1	12	1	0	2	2629	3	1	0	-3.43053	255	0	8.88178e-16
1.15921	DL	115	9	0	1	2	1	0	2	553	4	1	0	-1.38234	3	0	0
1.16793	UL	116	7	0	12	1	1	0	2	216	3	1	0	-3.26614	255	0	2.68704e-06
1.16793	UL	116	7	0	12	1	1	0	2	216	3	1	0	-3.26614	255	0	2.68704e-06
1.17393	UL	117	3	0	1	12	1	0	2	2629	3	1	0	-3.28309	255	0	0
1.17393	UL	117	3	0	1	12	1	0	2	2629	3	1	0	-3.28309	255	0	0
1.17493	UL	117	4	0	1	12	1	0	2	2629	3	1	0	-3.24936	255	0	0
1.17493	UL	117	4	0	1	12	1	0	2	2629	3	1	0	-3.24936	255	0	0
1.17593	UL	117	5	0	1	12	1	0	2	2629	3	1	0	-3.24853	255	0	0
1.17593	UL	117	5	0	1	12	1	0	2	2629	3	1	0	-3.24853	255	0	0
1.17693	UL	117	6	0	1	12	1	0	2	2629	3	1	0	-3.30409	255	0	0
1.17693	UL	117	6	0	1	12	1	0	2	2629	3	1	0	-3.30409	255	0	0
1.17793	UL	117	7	0	12	1	1	0	2	216	3	1	0	-3.3836	255	0	2.79435e-05
1.17993	UL	117	9	0	1	12	1	0	2	2629	3	1	0	-3.34534	255	0	0
1.18093	UL	118	0	0	1	12	1	0	2	2629	3	1	0	-3.33777	255	0	0
1.18193	UL	118	1	0	1	12	1	0	2	2629	3	1	0	-3.37118	255	0	0
1.18221	DL	118	2	0	1	2	1	0	2	553	4	1	0	-1.34295	3	0	0
1.19093	UL	119	0	0	12	1	1	0	2	216	3	1	0	-3.21199	255	0	8.07284e-07
1.19093	UL	119	0	0	12	1	1	0	2	216	3	1	0	-3.21199	255	0	8.07284e-07
1.19693	UL	119	6	0	1	12	1	0	2	2629	3	1	0	-3.30717	255	0	0
1.19693	UL	119	6	0	1	12	1	0	2	2629	3	1	0	-3.30717	255	0	0
1.19786	UL	119	7	0	1	11	1	0	2	2409	3	1	0	-3.24989	255	0	0
1.19786	UL	119	7	0	1	11	1	0	2	2409	3	1	0	-3.24989	255	0	0
1.19893	UL	119	8	0	1	12	1	0	2	2629	3	1	0	-3.19117	255	0	0
1.19893	UL	119	8	0	1	12	1	0	2	2629	3	1	0	-3.19117	255	0	0
1.19993	UL	119	9	0	1	12	1	0	2	2629	3	1	0	-3.30344	255	0	0
1.19993	UL	119	9	0	1	12	1	0	2	2629	3	1	0	-3.30344	255	0	0
1.20036	DL	120	0	0	1	4	1	0	1	466	0	1	0	-7.89327	0	1	0.999968
1.20086	UL	120	0	0	10	2	1	0	2	436	3	1	0	-3.26954	255	0	8.60423e-15
1.20293	UL	120	2	0	1	12	1	0	2	2629	3	1	0	-3.29492	255	0	0
1.20393	UL	120	3	0	1	12	1	0	2	2629	3	1	0	-3.28133	255	0	0
1.20493	UL	120	4	0	1	12	1	0	2	2629	3	1	0	-3.32536	255	0	0
1.20536	DL	120	5	0	1	4	1	0	1	466	0	1	1	-7.96845	0	0	0
1.2055	DL	120	5	0	5	2	1	0	2	553	4	1	0	-1.36221	3	0	0
1.20793	UL	120	7	0	12	1	1	0	3	114	0	1	0	-0.319207	255	0	0
1.20793	UL	120	7	0	12	1	1	0	3	114	0	1	0	-0.319207	255	0	0
1.21314	DL	121	3	0	1	1	1	0	3	114	0	1	0	1.83635	4	0	0
1.21386	UL	121	3	0	11	1	1	0	1	114	0	1	0	-9.84897	255	1	1
1.21386	UL	121	3	0	11	1	1	0	1	114	0	1	0	-9.84897	255	1	1
1.21393	UL	121	3	0	12	1	1	0	2	216	3	1	0	-3.50047	255	0	0.000211726
1.21393	UL	121	3	0	12	1	1	0	2	216	3	1	0	-3.50047	255	0	0.000211726
1.21893	UL	121	8	0	12	1	1	0	1	114	0	1	1	-9.82186	255	0	0.122891
1.21893	UL	121	8	0	12	1	1	0	1	114	0	1	1	-9.82186	255	0	0.122891
1.21993	UL	121	9	0	1	12	1	0	2	2629	3	1	0	-3.46276	255	0	5.32907e-15
1.21993	UL	121	9	0	1	12	1	0	2	2629	3	1	0	-3.46276	255	0	5.32907e-15
1.22093	UL	122	0	0	1	12	1	0	2	2629	3	1	0	-3.52727	255	0	4.10338e-13
1.22093	UL	122	0	0	1	12	1	0	2	2629	3	1	0	-3.52727	255	0	4.10338e-13
1.22186	UL	122	1	0	1	11	1	0	2	2409	3	1	0	-3.53534	255	0	7.11431e-13
1.22186	UL	122	1	0	1	11	1	0	2	2409	3	1	0	-3.53534	255	0	7.11431e-13
1.22193	UL	122	1	0	12	1	1	0	3	436	6	1	0	-0.202327	255	0	0.00154973
1.22193	UL	122	1	0	12	1	1	0	3	436	6	1	0	-0.202327	255	0	0.00154973
1.22293	UL	122	2	0	1	12	1	0	2	2629	3	1	0	-3.47971	255	0	1.77636e-14
1.22293	UL	122	2	0	1	12	1	0	2	2629	3	1	0	-3.47971	255	0	1.77636e-14
1.22393	UL	122	3	0	11	2	1	0	2	436	3	1	0	-3.48326	255	0	4.10016e-10
1.22493	UL	122	4	0	1	12	1	0	1	1404	0	1	0	-9.7249	255	1	1
1.22493	UL	122	4	0	1	12	1	0	1	1404	0	1	0	-9.7249	255	1	1
1.2255	UL	122	5	0	1	6	1	0	1	700	0	1	0	-9.72588	255	1	1
1.2255	UL	122	5	0	1	6	1	0	1	700	0	1	0	-9.72588	255	1	1
1.22593	UL	122	5	0	7	6	1	0	2	1316	3	1	0	-3.53282	255	0	3.13083e-13
1.2265	UL	122	6	0	1	6	1	0	1	700	0	1	0	-9.71771	255	1	1
1.2265	UL	122	6	0	1	6	1	0	1	700	0	1	0	-9.71771	255	1	1
1.22693	UL	122	6	0	7	6	1	0	2	1316	3	1	0	-3.52215	255	0	1.6076e-13
1.22736	UL	122	7	0	1	4	1	0	1	466	0	1	0	-9.72186	255	0	6.86314e-06
1.22736	UL	122	7	0	1	4	1	0	1	466	0	1	0	-9.72186	255	0	6.86314e-06
1.22764	UL	122	7	0	5	4	1	0	2	876	3	1	0	-3.50038	255	0	1.78537e-09
1.22793	UL	122	7	0	9	4	1	0	3	1752	6	1	0	-0.0908204	255	0	2.42276e-06
1.22793	UL	122	7	0	9	4	1	0	3	1752	6	1	0	-0.0908204	255	0	2.42276e-06
1.2285	UL	122	8	0	1	6	1	0	1	700	0	1	0	-9.67343	255	1	1
1.2285	UL	122	8	0	1	6	1	0	1	700	0	1	0	-9.67343	255	1	1
1.22893	UL	122	8	0	7	6	1	0	3	2629	6	1	0	-0.146171	255	0	2.53683e-05
1.22893	UL	122	8	0	7	6	1	0	3	2629	6	1	0	-0.146171	255	0	2.53683e-05
1.22993	UL	122	9	0	1	12	1	0	1	1404	0	1	1	-9.70199	255	0	1.59596e-08
1.22993	UL	122	9	0	1	12	1	0	1	1404	0	1	1	-9.70199	255	0	1.59596e-08
1.2305	UL	123	0	0	1	6	1	0	3	2629	6	1	0	-0.157512	255	0	4.08371e-05
1.2305	UL	123	0	0	1	6	1	0	3	2629	6	1	0	-0.157512	255	0	4.08371e-05
1.23093	UL	123	0	0	7	6	1	0	1	700	0	1	1	-9.70015	255	0	8.91412e-09
1.23093	UL	123	0	0	7	6	1	0	1	700	0	1	1	-9.70015	255	0	8.91412e-09
1.2315	UL	123	1	0	1	6	1	0	3	2629	6	1	0	-0.139101	255	0	2.41611e-05
1.2315	UL	123	1	0	1	6	1	0	3	2629	6	1	0	-0.139101	255	0	2.41611e-05
1.23193	UL	123	1	0	7	6	1	0	1	700	0	1	1	-9.73715	255	0	1.92658e-08
1.23193	UL	123	1	0	7	6	1	0	1	700	0	1	1	-9.73715	255	0	1.92658e-08
1.23271	UL	123	2	0	1	9	1	0	1	1052	0	1	0	-9.71971	255	1	1
1.23271	UL	123	2	0	1	9	1	0	1	1052	0	1	0	-9.71971	255	1	1
1.23293	UL	123	2	0	10	3	1	0	3	1316	6	1	0	-0.162032	255	0	2.72772e-05
1.23293	UL	123	2	0	10	3	1	0	3	1316	6	1	0	-0.162032	255	0	2.72772e-05
1.2335	UL	123	3	0	1	6	1	0	3	2629	6	1	0	-0.165661	255	0	6.13265e-05
1.23393	UL	123	3	0	7	6	1	0	1	700	0	1	1	-9.77444	255	0	1.53839e-08
1.23393	UL	123	3	0	7	6	1	0	1	700	0	1	1	-9.77444	255	0	1.53839e-08
1.2345	UL	123	4	0	1	6	1	0	1	700	0	1	0	-9.77172	255	1	1
1.2345	UL	123	4	0	1	6	1	0	1	700	0	1	0	-9.77172	255	1	1
1.23493	UL	123	4	0	7	6	1	0	3	2629	6	1	0	-0.196209	255	0	0.00019573
1.2355	UL	123	5	0	1	6	1	0	1	700	0	1	0	-9.76672	255	1	1
1.2355	UL	123	5	0	1	6	1	0	1	700	0	1	0	-9.76672	255	1	1
1.23593	UL	123	5	0	7	6	1	0	3	2629	6	1	0	-0.152739	255	0	4.79425e-05
1.23679	UL	123	6	0	1	10	1	0	1	1169	0	1	0	-9.78155	255	1	1
1.23686	UL	123	6	0	11	1	1	0	3	436	6	1	0	-0.144635	255	0	0.000559483
1.23714	DL	123	7	0	1	1	1	0	3	436	6	1	0	2.02727	5	0	0
1.23721	DL	123	7	0	2	1	1	0	2	275	4	1	0	-1.30507	3	0	6.10623e-16
1.23729	DL	123	7	0	3	1	1	0	1	114	0	1	0	-7.85096	0	1	0.988495
1.23793	UL	123	7	0	4	9	1	0	1	1052	0	1	1	-9.77619	255	0	1.0371e-07
1.23793	UL	123	7	0	4	9	1	0	1	1052	0	1	1	-9.77619	255	0	1.0371e-07
1.23893	UL	123	8	0	1	12	1	0	1	1404	0	1	0	-9.7981	255	1	1
1.23914	DL	123	9	0	1	1	1	0	3	436	6	1	0	2.06042	5	0	0
1.23921	DL	123	9	0	2	1	1	0	2	275	4	1	0	-1.3427	3	0	2.33147e-15
1.23929	DL	123	9	0	3	1	1	0	1	114	0	1	0	-7.85812	0	1	0.989
1.23993	UL	123	9	0	7	6	1	0	1	700	0	1	1	-9.76945	255	0	1.43336e-07
1.23993	UL	123	9	0	7	6	1	0	1	700	0	1	1	-9.76945	255	0	1.43336e-07
1.24093	UL	124	0	0	7	6	1	0	1	700	0	1	1	-9.82939	255	0	5.28594e-07
1.24093	UL	124	0	0	7	6	1	0	1	700	0	1	1	-9.82939	255	0	5.28594e-07
1.24193	UL	124	1	0	3	10	1	0	1	1169	0	1	1	-9.83472	255	0	1.59286e-06
1.24214	DL	124	2	0	1	1	1	0	1	114	0	1	1	-7.87259	0	0	0
1.24293	UL	124	2	0	4	9	1	0	1	1052	0	1	0	-9.79369	255	1	1
1.24393	UL	124	3	0	1	12	1	0	1	1404	0	1	1	-9.79344	255	0	9.85986e-07
1.24414	DL	124	4	0	1	1	1	0	1	114	0	1	1	-7.88166	0	0	0
1.24514	DL	124	5	0	1	1	1	0	1	114	0	1	0	-7.88188	0	1	0.990246
1.24593	UL	124	5	0	12	1	1	0	3	436	6	1	0	-0.143421	255	0	0.000691066
1.24593	UL	124	5	0	12	1	1	0	3	436	6	1	0	-0.143421	255	0	0.000691066
1.24614	DL	124	6	0	1	1	1	0	1	114	0	1	0	-7.84314	0	1	0.987499
1.24793	UL	124	7	0	4	9	1	0	1	1052	0	1	1	-9.74625	255	0	2.93471e-07
1.25014	DL	125	0	0	1	1	1	0	1	114	0	1	1	-7.81306	0	0	0
1.25093	UL	125	0	0	12	1	1	0	1	114	0	1	0	-9.74716	255	1	1
1.25093	UL	125	0	0	12	1	1	0	1	114	0	1	0	-9.74716	255	1	1
1.25186	UL	125	1	0	1	11	1	0	3	4818	6	1	0	-0.1844	255	0	0.000521176
1.25186	UL	125	1	0	1	11	1	0	3	4818	6	1	0	-0.1844	255	0	0.000521176
1.25293	UL	125	2	0	1	12	1	0	3	5258	6	1	0	-0.222399	255	0	0.00217731
1.25293	UL	125	2	0	1	12	1	0	3	5258	6	1	0	-0.222399	255	0	0.00217731
1.25379	UL	125	3	0	1	10	1	0	1	1169	0	1	0	-9.75999	255	1	1
1.25379	UL	125	3	0	1	10	1	0	1	1169	0	1	0	-9.75999	255	1	1
1.25393	UL	125	3	0	11	2	1	0	3	876	6	1	0	-0.261614	255	0	0.0173743
1.25493	UL	125	4	0	1	12	1	0	1	1404	0	1	0	-9.74489	255	1	1
1.25493	UL	125	4	0	1	12	1	0	1	1404	0	1	0	-9.74489	255	1	1
1.25514	DL	125	5	0	1	1	1	0	1	114	0	1	1	-7.80879	0	0	0
1.25593	UL	125	5	0	12	1	1	0	1	114	0	1	1	-9.78129	255	0	0.0855798
1.25593	UL	125	5	0	12	1	1	0	1	114	0	1	1	-9.78129	255	0	0.0855798
1.2565	UL	125	6	0	1	6	1	0	1	700	0	1	0	-9.79002	255	1	1
1.2565	UL	125	6	0	1	6	1	0	1	700	0	1	0	-9.79002	255	1	1
1.25693	UL	125	6	0	7	6	1	0	3	2629	6	1	0	-0.276876	255	0	0.0054923
1.2575	UL	125	7	0	1	6	1	0	1	700	0	1	0	-9.77812	255	1	1
1.2575	UL	125	7	0	1	6	1	0	1	700	0	1	0	-9.77812	255	1	1
1.25793	UL	125	7	0	7	6	1	0	3	2629	6	1	0	-0.280867	255	0	0.00638882
1.25814	DL	125	8	0	1	1	1	0	3	641	8	1	0	1.82167	4	0	0.281416
1.25893	UL	125	8	0	3	10	1	0	1	1169	0	1	1	-9.82883	255	0	8.4422e-07
1.25893	UL	125	8	0	3	10	1	0	1	1169	0	1	1	-9.82883	255	0	8.4422e-07
1.25993	UL	125	9	0	1	12	1	0	1	1404	0	1	1	-9.84617	255	0	9.30245e-07
1.25993	UL	125	9	0	1	12	1	0	1	1404	0	1	1	-9.84617	255	0	9.30245e-07
1.26193	UL	126	1	0	7	6	1	0	1	700	0	1	1	-9.82456	255	0	7.9658e-07
1.26193	UL	126	1	0	7	6	1	0	1	700	0	1	1	-9.82456	255	0	7.9658e-07
1.26286	UL	126	2	0	6	6	1	0	1	700	0	1	1	-9.78382	255	0	2.60267e-07
1.26286	UL	126	2	0	6	6	1	0	1	700	0	1	1	-9.78382	255	0	2.60267e-07
1.26393	UL	126	3	0	1	12	1	0	1	1404	0	1	0	-9.79611	255	1	1
1.26393	UL	126	3	0	1	12	1	0	1	1404	0	1	0	-9.79611	255	1	1
1.26493	UL	126	4	0	1	12	1	0	1	1404	0	1	0	-9.76926	255	1	1
1.26493	UL	126	4	0	1	12	1	0	1	1404	0	1	0	-9.76926	255	1	1
1.26593	UL	126	5	0	1	12	1	0	1	1404	0	1	0	-9.78386	255	1	1
1.26614	DL	126	6	0	1	1	1	0	1	114	0	1	0	-7.87337	0	1	0.989894
1.26686	UL	126	6	0	6	6	1	0	1	700	0	1	0	-9.80248	255	1	1
1.26693	UL	126	6	0	12	1	1	0	3	436	6	1	0	-0.290966	255	0	0.0165408
1.26693	UL	126	6	0	12	1	1	0	3	436	6	1	0	-0.290966	255	0	0.0165408
1.26793	UL	126	7	0	1	12	1	0	1	1404	0	1	0	-9.76445	255	1	1
1.26893	UL	126	8	0	1	12	1	0	1	1404	0	1	1	-9.75943	255	0	4.65602e-07
1.26893	UL	126	8	0	1	12	1	0	1	1404	0	1	1	-9.75943	255	0	4.65602e-07
1.26993	UL	126	9	0	1	12	1	0	1	1404	0	1	1	-9.79323	255	0	5.30201e-07
1.26993	UL	126	9	0	1	12	1	0	1	1404	0	1	1	-9.79323	255	0	5.30201e-07
1.27093	UL	127	0	0	1	12	1	0	1	1404	0	1	1	-9.77563	255	0	4.92288e-07
1.27114	DL	127	1	0	1	1	1	0	1	114	0	1	1	-7.86362	0	0	0
1.27193	UL	127	1	0	7	6	1	0	1	700	0	1	1	-9.80162	255	0	6.3543e-07
1.27293	UL	127	2	0	1	12	1	0	1	1404	0	1	1	-9.81965	255	0	8.51953e-07
1.2735	UL	127	3	0	1	6	1	0	1	700	0	1	0	-9.88355	255	1	1
1.27393	UL	127	3	0	7	6	1	0	3	2629	6	1	0	-0.326086	255	0	0.0236825
1.27393	UL	127	3	0	7	6	1	0	3	2629	6	1	0	-0.326086	255	0	0.0236825
1.27493	UL	127	4	0	1	12	1	0	3	5258	6	1	0	-0.334878	255	0	0.0490452
1.27493	UL	127	4	0	1	12	1	0	3	5258	6	1	0	-0.334878	255	0	0.0490452
1.27521	DL	127	5	0	1	2	1	0	1	231	0	1	0	-7.96643	0	1	0.99878
1.27593	UL	127	5	0	6	7	1	0	3	3066	6	1	0	-0.325189	255	0	0.0303677
1.27593	UL	127	5	0	6	7	1	0	3	3066	6	1	0	-0.325189	255	0	0.0303677
1.27893	UL	127	8	0	7	6	1	0	1	700	0	1	1	-9.99217	255	0	0.000115747
1.27914	UL	127	9	0	1	1	1	0	1	114	0	1	0	-10.0024	255	1	1
1.27914	UL	127	9	0	1	1	1	0	1	114	0	1	0	-10.0024	255	1	1
1.27993	UL	127	9	0	2	11	1	0	3	4818	6	1	0	-0.325755	255	0	0.0457898
1.28021	DL	128	0	0	1	2	1	0	1	231	0	1	1	-8.06675	0	0	0
1.28029	DL	128	0	0	3	1	1	0	3	436	6	1	0	1.67899	4	0	0
1.28086	UL	128	0	0	7	5	1	0	3	2192	6	1	0	-0.315364	255	0	0.0152138
1.28114	DL	128	1	0	1	1	1	0	3	436	6	1	0	1.69834	4	0	0
1.28493	UL	128	4	0	12	1	1	0	1	114	0	1	1	-9.88654	255	1	0.2089
1.28493	UL	128	4	0	12	1	1	0	1	114	0	1	1	-9.88654	255	1	0.2089
1.28593	UL	128	5	0	1	12	1	0	1	1404	0	1	0	-9.87304	255	1	1
1.28593	UL	128	5	0	1	12	1	0	1	1404	0	1	0	-9.87304	255	1	1
1.28693	UL	128	6	0	7	6	1	0	1	700	0	1	0	-9.90797	255	1	1
1.28693	UL	128	6	0	7	6	1	0	1	700	0	1	0	-9.90797	255	1	1
1.28893	UL	128	8	0	12	1	1	0	3	436	6	1	0	-0.238082	255	0	0.00905913
1.28893	UL	128	8	0	12	1	1	0	3	436	6	1	0	-0.238082	255	0	0.00905913
1.28993	UL	128	9	0	12	1	1	0	1	114	0	1	2	-9.88607	255	0	1.11022e-16
1.28993	UL	128	9	0	12	1	1	0	1	114	0	1	2	-9.88607	255	0	1.11022e-16
1.29093	UL	129	0	0	1	12	1	0	1	1404	0	1	1	-9.88266	255	0	2.51237e-05
1.29093	UL	129	0	0	1	12	1	0	1	1404	0	1	1	-9.88266	255	0	2.51237e-05
1.29193	UL	129	1	0	7	6	1	0	1	700	0	1	1	-9.87053	255	0	1.85629e-05
1.29193	UL	129	1	0	7	6	1	0	1	700	0	1	1	-9.87053	255	0	1.85629e-05
1.29493	UL	129	4	0	1	12	1	0	3	5258	6	1	0	-0.235733	255	0	0.00659282
1.29493	UL	129	4	0	1	12	1	0	3	5258	6	1	0	-0.235733	255	0	0.00659282
1.2955	UL	129	5	0	1	6	1	0	1	700	0	1	0	-9.8699	255	1	1
1.2955	UL	129	5	0	1	6	1	0	1	700	0	1	0	-9.8699	255	1	1
1.29593	UL	129	5	0	7	6	1	0	3	2629	6	1	0	-0.219977	255	0	0.00268288
1.29593	UL	129	5	0	7	6	1	0	3	2629	6	1	0	-0.219977	255	0	0.00268288
1.29686	UL	129	6	0	1	11	1	0	1	1286	0	1	0	-9.86845	255	1	1
1.29686	UL	129	6	0	1	11	1	0	1	1286	0	1	0	-9.86845	255	1	1
1.2975	UL	129	7	0	1	6	1	0	1	700	0	1	0	-9.80594	255	1	1
1.2975	UL	129	7	0	1	6	1	0	1	700	0	1	0	-9.80594	255	1	1
1.29793	UL	129	7	0	7	6	1	0	3	2629	6	1	0	-0.2475	255	0	0.00512711
1.29793	UL	129	7	0	7	6	1	0	3	2629	6	1	0	-0.2475	255	0	0.00512711
1.29886	UL	129	8	0	1	11	1	0	1	1286	0	1	0	-9.83419	255	1	1
1.29886	UL	129	8	0	1	11	1	0	1	1286	0	1	0	-9.83419	255	1	1
1.29893	UL	129	8	0	12	1	1	0	3	436	6	1	0	-0.304528	255	0	0.0250482
1.29993	UL	129	9	0	1	12	1	0	1	1404	0	1	0	-9.83064	255	1	1
1.29993	UL	129	9	0	1	12	1	0	1	1404	0	1	0	-9.83064	255	1	1
1.3005	UL	130	0	0	1	6	1	0	3	2629	6	1	0	-0.276827	255	0	0.0110818
1.30093	UL	130	0	0	7	6	1	0	1	700	0	1	1	-9.80187	255	0	2.457e-06
1.30093	UL	130	0	0	7	6	1	0	1	700	0	1	1	-9.80187	255	0	2.457e-06
1.30114	UL	130	1	0	1	1	1	0	3	436	6	1	0	-0.279581	255	0	0.0186189
1.30193	UL	130	1	0	2	11	1	0	1	1286	0	1	1	-9.7857	255	0	3.37806e-06
1.30193	UL	130	1	0	2	11	1	0	1	1286	0	1	1	-9.7857	255	0	3.37806e-06
1.30214	DL	130	2	0	1	1	1	0	3	436	6	1	0	1.64188	4	0	0
1.30221	DL	130	2	0	2	1	1	0	1	114	0	1	0	-7.86336	0	1	0.990657
1.3025	UL	130	2	0	3	4	1	0	3	1752	6	1	0	-0.274879	255	0	0.00810411
1.30293	UL	130	2	0	7	6	1	0	1	700	0	1	1	-9.82091	255	0	1.00259e-06
1.30293	UL	130	2	0	7	6	1	0	1	700	0	1	1	-9.82091	255	0	1.00259e-06
1.30314	DL	130	3	0	1	1	1	0	3	436	6	1	0	1.63141	4	0	0
1.30393	UL	130	3	0	2	11	1	0	1	1286	0	1	1	-9.80432	255	0	2.72192e-06
1.30393	UL	130	3	0	2	11	1	0	1	1286	0	1	1	-9.80432	255	0	2.72192e-06
1.30493	UL	130	4	0	1	12	1	0	1	1404	0	1	1	-9.77999	255	0	1.30121e-06
1.30493	UL	130	4	0	1	12	1	0	1	1404	0	1	1	-9.77999	255	0	1.30121e-06
1.30593	UL	130	5	0	1	12	1	0	1	1404	0	1	0	-9.77815	255	1	1
1.30593	UL	130	5	0	1	12	1	0	1	1404	0	1	0	-9.77815	255	1	1
1.30693	UL	130	6	0	1	12	1	0	1	1404	0	1	0	-9.80368	255	1	1
1.30693	UL	130	6	0	1	12	1	0	1	1404	0	1	0	-9.80368	255	1	1
1.30786	UL	130	7	0	1	11	1	0	1	1286	0	1	0	-9.82162	255	1	1
1.30793	UL	130	7	0	12	1	1	0	4	114	0	1	0	-6.66136	255	0	0.192825
1.30793	UL	130	7	0	12	1	1	0	4	114	0	1	0	-6.66136	255	0	0.192825
1.30893	UL	130	8	0	1	12	1	0	1	1404	0	1	0	-9.81138	255	1	1
1.30993	UL	130	9	0	1	12	1	0	1	1404	0	1	0	-9.8197	255	1	1
1.31093	UL	131	0	0	1	12	1	0	1	1404	0	1	1	-9.87214	255	0	2.81769e-06
1.31093	UL	131	0	0	1	12	1	0	1	1404	0	1	1	-9.87214	255	0	2.81769e-06
1.31193	UL	131	1	0	1	12	1	0	1	1404	0	1	1	-9.87562	255	0	4.92695e-06
1.31193	UL	131	1	0	1	12	1	0	1	1404	0	1	1	-9.87562	255	0	4.92695e-06
1.31214	UL	131	2	0	1	1	1	0	3	436	6	1	0	-0.300901	255	0	0.021749
1.31214	UL	131	2	0	1	1	1	0	3	436	6	1	0	-0.300901	255	0	0.021749
1.31293	UL	131	2	0	2	11	1	0	1	1286	0	1	1	-9.89753	255	0	1.16515e-05
1.31393	UL	131	3	0	1	12	1	0	1	1404	0	1	1	-9.8816	255	0	7.38498e-06
1.31493	UL	131	4	0	1	12	1	0	1	1404	0	1	1	-9.87976	255	0	7.56526e-06
1.31593	UL	131	5	0	1	12	1	0	1	1404	0	1	0	-9.83481	255	1	1
1.31614	DL	131	6	0	1	1	1	0	1	114	0	1	1	-7.88677	0	0	0
1.31621	DL	131	6	0	2	1	1	0	4	114	0	1	0	-4.68904	2	0	1.83187e-15
1.31793	UL	131	7	0	1	12	1	0	3	5258	6	1	0	-0.395557	255	0	0.144637
1.31793	UL	131	7	0	1	12	1	0	3	5258	6	1	0	-0.395557	255	0	0.144637
1.31893	UL	131	8	0	1	12	1	0	3	5258	6	1	0	-0.457336	255	1	0.36242
1.31893	UL	131	8	0	1	12	1	0	3	5258	6	1	0	-0.457336	255	1	0.36242
1.31936	DL	131	9	0	1	4	1	0	1	466	0	1	0	-7.88504	0	1	0.999965
1.31993	UL	131	9	0	12	1	1	0	3	436	6	1	0	-0.473674	255	0	0.152892
1.32093	UL	132	0	0	1	12	1	0	1	1404	0	1	1	-9.86899	255	0	1.00774e-05
1.32393	UL	132	3	0	1	12	1	0	3	5258	6	1	1	-0.460444	255	0	0
1.32393	UL	132	3	0	1	12	1	0	3	5258	6	1	1	-0.460444	255	0	0
1.32414	UL	132	4	0	1	1	1	0	1	114	0	1	0	-9.86767	255	1	1
1.32414	UL	132	4	0	1	1	1	0	1	114	0	1	0	-9.86767	255	1	1
1.32486	UL	132	4	0	2	10	1	0	3	3505	5	1	0	-0.463025	255	0	0
1.32493	UL	132	4	0	12	1	1	0	4	114	0	1	0	-6.82474	255	0	0.349456
1.32493	UL	132	4	0	12	1	1	0	4	114	0	1	0	-6.82474	255	0	0.349456
1.32536	DL	132	5	0	1	4	1	0	1	466	0	1	1	-7.86544	0	0	0
1.32543	DL	132	5	0	5	1	1	0	3	436	6	1	0	1.37303	4	0	0
1.32693	UL	132	6	0	1	12	1	0	1	1404	0	1	0	-9.81862	255	1	1
1.32693	UL	132	6	0	1	12	1	0	1	1404	0	1	0	-9.81862	255	1	1
1.32793	UL	132	7	0	7	6	1	0	1	700	0	1	0	-9.83731	255	1	1
1.32914	DL	132	9	0	1	1	1	0	3	436	6	1	0	1.39639	4	0	0
1.32993	UL	132	9	0	12	1	1	0	1	114	0	1	1	-9.87635	255	0	0.148948
1.32993	UL	132	9	0	12	1	1	0	1	114	0	1	1	-9.87635	255	0	0.148948
1.33093	UL	133	0	0	1	12	1	0	4	1404	0	1	0	-6.72402	255	0	0.000867716
1.33093	UL	133	0	0	1	12	1	0	4	1404	0	1	0	-6.72402	255	0	0.000867716
1.33186	UL	133	1	0	1	11	1	0	4	1286	0	1	0	-6.71274	255	0	0.000571845
1.33186	UL	133	1	0	1	11	1	0	4	1286	0	1	0	-6.71274	255	0	0.000571845
1.33293	UL	133	2	0	1	12	1	0	1	1404	0	1	1	-9.85433	255	0	4.54919e-06
1.33293	UL	133	2	0	1	12	1	0	1	1404	0	1	1	-9.85433	255	0	4.54919e-06
1.33314	UL	133	3	0	1	1	1	0	1	114	0	1	0	-9.85671	255	1	1
1.33314	UL	133	3	0	1	1	1	0	1	114	0	1	0	-9.85671	255	1	1
1.33393	UL	133	3	0	2	11	1	0	4	1286	0	1	0	-6.70249	255	0	0.000421497
1.33393	UL	133	3	0	2	11	1	0	4	1286	0	1	0	-6.70249	255	0	0.000421497
1.33493	UL	133	4	0	1	12	1	0	4	1404	0	1	0	-6.68063	255	0	0.00022027
1.33493	UL	133	4	0	1	12	1	0	4	1404	0	1	0	-6.68063	255	0	0.00022027
1.3355	UL	133	5	0	1	6	1	0	1	700	0	1	0	-9.90046	255	1	1
1.3355	UL	133	5	0	1	6	1	0	1	700	0	1	0	-9.90046	255	1	1
1.33593	UL	133	5	0	7	6	1	0	4	700	0	1	0	-6.72788	255	0	0.000475335
1.33593	UL	133	5	0	7	6	1	0	4	700	0	1	0	-6.72788	255	0	0.000475335
1.3365	UL	133	6	0	1	6	1	0	1	700	0	1	0	-9.89699	255	1	1
1.3365	UL	133	6	0	1	6	1	0	1	700	0	1	0	-9.89699	255	1	1
1.33693	UL	133	6	0	7	6	1	0	4	700	0	1	0	-6.80728	255	0	0.00381748
1.33693	UL	133	6	0	7	6	1	0	4	700	0	1	0	-6.80728	255	0	0.00381748
1.3375	UL	133	7	0	1	6	1	0	1	700	0	1	0	-9.89913	255	1	1
1.3375	UL	133	7	0	1	6	1	0	1	700	0	1	0	-9.89913	255	1	1
1.33793	UL	133	7	0	7	6	1	0	4	700	0	1	0	-6.81851	255	0	0.00490234
1.33793	UL	133	7	0	7	6	1	0	4	700	0	1	0	-6.81851	255	0	0.00490234
1.33886	UL	133	8	0	1	11	1	0	4	1286	0	1	0	-6.82255	255	0	0.0105355
1.33886	UL	133	8	0	1	11	1	0	4	1286	0	1	0	-6.82255	255	0	0.0105355
1.33893	UL	133	8	0	12	1	1	0	1	114	0	1	1	-9.91655	255	0	0.162029
1.33893	UL	133	8	0	12	1	1	0	1	114	0	1	1	-9.91655	255	0	0.162029
1.3395	UL	133	9	0	1	6	1	0	1	700	0	1	0	-9.90754	255	1	1
1.3395	UL	133	9	0	1	6	1	0	1	700	0	1	0	-9.90754	255	1	1
1.33993	UL	133	9	0	7	6	1	0	4	700	0	1	0	-6.78402	255	0	0.00207402
1.33993	UL	133	9	0	7	6	1	0	4	700	0	1	0	-6.78402	255	0	0.00207402
1.3405	UL	134	0	0	1	6	1	0	4	700	0	1	0	-6.78899	255	0	0.00240174
1.3405	UL	134	0	0	1	6	1	0	4	700	0	1	0	-6.78899	255	0	0.00240174
1.34093	UL	134	0	0	7	6	1	0	1	700	0	1	1	-9.91195	255	0	3.8832e-05
1.34093	UL	134	0	0	7	6	1	0	1	700	0	1	1	-9.91195	255	0	3.8832e-05
1.3415	UL	134	1	0	1	6	1	0	4	700	0	1	0	-6.76137	255	0	0.00124056
1.3415	UL	134	1	0	1	6	1	0	4	700	0	1	0	-6.76137	255	0	0.00124056
1.34193	UL	134	1	0	7	6	1	0	1	700	0	1	1	-9.94379	255	0	5.90001e-05
1.34193	UL	134	1	0	7	6	1	0	1	700	0	1	1	-9.94379	255	0	5.90001e-05
1.34243	UL	134	2	0	1	5	1	0	4	583	0	1	0	-6.78062	255	0	0.00184584
1.34286	UL	134	2	0	6	6	1	0	1	700	0	1	1	-9.96114	255	0	7.5302e-05
1.34286	UL	134	2	0	6	6	1	0	1	700	0	1	1	-9.96114	255	0	7.5302e-05
1.3435	UL	134	3	0	1	6	1	0	1	700	0	1	0	-9.94674	255	1	1
1.3435	UL	134	3	0	1	6	1	0	1	700	0	1	0	-9.94674	255	1	1
1.34393	UL	134	3	0	7	6	1	0	4	700	0	1	0	-6.78745	255	0	0.00225958
1.3445	UL	134	4	0	1	6	1	0	4	700	0	1	0	-6.79149	255	0	0.00246126
1.34493	UL	134	4	0	7	6	1	0	1	700	0	1	1	-9.91702	255	0	4.73776e-05
1.34493	UL	134	4	0	7	6	1	0	1	700	0	1	1	-9.91702	255	0	4.73776e-05
1.34586	UL	134	5	0	1	11	1	0	1	1286	0	1	0	-9.92088	255	1	1
1.34586	UL	134	5	0	1	11	1	0	1	1286	0	1	0	-9.92088	255	1	1
1.34593	UL	134	5	0	12	1	1	0	4	114	0	1	0	-6.77216	255	0	0.295339
1.34693	UL	134	6	0	1	12	1	0	1	1404	0	1	0	-9.90032	255	0	0
1.34693	UL	134	6	0	1	12	1	0	1	1404	0	1	0	-9.90032	255	0	0
1.34793	UL	134	7	0	1	12	1	0	1	1404	0	1	0	-9.91853	255	1	1
1.34793	UL	134	7	0	1	12	1	0	1	1404	0	1	0	-9.91853	255	1	1
1.34821	DL	134	8	0	1	2	1	0	4	319	2	1	0	-4.80001	2	0	2.4253e-08
1.34836	DL	134	8	0	3	2	1	0	1	231	0	1	0	-7.9259	0	1	0.998458
1.34893	UL	134	8	0	7	6	1	0	1	700	0	1	1	-9.95045	255	0	0.00014703
1.34893	UL	134	8	0	7	6	1	0	1	700	0	1	1	-9.95045	255	0	0.00014703
1.34993	UL	134	9	0	1	12	1	0	1	1404	0	1	0	-9.94997	255	1	1
1.34993	UL	134	9	0	1	12	1	0	1	1404	0	1	0	-9.94997	255	1	1
1.35093	UL	135	0	0	2	11	1	0	1	1286	0	1	1	-10.011	255	0	0.000521522
1.35093	UL	135	0	0	2	11	1	0	1	1286	0	1	1	-10.011	255	0	0.000521522
1.35193	UL	135	1	0	1	12	1	0	1	1404	0	1	0	-9.99615	255	1	1
1.35193	UL	135	1	0	1	12	1	0	1	1404	0	1	0	-9.99615	255	1	1
1.35293	UL	135	2	0	1	12	1	0	1	1404	0	1	1	-10.0117	255	0	0.00052572
1.35293	UL	135	2	0	1	12	1	0	1	1404	0	1	1	-10.0117	255	0	0.00052572
1.35393	UL	135	3	0	1	12	1	0	1	1404	0	1	0	-9.98997	255	1	1
1.35493	UL	135	4	0	1	12	1	0	1	1404	0	1	1	-10.0159	255	0	0.000906135
1.35493	UL	135	4	0	1	12	1	0	1	1404	0	1	1	-10.0159	255	0	0.000906135
1.35593	UL	135	5	0	1	12	1	0	1	1404	0	1	0	-10.0198	255	1	1
1.35693	UL	135	6	0	1	12	1	0	1	1404	0	1	1	-10.0478	255	0	0.00262729
1.35693	UL	135	6	0	1	12	1	0	1	1404	0	1	1	-10.0478	255	0	0.00262729
1.35786	UL	135	7	0	1	11	1	0	1	1286	0	1	0	-10.0596	255	1	1
1.35893	UL	135	8	0	1	12	1	0	1	1404	0	1	1	-10.1037	255	0	0.00538237
1.35921	DL	135	9	0	1	2	1	0	1	231	0	1	1	-8.05221	0	0	0
1.35993	UL	135	9	0	12	1	1	0	4	114	0	1	0	-6.63761	255	0	0.175626
1.35993	UL	135	9	0	12	1	1	0	4	114	0	1	0	-6.63761	255	0	0.175626
1.36036	DL	136	0	0	1	4	1	0	1	466	0	1	0	-8.12962	0	1	1
1.36193	UL	136	1	0	1	12	1	0	1	1404	0	1	1	-10.1161	255	0	0.00806356
1.36214	DL	136	2	0	1	1	1	0	1	114	0	1	0	-8.06692	0	1	0.997705
1.36293	UL	136	2	0	2	11	1	0	1	1286	0	1	1	-10.0866	255	0	0.0098457
1.36593	UL	136	5	0	1	12	1	0	4	1404	0	1	0	-6.60179	255	0	1.59072e-05
1.36593	UL	136	5	0	1	12	1	0	4	1404	0	1	0	-6.60179	255	0	1.59072e-05
1.36693	UL	136	6	0	1	12	1	0	4	1404	0	1	0	-6.59749	255	0	1.35985e-05
1.36693	UL	136	6	0	1	12	1	0	4	1404	0	1	0	-6.59749	255	0	1.35985e-05
1.36714	UL	136	7	0	1	1	1	0	1	114	0	1	0	-10.0494	255	1	1
1.36714	UL	136	7	0	1	1	1	0	1	114	0	1	0	-10.0494	255	1	1
1.36793	UL	136	7	0	2	11	1	0	4	1286	0	1	0	-6.59613	255	0	1.32346e-05
1.36793	UL	136	7	0	2	11	1	0	4	1286	0	1	0	-6.59613	255	0	1.32346e-05
1.3685	UL	136	8	0	1	6	1	0	1	700	0	1	0	-10.0548	255	1	1
1.3685	UL	136	8	0	1	6	1	0	1	700	0	1	0	-10.0548	255	1	1
1.36893	UL	136	8	0	7	6	1	0	4	700	0	1	0	-6.62309	255	0	1.71363e-05
1.36893	UL	136	8	0	7	6	1	0	4	700	0	1	0	-6.62309	255	0	1.71363e-05
1.3695	UL	136	9	0	1	6	1	0	1	700	0	1	0	-10.0466	255	1	1
1.3695	UL	136	9	0	1	6	1	0	1	700	0	1	0	-10.0466	255	1	1
1.36993	UL	136	9	0	7	6	1	0	4	700	0	1	0	-6.57945	255	0	3.30285e-06
1.36993	UL	136	9	0	7	6	1	0	4	700	0	1	0	-6.57945	255	0	3.30285e-06
1.3705	UL	137	0	0	1	6	1	0	1	700	0	1	0	-10.0302	255	1	1
1.3705	UL	137	0	0	1	6	1	0	1	700	0	1	0	-10.0302	255	1	1
1.37093	UL	137	0	0	7	6	1	0	4	700	0	1	0	-6.60636	255	0	8.97919e-06
1.37093	UL	137	0	0	7	6	1	0	4	700	0	1	0	-6.60636	255	0	8.97919e-06
1.3715	UL	137	1	0	1	6	1	0	1	700	0	1	0	-10.0128	255	1	1
1.3715	UL	137	1	0	1	6	1	0	1	700	0	1	0	-10.0128	255	1	1
1.37193	UL	137	1	0	7	6	1	0	4	700	0	1	0	-6.61895	255	0	1.40454e-05
1.37193	UL	137	1	0	7	6	1	0	4	700	0	1	0	-6.61895	255	0	1.40454e-05
1.37286	UL	137	2	0	1	11	1	0	4	1286	0	1	0	-6.61882	255	0	2.80309e-05
1.37286	UL	137	2	0	1	11	1	0	4	1286	0	1	0	-6.61882	255	0	2.80309e-05
1.37293	UL	137	2	0	12	1	1	0	1	114	0	1	1	-10.0085	255	0	0.28849
1.37293	UL	137	2	0	12	1	1	0	1	114	0	1	1	-10.0085	255	0	0.28849
1.3735	UL	137	3	0	1	6	1	0	4	700	0	1	0	-6.64874	255	0	4.14692e-05
1.3735	UL	137	3	0	1	6	1	0	4	700	0	1	0	-6.64874	255	0	4.14692e-05
1.37393	UL	137	3	0	7	6	1	0	1	700	0	1	1	-9.9998	255	0	0.00155979
1.37393	UL	137	3	0	7	6	1	0	1	700	0	1	1	-9.9998	255	0	0.00155979
1.3745	UL	137	4	0	1	6	1	0	4	700	0	1	0	-6.65623	255	0	5.43702e-05
1.3745	UL	137	4	0	1	6	1	0	4	700	0	1	0	-6.65623	255	0	5.43702e-05
1.37493	UL	137	4	0	7	6	1	0	1	700	0	1	1	-10.018	255	0	0.00183399
1.37493	UL	137	4	0	7	6	1	0	1	700	0	1	1	-10.018	255	0	0.00183399
1.3755	UL	137	5	0	1	6	1	0	4	700	0	1	0	-6.64797	255	0	4.21072e-05
1.3755	UL	137	5	0	1	6	1	0	4	700	0	1	0	-6.64797	255	0	4.21072e-05
1.37593	UL	137	5	0	7	6	1	0	1	700	0	1	1	-9.97564	255	0	0.000854401
1.37593	UL	137	5	0	7	6	1	0	1	700	0	1	1	-9.97564	255	0	0.000854401
1.37643	UL	137	6	0	1	5	1	0	4	583	0	1	0	-6.64298	255	0	3.677e-05
1.37686	UL	137	6	0	6	6	1	0	1	700	0	1	1	-9.9865	255	0	0.000783984
1.37686	UL	137	6	0	6	6	1	0	1	700	0	1	1	-9.9865	255	0	0.000783984
1.3775	UL	137	7	0	1	6	1	0	1	700	0	1	0	-9.99132	255	1	1
1.3775	UL	137	7	0	1	6	1	0	1	700	0	1	0	-9.99132	255	1	1
1.37793	UL	137	7	0	7	6	1	0	4	700	0	1	0	-6.66841	255	0	7.61121e-05
1.37814	UL	137	8	0	1	1	1	0	1	114	0	1	0	-10.0429	255	1	1
1.37893	UL	137	8	0	2	11	1	0	4	1286	0	1	0	-6.685	255	0	0.000257097
1.37936	DL	137	9	0	1	4	1	0	1	466	0	1	1	-8.00875	0	0	0
1.37943	UL	137	9	0	5	1	1	0	1	114	0	1	0	-10.0092	255	1	1
1.37993	UL	137	9	0	6	7	1	0	4	817	0	1	0	-6.73487	255	0	0.0116473
1.38014	DL	138	0	0	1	1	1	0	1	114	0	1	1	-8.0005	0	0	1.9984e-15
1.38036	DL	138	0	0	2	3	1	0	4	480	2	1	0	-4.74365	2	0	2.93481e-09
1.38093	UL	138	0	0	12	1	1	0	1	114	0	1	0	-10.0282	255	1	1
1.38114	DL	138	1	0	1	1	1	0	1	114	0	1	0	-8.01223	0	1	0.99645
1.38193	UL	138	1	0	12	1	1	0	1	114	0	1	0	-10.0185	255	1	1
1.38293	UL	138	2	0	7	6	1	0	1	700	0	1	1	-10.0515	255	0	0.00146853
1.38293	UL	138	2	0	7	6	1	0	1	700	0	1	1	-10.0515	255	0	0.00146853
1.38393	UL	138	3	0	12	1	1	0	1	114	0	1	1	-10.0789	255	0	0.323838
1.38493	UL	138	4	0	12	1	1	0	1	114	0	1	1	-10.0606	255	1	0.29577
1.38593	UL	138	5	0	12	1	1	0	1	114	0	1	1	-10.0545	255	0	0.306615
1.38614	DL	138	6	0	1	1	1	0	1	114	0	1	1	-8.02155	0	0	1.05471e-15
1.38693	UL	138	6	0	12	1	1	0	1	114	0	1	1	-10.0849	255	0	0.319575
1.38793	UL	138	7	0	12	1	1	0	1	114	0	1	0	-10.1192	255	1	1
1.38793	UL	138	7	0	12	1	1	0	1	114	0	1	0	-10.1192	255	1	1
1.38886	UL	138	8	0	1	11	1	0	1	1286	0	1	0	-10.0975	255	1	1
1.38886	UL	138	8	0	1	11	1	0	1	1286	0	1	0	-10.0975	255	1	1
1.38893	UL	138	8	0	12	1	1	0	4	114	0	1	0	-6.62242	255	0	0.161529
1.38893	UL	138	8	0	12	1	1	0	4	114	0	1	0	-6.62242	255	0	0.161529
1.38914	DL	138	9	0	1	1	1	0	1	114	0	1	0	-8.0715	0	1	0.997669
1.38993	UL	138	9	0	12	1	1	0	1	114	0	1	2	-10.091	255	0	9.76996e-15
1.39093	UL	139	0	0	1	12	1	0	1	1404	0	1	0	-10.106	255	1	1
1.39093	UL	139	0	0	1	12	1	0	1	1404	0	1	0	-10.106	255	1	1
1.39193	UL	139	1	0	1	12	1	0	1	1404	0	1	0	-10.0896	255	1	1
1.39193	UL	139	1	0	1	12	1	0	1	1404	0	1	0	-10.0896	255	1	1
1.39293	UL	139	2	0	12	1	1	0	1	114	0	1	1	-10.063	255	1	0.361546
1.39293	UL	139	2	0	12	1	1	0	1	114	0	1	1	-10.063	255	1	0.361546
1.39393	UL	139	3	0	2	11	1	0	1	1286	0	1	1	-10.0689	255	0	0.0136003
1.39393	UL	139	3	0	2	11	1	0	1	1286	0	1	1	-10.0689	255	0	0.0136003
1.3945	UL	139	4	0	1	6	1	0	1	700	0	1	0	-10.0894	255	1	1
1.3945	UL	139	4	0	1	6	1	0	1	700	0	1	0	-10.0894	255	1	1
1.39493	UL	139	4	0	7	6	1	0	4	700	0	1	0	-6.64319	255	0	3.23475e-05
1.39493	UL	139	4	0	7	6	1	0	4	700	0	1	0	-6.64319	255	0	3.23475e-05
1.39593	UL	139	5	0	1	12	1	0	1	1404	0	1	1	-10.0952	255	0	0.020003
1.39593	UL	139	5	0	1	12	1	0	1	1404	0	1	1	-10.0952	255	0	0.020003
1.3965	UL	139	6	0	1	6	1	0	1	700	0	1	0	-10.0425	255	1	1
1.3965	UL	139	6	0	1	6	1	0	1	700	0	1	0	-10.0425	255	1	1
1.39686	UL	139	6	0	7	5	1	0	4	583	0	1	0	-6.59044	255	0	5.08226e-06
1.39686	UL	139	6	0	7	5	1	0	4	583	0	1	0	-6.59044	255	0	5.08226e-06
1.39793	UL	139	7	0	1	12	1	0	1	1404	0	1	1	-10.0775	255	0	0.0148252
1.39793	UL	139	7	0	1	12	1	0	1	1404	0	1	1	-10.0775	255	0	0.0148252
1.3985	UL	139	8	0	1	6	1	0	1	700	0	1	0	-10.0297	255	1	1
1.3985	UL	139	8	0	1	6	1	0	1	700	0	1	0	-10.0297	255	1	1
1.39893	UL	139	8	0	7	6	1	0	4	700	0	1	0	-6.59058	255	0	5.15647e-06
1.39893	UL	139	8	0	7	6	1	0	4	700	0	1	0	-6.59058	255	0	5.15647e-06
1.3995	UL	139	9	0	1	6	1	0	4	700	0	1	0	-6.63147	255	0	2.11923e-05
1.3995	UL	139	9	0	1	6	1	0	4	700	0	1	0	-6.63147	255	0	2.11923e-05
1.39993	UL	139	9	0	7	6	1	0	1	700	0	1	1	-10.1096	255	0	0.0103669
1.39993	UL	139	9	0	7	6	1	0	1	700	0	1	1	-10.1096	255	0	0.0103669
1.4005	UL	140	0	0	1	6	1	0	1	700	0	1	0	-10.1008	255	1	1
1.4005	UL	140	0	0	1	6	1	0	1	700	0	1	0	-10.1008	255	1	1
1.40093	UL	140	0	0	7	6	1	0	4	700	0	1	0	-6.63065	255	0	2.06466e-05
1.40093	UL	140	0	0	7	6	1	0	4	700	0	1	0	-6.63065	255	0	2.06466e-05
1.4015	UL	140	1	0	1	6	1	0	4	700	0	1	0	-6.62156	255	0	1.51982e-05
1.4015	UL	140	1	0	1	6	1	0	4	700	0	1	0	-6.62156	255	0	1.51982e-05
1.40193	UL	140	1	0	7	6	1	0	1	700	0	1	1	-10.1182	255	0	0.00691409
1.40193	UL	140	1	0	7	6	1	0	1	700	0	1	1	-10.1182	255	0	0.00691409
1.4025	UL	140	2	0	1	6	1	0	1	700	0	1	0	-10.0931	255	1	1
1.4025	UL	140	2	0	1	6	1	0	1	700	0	1	0	-10.0931	255	1	1
1.40293	UL	140	2	0	7	6	1	0	4	700	0	1	0	-6.64178	255	0	3.01962e-05
1.40293	UL	140	2	0	7	6	1	0	4	700	0	1	0	-6.64178	255	0	3.01962e-05
1.4035	UL	140	3	0	1	6	1	0	4	700	0	1	0	-6.67209	255	0	8.6334e-05
1.4035	UL	140	3	0	1	6	1	0	4	700	0	1	0	-6.67209	255	0	8.6334e-05
1.40393	UL	140	3	0	7	6	1	0	1	700	0	1	1	-10.1317	255	0	0.00691717
1.40393	UL	140	3	0	7	6	1	0	1	700	0	1	1	-10.1317	255	0	0.00691717
1.4045	UL	140	4	0	1	6	1	0	1	700	0	1	0	-10.1547	255	1	1
1.4045	UL	140	4	0	1	6	1	0	1	700	0	1	0	-10.1547	255	1	1
1.40493	UL	140	4	0	7	6	1	0	4	700	0	1	0	-6.65288	255	0	4.18774e-05
1.40493	UL	140	4	0	7	6	1	0	4	700	0	1	0	-6.65288	255	0	4.18774e-05
1.4055	UL	140	5	0	1	6	1	0	4	700	0	1	0	-6.64162	255	0	2.91613e-05
1.4055	UL	140	5	0	1	6	1	0	4	700	0	1	0	-6.64162	255	0	2.91613e-05
1.40593	UL	140	5	0	7	6	1	0	1	700	0	1	1	-10.1589	255	0	0.0190874
1.40593	UL	140	5	0	7	6	1	0	1	700	0	1	1	-10.1589	255	0	0.0190874
1.4065	UL	140	6	0	1	6	1	0	1	700	0	1	0	-10.1838	255	1	1
1.4065	UL	140	6	0	1	6	1	0	1	700	0	1	0	-10.1838	255	1	1
1.40693	UL	140	6	0	7	6	1	0	4	700	0	1	0	-6.65467	255	0	4.68532e-05
1.40693	UL	140	6	0	7	6	1	0	4	700	0	1	0	-6.65467	255	0	4.68532e-05
1.4075	UL	140	7	0	1	6	1	0	4	700	0	1	0	-6.63056	255	0	1.97744e-05
1.4075	UL	140	7	0	1	6	1	0	4	700	0	1	0	-6.63056	255	0	1.97744e-05
1.40793	UL	140	7	0	7	6	1	0	1	700	0	1	1	-10.2404	255	0	0.0360838
1.40793	UL	140	7	0	7	6	1	0	1	700	0	1	1	-10.2404	255	0	0.0360838
1.40793	UL	140	7	0	12	1	3	0	1	114	0	1	0	2.21677	255	0	0
1.40793	UL	140	7	0	12	1	3	0	1	114	0	1	0	2.21677	255	0	0
1.4085	UL	140	8	0	1	6	1	0	1	700	0	1	0	-10.2296	255	1	1
1.4085	UL	140	8	0	1	6	1	0	1	700	0	1	0	-10.2296	255	1	1
1.40893	UL	140	8	0	7	6	1	0	4	700	0	1	0	-6.68583	255	0	0.000131848
1.40893	UL	140	8	0	7	6	1	0	4	700	0	1	0	-6.68583	255	0	0.000131848
1.4095	UL	140	9	0	1	6	1	0	4	700	0	1	0	-6.58729	255	0	4.50311e-06
1.4095	UL	140	9	0	1	6	1	0	4	700	0	1	0	-6.58729	255	0	4.50311e-06
1.40993	UL	140	9	0	7	6	1	0	1	700	0	1	1	-10.2086	255	0	0.0496182
1.40993	UL	140	9	0	7	6	1	0	1	700	0	1	1	-10.2086	255	0	0.0496182
1.4105	UL	141	0	0	1	6	1	0	1	700	0	1	0	-10.2245	255	0	0
1.4105	UL	141	0	0	1	6	1	0	1	700	0	1	0	-10.2245	255	0	0
1.41093	UL	141	0	0	7	6	1	0	4	700	0	1	0	-6.59572	255	0	6.18943e-06
1.41093	UL	141	0	0	7	6	1	0	4	700	0	1	0	-6.59572	255	0	6.18943e-06
1.41143	UL	141	1	0	1	5	1	0	4	583	0	1	0	-6.57881	255	0	3.14252e-06
1.41186	UL	141	1	0	6	6	1	0	1	700	0	1	1	-10.1596	255	0	0.0417716
1.41186	UL	141	1	0	6	6	1	0	1	700	0	1	1	-10.1596	255	0	0.0417716
1.4125	UL	141	2	0	1	6	1	0	1	700	0	1	0	-10.1902	255	1	1
1.41293	UL	141	2	0	7	6	1	0	4	700	0	1	0	-6.55517	255	0	1.19474e-06
1.41314	DL	141	3	0	1	1	3	0	1	114	0	1	0	3.34651	5	0	0
1.4135	UL	141	3	0	1	6	1	0	4	700	0	1	0	-6.62661	255	0	1.75759e-05
1.41393	UL	141	3	0	7	6	1	0	1	700	0	1	1	-10.1702	255	1	0.0680109
1.41393	UL	141	3	0	7	6	1	0	1	700	0	1	1	-10.1702	255	1	0.0680109
1.41457	UL	141	4	0	1	7	1	0	1	817	0	1	0	-10.2323	255	1	1
1.41493	UL	141	4	0	8	5	1	0	4	583	0	1	0	-6.61649	255	0	1.22037e-05
1.41514	DL	141	5	0	1	1	1	0	1	114	0	1	1	-8.24164	0	0	1.07969e-13
1.41536	DL	141	5	0	2	3	1	0	4	480	2	1	0	-4.62208	2	0	1.48471e-11
1.41614	DL	141	6	0	1	1	1	0	4	158	2	1	0	-4.63119	2	0	4.40767e-05
1.41793	UL	141	7	0	7	6	1	0	1	700	0	1	1	-10.2577	255	0	0.0987253
1.41893	UL	141	8	0	7	6	1	0	1	700	0	1	2	-10.2216	255	0	0
1.41893	UL	141	8	0	7	6	1	0	1	700	0	1	2	-10.2216	255	0	0
1.41993	UL	141	9	0	6	7	1	0	1	817	0	1	1	-10.221	255	1	0.307592
1.42193	UL	142	1	0	12	1	3	0	1	744	9	1	0	2.17594	255	0	0.136266
1.42193	UL	142	1	0	12	1	3	0	1	744	9	1	0	2.17594	255	0	0.136266
1.42386	UL	142	3	0	11	1	1	0	1	114	0	1	0	-10.1997	255	1	1
1.42386	UL	142	3	0	11	1	1	0	1	114	0	1	0	-10.1997	255	1	1
1.42393	UL	142	3	0	12	1	1	0	4	114	0	1	0	-6.59154	255	0	0.138025
1.42393	UL	142	3	0	12	1	1	0	4	114	0	1	0	-6.59154	255	0	0.138025
1.42493	UL	142	4	0	6	7	1	0	1	817	0	1	2	-10.2324	255	0	0
1.42593	UL	142	5	0	1	12	1	0	1	1404	0	1	0	-10.2408	255	1	1
1.42593	UL	142	5	0	1	12	1	0	1	1404	0	1	0	-10.2408	255	1	1
1.42693	UL	142	6	0	7	6	1	0	1	700	0	1	0	-10.2705	255	1	1
1.42793	UL	142	7	0	1	12	3	0	1	7709	8	1	0	2.11841	255	0	1.24567e-13
1.42793	UL	142	7	0	1	12	3	0	1	7709	8	1	0	2.11841	255	0	1.24567e-13
1.42893	UL	142	8	0	8	5	3	0	1	3212	8	1	0	2.14123	255	0	1.16573e-14
1.42893	UL	142	8	0	8	5	3	0	1	3212	8	1	0	2.14123	255	0	1.16573e-14
1.42893	UL	142	8	0	12	1	1	0	1	114	0	1	1	-10.3097	255	1	0.556042
1.42893	UL	142	8	0	12	1	1	0	1	114	0	1	1	-10.3097	255	1	0.556042
1.42993	UL	142	9	0	1	12	1	0	4	1404	0	1	0	-6.56546	255	0	3.59418e-06
1.42993	UL	142	9	0	1	12	1	0	4	1404	0	1	0	-6.56546	255	0	3.59418e-06
1.43093	UL	143	0	0	1	12	1	0	1	1404	0	1	1	-10.2428	255	0	0.228478
1.43093	UL	143	0	0	1	12	1	0	1	1404	0	1	1	-10.2428	255	0	0.228478
1.4315	UL	143	1	0	1	6	1	0	4	700	0	1	0	-6.57226	255	0	2.40862e-06
1.4315	UL	143	1	0	1	6	1	0	4	700	0	1	0	-6.57226	255	0	2.40862e-06
1.43193	UL	143	1	0	7	6	1	0	1	700	0	1	1	-10.2243	255	0	0.136343
1.4325	UL	143	2	0	1	6	1	0	1	700	0	1	0	-10.2273	255	1	1
1.43293	UL	143	2	0	7	6	1	0	4	700	0	1	0	-6.53803	255	0	6.17778e-07
1.43293	UL	143	2	0	7	6	1	0	4	700	0	1	0	-6.53803	255	0	6.17778e-07
1.43314	DL	143	3	0	1	1	3	0	1	641	8	1	0	3.39714	5	0	0
1.43386	UL	143	3	0	1	11	1	0	4	1286	0	1	0	-6.67194	255	0	0.000158751
1.43386	UL	143	3	0	1	11	1	0	4	1286	0	1	0	-6.67194	255	0	0.000158751
1.43393	UL	143	3	0	9	4	3	0	1	2570	8	1	0	0.913612	255	1	0.99935
1.43393	UL	143	3	0	12	1	1	0	1	114	0	1	2	-10.7174	255	0	4.74968e-10
1.43393	UL	143	3	0	12	1	1	0	1	114	0	1	2	-10.7174	255	0	4.74968e-10
1.43414	DL	143	4	0	1	1	3	0	1	641	8	1	0	3.34464	5	0	0
1.4345	UL	143	4	0	1	6	1	0	1	700	0	1	0	-10.2217	255	1	1
1.43493	UL	143	4	0	7	6	1	0	4	700	0	1	0	-6.5225	255	0	2.86213e-07
1.43493	UL	143	4	0	7	6	1	0	4	700	0	1	0	-6.5225	255	0	2.86213e-07
1.43514	UL	143	5	0	1	1	1	0	1	114	0	1	0	-10.2143	255	1	1
1.43593	UL	143	5	0	2	11	1	0	4	1286	0	1	0	-6.50742	255	0	2.87091e-07
1.43593	UL	143	5	0	2	11	1	0	4	1286	0	1	0	-6.50742	255	0	2.87091e-07
1.43693	UL	143	6	0	1	12	1	0	4	1404	0	1	0	-6.49176	255	0	1.38434e-07
1.43693	UL	143	6	0	1	12	1	0	4	1404	0	1	0	-6.49176	255	0	1.38434e-07
1.43714	DL	143	7	0	1	1	1	0	4	158	2	1	0	-4.48203	2	0	2.14252e-06
1.43786	UL	143	7	0	6	6	1	0	1	700	0	1	1	-10.1933	255	0	0.0839355
1.43893	UL	143	8	0	1	12	1	0	4	1404	0	1	0	-6.61952	255	0	2.9431e-05
1.43893	UL	143	8	0	1	12	1	0	4	1404	0	1	0	-6.61952	255	0	2.9431e-05
1.43893	UL	143	8	0	9	4	3	0	1	2570	8	1	1	1.9399	255	0	0
1.4395	UL	143	9	0	1	6	1	0	4	700	0	1	0	-6.47155	255	0	3.09491e-08
1.4395	UL	143	9	0	1	6	1	0	4	700	0	1	0	-6.47155	255	0	3.09491e-08
1.43993	UL	143	9	0	7	6	1	0	1	700	0	1	1	-10.2351	255	0	0.107726
1.44079	UL	144	0	0	1	10	1	0	4	1169	0	1	0	-6.43175	255	0	8.91077e-09
1.44079	UL	144	0	0	1	10	1	0	4	1169	0	1	0	-6.43175	255	0	8.91077e-09
1.44086	UL	144	0	0	11	1	1	0	1	114	0	1	1	-10.2371	255	0	0.526097
1.44193	UL	144	1	0	1	12	1	0	4	1404	0	1	0	-6.41512	255	0	3.7463e-09
1.44193	UL	144	1	0	1	12	1	0	4	1404	0	1	0	-6.41512	255	0	3.7463e-09
1.44193	UL	144	1	0	12	1	3	0	1	539	7	1	0	1.93231	255	0	0
1.44193	UL	144	1	0	12	1	3	0	1	539	7	1	0	1.93231	255	0	0
1.44293	UL	144	2	0	1	12	1	0	4	1404	0	1	0	-6.36542	255	0	3.17164e-10
1.44393	UL	144	3	0	1	12	1	0	4	1404	0	1	0	-6.35641	255	0	1.87803e-10
1.44429	DL	144	4	0	1	3	1	0	4	480	2	1	0	-5.18553	2	0	0.00533232
1.44493	UL	144	4	0	1	12	3	0	1	7709	8	1	0	1.18005	255	1	0.910026
1.44493	UL	144	4	0	1	12	3	0	1	7709	8	1	0	1.18005	255	1	0.910026
1.44493	UL	144	4	0	6	7	1	0	4	817	0	1	0	-6.80157	255	0	0.0388745
1.44514	DL	144	5	0	1	1	1	0	4	158	2	1	0	-4.30544	2	0	3.1939e-08
1.44593	UL	144	5	0	4	9	1	0	4	1052	0	1	0	-6.56537	255	0	3.99101e-06
1.44593	UL	144	5	0	8	5	3	0	1	3212	8	1	0	1.90506	255	0	1.15873e-08
1.44593	UL	144	5	0	8	5	3	0	1	3212	8	1	0	1.90506	255	0	1.15873e-08
1.44714	DL	144	7	0	1	1	1	0	4	158	2	1	0	-5.14868	2	0	0.0673434
1.44793	UL	144	7	0	1	12	3	0	1	7709	8	1	0	2.16853	255	0	7.32747e-15
1.44893	UL	144	8	0	8	5	3	0	1	3212	8	1	0	2.22508	255	0	0
1.44993	UL	144	9	0	1	12	3	0	1	7709	8	1	1	2.2129	255	0	0
1.44993	UL	144	9	0	1	12	3	0	1	7709	8	1	1	2.2129	255	0	0
1.45293	UL	145	2	0	12	1	1	0	4	114	0	1	0	-6.35601	255	0	0.0339714
1.45293	UL	145	2	0	12	1	1	0	4	114	0	1	0	-6.35601	255	0	0.0339714
1.45514	DL	145	5	0	1	1	3	0	1	641	8	1	0	4.14738	6	0	0
1.45893	UL	145	8	0	1	12	1	0	4	1404	0	1	0	-6.30703	255	0	9.4329e-12
1.45893	UL	145	8	0	1	12	1	0	4	1404	0	1	0	-6.30703	255	0	9.4329e-12
1.45993	UL	145	9	0	1	12	1	0	4	1404	0	1	0	-6.3126	255	0	1.29705e-11
1.45993	UL	145	9	0	1	12	1	0	4	1404	0	1	0	-6.3126	255	0	1.29705e-11
1.46093	UL	146	0	0	1	12	1	0	4	1404	0	1	0	-6.29572	255	0	5.04086e-12
1.46093	UL	146	0	0	1	12	1	0	4	1404	0	1	0	-6.29572	255	0	5.04086e-12
1.46193	UL	146	1	0	1	12	1	0	4	1404	0	1	0	-6.34725	255	0	9.23821e-11
1.46193	UL	146	1	0	1	12	1	0	4	1404	0	1	0	-6.34725	255	0	9.23821e-11
1.46293	UL	146	2	0	1	12	1	0	4	1404	0	1	0	-6.34491	255	0	8.32046e-11
1.46293	UL	146	2	0	1	12	1	0	4	1404	0	1	0	-6.34491	255	0	8.32046e-11
1.46393	UL	146	3	0	1	12	1	0	4	1404	0	1	0	-6.35704	255	0	1.63491e-10
1.46393	UL	146	3	0	1	12	1	0	4	1404	0	1	0	-6.35704	255	0	1.63491e-10
1.46393	UL	146	3	0	12	1	3	0	1	744	9	1	0	1.80319	255	1	0.963929
1.46393	UL	146	3	0	12	1	3	0	1	744	9	1	0	1.80319	255	1	0.963929
1.46493	UL	146	4	0	1	12	1	0	4	1404	0	1	0	-6.32504	255	0	2.76452e-11
1.46493	UL	146	4	0	1	12	1	0	4	1404	0	1	0	-6.32504	255	0	2.76452e-11
1.46593	UL	146	5	0	1	12	1	0	4	1404	0	1	0	-6.3476	255	0	9.05844e-11
1.46593	UL	146	5	0	1	12	1	0	4	1404	0	1	0	-6.3476	255	0	9.05844e-11
1.46693	UL	146	6	0	1	12	1	0	4	1404	0	1	0	-6.36239	255	0	2.22805e-10
1.46793	UL	146	7	0	1	12	1	0	4	1404	0	1	0	-6.38471	255	0	8.08843e-10
1.46893	UL	146	8	0	1	12	1	0	4	1404	0	1	0	-6.44584	255	0	1.9226e-08
1.46893	UL	146	8	0	12	1	3	0	1	744	9	1	1	1.78608	255	0	0
1.46893	UL	146	8	0	12	1	3	0	1	744	9	1	1	1.78608	255	0	0
1.46993	UL	146	9	0	1	12	1	0	4	1404	0	1	0	-6.41582	255	0	3.84436e-09
1.47029	DL	147	0	0	1	3	1	0	4	480	2	1	0	-4.40576	2	0	1.66533e-16
1.47093	UL	147	0	0	9	4	1	0	4	466	0	1	0	-6.40794	255	0	1.36702e-06
1.47114	DL	147	1	0	1	1	1	0	4	158	2	1	0	-4.4141	2	0	4.63711e-07
1.47493	UL	147	4	0	1	12	3	0	1	7709	8	1	0	2.04341	255	0	1.18705e-11
1.47493	UL	147	4	0	1	12	3	0	1	7709	8	1	0	2.04341	255	0	1.18705e-11
1.47593	UL	147	5	0	8	5	3	0	1	3212	8	1	0	2.02363	255	0	1.63997e-11
1.47593	UL	147	5	0	8	5	3	0	1	3212	8	1	0	2.02363	255	0	1.63997e-11
1.48014	DL	148	0	0	1	1	3	0	1	876	10	1	0	4.09966	6	0	0.0839587
1.48093	UL	148	0	0	9	4	3	0	1	2570	8	1	0	2.10938	255	0	4.61853e-14
1.48114	DL	148	1	0	1	1	3	0	1	876	10	1	0	4.12943	6	0	0.0576696
1.48993	UL	148	9	0	12	1	3	0	1	641	8	1	0	1.98814	255	0	5.69887e-11
1.48993	UL	148	9	0	12	1	3	0	1	641	8	1	0	1.98814	255	0	5.69887e-11
1.49593	UL	149	5	0	1	12	3	0	1	7709	8	1	0	2.00527	255	0	2.4791e-10
1.49593	UL	149	5	0	1	12	3	0	1	7709	8	1	0	2.00527	255	0	2.4791e-10
1.49693	UL	149	6	0	8	5	3	0	1	3212	8	1	0	2.06446	255	0	5.20139e-12
1.49693	UL	149	6	0	8	5	3	0	1	3212	8	1	0	2.06446	255	0	5.20139e-12
1.49943	DL	149	9	0	1	5	1	0	1	583	0	1	0	-8.35037	0	1	1
1.50114	DL	150	1	0	1	1	3	0	1	876	10	1	0	3.90219	5	1	0.496017
1.50193	UL	150	1	0	9	4	3	0	1	2570	8	1	0	1.88706	255	0	2.76647e-08
1.50214	DL	150	2	0	1	1	3	0	1	876	10	1	0	3.87252	5	0	0.580528
1.50443	DL	150	4	0	1	5	1	0	1	583	0	1	1	-8.30523	0	0	0
1.50614	DL	150	6	0	1	1	3	0	1	876	10	1	1	3.79742	5	0	0
1.50793	UL	150	7	0	12	1	3	0	2	114	0	1	0	25.4698	255	0	0
1.50793	UL	150	7	0	12	1	3	0	2	114	0	1	0	25.4698	255	0	0
1.51293	UL	151	2	0	12	1	1	0	1	114	0	1	0	-10.5001	255	1	1
1.51293	UL	151	2	0	12	1	1	0	1	114	0	1	0	-10.5001	255	1	1
1.51314	DL	151	3	0	1	1	3	0	2	114	0	1	0	27.3929	15	0	0
1.51493	UL	151	4	0	12	1	3	0	1	641	8	1	0	1.86135	255	0	1.80484e-08
1.51493	UL	151	4	0	12	1	3	0	1	641	8	1	0	1.86135	255	0	1.80484e-08
1.51786	UL	151	7	0	11	1	1	0	1	114	0	1	1	-10.5228	255	1	0.810367
1.51786	UL	151	7	0	11	1	1	0	1	114	0	1	1	-10.5228	255	1	0.810367
1.52093	UL	152	0	0	1	12	3	0	1	7709	8	1	0	1.87027	255	0	1.44457e-07
1.52093	UL	152	0	0	1	12	3	0	1	7709	8	1	0	1.87027	255	0	1.44457e-07
1.52186	UL	152	1	0	7	5	3	0	1	3212	8	1	0	1.89429	255	0	1.9312e-08
1.52186	UL	152	1	0	7	5	3	0	1	3212	8	1	0	1.89429	255	0	1.9312e-08
1.52193	UL	152	1	0	12	1	3	0	2	4030	28	1	0	25.4352	255	0	0
1.52193	UL	152	1	0	12	1	3	0	2	4030	28	1	0	25.4352	255	0	0
1.52293	UL	152	2	0	12	1	1	0	1	114	0	1	2	-10.4993	255	0	6.88593e-09
1.52293	UL	152	2	0	12	1	1	0	1	114	0	1	2	-10.4993	255	0	6.88593e-09
1.52614	DL	152	6	0	1	1	3	0	1	641	8	1	0	3.813	5	0	0
1.52714	DL	152	7	0	1	1	3	0	2	4030	28	1	0	27.4247	15	0	0
1.52793	UL	152	7	0	11	2	3	0	2	8060	28	1	0	25.3958	255	0	0
1.52793	UL	152	7	0	11	2	3	0	2	8060	28	1	0	25.3958	255	0	0
1.52893	UL	152	8	0	1	12	1	0	1	1404	0	1	0	-10.5724	255	1	1
1.52893	UL	152	8	0	1	12	1	0	1	1404	0	1	0	-10.5724	255	1	1
1.52993	UL	152	9	0	1	12	1	0	1	1404	0	1	0	-10.594	255	1	1
1.52993	UL	152	9	0	1	12	1	0	1	1404	0	1	0	-10.594	255	1	1
1.53093	UL	153	0	0	1	12	1	0	1	1404	0	1	0	-10.5821	255	1	1
1.53093	UL	153	0	0	1	12	1	0	1	1404	0	1	0	-10.5821	255	1	1
1.53193	UL	153	1	0	1	12	1	0	1	1404	0	1	0	-10.5619	255	1	1
1.53193	UL	153	1	0	1	12	1	0	1	1404	0	1	0	-10.5619	255	1	1
1.53293	UL	153	2	0	1	12	1	0	1	1404	0	1	0	-10.5689	255	1	1
1.53293	UL	153	2	0	1	12	1	0	1	1404	0	1	0	-10.5689	255	1	1
1.53314	DL	153	3	0	1	1	3	0	2	4030	28	1	0	27.3434	15	0	0
1.53393	UL	153	3	0	1	12	1	0	1	1404	0	1	1	-10.5284	255	1	0.986818
1.53393	UL	153	3	0	1	12	1	0	1	1404	0	1	1	-10.5284	255	1	0.986818
1.53493	UL	153	4	0	1	12	1	0	1	1404	0	1	1	-10.5028	255	1	0.985979
1.53493	UL	153	4	0	1	12	1	0	1	1404	0	1	1	-10.5028	255	1	0.985979
1.53593	UL	153	5	0	1	12	1	0	1	1404	0	1	1	-10.5006	255	1	0.984969
1.53593	UL	153	5	0	1	12	1	0	1	1404	0	1	1	-10.5006	255	1	0.984969
1.53593	UL	153	5	0	12	1	3	0	2	4030	28	1	0	25.383	255	0	0
1.53593	UL	153	5	0	12	1	3	0	2	4030	28	1	0	25.383	255	0	0
1.53686	UL	153	6	0	1	11	1	0	1	1286	0	1	0	-10.497	255	1	1
1.53686	UL	153	6	0	1	11	1	0	1	1286	0	1	0	-10.497	255	1	1
1.53793	UL	153	7	0	1	12	1	0	1	1404	0	1	1	-10.5074	255	1	0.981379
1.53793	UL	153	7	0	1	12	1	0	1	1404	0	1	1	-10.5074	255	1	0.981379
1.53893	UL	153	8	0	1	12	1	0	1	1404	0	1	2	-10.5209	255	0	0
1.53893	UL	153	8	0	1	12	1	0	1	1404	0	1	2	-10.5209	255	0	0
1.53993	UL	153	9	0	1	12	1	0	1	1404	0	1	2	-10.5207	255	0	0
1.53993	UL	153	9	0	1	12	1	0	1	1404	0	1	2	-10.5207	255	0	0
1.54093	UL	154	0	0	1	12	1	0	1	1404	0	1	2	-10.5169	255	0	0
1.54093	UL	154	0	0	1	12	1	0	1	1404	0	1	2	-10.5169	255	0	0
1.54114	DL	154	1	0	1	1	3	0	2	4030	28	1	0	27.3135	15	0	0
1.54193	UL	154	1	0	2	11	1	0	1	1286	0	1	1	-10.528	255	1	0.96908
1.54193	UL	154	1	0	2	11	1	0	1	1286	0	1	1	-10.528	255	1	0.96908
1.54193	UL	154	1	0	12	1	3	0	2	4030	28	1	0	25.3074	255	0	0
1.54193	UL	154	1	0	12	1	3	0	2	4030	28	1	0	25.3074	255	0	0
1.54293	UL	154	2	0	1	12	1	0	1	1404	0	1	2	-10.5264	255	0	0
1.54293	UL	154	2	0	1	12	1	0	1	1404	0	1	2	-10.5264	255	0	0
1.54393	UL	154	3	0	1	12	1	0	1	1404	0	1	0	-10.5138	255	1	1
1.54393	UL	154	3	0	1	12	1	0	1	1404	0	1	0	-10.5138	255	1	1
1.54493	UL	154	4	0	1	12	1	0	1	1404	0	1	0	-10.5206	255	1	1
1.54493	UL	154	4	0	1	12	1	0	1	1404	0	1	0	-10.5206	255	1	1
1.54593	UL	154	5	0	1	12	1	0	1	1404	0	1	0	-10.5485	255	1	1
1.54614	DL	154	6	0	1	1	1	0	1	114	0	1	0	-8.31703	0	1	0.999736
1.54693	UL	154	6	0	2	11	1	0	1	1286	0	1	2	-10.541	255	0	0
1.54693	UL	154	6	0	2	11	1	0	1	1286	0	1	2	-10.541	255	0	0
1.54714	DL	154	7	0	1	1	3	0	2	4030	28	1	0	27.1666	15	0	0
1.54793	UL	154	7	0	1	12	1	0	1	1404	0	1	0	-10.5673	255	1	1
1.54793	UL	154	7	0	11	2	3	0	2	8060	28	1	0	25.2392	255	0	0
1.54793	UL	154	7	0	11	2	3	0	2	8060	28	1	0	25.2392	255	0	0
1.54893	UL	154	8	0	1	12	1	0	1	1404	0	1	1	-10.5286	255	1	0.974521
1.54893	UL	154	8	0	1	12	1	0	1	1404	0	1	1	-10.5286	255	1	0.974521
1.54993	UL	154	9	0	1	12	1	0	1	1404	0	1	1	-10.5282	255	1	0.976543
1.54993	UL	154	9	0	1	12	1	0	1	1404	0	1	1	-10.5282	255	1	0.976543
1.55093	UL	155	0	0	1	12	1	0	1	1404	0	1	1	-10.5203	255	1	0.98305
1.55193	UL	155	1	0	1	12	1	0	1	1404	0	1	0	-10.4529	255	1	0.967063
1.55293	UL	155	2	0	1	12	1	0	1	1404	0	1	1	-10.4378	255	1	0.959363
1.55314	DL	155	3	0	1	1	3	0	2	4030	28	1	0	27.1453	15	0	0
1.55393	UL	155	3	0	1	12	1	0	1	1404	0	1	2	-10.4564	255	0	0
1.55393	UL	155	3	0	1	12	1	0	1	1404	0	1	2	-10.4564	255	0	0
1.55393	UL	155	3	0	12	1	3	0	2	4030	28	1	0	25.1984	255	0	0
1.55393	UL	155	3	0	12	1	3	0	2	4030	28	1	0	25.1984	255	0	0
1.55493	UL	155	4	0	1	12	1	0	1	1404	0	1	2	-10.3925	255	0	0
1.55493	UL	155	4	0	1	12	1	0	1	1404	0	1	2	-10.3925	255	0	0
1.55593	UL	155	5	0	1	12	1	0	1	1404	0	1	2	-10.393	255	0	0
1.55614	DL	155	6	0	1	1	1	0	1	114	0	1	1	-8.18087	0	0	3.53506e-12
1.55793	UL	155	7	0	1	12	1	0	1	1404	0	1	1	-10.3975	255	0	0
1.55814	DL	155	8	0	1	1	1	0	1	114	0	1	0	-8.14736	0	1	0.998853
1.55914	DL	155	9	0	1	1	3	0	2	4030	28	1	0	27.1498	15	0	0
1.55993	UL	155	9	0	12	1	3	0	2	4030	28	1	0	25.174	255	0	0
1.55993	UL	155	9	0	12	1	3	0	2	4030	28	1	0	25.174	255	0	0
1.56314	DL	156	3	0	1	1	1	0	1	114	0	1	1	-8.20749	0	0	3.37785e-13
1.56493	UL	156	4	0	12	1	1	0	1	114	0	1	0	-10.4166	255	1	1
1.56493	UL	156	4	0	12	1	1	0	1	114	0	1	0	-10.4166	255	1	1
1.56514	DL	156	5	0	1	1	3	0	2	4030	28	1	0	27.1509	15	0	0
1.56593	UL	156	5	0	11	2	3	0	2	8060	28	1	0	25.1342	255	0	0
1.56593	UL	156	5	0	11	2	3	0	2	8060	28	1	0	25.1342	255	0	0
1.56993	UL	156	9	0	12	1	1	0	1	114	0	1	1	-10.4634	255	0	0.751305
1.56993	UL	156	9	0	12	1	1	0	1	114	0	1	1	-10.4634	255	0	0.751305
1.57114	DL	157	1	0	1	1	3	0	2	4030	28	1	0	27.0581	15	0	0
1.57193	UL	157	1	0	12	1	3	0	2	4030	28	1	0	25.0341	255	0	0
1.57193	UL	157	1	0	12	1	3	0	2	4030	28	1	0	25.0341	255	0	0
1.57593	UL	157	5	0	1	12	1	0	1	1404	0	1	0	-10.4573	255	1	1
1.57593	UL	157	5	0	1	12	1	0	1	1404	0	1	0	-10.4573	255	1	1
1.57693	UL	157	6	0	1	12	1	0	1	1404	0	1	0	-10.4737	255	1	1
1.57693	UL	157	6	0	1	12	1	0	1	1404	0	1	0	-10.4737	255	1	1
1.57714	DL	157	7	0	1	1	3	0	2	4030	28	1	0	26.9769	15	0	0
1.57793	UL	157	7	0	1	12	1	0	1	1404	0	1	0	-10.491	255	1	1
1.57793	UL	157	7	0	1	12	1	0	1	1404	0	1	0	-10.491	255	1	1
1.57893	UL	157	8	0	2	11	1	0	1	1286	0	1	0	-10.4992	255	0	0
1.57893	UL	157	8	0	2	11	1	0	1	1286	0	1	0	-10.4992	255	0	0
1.57993	UL	157	9	0	12	1	3	0	2	4030	28	1	0	25.0489	255	0	0
1.57993	UL	157	9	0	12	1	3	0	2	4030	28	1	0	25.0489	255	0	0
1.58093	UL	158	0	0	1	12	1	0	1	1404	0	1	1	-10.4438	255	1	0.895121
1.58093	UL	158	0	0	1	12	1	0	1	1404	0	1	1	-10.4438	255	1	0.895121
1.58193	UL	158	1	0	1	12	1	0	1	1404	0	1	1	-10.4571	255	1	0.919899
1.58193	UL	158	1	0	1	12	1	0	1	1404	0	1	1	-10.4571	255	1	0.919899
1.58393	UL	158	3	0	1	12	1	0	1	1404	0	1	1	-10.4345	255	1	0.916572
1.58393	UL	158	3	0	1	12	1	0	1	1404	0	1	1	-10.4345	255	1	0.916572
1.58514	DL	158	5	0	1	1	3	0	2	4030	28	1	0	26.9662	15	0	0
1.58593	UL	158	5	0	1	12	1	0	1	1404	0	1	2	-10.3975	255	0	0
1.58593	UL	158	5	0	1	12	1	0	1	1404	0	1	2	-10.3975	255	0	0
1.58593	UL	158	5	0	12	1	3	0	2	4030	28	1	0	25.0369	255	0	0
1.58593	UL	158	5	0	12	1	3	0	2	4030	28	1	0	25.0369	255	0	0
1.58693	UL	158	6	0	1	12	1	0	1	1404	0	1	2	-10.4224	255	0	0
1.58693	UL	158	6	0	1	12	1	0	1	1404	0	1	2	-10.4224	255	0	0
1.58893	UL	158	8	0	1	12	1	0	1	1404	0	1	2	-10.4298	255	0	0
1.58893	UL	158	8	0	1	12	1	0	1	1404	0	1	2	-10.4298	255	0	0
1.59114	DL	159	1	0	1	1	3	0	2	4030	28	1	0	27.0484	15	0	0
1.59193	UL	159	1	0	11	2	3	0	2	8060	28	1	0	25.0903	255	0	0
1.59193	UL	159	1	0	11	2	3	0	2	8060	28	1	0	25.0903	255	0	0
1.59714	DL	159	7	0	1	1	3	0	2	4030	28	1	0	27.1126	15	0	0
1.59993	UL	159	9	0	12	1	3	0	2	4030	28	1	0	25.1502	255	0	0
1.59993	UL	159	9	0	12	1	3	0	2	4030	28	1	0	25.1502	255	0	0
1.60514	DL	160	5	0	1	1	3	0	2	4030	28	1	0	27.1432	15	0	0
1.60593	UL	160	5	0	12	1	3	0	2	4030	28	1	0	25.12	255	0	0
1.60593	UL	160	5	0	12	1	3	0	2	4030	28	1	0	25.12	255	0	0
1.61114	DL	161	1	0	1	1	3	0	2	4030	28	1	0	27.1044	15	0	0
1.61193	UL	161	1	0	12	1	3	0	2	4030	28	1	0	25.1343	255	0	0
1.61193	UL	161	1	0	12	1	3	0	2	4030	28	1	0	25.1343	255	0	0
1.61593	UL	161	5	0	12	1	3	0	3	114	0	1	0	5.31584	255	0	0
1.61593	UL	161	5	0	12	1	3	0	3	114	0	1	0	5.31584	255	0	0
1.61714	DL	161	7	0	1	1	3	0	2	4030	28	1	0	27.1825	15	0	0
1.61793	UL	161	7	0	12	1	3	0	2	4030	28	1	0	25.2007	255	0	0
1.61793	UL	161	7	0	12	1	3	0	2	4030	28	1	0	25.2007	255	0	0
1.62193	UL	162	1	0	11	2	3	0	3	2163	12	1	0	5.42691	255	0	9.76486e-12
1.62193	UL	162	1	0	11	2	3	0	3	2163	12	1	0	5.42691	255	0	9.76486e-12
1.62314	DL	162	3	0	1	1	3	0	2	4030	28	1	0	27.2284	15	0	0
1.62393	UL	162	3	0	12	1	3	0	2	4030	28	1	0	25.2237	255	0	0
1.62393	UL	162	3	0	12	1	3	0	2	4030	28	1	0	25.2237	255	0	0
1.62793	UL	162	7	0	12	1	3	0	3	1081	12	1	0	5.37025	255	0	1.0491e-10
1.62793	UL	162	7	0	12	1	3	0	3	1081	12	1	0	5.37025	255	0	1.0491e-10
1.62914	DL	162	9	0	1	1	3	0	2	4030	28	1	0	27.2454	15	0	0
1.62993	UL	162	9	0	12	1	3	0	2	4030	28	1	0	25.2452	255	0	0
1.62993	UL	162	9	0	12	1	3	0	2	4030	28	1	0	25.2452	255	0	0
1.63393	UL	163	3	0	12	1	3	0	3	1081	12	1	0	5.35752	255	0	1.91385e-10
1.63393	UL	163	3	0	12	1	3	0	3	1081	12	1	0	5.35752	255	0	1.91385e-10
1.63514	DL	163	5	0	1	1	3	0	2	4030	28	1	0	27.3005	15	0	0
1.63593	UL	163	5	0	12	1	3	0	2	4030	28	1	0	25.3261	255	0	0
1.63593	UL	163	5	0	12	1	3	0	2	4030	28	1	0	25.3261	255	0	0
1.63993	UL	163	9	0	11	2	3	0	3	2163	12	1	0	5.34233	255	0	5.75231e-10
1.63993	UL	163	9	0	11	2	3	0	3	2163	12	1	0	5.34233	255	0	5.75231e-10
1.64114	DL	164	1	0	1	1	3	0	2	4030	28	1	0	27.3372	15	0	0
1.64193	UL	164	1	0	12	1	3	0	2	4030	28	1	0	25.3273	255	0	0
1.64193	UL	164	1	0	12	1	3	0	2	4030	28	1	0	25.3273	255	0	0
1.64593	UL	164	5	0	12	1	3	0	3	1081	12	1	0	5.34351	255	0	3.64013e-10
1.64593	UL	164	5	0	12	1	3	0	3	1081	12	1	0	5.34351	255	0	3.64013e-10
1.64714	DL	164	7	0	1	1	3	0	2	4030	28	1	0	27.2788	15	0	0
1.64793	UL	164	7	0	12	1	3	0	2	4030	28	1	0	25.2722	255	0	0
1.64793	UL	164	7	0	12	1	3	0	2	4030	28	1	0	25.2722	255	0	0
1.65193	UL	165	1	0	12	1	3	0	3	1081	12	1	0	5.26069	255	0	1.4171e-08
1.65193	UL	165	1	0	12	1	3	0	3	1081	12	1	0	5.26069	255	0	1.4171e-08
1.65236	DL	165	2	0	1	4	1	0	1	466	0	1	0	-8.36221	0	1	1
1.65314	DL	165	3	0	1	1	3	0	2	4030	28	1	0	27.2631	15	0	0
1.65393	UL	165	3	0	12	1	3	0	2	4030	28	1	0	25.2221	255	0	0
1.65393	UL	165	3	0	12	1	3	0	2	4030	28	1	0	25.2221	255	0	0
1.65736	DL	165	7	0	1	4	1	0	1	466	0	1	1	-8.40295	0	0	0
1.65793	UL	165	7	0	12	1	3	0	3	1081	12	1	0	5.23009	255	0	4.94343e-08
1.65793	UL	165	7	0	12	1	3	0	3	1081	12	1	0	5.23009	255	0	4.94343e-08
1.65914	DL	165	9	0	1	1	3	0	2	4030	28	1	0	27.2781	15	0	0
1.65993	UL	165	9	0	12	1	3	0	2	4030	28	1	0	25.2676	255	0	0
1.65993	UL	165	9	0	12	1	3	0	2	4030	28	1	0	25.2676	255	0	0
1.66393	UL	166	3	0	11	2	3	0	3	2163	12	1	0	5.20782	255	0	1.80394e-07
1.66393	UL	166	3	0	11	2	3	0	3	2163	12	1	0	5.20782	255	0	1.80394e-07
1.66514	DL	166	5	0	1	1	3	0	2	4030	28	1	0	27.2215	15	0	0
1.66593	UL	166	5	0	12	1	1	0	1	114	0	1	0	-10.4895	255	1	1
1.66593	UL	166	5	0	12	1	1	0	1	114	0	1	0	-10.4895	255	1	1
1.66593	UL	166	5	0	12	1	3	0	2	4030	28	1	0	25.2375	255	0	0
1.66593	UL	166	5	0	12	1	3	0	2	4030	28	1	0	25.2375	255	0	0
1.66993	UL	166	9	0	12	1	3	0	3	1081	12	1	0	5.17292	255	0	4.59537e-07
1.66993	UL	166	9	0	12	1	3	0	3	1081	12	1	0	5.17292	255	0	4.59537e-07
1.67093	UL	167	0	0	12	1	1	0	1	114	0	1	1	-10.4402	255	1	0.765569
1.67093	UL	167	0	0	12	1	1	0	1	114	0	1	1	-10.4402	255	1	0.765569
1.67114	DL	167	1	0	1	1	3	0	2	4030	28	1	0	27.2034	15	0	0
1.67193	UL	167	1	0	12	1	3	0	2	4030	28	1	0	25.223	255	0	0
1.67193	UL	167	1	0	12	1	3	0	2	4030	28	1	0	25.223	255	0	0
1.67593	UL	167	5	0	12	1	3	0	3	1081	12	1	0	5.20525	255	0	1.3503e-07
1.67593	UL	167	5	0	12	1	3	0	3	1081	12	1	0	5.20525	255	0	1.3503e-07
1.67593	UL	167	5	0	12	1	1	0	1	114	0	1	2	-10.4635	255	0	1.90458e-09
1.67593	UL	167	5	0	12	1	1	0	1	114	0	1	2	-10.4635	255	0	1.90458e-09
1.67714	DL	167	7	0	1	1	3	0	2	4030	28	1	0	27.2469	15	0	0
1.67793	UL	167	7	0	12	1	3	0	2	4030	28	1	0	25.0654	255	0	0
1.67793	UL	167	7	0	12	1	3	0	2	4030	28	1	0	25.0654	255	0	0
1.68193	UL	168	1	0	1	12	1	0	1	1404	0	1	0	-10.4549	255	1	1
1.68193	UL	168	1	0	1	12	1	0	1	1404	0	1	0	-10.4549	255	1	1
1.68193	UL	168	1	0	12	1	3	0	3	1081	12	1	0	5.19046	255	0	2.38029e-07
1.68193	UL	168	1	0	12	1	3	0	3	1081	12	1	0	5.19046	255	0	2.38029e-07
1.68293	UL	168	2	0	1	12	1	0	1	1404	0	1	0	-10.4352	255	1	1
1.68293	UL	168	2	0	1	12	1	0	1	1404	0	1	0	-10.4352	255	1	1
1.68314	DL	168	3	0	1	1	3	0	2	4030	28	1	0	27.2045	15	0	0
1.68386	UL	168	3	0	11	1	3	0	2	4030	28	1	0	25.2199	255	0	0
1.68386	UL	168	3	0	11	1	3	0	2	4030	28	1	0	25.2199	255	0	0
1.68393	UL	168	3	0	1	12	1	0	1	1404	0	1	0	-10.4585	255	1	1
1.68393	UL	168	3	0	1	12	1	0	1	1404	0	1	0	-10.4585	255	1	1
1.68493	UL	168	4	0	1	12	1	0	1	1404	0	1	0	-10.4461	255	1	1
1.68493	UL	168	4	0	1	12	1	0	1	1404	0	1	0	-10.4461	255	1	1
1.68593	UL	168	5	0	1	12	1	0	1	1404	0	1	0	-10.4457	255	1	1
1.68593	UL	168	5	0	1	12	1	0	1	1404	0	1	0	-10.4457	255	1	1
1.68693	UL	168	6	0	1	12	1	0	1	1404	0	1	1	-10.4133	255	1	0.842366
1.68693	UL	168	6	0	1	12	1	0	1	1404	0	1	1	-10.4133	255	1	0.842366
1.68793	UL	168	7	0	1	12	1	0	1	1404	0	1	1	-10.431	255	1	0.834395
1.68793	UL	168	7	0	1	12	1	0	1	1404	0	1	1	-10.431	255	1	0.834395
1.68793	UL	168	7	0	12	1	3	0	3	1081	12	1	0	5.14865	255	0	1.15043e-06
1.68793	UL	168	7	0	12	1	3	0	3	1081	12	1	0	5.14865	255	0	1.15043e-06
1.68814	DL	168	8	0	1	1	3	0	2	4030	28	1	0	27.1683	15	0	0
1.68893	UL	168	8	0	1	12	1	0	1	1404	0	1	1	-10.4211	255	1	0.857154
1.68893	UL	168	8	0	1	12	1	0	1	1404	0	1	1	-10.4211	255	1	0.857154
1.68893	UL	168	8	0	12	1	3	0	2	4030	28	1	0	25.2535	255	0	0
1.68893	UL	168	8	0	12	1	3	0	2	4030	28	1	0	25.2535	255	0	0
1.68993	UL	168	9	0	1	12	1	0	1	1404	0	1	1	-10.4266	255	1	0.846287
1.68993	UL	168	9	0	1	12	1	0	1	1404	0	1	1	-10.4266	255	1	0.846287
1.69093	UL	169	0	0	1	12	1	0	1	1404	0	1	1	-10.3889	255	1	0.800806
1.69093	UL	169	0	0	1	12	1	0	1	1404	0	1	1	-10.3889	255	1	0.800806
1.69193	UL	169	1	0	1	12	1	0	1	1404	0	1	2	-10.3773	255	0	0
1.69193	UL	169	1	0	1	12	1	0	1	1404	0	1	2	-10.3773	255	0	0
1.69293	UL	169	2	0	1	12	1	0	1	1404	0	1	2	-10.345	255	0	0
1.69293	UL	169	2	0	1	12	1	0	1	1404	0	1	2	-10.345	255	0	0
1.69393	UL	169	3	0	1	12	1	0	1	1404	0	1	2	-10.3977	255	0	0
1.69393	UL	169	3	0	1	12	1	0	1	1404	0	1	2	-10.3977	255	0	0
1.69393	UL	169	3	0	11	2	3	0	3	2163	12	1	0	5.00585	255	0	0.000181605
1.69393	UL	169	3	0	11	2	3	0	3	2163	12	1	0	5.00585	255	0	0.000181605
1.69414	DL	169	4	0	1	1	3	0	2	4030	28	1	0	27.2067	15	0	0
1.69493	UL	169	4	0	1	12	1	0	1	1404	0	1	2	-10.4147	255	0	0
1.69493	UL	169	4	0	1	12	1	0	1	1404	0	1	2	-10.4147	255	0	0
1.69493	UL	169	4	0	11	2	3	0	2	8060	28	1	0	25.2977	255	0	0
1.69493	UL	169	4	0	11	2	3	0	2	8060	28	1	0	25.2977	255	0	0
1.69593	UL	169	5	0	1	12	1	0	1	1404	0	1	2	-10.4003	255	0	0
1.69593	UL	169	5	0	1	12	1	0	1	1404	0	1	2	-10.4003	255	0	0
1.69686	UL	169	6	0	7	5	1	0	1	583	0	1	0	-10.4146	255	1	1
1.69686	UL	169	6	0	7	5	1	0	1	583	0	1	0	-10.4146	255	1	1
1.69714	DL	169	7	0	1	1	1	0	1	114	0	1	0	-8.3928	0	1	0.999821
1.69793	UL	169	7	0	10	3	1	0	1	348	0	1	0	-10.4231	255	1	1
1.69893	UL	169	8	0	10	3	1	0	1	348	0	1	0	-10.4534	255	1	1
1.69914	DL	169	9	0	1	1	1	0	1	114	0	1	0	-8.44223	0	1	0.999885
1.69993	UL	169	9	0	10	3	1	0	1	348	0	1	0	-10.4693	255	1	1
1.69993	UL	169	9	0	12	1	3	0	3	1081	12	1	0	4.9732	255	0	0.000304321
1.69993	UL	169	9	0	12	1	3	0	3	1081	12	1	0	4.9732	255	0	0.000304321
1.70014	DL	170	0	0	1	1	1	0	1	114	0	1	0	-8.40392	0	1	0.999835
1.70014	DL	170	0	0	1	1	3	0	2	4030	28	1	0	27.3289	15	0	0
1.70093	UL	170	0	0	10	3	1	0	1	348	0	1	0	-10.4239	255	1	1
1.70114	DL	170	1	0	1	1	1	0	1	114	0	1	0	-8.40474	0	1	0.999839
1.70193	UL	170	1	0	8	5	1	0	1	583	0	1	1	-10.4242	255	1	0.556139
1.70193	UL	170	1	0	8	5	1	0	1	583	0	1	1	-10.4242	255	1	0.556139
1.70214	DL	170	2	0	1	1	1	0	1	114	0	1	1	-8.39208	0	0	9.38488e-11
1.70293	UL	170	2	0	10	3	1	0	1	348	0	1	1	-10.4291	255	1	0.6047
1.70293	UL	170	2	0	12	1	3	0	2	4030	28	1	0	25.3015	255	0	0
1.70293	UL	170	2	0	12	1	3	0	2	4030	28	1	0	25.3015	255	0	0
1.70393	UL	170	3	0	10	3	1	0	1	348	0	1	1	-10.4628	255	1	0.679183
1.70414	DL	170	4	0	1	1	1	0	1	114	0	1	1	-8.47125	0	0	5.18397e-10
1.70493	UL	170	4	0	10	3	1	0	1	348	0	1	1	-10.4945	255	1	0.729963
1.70514	DL	170	5	0	1	1	1	0	1	114	0	1	1	-8.48214	0	0	3.59208e-10
1.70593	UL	170	5	0	10	3	1	0	1	348	0	1	1	-10.5016	255	0	0.682364
1.70593	UL	170	5	0	12	1	3	0	3	1081	12	1	0	4.83447	255	0	0.00866233
1.70593	UL	170	5	0	12	1	3	0	3	1081	12	1	0	4.83447	255	0	0.00866233
1.70614	DL	170	6	0	1	1	1	0	1	114	0	1	1	-8.4932	0	0	4.3131e-10
1.70693	UL	170	6	0	8	5	1	0	1	583	0	1	2	-10.5064	255	0	0
1.70693	UL	170	6	0	8	5	1	0	1	583	0	1	2	-10.5064	255	0	0
1.70793	UL	170	7	0	10	3	1	0	1	348	0	1	2	-10.5019	255	0	0
1.70814	DL	170	8	0	1	1	3	0	2	4030	28	1	0	27.2567	15	0	0
1.70893	UL	170	8	0	10	3	1	0	1	348	0	1	2	-10.5055	255	0	0
1.70893	UL	170	8	0	12	1	3	0	2	4030	28	1	0	25.2414	255	0	0
1.70893	UL	170	8	0	12	1	3	0	2	4030	28	1	0	25.2414	255	0	0
1.70993	UL	170	9	0	10	3	1	0	1	348	0	1	2	-10.5227	255	0	0
1.71093	UL	171	0	0	12	1	1	0	1	114	0	1	0	-10.5312	255	1	1
1.71093	UL	171	0	0	12	1	1	0	1	114	0	1	0	-10.5312	255	1	1
1.71193	UL	171	1	0	1	12	1	0	1	1404	0	1	0	-10.5463	255	1	1
1.71193	UL	171	1	0	1	12	1	0	1	1404	0	1	0	-10.5463	255	1	1
1.71293	UL	171	2	0	1	12	1	0	1	1404	0	1	0	-10.562	255	1	1
1.71293	UL	171	2	0	1	12	1	0	1	1404	0	1	0	-10.562	255	1	1
1.71293	UL	171	2	0	12	1	3	0	3	1081	12	1	0	4.76884	255	0	0.0305436
1.71293	UL	171	2	0	12	1	3	0	3	1081	12	1	0	4.76884	255	0	0.0305436
1.71393	UL	171	3	0	1	12	1	0	1	1404	0	1	0	-10.5628	255	1	1
1.71393	UL	171	3	0	1	12	1	0	1	1404	0	1	0	-10.5628	255	1	1
1.71414	DL	171	4	0	1	1	3	0	2	4030	28	1	0	27.1795	15	0	0
1.71493	UL	171	4	0	1	12	1	0	1	1404	0	1	0	-10.5327	255	1	1
1.71493	UL	171	4	0	1	12	1	0	1	1404	0	1	0	-10.5327	255	1	1
1.71493	UL	171	4	0	11	2	3	0	2	8060	28	1	0	25.2463	255	0	0
1.71493	UL	171	4	0	11	2	3	0	2	8060	28	1	0	25.2463	255	0	0
1.71514	DL	171	5	0	1	1	1	0	1	114	0	1	0	-8.48797	0	1	0.999926
1.71586	UL	171	5	0	11	1	1	0	5	114	0	1	0	-7.58835	255	1	0.960928
1.71586	UL	171	5	0	11	1	1	0	5	114	0	1	0	-7.58835	255	1	0.960928
1.71593	UL	171	5	0	12	1	1	0	1	114	0	1	1	-10.48	255	1	0.794239
1.71593	UL	171	5	0	12	1	1	0	1	114	0	1	1	-10.48	255	1	0.794239
1.71686	UL	171	6	0	1	11	1	0	1	1286	0	1	0	-10.4787	255	1	1
1.71686	UL	171	6	0	1	11	1	0	1	1286	0	1	0	-10.4787	255	1	1
1.71793	UL	171	7	0	1	12	1	0	1	1404	0	1	1	-10.4297	255	1	0.935337
1.71793	UL	171	7	0	1	12	1	0	1	1404	0	1	1	-10.4297	255	1	0.935337
1.71893	UL	171	8	0	1	12	1	0	1	1404	0	1	1	-10.4243	255	1	0.941038
1.71893	UL	171	8	0	1	12	1	0	1	1404	0	1	1	-10.4243	255	1	0.941038
1.71893	UL	171	8	0	12	1	3	0	3	1081	12	1	0	4.76331	255	0	0.033671
1.71893	UL	171	8	0	12	1	3	0	3	1081	12	1	0	4.76331	255	0	0.033671
1.71993	UL	171	9	0	1	12	1	0	1	1404	0	1	1	-10.4254	255	0	0.92382
1.71993	UL	171	9	0	1	12	1	0	1	1404	0	1	1	-10.4254	255	0	0.92382
1.72014	DL	172	0	0	1	1	1	0	1	114	0	1	1	-8.41352	0	0	4.76513e-10
1.72014	DL	172	0	0	1	1	3	0	2	4030	28	1	0	27.3049	15	0	0
1.72086	UL	172	0	0	11	1	1	0	1	114	0	1	2	-10.4085	255	0	2.11461e-09
1.72086	UL	172	0	0	11	1	1	0	1	114	0	1	2	-10.4085	255	0	2.11461e-09
1.72093	UL	172	0	0	12	1	1	0	5	114	0	1	1	-7.64968	255	0	0
1.72093	UL	172	0	0	12	1	1	0	5	114	0	1	1	-7.64968	255	0	0
1.72193	UL	172	1	0	2	11	1	0	1	1286	0	1	1	-10.4091	255	1	0.858207
1.72193	UL	172	1	0	2	11	1	0	1	1286	0	1	1	-10.4091	255	1	0.858207
1.72293	UL	172	2	0	1	12	1	0	1	1404	0	1	2	-10.3696	255	0	0
1.72293	UL	172	2	0	1	12	1	0	1	1404	0	1	2	-10.3696	255	0	0
1.72293	UL	172	2	0	12	1	3	0	2	4030	28	1	0	25.3648	255	0	0
1.72293	UL	172	2	0	12	1	3	0	2	4030	28	1	0	25.3648	255	0	0
1.72393	UL	172	3	0	1	12	1	0	1	1404	0	1	2	-10.3546	255	0	0
1.72393	UL	172	3	0	1	12	1	0	1	1404	0	1	2	-10.3546	255	0	0
1.72493	UL	172	4	0	1	12	1	0	1	1404	0	1	0	-10.3368	255	1	1
1.72493	UL	172	4	0	1	12	1	0	1	1404	0	1	0	-10.3368	255	1	1
1.72593	UL	172	5	0	12	1	3	0	3	1081	12	1	0	4.77692	255	0	0.0266584
1.72593	UL	172	5	0	12	1	3	0	3	1081	12	1	0	4.77692	255	0	0.0266584
1.72614	UL	172	6	0	1	1	1	0	5	114	0	1	0	-7.75673	255	0	0.985613
1.72614	UL	172	6	0	1	1	1	0	5	114	0	1	0	-7.75673	255	0	0.985613
1.72693	UL	172	6	0	2	11	1	0	1	1286	0	1	2	-10.3244	255	0	0
1.72693	UL	172	6	0	2	11	1	0	1	1286	0	1	2	-10.3244	255	0	0
1.72793	UL	172	7	0	1	12	1	0	5	1404	0	1	0	-7.75662	255	1	1
1.72793	UL	172	7	0	1	12	1	0	5	1404	0	1	0	-7.75662	255	1	1
1.72814	DL	172	8	0	1	1	3	0	2	4030	28	1	0	27.339	15	0	0
1.72814	UL	172	8	0	1	1	1	0	1	114	0	1	0	-10.4377	255	1	1
1.72814	UL	172	8	0	1	1	1	0	1	114	0	1	0	-10.4377	255	1	1
1.72886	UL	172	8	0	11	1	3	0	2	4030	28	1	0	25.2711	255	0	0
1.72886	UL	172	8	0	11	1	3	0	2	4030	28	1	0	25.2711	255	0	0
1.72893	UL	172	8	0	2	11	1	0	5	1286	0	1	0	-7.8411	255	1	1
1.72893	UL	172	8	0	2	11	1	0	5	1286	0	1	0	-7.8411	255	1	1
1.72993	UL	172	9	0	1	12	1	0	1	1404	0	1	1	-10.3442	255	1	0.545125
1.72993	UL	172	9	0	1	12	1	0	1	1404	0	1	1	-10.3442	255	1	0.545125
1.73086	UL	173	0	0	1	11	1	0	1	1286	0	1	0	-10.3827	255	1	0.923729
1.73093	UL	173	0	0	12	1	1	0	5	114	0	1	0	-7.79001	255	1	0.988186
1.73093	UL	173	0	0	12	1	1	0	5	114	0	1	0	-7.79001	255	1	0.988186
1.7315	UL	173	1	0	1	6	1	0	1	700	0	1	0	-10.3891	255	1	1
1.73186	UL	173	1	0	7	5	1	0	5	583	0	1	0	-7.8348	255	1	0.999999
1.73186	UL	173	1	0	7	5	1	0	5	583	0	1	0	-7.8348	255	1	0.999999
1.73193	UL	173	1	0	11	2	3	0	3	2163	12	1	0	4.75506	255	0	0.0580941
1.73193	UL	173	1	0	11	2	3	0	3	2163	12	1	0	4.75506	255	0	0.0580941
1.73293	UL	173	2	0	1	12	1	0	5	1404	0	1	1	-7.81281	255	0	0
1.73293	UL	173	2	0	1	12	1	0	5	1404	0	1	1	-7.81281	255	0	0
1.73314	DL	173	3	0	1	1	3	0	2	4030	28	1	0	26.7058	15	0	0
1.73386	UL	173	3	0	1	11	1	0	5	1286	0	1	1	-7.8427	255	0	0
1.73386	UL	173	3	0	1	11	1	0	5	1286	0	1	1	-7.8427	255	0	0
1.73393	UL	173	3	0	11	2	3	0	2	8060	28	1	0	25.3091	255	0	0
1.73393	UL	173	3	0	11	2	3	0	2	8060	28	1	0	25.3091	255	0	0
1.73393	UL	173	3	0	12	1	1	0	1	114	0	1	1	-10.4792	255	1	0.755558
1.73393	UL	173	3	0	12	1	1	0	1	114	0	1	1	-10.4792	255	1	0.755558
1.73493	UL	173	4	0	1	12	1	0	1	1404	0	1	2	-10.3668	255	0	0
1.73493	UL	173	4	0	1	12	1	0	1	1404	0	1	2	-10.3668	255	0	0
1.73514	UL	173	5	0	1	1	1	0	5	114	0	1	1	-7.80498	255	0	0
1.73514	UL	173	5	0	1	1	1	0	5	114	0	1	1	-7.80498	255	0	0
1.73593	UL	173	5	0	2	11	1	0	1	1286	0	1	1	-10.3697	255	0	0
1.73614	DL	173	6	0	1	1	1	0	1	114	0	1	0	-8.40993	0	1	0.999867
1.7365	UL	173	6	0	2	5	1	0	5	583	0	1	1	-7.77031	255	0	0
1.7365	UL	173	6	0	2	5	1	0	5	583	0	1	1	-7.77031	255	0	0
1.73693	UL	173	6	0	7	6	1	0	1	700	0	1	1	-10.3781	255	1	0.449801
1.73714	UL	173	7	0	1	1	1	0	1	114	0	1	0	-10.4153	255	1	1
1.73793	UL	173	7	0	2	11	1	0	5	1286	0	1	0	-7.77654	255	1	1
1.73793	UL	173	7	0	2	11	1	0	5	1286	0	1	0	-7.77654	255	1	1
1.73793	UL	173	7	0	12	1	3	0	3	1081	12	1	0	4.85313	255	0	0.00590797
1.73793	UL	173	7	0	12	1	3	0	3	1081	12	1	0	4.85313	255	0	0.00590797
1.73886	UL	173	8	0	1	11	1	0	5	1286	0	1	0	-7.72116	255	1	1
1.73886	UL	173	8	0	1	11	1	0	5	1286	0	1	0	-7.72116	255	1	1
1.73893	UL	173	8	0	12	1	1	0	1	114	0	1	2	-10.4293	255	0	1.14072e-09
1.73893	UL	173	8	0	12	1	1	0	1	114	0	1	2	-10.4293	255	0	1.14072e-09
1.73914	DL	173	9	0	1	1	3	0	2	4030	28	1	0	26.6567	15	0	0
1.73993	UL	173	9	0	1	12	1	0	5	1404	0	1	0	-7.71624	255	1	1
1.74093	UL	174	0	0	1	12	1	0	5	1404	0	1	0	-7.68523	255	1	1
1.74093	UL	174	0	0	1	12	1	0	5	1404	0	1	0	-7.68523	255	1	1
1.7415	UL	174	1	0	1	6	1	0	5	700	0	1	0	-7.68069	255	1	0.999918
1.7415	UL	174	1	0	1	6	1	0	5	700	0	1	0	-7.68069	255	1	0.999918
1.74193	UL	174	1	0	7	6	1	0	1	700	0	1	2	-10.4196	255	0	0
1.74193	UL	174	1	0	12	1	3	0	2	4030	28	1	0	25.4068	255	0	0
1.74193	UL	174	1	0	12	1	3	0	2	4030	28	1	0	25.4068	255	0	0
1.74279	UL	174	2	0	1	10	1	0	5	1169	0	1	0	-7.70707	255	1	1
1.74286	UL	174	2	0	11	1	1	0	1	114	0	1	1	-10.3571	255	0	0.687023
1.74314	DL	174	3	0	1	1	1	0	1	114	0	1	1	-8.41682	0	0	2.79429e-10
1.74393	UL	174	3	0	2	11	1	0	5	1286	0	1	1	-7.66827	255	0	0
1.74393	UL	174	3	0	2	11	1	0	5	1286	0	1	1	-7.66827	255	0	0
1.74393	UL	174	3	0	12	1	3	0	3	1081	12	1	0	4.77252	255	0	0.0287299
1.74393	UL	174	3	0	12	1	3	0	3	1081	12	1	0	4.77252	255	0	0.0287299
1.74493	UL	174	4	0	2	11	1	0	5	1286	0	1	1	-7.69675	255	0	0
1.74493	UL	174	4	0	2	11	1	0	5	1286	0	1	1	-7.69675	255	0	0
1.74593	UL	174	5	0	1	12	1	0	5	1404	0	1	1	-7.71164	255	0	0
1.74693	UL	174	6	0	7	6	1	0	5	700	0	1	1	-7.71068	255	0	0
1.74693	UL	174	6	0	7	6	1	0	5	700	0	1	1	-7.71068	255	0	0
1.74714	DL	174	7	0	1	1	3	0	2	4030	28	1	0	27.4801	15	0	0
1.74793	UL	174	7	0	3	10	1	0	5	1169	0	1	1	-7.76798	255	0	0
1.74793	UL	174	7	0	12	1	3	0	2	4030	28	1	0	25.3461	255	0	0
1.74793	UL	174	7	0	12	1	3	0	2	4030	28	1	0	25.3461	255	0	0
1.74893	UL	174	8	0	12	1	1	0	5	114	0	1	0	-7.73213	255	1	0.982879
1.74893	UL	174	8	0	12	1	1	0	5	114	0	1	0	-7.73213	255	1	0.982879
1.74993	UL	174	9	0	12	1	3	0	3	1081	12	1	0	4.75124	255	0	0.0416805
1.74993	UL	174	9	0	12	1	3	0	3	1081	12	1	0	4.75124	255	0	0.0416805
1.75193	UL	175	1	0	12	1	1	0	1	114	0	1	0	-10.3128	255	1	1
1.75193	UL	175	1	0	12	1	1	0	1	114	0	1	0	-10.3128	255	1	1
1.75293	UL	175	2	0	12	1	1	0	5	114	0	1	0	-7.69563	255	1	0.978298
1.75293	UL	175	2	0	12	1	1	0	5	114	0	1	0	-7.69563	255	1	0.978298
1.75314	DL	175	3	0	1	1	3	0	2	4030	28	1	0	27.5899	15	0	0
1.75393	UL	175	3	0	11	2	3	0	2	8060	28	1	0	25.5136	255	0	0
1.75393	UL	175	3	0	11	2	3	0	2	8060	28	1	0	25.5136	255	0	0
1.75393	UL	175	3	0	12	1	1	0	5	114	0	1	1	-7.68418	255	0	0
1.75393	UL	175	3	0	12	1	1	0	5	114	0	1	1	-7.68418	255	0	0
1.75493	UL	175	4	0	1	12	1	0	5	1404	0	1	0	-7.69162	255	1	1
1.75493	UL	175	4	0	1	12	1	0	5	1404	0	1	0	-7.69162	255	1	1
1.75593	UL	175	5	0	12	1	3	0	3	1081	12	1	0	4.64769	255	0	0.184372
1.75593	UL	175	5	0	12	1	3	0	3	1081	12	1	0	4.64769	255	0	0.184372
1.75593	UL	175	5	0	12	1	1	0	5	114	0	1	0	-7.8552	255	1	0.991821
1.75593	UL	175	5	0	12	1	1	0	5	114	0	1	0	-7.8552	255	1	0.991821
1.75693	UL	175	6	0	12	1	1	0	1	114	0	1	1	-10.3238	255	1	0.616846
1.75693	UL	175	6	0	12	1	1	0	1	114	0	1	1	-10.3238	255	1	0.616846
1.75786	UL	175	7	0	11	1	1	0	5	114	0	1	1	-7.70875	255	0	0
1.75786	UL	175	7	0	11	1	1	0	5	114	0	1	1	-7.70875	255	0	0
1.75914	DL	175	9	0	1	1	3	0	2	4030	28	1	0	26.9571	15	0	0
1.75993	UL	175	9	0	1	12	1	0	5	1404	0	1	1	-7.81538	255	0	0
1.75993	UL	175	9	0	1	12	1	0	5	1404	0	1	1	-7.81538	255	0	0
1.75993	UL	175	9	0	12	1	3	0	2	4030	28	1	0	25.4453	255	0	0
1.75993	UL	175	9	0	12	1	3	0	2	4030	28	1	0	25.4453	255	0	0
1.76086	UL	176	0	0	11	1	1	0	5	114	0	1	1	-7.7886	255	0	0
1.76086	UL	176	0	0	11	1	1	0	5	114	0	1	1	-7.7886	255	0	0
1.76186	UL	176	1	0	11	1	1	0	5	114	0	1	0	-7.81897	255	1	0.990296
1.76186	UL	176	1	0	11	1	1	0	5	114	0	1	0	-7.81897	255	1	0.990296
1.76193	UL	176	1	0	12	1	3	0	3	964	11	1	0	4.79877	255	0	1.40353e-10
1.76193	UL	176	1	0	12	1	3	0	3	964	11	1	0	4.79877	255	0	1.40353e-10
1.76193	UL	176	1	0	12	1	1	0	1	114	0	1	2	-10.3662	255	0	5.69867e-11
1.76193	UL	176	1	0	12	1	1	0	1	114	0	1	2	-10.3662	255	0	5.69867e-11
1.76293	UL	176	2	0	1	12	1	0	5	1404	0	1	0	-7.81498	255	1	1
1.76293	UL	176	2	0	1	12	1	0	5	1404	0	1	0	-7.81498	255	1	1
1.76393	UL	176	3	0	12	1	1	0	5	114	0	1	0	-7.8135	255	0	0
1.76393	UL	176	3	0	12	1	1	0	5	114	0	1	0	-7.8135	255	0	0
1.76514	DL	176	5	0	1	1	3	0	2	4030	28	1	0	26.9435	15	0	0
1.76593	UL	176	5	0	1	12	1	0	5	1404	0	1	0	-7.83611	255	1	1
1.76593	UL	176	5	0	1	12	1	0	5	1404	0	1	0	-7.83611	255	1	1
1.76593	UL	176	5	0	12	1	3	0	2	4030	28	1	0	25.4307	255	0	0
1.76593	UL	176	5	0	12	1	3	0	2	4030	28	1	0	25.4307	255	0	0
1.76693	UL	176	6	0	12	1	1	0	5	114	0	1	1	-7.84052	255	0	0
1.76693	UL	176	6	0	12	1	1	0	5	114	0	1	1	-7.84052	255	0	0
1.76793	UL	176	7	0	1	12	1	0	5	1404	0	1	1	-7.8485	255	0	0
1.76793	UL	176	7	0	1	12	1	0	5	1404	0	1	1	-7.8485	255	0	0
1.76793	UL	176	7	0	11	2	3	0	3	2163	12	1	0	4.82283	255	0	0.0166012
1.76793	UL	176	7	0	11	2	3	0	3	2163	12	1	0	4.82283	255	0	0.0166012
1.76886	UL	176	8	0	1	11	1	0	1	1286	0	1	0	-10.3191	255	1	1
1.76886	UL	176	8	0	1	11	1	0	1	1286	0	1	0	-10.3191	255	1	1
1.76893	UL	176	8	0	12	1	1	0	5	114	0	1	0	-7.81667	255	1	0.989886
1.76921	UL	176	9	0	1	2	1	0	1	231	0	1	0	-10.3664	255	1	1
1.76921	UL	176	9	0	1	2	1	0	1	231	0	1	0	-10.3664	255	1	1
1.76993	UL	176	9	0	3	10	1	0	5	1169	0	1	0	-7.83151	255	1	1
1.77093	UL	177	0	0	1	12	1	0	5	1404	0	1	1	-7.82289	255	0	0
1.77093	UL	177	0	0	1	12	1	0	5	1404	0	1	1	-7.82289	255	0	0
1.77114	DL	177	1	0	1	1	3	0	2	4030	28	1	0	27.581	15	0	0
1.77193	UL	177	1	0	10	3	1	0	5	348	0	1	0	-7.94647	255	1	0.999995
1.77193	UL	177	1	0	10	3	1	0	5	348	0	1	0	-7.94647	255	1	0.999995
1.77193	UL	177	1	0	11	2	3	0	2	8060	28	1	0	25.402	255	0	0
1.77193	UL	177	1	0	11	2	3	0	2	8060	28	1	0	25.402	255	0	0
1.77314	UL	177	3	0	1	1	1	0	5	114	0	1	1	-7.84919	255	0	0
1.77393	UL	177	3	0	2	11	1	0	1	1286	0	1	1	-10.3033	255	0	0.42111
1.77393	UL	177	3	0	2	11	1	0	1	1286	0	1	1	-10.3033	255	0	0.42111
1.77393	UL	177	3	0	12	1	3	0	3	1081	12	1	0	4.79086	255	0	0.020598
1.77393	UL	177	3	0	12	1	3	0	3	1081	12	1	0	4.79086	255	0	0.020598
1.77479	UL	177	4	0	1	10	1	0	5	1169	0	1	1	-7.81796	255	0	0
1.77493	UL	177	4	0	11	2	1	0	1	231	0	1	1	-10.364	255	1	0.562622
1.77493	UL	177	4	0	11	2	1	0	1	231	0	1	1	-10.364	255	1	0.562622
1.77593	UL	177	5	0	12	1	1	0	5	114	0	1	0	-7.86408	255	1	0.992533
1.77593	UL	177	5	0	12	1	1	0	5	114	0	1	0	-7.86408	255	1	0.992533
1.77686	UL	177	6	0	9	3	1	0	5	348	0	1	1	-7.92111	255	0	0
1.77686	UL	177	6	0	9	3	1	0	5	348	0	1	1	-7.92111	255	0	0
1.77714	DL	177	7	0	1	1	3	0	2	4030	28	1	0	26.8144	15	0	0
1.77793	UL	177	7	0	1	12	1	0	5	1404	0	1	0	-7.93979	255	1	1
1.77793	UL	177	7	0	1	12	1	0	5	1404	0	1	0	-7.93979	255	1	1
1.77793	UL	177	7	0	12	1	3	0	2	4030	28	1	0	25.3671	255	0	0
1.77793	UL	177	7	0	12	1	3	0	2	4030	28	1	0	25.3671	255	0	0
1.77893	UL	177	8	0	1	12	1	0	5	1404	0	1	0	-7.92113	255	1	1
1.77893	UL	177	8	0	1	12	1	0	5	1404	0	1	0	-7.92113	255	1	1
1.77979	UL	177	9	0	1	10	1	0	5	1169	0	1	0	-7.8906	255	1	1
1.77993	UL	177	9	0	11	2	1	0	1	231	0	1	2	-10.3566	255	0	0
1.77993	UL	177	9	0	11	2	1	0	1	231	0	1	2	-10.3566	255	0	0
1.77993	UL	177	9	0	12	1	3	0	3	1081	12	1	0	4.85046	255	0	0.0062205
1.77993	UL	177	9	0	12	1	3	0	3	1081	12	1	0	4.85046	255	0	0.0062205
1.78093	UL	178	0	0	12	1	1	0	5	114	0	1	1	-7.89031	255	0	5.55112e-17
1.78093	UL	178	0	0	12	1	1	0	5	114	0	1	1	-7.89031	255	0	5.55112e-17
1.78193	UL	178	1	0	4	9	1	0	5	1052	0	1	0	-7.85935	255	1	1
1.78293	UL	178	2	0	1	12	1	0	5	1404	0	1	1	-7.89663	255	0	0
1.78293	UL	178	2	0	1	12	1	0	5	1404	0	1	1	-7.89663	255	0	0
1.78314	DL	178	3	0	1	1	3	0	2	4030	28	1	0	26.8757	15	0	0
1.78393	UL	178	3	0	1	12	1	0	5	1404	0	1	1	-7.89894	255	0	0
1.78393	UL	178	3	0	1	12	1	0	5	1404	0	1	1	-7.89894	255	0	0
1.78493	UL	178	4	0	3	10	1	0	5	1169	0	1	1	-7.88477	255	0	0
1.78586	UL	178	5	0	11	1	3	0	2	4030	28	1	0	25.5326	255	0	0
1.78586	UL	178	5	0	11	1	3	0	2	4030	28	1	0	25.5326	255	0	0
1.78593	UL	178	5	0	12	1	3	0	3	1081	12	1	0	4.89106	255	0	0.0024674
1.78593	UL	178	5	0	12	1	3	0	3	1081	12	1	0	4.89106	255	0	0.0024674
1.78693	UL	178	6	0	4	9	1	0	5	1052	0	1	1	-7.82511	255	0	0
1.79014	DL	179	0	0	1	1	3	0	2	4030	28	1	0	27.4856	15	0	0
1.79093	UL	179	0	0	11	2	3	0	2	8060	28	1	0	25.4307	255	0	0
1.79093	UL	179	0	0	11	2	3	0	2	8060	28	1	0	25.4307	255	0	0
1.79093	UL	179	0	0	12	1	1	0	5	114	0	1	0	-7.77975	255	1	0.986795
1.79093	UL	179	0	0	12	1	1	0	5	114	0	1	0	-7.77975	255	1	0.986795
1.79193	UL	179	1	0	12	1	3	0	3	1081	12	1	0	4.82208	255	0	0.0112258
1.79193	UL	179	1	0	12	1	3	0	3	1081	12	1	0	4.82208	255	0	0.0112258
1.79293	UL	179	2	0	1	12	1	0	5	1404	0	1	0	-7.73079	255	1	1
1.79293	UL	179	2	0	1	12	1	0	5	1404	0	1	0	-7.73079	255	1	1
1.79393	UL	179	3	0	12	1	1	0	5	114	0	1	0	-7.74929	255	1	0.984088
1.79393	UL	179	3	0	12	1	1	0	5	114	0	1	0	-7.74929	255	1	0.984088
1.79593	UL	179	5	0	12	1	1	0	5	114	0	1	1	-7.77865	255	0	0
1.79593	UL	179	5	0	12	1	1	0	5	114	0	1	1	-7.77865	255	0	0
1.79614	DL	179	6	0	1	1	3	0	2	4030	28	1	0	27.5229	15	0	0
1.79793	UL	179	7	0	1	12	1	0	5	1404	0	1	1	-7.78974	255	0	0
1.79793	UL	179	7	0	1	12	1	0	5	1404	0	1	1	-7.78974	255	0	0
1.79793	UL	179	7	0	11	2	3	0	3	2163	12	1	0	4.74995	255	0	0.0632281
1.79793	UL	179	7	0	11	2	3	0	3	2163	12	1	0	4.74995	255	0	0.0632281
1.79893	UL	179	8	0	12	1	3	0	2	4030	28	1	0	25.3939	255	0	0
1.79893	UL	179	8	0	12	1	3	0	2	4030	28	1	0	25.3939	255	0	0
1.79893	UL	179	8	0	12	1	1	0	5	114	0	1	1	-7.93406	255	0	0
1.79893	UL	179	8	0	12	1	1	0	5	114	0	1	1	-7.93406	255	0	0
1.80193	UL	180	1	0	1	12	1	0	5	1404	0	1	0	-7.75395	255	1	1
1.80193	UL	180	1	0	1	12	1	0	5	1404	0	1	0	-7.75395	255	1	1
1.80293	UL	180	2	0	12	1	1	0	5	114	0	1	0	-7.79295	255	1	0.987947
1.80293	UL	180	2	0	12	1	1	0	5	114	0	1	0	-7.79295	255	1	0.987947
1.80393	UL	180	3	0	1	12	1	0	5	1404	0	1	0	-7.79738	255	1	1
1.80393	UL	180	3	0	1	12	1	0	5	1404	0	1	0	-7.79738	255	1	1
1.80393	UL	180	3	0	12	1	3	0	3	1081	12	1	0	4.80687	255	0	0.0151526
1.80393	UL	180	3	0	12	1	3	0	3	1081	12	1	0	4.80687	255	0	0.0151526
1.80414	DL	180	4	0	1	1	3	0	2	4030	28	1	0	26.8076	15	0	0
1.80486	UL	180	4	0	11	1	3	0	2	4030	28	1	0	25.3329	255	0	0
1.80486	UL	180	4	0	11	1	3	0	2	4030	28	1	0	25.3329	255	0	0
1.80493	UL	180	4	0	1	12	1	0	5	1404	0	1	0	-7.82721	255	1	1
1.80593	UL	180	5	0	12	1	1	0	5	114	0	1	0	-7.77961	255	1	0.986904
1.80693	UL	180	6	0	1	12	1	0	5	1404	0	1	1	-7.77584	255	0	0
1.80693	UL	180	6	0	1	12	1	0	5	1404	0	1	1	-7.77584	255	0	0
1.80786	UL	180	7	0	11	1	1	0	6	114	0	1	0	-17.5705	255	1	1
1.80786	UL	180	7	0	11	1	1	0	6	114	0	1	0	-17.5705	255	1	1
1.80793	UL	180	7	0	12	1	1	0	5	114	0	1	1	-7.78341	255	0	0
1.80793	UL	180	7	0	12	1	1	0	5	114	0	1	1	-7.78341	255	0	0
1.80893	UL	180	8	0	1	12	1	0	5	1404	0	1	1	-7.83062	255	0	0
1.80893	UL	180	8	0	1	12	1	0	5	1404	0	1	1	-7.83062	255	0	0
1.80914	DL	180	9	0	1	1	3	0	2	4030	28	1	0	26.797	15	0	0
1.80993	UL	180	9	0	1	12	1	0	5	1404	0	1	1	-7.81097	255	0	0
1.80993	UL	180	9	0	11	2	3	0	2	8060	28	1	0	25.3222	255	0	0
1.80993	UL	180	9	0	11	2	3	0	2	8060	28	1	0	25.3222	255	0	0
1.81093	UL	181	0	0	12	1	3	0	3	1081	12	1	0	4.6864	255	0	0.112095
1.81093	UL	181	0	0	12	1	3	0	3	1081	12	1	0	4.6864	255	0	0.112095
1.81093	UL	181	0	0	12	1	1	0	5	114	0	1	1	-7.92235	255	0	0
1.81286	UL	181	2	0	11	1	1	0	5	114	0	1	0	-7.75009	255	1	0.984283
1.81286	UL	181	2	0	11	1	1	0	5	114	0	1	0	-7.75009	255	1	0.984283
1.81293	UL	181	2	0	12	1	1	0	6	114	0	1	1	-17.6603	255	1	1
1.81293	UL	181	2	0	12	1	1	0	6	114	0	1	1	-17.6603	255	1	1
1.81393	UL	181	3	0	1	12	1	0	5	1404	0	1	0	-7.74849	255	1	1
1.81393	UL	181	3	0	1	12	1	0	5	1404	0	1	0	-7.74849	255	1	1
1.81493	UL	181	4	0	1	12	1	0	5	1404	0	1	0	-7.7803	255	1	1
1.81493	UL	181	4	0	1	12	1	0	5	1404	0	1	0	-7.7803	255	1	1
1.81514	DL	181	5	0	1	1	3	0	2	4030	28	1	0	26.7573	15	0	0
1.81593	UL	181	5	0	1	12	1	0	5	1404	0	1	0	-7.82034	255	1	1
1.81593	UL	181	5	0	1	12	1	0	5	1404	0	1	0	-7.82034	255	1	1
1.81693	UL	181	6	0	1	12	1	0	5	1404	0	1	0	-7.86358	255	1	1
1.81693	UL	181	6	0	12	1	3	0	3	964	11	1	0	4.73173	255	0	1.86863e-09
1.81693	UL	181	6	0	12	1	3	0	3	964	11	1	0	4.73173	255	0	1.86863e-09
1.81786	UL	181	7	0	11	1	1	0	6	114	0	1	2	-17.7286	255	1	1
1.81786	UL	181	7	0	11	1	1	0	6	114	0	1	2	-17.7286	255	1	1
1.81793	UL	181	7	0	12	1	3	0	2	4030	28	1	0	25.3601	255	0	0
1.81793	UL	181	7	0	12	1	3	0	2	4030	28	1	0	25.3601	255	0	0
1.81793	UL	181	7	0	12	1	1	0	5	114	0	1	1	-7.9982	255	0	0
1.81793	UL	181	7	0	12	1	1	0	5	114	0	1	1	-7.9982	255	0	0
1.81893	UL	181	8	0	1	12	1	0	5	1404	0	1	1	-7.83139	255	0	0
1.81893	UL	181	8	0	1	12	1	0	5	1404	0	1	1	-7.83139	255	0	0
1.81993	UL	181	9	0	1	12	1	0	5	1404	0	1	1	-7.85898	255	0	0
1.81993	UL	181	9	0	1	12	1	0	5	1404	0	1	1	-7.85898	255	0	0
1.82093	UL	182	0	0	1	12	1	0	5	1404	0	1	1	-7.87513	255	0	0
1.82093	UL	182	0	0	1	12	1	0	5	1404	0	1	1	-7.87513	255	0	0
1.82193	UL	182	1	0	1	12	1	0	5	1404	0	1	1	-7.86993	255	0	0
1.82279	UL	182	2	0	10	1	1	0	5	114	0	1	0	-7.88095	255	1	0.993335
1.82279	UL	182	2	0	10	1	1	0	5	114	0	1	0	-7.88095	255	1	0.993335
1.82286	UL	182	2	0	11	1	1	0	6	114	0	1	3	-17.8652	255	1	0.871408
1.82286	UL	182	2	0	11	1	1	0	6	114	0	1	3	-17.8652	255	1	0.871408
1.82293	UL	182	2	0	12	1	3	0	3	1081	12	1	0	4.78747	255	0	0.0220058
1.82293	UL	182	2	0	12	1	3	0	3	1081	12	1	0	4.78747	255	0	0.0220058
1.82314	DL	182	3	0	1	1	3	0	2	4030	28	1	0	27.431	15	0	0
1.82393	UL	182	3	0	12	1	3	0	2	4030	28	1	0	25.4246	255	0	0
1.82393	UL	182	3	0	12	1	3	0	2	4030	28	1	0	25.4246	255	0	0
1.82529	DL	182	5	0	1	3	1	0	1	348	0	1	0	-8.19679	0	1	1
1.82793	UL	182	7	0	12	1	1	0	5	114	0	1	1	-7.94403	255	0	1.11022e-16
1.82793	UL	182	7	0	12	1	1	0	5	114	0	1	1	-7.94403	255	0	1.11022e-16
1.82893	UL	182	8	0	11	2	3	0	3	2163	12	1	0	4.84187	255	0	0.0112507
1.82893	UL	182	8	0	11	2	3	0	3	2163	12	1	0	4.84187	255	0	0.0112507
1.82893	UL	182	8	0	12	1	1	0	5	114	0	1	0	-7.91782	255	1	0.99479
1.82893	UL	182	8	0	12	1	1	0	5	114	0	1	0	-7.91782	255	1	0.99479
1.82914	DL	182	9	0	1	1	3	0	2	4030	28	1	0	27.3986	15	0	0
1.82993	UL	182	9	0	11	2	3	0	2	8060	28	1	0	25.3751	255	0	0
1.82993	UL	182	9	0	11	2	3	0	2	8060	28	1	0	25.3751	255	0	0
1.83029	DL	183	0	0	1	3	1	0	1	348	0	1	1	-8.27401	0	0	0
1.83393	UL	183	3	0	12	1	1	0	5	114	0	1	1	-8.01193	255	0	6.66134e-16
1.83393	UL	183	3	0	12	1	1	0	5	114	0	1	1	-8.01193	255	0	6.66134e-16
1.83493	UL	183	4	0	1	12	1	0	5	1404	0	1	0	-8.02176	255	1	1
1.83493	UL	183	4	0	1	12	1	0	5	1404	0	1	0	-8.02176	255	1	1
1.83493	UL	183	4	0	12	1	3	0	3	1081	12	1	0	4.86326	255	0	0.00468964
1.83493	UL	183	4	0	12	1	3	0	3	1081	12	1	0	4.86326	255	0	0.00468964
1.83514	DL	183	5	0	1	1	3	0	2	4030	28	1	0	27.3661	15	0	0
1.83593	UL	183	5	0	12	1	1	0	5	114	0	1	0	-7.985	255	1	0.996744
1.83593	UL	183	5	0	12	1	1	0	5	114	0	1	0	-7.985	255	1	0.996744
1.83793	UL	183	7	0	12	1	3	0	2	4030	28	1	0	25.1221	255	0	0
1.83793	UL	183	7	0	12	1	3	0	2	4030	28	1	0	25.1221	255	0	0
1.83893	UL	183	8	0	12	1	1	0	1	114	0	1	0	-10.2882	255	1	1
1.83893	UL	183	8	0	12	1	1	0	1	114	0	1	0	-10.2882	255	1	1
1.83993	UL	183	9	0	1	12	1	0	5	1404	0	1	1	-8.08733	255	0	0
1.83993	UL	183	9	0	1	12	1	0	5	1404	0	1	1	-8.08733	255	0	0
1.84086	UL	184	0	0	11	1	1	0	5	114	0	1	1	-8.09008	255	0	8.43769e-15
1.84086	UL	184	0	0	11	1	1	0	5	114	0	1	1	-8.09008	255	0	8.43769e-15
1.84093	UL	184	0	0	12	1	3	0	3	1081	12	1	0	4.86517	255	0	0.00446184
1.84093	UL	184	0	0	12	1	3	0	3	1081	12	1	0	4.86517	255	0	0.00446184
1.84193	UL	184	1	0	1	12	1	0	5	1404	0	1	0	-8.09066	255	1	1
1.84193	UL	184	1	0	1	12	1	0	5	1404	0	1	0	-8.09066	255	1	1
1.84293	UL	184	2	0	1	12	1	0	5	1404	0	1	0	-8.11107	255	1	1
1.84293	UL	184	2	0	1	12	1	0	5	1404	0	1	0	-8.11107	255	1	1
1.84314	DL	184	3	0	1	1	3	0	2	4030	28	1	0	27.2987	15	0	0
1.84386	UL	184	3	0	11	1	1	0	5	114	0	1	0	-8.18055	255	1	0.999251
1.84386	UL	184	3	0	11	1	3	0	2	4030	28	1	0	25.1875	255	0	0
1.84386	UL	184	3	0	11	1	3	0	2	4030	28	1	0	25.1875	255	0	0
1.84393	UL	184	3	0	12	1	1	0	1	114	0	1	1	-10.328	255	1	0.612983
1.84393	UL	184	3	0	12	1	1	0	1	114	0	1	1	-10.328	255	1	0.612983
1.84593	UL	184	5	0	1	12	1	0	5	1404	0	1	0	-8.03161	255	1	1
1.84593	UL	184	5	0	1	12	1	0	5	1404	0	1	0	-8.03161	255	1	1
1.84693	UL	184	6	0	1	12	1	0	5	1404	0	1	1	-8.023	255	0	0
1.84693	UL	184	6	0	1	12	1	0	5	1404	0	1	1	-8.023	255	0	0
1.84693	UL	184	6	0	12	1	3	0	3	1081	12	1	0	4.745	255	0	0.0461874
1.84693	UL	184	6	0	12	1	3	0	3	1081	12	1	0	4.745	255	0	0.0461874
1.84793	UL	184	7	0	1	12	1	0	5	1404	0	1	1	-8.01585	255	0	0
1.84793	UL	184	7	0	1	12	1	0	5	1404	0	1	1	-8.01585	255	0	0
1.84814	DL	184	8	0	1	1	3	0	2	4030	28	1	0	27.2746	15	0	0
1.84886	UL	184	8	0	11	1	1	0	1	114	0	1	2	-10.3312	255	0	3.98576e-11
1.84886	UL	184	8	0	11	1	1	0	1	114	0	1	2	-10.3312	255	0	3.98576e-11
1.84893	UL	184	8	0	11	2	3	0	2	8060	28	1	0	25.1835	255	0	0
1.84893	UL	184	8	0	11	2	3	0	2	8060	28	1	0	25.1835	255	0	0
1.84893	UL	184	8	0	12	1	1	0	5	114	0	1	1	-8.07507	255	0	1.48381e-13
1.84993	UL	184	9	0	12	1	1	0	5	114	0	1	0	-8.01523	255	1	0.997325
1.84993	UL	184	9	0	12	1	1	0	5	114	0	1	0	-8.01523	255	1	0.997325
1.85093	UL	185	0	0	1	12	1	0	5	1404	0	1	1	-8.00335	255	0	0
1.85093	UL	185	0	0	1	12	1	0	5	1404	0	1	1	-8.00335	255	0	0
1.85293	UL	185	2	0	12	1	3	0	3	1081	12	1	0	4.68864	255	0	0.109552
1.85293	UL	185	2	0	12	1	3	0	3	1081	12	1	0	4.68864	255	0	0.109552
1.85293	UL	185	2	0	12	1	1	0	5	114	0	1	0	-8.25717	255	1	0.999603
1.85293	UL	185	2	0	12	1	1	0	5	114	0	1	0	-8.25717	255	1	0.999603
1.85386	UL	185	3	0	1	11	1	0	1	1286	0	1	0	-10.2714	255	1	1
1.85386	UL	185	3	0	1	11	1	0	1	1286	0	1	0	-10.2714	255	1	1
1.85393	UL	185	3	0	12	1	1	0	5	114	0	1	0	-8.13992	255	1	0.999003
1.85393	UL	185	3	0	12	1	1	0	5	114	0	1	0	-8.13992	255	1	0.999003
1.85414	DL	185	4	0	1	1	3	0	2	4030	28	1	0	27.1324	15	0	0
1.85486	UL	185	4	0	1	11	1	0	1	1286	0	1	0	-10.3146	255	1	1
1.85486	UL	185	4	0	1	11	1	0	1	1286	0	1	0	-10.3146	255	1	1
1.85493	UL	185	4	0	12	1	1	0	5	114	0	1	1	-8.25044	255	0	1.50824e-13
1.85493	UL	185	4	0	12	1	1	0	5	114	0	1	1	-8.25044	255	0	1.50824e-13
1.85493	UL	185	4	0	12	1	3	0	2	4030	28	1	0	25.0655	255	0	0
1.85493	UL	185	4	0	12	1	3	0	2	4030	28	1	0	25.0655	255	0	0
1.85586	UL	185	5	0	1	11	1	0	1	1286	0	1	0	-10.3105	255	1	1
1.85586	UL	185	5	0	1	11	1	0	1	1286	0	1	0	-10.3105	255	1	1
1.85593	UL	185	5	0	12	1	1	0	5	114	0	1	0	-8.15483	255	1	0.999101
1.85593	UL	185	5	0	12	1	1	0	5	114	0	1	0	-8.15483	255	1	0.999101
1.85686	UL	185	6	0	1	11	1	0	1	1286	0	1	0	-10.284	255	1	1
1.85686	UL	185	6	0	1	11	1	0	1	1286	0	1	0	-10.284	255	1	1
1.85786	UL	185	7	0	1	11	1	0	1	1286	0	1	0	-10.2797	255	1	1
1.85786	UL	185	7	0	1	11	1	0	1	1286	0	1	0	-10.2797	255	1	1
1.85793	UL	185	7	0	12	1	1	0	5	114	0	1	1	-8.17754	255	0	2.27507e-12
1.85793	UL	185	7	0	12	1	1	0	5	114	0	1	1	-8.17754	255	0	2.27507e-12
1.85814	UL	185	8	0	1	1	1	0	5	114	0	1	1	-8.18995	255	0	5.20639e-13
1.85814	UL	185	8	0	1	1	1	0	5	114	0	1	1	-8.18995	255	0	5.20639e-13
1.85893	UL	185	8	0	2	11	1	0	1	1286	0	1	1	-10.3487	255	0	0.446252
1.85893	UL	185	8	0	2	11	1	0	1	1286	0	1	1	-10.3487	255	0	0.446252
1.85893	UL	185	8	0	12	1	3	0	3	964	11	1	0	4.79608	255	0	1.55e-10
1.85893	UL	185	8	0	12	1	3	0	3	964	11	1	0	4.79608	255	0	1.55e-10
1.85914	UL	185	9	0	1	1	1	0	5	114	0	1	0	-8.25308	255	1	0.999601
1.85914	UL	185	9	0	1	1	1	0	5	114	0	1	0	-8.25308	255	1	0.999601
1.85993	UL	185	9	0	2	11	1	0	1	1286	0	1	1	-10.3476	255	1	0.517131
1.85993	UL	185	9	0	2	11	1	0	1	1286	0	1	1	-10.3476	255	1	0.517131
1.86014	DL	186	0	0	1	1	3	0	2	4030	28	1	0	26.4832	15	0	0
1.86014	UL	186	0	0	1	1	1	0	5	114	0	1	1	-8.57	255	0	1.13577e-10
1.86014	UL	186	0	0	1	1	1	0	5	114	0	1	1	-8.57	255	0	1.13577e-10
1.86093	UL	186	0	0	2	11	1	0	1	1286	0	1	1	-10.3658	255	1	0.550886
1.86093	UL	186	0	0	2	11	1	0	1	1286	0	1	1	-10.3658	255	1	0.550886
1.86114	UL	186	1	0	1	1	1	0	5	114	0	1	0	-8.31377	255	1	0.999756
1.86114	UL	186	1	0	1	1	1	0	5	114	0	1	0	-8.31377	255	1	0.999756
1.86193	UL	186	1	0	2	11	1	0	1	1286	0	1	1	-10.3805	255	1	0.51931
1.86193	UL	186	1	0	2	11	1	0	1	1286	0	1	1	-10.3805	255	1	0.51931
1.86214	UL	186	2	0	1	1	1	0	5	114	0	1	0	-8.31234	255	1	0.999755
1.86214	UL	186	2	0	1	1	1	0	5	114	0	1	0	-8.31234	255	1	0.999755
1.86293	UL	186	2	0	2	11	1	0	1	1286	0	1	1	-10.3709	255	0	0.493106
1.86293	UL	186	2	0	2	11	1	0	1	1286	0	1	1	-10.3709	255	0	0.493106
1.86293	UL	186	2	0	12	1	3	0	2	4030	28	1	0	25.1711	255	0	0
1.86293	UL	186	2	0	12	1	3	0	2	4030	28	1	0	25.1711	255	0	0
1.8635	UL	186	3	0	1	6	1	0	1	700	0	1	0	-10.4181	255	1	1
1.86393	UL	186	3	0	7	6	1	0	5	700	0	1	0	-8.30063	255	1	1
1.86393	UL	186	3	0	7	6	1	0	5	700	0	1	0	-8.30063	255	1	1
1.86486	UL	186	4	0	1	11	1	0	1	1286	0	1	2	-10.4342	255	0	0
1.86486	UL	186	4	0	1	11	1	0	1	1286	0	1	2	-10.4342	255	0	0
1.86493	UL	186	4	0	11	2	3	0	3	2163	12	1	0	4.79187	255	0	0.0301913
1.86493	UL	186	4	0	11	2	3	0	3	2163	12	1	0	4.79187	255	0	0.0301913
1.86493	UL	186	4	0	12	1	1	0	5	114	0	1	1	-8.33087	255	0	2.04853e-11
1.86493	UL	186	4	0	12	1	1	0	5	114	0	1	1	-8.33087	255	0	2.04853e-11
1.86514	UL	186	5	0	1	1	1	0	5	114	0	1	0	-8.32018	255	1	0.999771
1.86514	UL	186	5	0	1	1	1	0	5	114	0	1	0	-8.32018	255	1	0.999771
1.86593	UL	186	5	0	2	11	1	0	1	1286	0	1	2	-10.4162	255	0	0
1.86593	UL	186	5	0	2	11	1	0	1	1286	0	1	2	-10.4162	255	0	0
1.86686	UL	186	6	0	1	11	1	0	1	1286	0	1	2	-10.4128	255	0	0
1.86686	UL	186	6	0	1	11	1	0	1	1286	0	1	2	-10.4128	255	0	0
1.86693	UL	186	6	0	12	1	1	0	5	114	0	1	1	-8.31764	255	0	3.93953e-11
1.86693	UL	186	6	0	12	1	1	0	5	114	0	1	1	-8.31764	255	0	3.93953e-11
1.86793	UL	186	7	0	12	1	1	0	5	114	0	1	1	-8.27651	255	0	2.20315e-11
1.86793	UL	186	7	0	12	1	1	0	5	114	0	1	1	-8.27651	255	0	2.20315e-11
1.86814	DL	186	8	0	1	1	3	0	2	4030	28	1	0	26.5835	15	0	0
1.8685	UL	186	8	0	1	6	1	0	5	700	0	1	1	-8.31042	255	0	0
1.8685	UL	186	8	0	1	6	1	0	5	700	0	1	1	-8.31042	255	0	0
1.86893	UL	186	8	0	7	6	1	0	1	700	0	1	1	-10.4282	255	1	0.566353
1.86893	UL	186	8	0	11	2	3	0	2	8060	28	1	0	25.2402	255	0	0
1.86893	UL	186	8	0	11	2	3	0	2	8060	28	1	0	25.2402	255	0	0
1.86993	UL	186	9	0	1	12	1	0	5	1404	0	1	0	-8.22829	255	1	1
1.86993	UL	186	9	0	1	12	1	0	5	1404	0	1	0	-8.22829	255	1	1
1.87014	DL	187	0	0	1	1	1	0	1	114	0	1	0	-8.37315	0	1	0.999783
1.87093	UL	187	0	0	12	1	3	0	3	1081	12	1	0	4.72775	255	0	0.0617041
1.87093	UL	187	0	0	12	1	3	0	3	1081	12	1	0	4.72775	255	0	0.0617041
1.87093	UL	187	0	0	12	1	1	0	5	114	0	1	1	-8.37125	255	0	8.40844e-11
1.87093	UL	187	0	0	12	1	1	0	5	114	0	1	1	-8.37125	255	0	8.40844e-11
1.87193	UL	187	1	0	1	12	1	0	5	1404	0	1	0	-8.23332	255	1	1
1.87193	UL	187	1	0	1	12	1	0	5	1404	0	1	0	-8.23332	255	1	1
1.87293	UL	187	2	0	1	12	1	0	5	1404	0	1	0	-8.22236	255	1	1
1.87293	UL	187	2	0	1	12	1	0	5	1404	0	1	0	-8.22236	255	1	1
1.8735	UL	187	3	0	1	6	1	0	5	700	0	1	0	-8.24176	255	1	1
1.87393	UL	187	3	0	7	6	1	0	1	700	0	1	2	-10.3917	255	0	0
1.87414	DL	187	4	0	1	1	3	0	2	4030	28	1	0	26.5695	15	0	0
1.87493	UL	187	4	0	1	12	1	0	5	1404	0	1	1	-8.27454	255	0	0
1.87493	UL	187	4	0	1	12	1	0	5	1404	0	1	1	-8.27454	255	0	0
1.87593	UL	187	5	0	1	12	1	0	5	1404	0	1	0	-8.24291	255	1	1
1.87593	UL	187	5	0	1	12	1	0	5	1404	0	1	0	-8.24291	255	1	1
1.87614	DL	187	6	0	1	1	1	0	1	114	0	1	1	-8.3748	0	0	5.3796e-11
1.87686	UL	187	6	0	11	1	3	0	2	4030	28	1	0	25.2723	255	0	0
1.87686	UL	187	6	0	11	1	3	0	2	4030	28	1	0	25.2723	255	0	0
1.87693	UL	187	6	0	12	1	3	0	3	1081	12	1	0	4.72934	255	0	0.0602062
1.87693	UL	187	6	0	12	1	3	0	3	1081	12	1	0	4.72934	255	0	0.0602062
1.87793	UL	187	7	0	1	12	1	0	5	1404	0	1	1	-8.1975	255	0	0
1.87793	UL	187	7	0	1	12	1	0	5	1404	0	1	1	-8.1975	255	0	0
1.87821	DL	187	8	0	1	2	1	0	1	231	0	1	0	-8.32986	0	1	0.999988
1.87893	UL	187	8	0	7	6	1	0	5	700	0	1	1	-8.18394	255	0	0
1.87993	UL	187	9	0	12	1	1	0	5	114	0	1	0	-8.18057	255	1	0.999273
1.87993	UL	187	9	0	12	1	1	0	5	114	0	1	0	-8.18057	255	1	0.999273
1.88093	UL	188	0	0	1	12	1	0	5	1404	0	1	1	-8.17948	255	0	0
1.88093	UL	188	0	0	1	12	1	0	5	1404	0	1	1	-8.17948	255	0	0
1.88114	DL	188	1	0	1	1	3	0	2	4030	28	1	0	26.5721	15	0	0
1.88193	UL	188	1	0	1	12	1	0	5	1404	0	1	0	-8.22131	255	1	1
1.88286	UL	188	2	0	11	1	3	0	2	4030	28	1	0	25.2545	255	0	0
1.88286	UL	188	2	0	11	1	3	0	2	4030	28	1	0	25.2545	255	0	0
1.88293	UL	188	2	0	12	1	3	0	3	1081	12	1	0	4.6598	255	0	0.159956
1.88293	UL	188	2	0	12	1	3	0	3	1081	12	1	0	4.6598	255	0	0.159956
1.88293	UL	188	2	0	12	1	1	0	5	114	0	1	0	-8.33259	255	1	0.999785
1.88293	UL	188	2	0	12	1	1	0	5	114	0	1	0	-8.33259	255	1	0.999785
1.88321	DL	188	3	0	1	2	1	0	1	231	0	1	1	-8.38021	0	0	0
1.88393	UL	188	3	0	12	1	1	0	5	114	0	1	0	-8.20255	255	1	0.999379
1.88393	UL	188	3	0	12	1	1	0	5	114	0	1	0	-8.20255	255	1	0.999379
1.88486	UL	188	4	0	11	1	1	0	1	114	0	1	0	-10.4016	255	1	1
1.88486	UL	188	4	0	11	1	1	0	1	114	0	1	0	-10.4016	255	1	1
1.88493	UL	188	4	0	12	1	1	0	5	114	0	1	1	-8.31139	255	0	5.00111e-12
1.88493	UL	188	4	0	12	1	1	0	5	114	0	1	1	-8.31139	255	0	5.00111e-12
1.88593	UL	188	5	0	12	1	1	0	5	114	0	1	0	-8.19698	255	1	0.999357
1.88593	UL	188	5	0	12	1	1	0	5	114	0	1	0	-8.19698	255	1	0.999357
1.88693	UL	188	6	0	1	12	1	0	5	1404	0	1	1	-8.21063	255	0	0
1.88714	DL	188	7	0	1	1	3	0	2	4030	28	1	0	27.2836	15	0	0
1.88793	UL	188	7	0	11	2	3	0	2	8060	28	1	0	25.2438	255	0	0
1.88793	UL	188	7	0	11	2	3	0	2	8060	28	1	0	25.2438	255	0	0
1.88793	UL	188	7	0	12	1	1	0	5	114	0	1	1	-8.27594	255	0	2.64588e-11
1.88793	UL	188	7	0	12	1	1	0	5	114	0	1	1	-8.27594	255	0	2.64588e-11
1.88886	UL	188	8	0	11	1	3	0	3	964	11	1	0	4.65099	255	0	3.35192e-08
1.88886	UL	188	8	0	11	1	3	0	3	964	11	1	0	4.65099	255	0	3.35192e-08
1.88893	UL	188	8	0	12	1	1	0	5	114	0	1	1	-8.93369	255	0	1.59852e-08
1.88893	UL	188	8	0	12	1	1	0	5	114	0	1	1	-8.93369	255	0	1.59852e-08
1.88986	UL	188	9	0	11	1	1	0	5	114	0	1	0	-8.32142	255	0	3.38535e-12
1.88986	UL	188	9	0	11	1	1	0	5	114	0	1	0	-8.32142	255	0	3.38535e-12
1.88993	UL	188	9	0	12	1	1	0	1	114	0	1	1	-10.4354	255	0	0.72202
1.88993	UL	188	9	0	12	1	1	0	1	114	0	1	1	-10.4354	255	0	0.72202
1.89093	UL	189	0	0	12	1	1	0	5	114	0	1	1	-8.33166	255	0	8.94634e-12
1.89093	UL	189	0	0	12	1	1	0	5	114	0	1	1	-8.33166	255	0	8.94634e-12
1.89186	UL	189	1	0	1	11	1	0	5	1286	0	1	0	-8.33637	255	1	1
1.89186	UL	189	1	0	1	11	1	0	5	1286	0	1	0	-8.33637	255	1	1
1.89293	UL	189	2	0	1	12	1	0	5	1404	0	1	0	-8.31854	255	1	1
1.89293	UL	189	2	0	1	12	1	0	5	1404	0	1	0	-8.31854	255	1	1
1.89314	DL	189	3	0	1	1	3	0	2	4030	28	1	0	26.5775	15	0	0
1.89379	UL	189	3	0	10	1	3	0	2	4030	28	1	0	25.1084	255	0	0
1.89379	UL	189	3	0	10	1	3	0	2	4030	28	1	0	25.1084	255	0	0
1.89393	UL	189	3	0	1	12	1	0	5	1404	0	1	0	-8.42713	255	1	1
1.89393	UL	189	3	0	11	2	3	0	3	1928	11	1	0	4.57358	255	0	3.29895e-10
1.89393	UL	189	3	0	11	2	3	0	3	1928	11	1	0	4.57358	255	0	3.29895e-10
1.89493	UL	189	4	0	1	12	1	0	5	1404	0	1	0	-8.41445	255	1	1
1.8955	UL	189	5	0	1	6	1	0	1	700	0	1	0	-10.4859	255	1	1
1.8955	UL	189	5	0	1	6	1	0	1	700	0	1	0	-10.4859	255	1	1
1.89593	UL	189	5	0	7	6	1	0	5	700	0	1	0	-8.408	255	1	1
1.89614	UL	189	6	0	1	1	1	0	1	114	0	1	0	-10.4669	255	1	1
1.89614	UL	189	6	0	1	1	1	0	1	114	0	1	0	-10.4669	255	1	1
1.89693	UL	189	6	0	2	11	1	0	5	1286	0	1	1	-8.41764	255	0	0
1.89693	UL	189	6	0	2	11	1	0	5	1286	0	1	1	-8.41764	255	0	0
1.89793	UL	189	7	0	1	12	1	0	5	1404	0	1	1	-8.44887	255	0	0
1.89793	UL	189	7	0	1	12	1	0	5	1404	0	1	1	-8.44887	255	0	0
1.89814	DL	189	8	0	1	1	3	0	2	4030	28	1	0	26.5685	15	0	0
1.89893	UL	189	8	0	1	12	1	0	5	1404	0	1	1	-8.48869	255	0	0
1.89993	UL	189	9	0	1	12	1	0	5	1404	0	1	1	-8.54179	255	0	0
1.89993	UL	189	9	0	12	1	3	0	3	964	11	1	0	4.75317	255	0	8.16023e-10
1.89993	UL	189	9	0	12	1	3	0	3	964	11	1	0	4.75317	255	0	8.16023e-10
1.9005	UL	190	0	0	1	6	1	0	5	700	0	1	1	-8.57205	255	0	0
1.90093	UL	190	0	0	7	6	1	0	1	700	0	1	1	-10.5266	255	1	0.788862
1.90093	UL	190	0	0	7	6	1	0	1	700	0	1	1	-10.5266	255	1	0.788862
1.90186	UL	190	1	0	1	11	1	0	5	1286	0	1	0	-8.54101	255	1	1
1.90186	UL	190	1	0	1	11	1	0	5	1286	0	1	0	-8.54101	255	1	1
1.90193	UL	190	1	0	12	1	3	0	2	4030	28	1	0	25.2567	255	0	0
1.90193	UL	190	1	0	12	1	3	0	2	4030	28	1	0	25.2567	255	0	0
1.90193	UL	190	1	0	12	1	1	0	1	114	0	1	1	-10.5701	255	1	0.807484
1.90193	UL	190	1	0	12	1	1	0	1	114	0	1	1	-10.5701	255	1	0.807484
1.90286	UL	190	2	0	11	1	1	0	5	114	0	1	0	-8.56537	255	1	0.999974
1.90286	UL	190	2	0	11	1	1	0	5	114	0	1	0	-8.56537	255	1	0.999974
1.9035	UL	190	3	0	1	6	1	0	1	700	0	1	0	-10.5931	255	1	1
1.9035	UL	190	3	0	1	6	1	0	1	700	0	1	0	-10.5931	255	1	1
1.90393	UL	190	3	0	7	6	1	0	5	700	0	1	0	-8.56039	255	1	1
1.90393	UL	190	3	0	7	6	1	0	5	700	0	1	0	-8.56039	255	1	1
1.9045	UL	190	4	0	1	6	1	0	1	700	0	1	0	-10.5702	255	1	1
1.9045	UL	190	4	0	1	6	1	0	1	700	0	1	0	-10.5702	255	1	1
1.90493	UL	190	4	0	7	6	1	0	5	700	0	1	0	-8.59898	255	1	1
1.90493	UL	190	4	0	7	6	1	0	5	700	0	1	0	-8.59898	255	1	1
1.9055	UL	190	5	0	1	6	1	0	5	700	0	1	0	-8.5894	255	1	1
1.9055	UL	190	5	0	1	6	1	0	5	700	0	1	0	-8.5894	255	1	1
1.90593	UL	190	5	0	7	6	1	0	1	700	0	1	2	-10.5698	255	0	0
1.90593	UL	190	5	0	7	6	1	0	1	700	0	1	2	-10.5698	255	0	0
1.90593	UL	190	5	0	12	1	3	0	3	1081	12	1	0	4.78603	255	0	0.0222721
1.90593	UL	190	5	0	12	1	3	0	3	1081	12	1	0	4.78603	255	0	0.0222721
1.90614	UL	190	6	0	1	1	1	0	1	114	0	1	2	-10.6124	255	0	1.37169e-08
1.90614	UL	190	6	0	1	1	1	0	1	114	0	1	2	-10.6124	255	0	1.37169e-08
1.90693	UL	190	6	0	2	11	1	0	5	1286	0	1	1	-8.59348	255	0	0
1.90693	UL	190	6	0	2	11	1	0	5	1286	0	1	1	-8.59348	255	0	0
1.90714	DL	190	7	0	1	1	3	0	2	4030	28	1	0	27.113	15	0	0
1.90786	UL	190	7	0	1	11	1	0	1	1286	0	1	0	-10.6203	255	1	1
1.90786	UL	190	7	0	1	11	1	0	1	1286	0	1	0	-10.6203	255	1	1
1.90793	UL	190	7	0	11	2	3	0	2	8060	28	1	0	25.1392	255	0	0
1.90793	UL	190	7	0	11	2	3	0	2	8060	28	1	0	25.1392	255	0	0
1.90793	UL	190	7	0	12	1	1	0	5	114	0	1	1	-8.57702	255	0	2.15594e-08
1.90793	UL	190	7	0	12	1	1	0	5	114	0	1	1	-8.57702	255	0	2.15594e-08
1.9085	UL	190	8	0	1	6	1	0	5	700	0	1	1	-8.57825	255	0	0
1.9085	UL	190	8	0	1	6	1	0	5	700	0	1	1	-8.57825	255	0	0
1.90893	UL	190	8	0	7	6	1	0	1	700	0	1	1	-10.6069	255	1	0.931237
1.90893	UL	190	8	0	7	6	1	0	1	700	0	1	1	-10.6069	255	1	0.931237
1.9095	UL	190	9	0	1	6	1	0	5	700	0	1	1	-8.56439	255	0	0
1.9095	UL	190	9	0	1	6	1	0	5	700	0	1	1	-8.56439	255	0	0
1.90993	UL	190	9	0	7	6	1	0	1	700	0	1	1	-10.5783	255	1	0.904272
1.90993	UL	190	9	0	7	6	1	0	1	700	0	1	1	-10.5783	255	1	0.904272
1.9105	UL	191	0	0	1	6	1	0	1	700	0	1	0	-10.5472	255	1	1
1.9105	UL	191	0	0	1	6	1	0	1	700	0	1	0	-10.5472	255	1	1
1.91093	UL	191	0	0	7	6	1	0	5	700	0	1	1	-8.52353	255	0	0
1.91093	UL	191	0	0	7	6	1	0	5	700	0	1	1	-8.52353	255	0	0
1.91186	UL	191	1	0	1	11	1	0	1	1286	0	1	0	-10.5056	255	1	1
1.91186	UL	191	1	0	1	11	1	0	1	1286	0	1	0	-10.5056	255	1	1
1.91193	UL	191	1	0	12	1	3	0	3	1081	12	1	0	4.77653	255	0	0.0270957
1.91193	UL	191	1	0	12	1	3	0	3	1081	12	1	0	4.77653	255	0	0.0270957
1.91193	UL	191	1	0	12	1	1	0	5	114	0	1	0	-8.64658	255	1	0.999988
1.91193	UL	191	1	0	12	1	1	0	5	114	0	1	0	-8.64658	255	1	0.999988
1.91214	UL	191	2	0	1	1	1	0	5	114	0	1	0	-8.49853	255	1	0.999953
1.91214	UL	191	2	0	1	1	1	0	5	114	0	1	0	-8.49853	255	1	0.999953
1.91293	UL	191	2	0	2	11	1	0	1	1286	0	1	1	-10.5489	255	1	0.992564
1.91293	UL	191	2	0	2	11	1	0	1	1286	0	1	1	-10.5489	255	1	0.992564
1.91314	DL	191	3	0	1	1	3	0	2	4030	28	1	0	27.1634	15	0	0
1.9135	UL	191	3	0	6	1	1	0	5	114	0	1	0	-8.47532	255	1	0.999939
1.9135	UL	191	3	0	6	1	1	0	5	114	0	1	0	-8.47532	255	1	0.999939
1.91393	UL	191	3	0	7	6	1	0	1	700	0	1	2	-10.5297	255	0	0
1.91393	UL	191	3	0	7	6	1	0	1	700	0	1	2	-10.5297	255	0	0
1.9145	UL	191	4	0	6	1	1	0	5	114	0	1	0	-8.48619	255	1	0.999945
1.9145	UL	191	4	0	6	1	1	0	5	114	0	1	0	-8.48619	255	1	0.999945
1.91493	UL	191	4	0	7	6	1	0	1	700	0	1	2	-10.4878	255	0	0
1.91493	UL	191	4	0	7	6	1	0	1	700	0	1	2	-10.4878	255	0	0
1.91593	UL	191	5	0	7	6	1	0	1	700	0	1	1	-10.5247	255	1	0.848259
1.91593	UL	191	5	0	7	6	1	0	1	700	0	1	1	-10.5247	255	1	0.848259
1.91593	UL	191	5	0	12	1	3	0	2	4030	28	1	0	25.1247	255	0	0
1.91593	UL	191	5	0	12	1	3	0	2	4030	28	1	0	25.1247	255	0	0
1.91614	UL	191	6	0	1	1	1	0	5	114	0	1	1	-8.51228	255	0	2.57264e-08
1.91614	UL	191	6	0	1	1	1	0	5	114	0	1	1	-8.51228	255	0	2.57264e-08
1.91693	UL	191	6	0	2	11	1	0	1	1286	0	1	1	-10.5266	255	1	0.96679
1.91693	UL	191	6	0	2	11	1	0	1	1286	0	1	1	-10.5266	255	1	0.96679
1.91779	UL	191	7	0	1	10	1	0	1	1169	0	1	0	-10.4942	255	1	1
1.91779	UL	191	7	0	1	10	1	0	1	1169	0	1	0	-10.4942	255	1	1
1.91786	UL	191	7	0	11	1	1	0	5	114	0	1	1	-8.64427	255	0	2.11476e-08
1.91786	UL	191	7	0	11	1	1	0	5	114	0	1	1	-8.64427	255	0	2.11476e-08
1.91793	UL	191	7	0	11	2	3	0	3	2163	12	1	0	4.73774	255	0	0.0679497
1.91793	UL	191	7	0	11	2	3	0	3	2163	12	1	0	4.73774	255	0	0.0679497
1.91814	UL	191	8	0	1	1	1	0	5	114	0	1	1	-8.50294	255	0	3.10702e-09
1.91814	UL	191	8	0	1	1	1	0	5	114	0	1	1	-8.50294	255	0	3.10702e-09
1.91893	UL	191	8	0	2	11	1	0	1	1286	0	1	2	-10.4958	255	0	0
1.91893	UL	191	8	0	2	11	1	0	1	1286	0	1	2	-10.4958	255	0	0
1.91914	DL	191	9	0	1	1	1	0	1	114	0	1	0	-8.45973	0	1	0.999892
1.91986	UL	191	9	0	8	4	1	0	1	466	0	1	0	-10.5145	255	1	1
1.91993	UL	191	9	0	12	1	1	0	5	114	0	1	1	-8.48231	255	0	2.76538e-09
1.91993	UL	191	9	0	12	1	1	0	5	114	0	1	1	-8.48231	255	0	2.76538e-09
1.92043	UL	192	0	0	5	1	1	0	5	114	0	1	0	-8.51044	255	1	0.999958
1.92043	UL	192	0	0	5	1	1	0	5	114	0	1	0	-8.51044	255	1	0.999958
1.92086	UL	192	0	0	6	6	1	0	1	700	0	1	2	-10.4984	255	0	0
1.92086	UL	192	0	0	6	6	1	0	1	700	0	1	2	-10.4984	255	0	0
1.92114	DL	192	1	0	1	1	3	0	2	4030	28	1	0	26.414	15	0	0
1.92114	UL	192	1	0	1	1	1	0	5	114	0	1	0	-8.78767	255	1	0.999997
1.92114	UL	192	1	0	1	1	1	0	5	114	0	1	0	-8.78767	255	1	0.999997
1.92193	UL	192	1	0	2	11	1	0	1	1286	0	1	2	-10.4874	255	0	0
1.92193	UL	192	1	0	2	11	1	0	1	1286	0	1	2	-10.4874	255	0	0
1.92193	UL	192	1	0	12	1	3	0	2	4030	28	1	0	25.0839	255	0	0
1.92193	UL	192	1	0	12	1	3	0	2	4030	28	1	0	25.0839	255	0	0
1.92221	UL	192	2	0	1	2	1	0	5	231	0	1	0	-8.53551	255	1	1
1.92221	UL	192	2	0	1	2	1	0	5	231	0	1	0	-8.53551	255	1	1
1.92293	UL	192	2	0	3	10	1	0	1	1169	0	1	1	-10.461	255	1	0.923567
1.92293	UL	192	2	0	3	10	1	0	1	1169	0	1	1	-10.461	255	1	0.923567
1.92336	UL	192	3	0	1	4	1	0	1	466	0	1	0	-10.4359	255	1	1
1.92386	UL	192	3	0	11	1	3	0	3	1081	12	1	0	4.93917	255	0	0.000753885
1.92386	UL	192	3	0	11	1	3	0	3	1081	12	1	0	4.93917	255	0	0.000753885
1.92393	UL	192	3	0	5	8	1	0	5	935	0	1	0	-8.53357	255	1	1
1.92393	UL	192	3	0	5	8	1	0	5	935	0	1	0	-8.53357	255	1	1
1.92414	DL	192	4	0	1	1	1	0	1	114	0	1	1	-8.35832	0	0	1.14107e-10
1.92464	UL	192	4	0	4	5	1	0	5	583	0	1	0	-8.54026	255	1	1
1.92464	UL	192	4	0	4	5	1	0	5	583	0	1	0	-8.54026	255	1	1
1.92493	UL	192	4	0	9	4	1	0	1	466	0	1	1	-10.4065	255	1	0.689076
1.92514	DL	192	5	0	1	1	1	0	1	114	0	1	0	-8.36482	0	1	0.999748
1.92593	UL	192	5	0	12	1	1	0	5	114	0	1	1	-8.45447	255	0	2.86864e-09
1.92593	UL	192	5	0	12	1	1	0	5	114	0	1	1	-8.45447	255	0	2.86864e-09
1.92693	UL	192	6	0	12	1	1	0	5	114	0	1	1	-8.44206	255	0	4.87822e-08
1.92693	UL	192	6	0	12	1	1	0	5	114	0	1	1	-8.44206	255	0	4.87822e-08
1.92714	DL	192	7	0	1	1	3	0	2	4030	28	1	0	26.9978	15	0	0
1.92779	UL	192	7	0	1	10	1	0	1	1169	0	1	2	-10.3756	255	0	0
1.92779	UL	192	7	0	1	10	1	0	1	1169	0	1	2	-10.3756	255	0	0
1.92793	UL	192	7	0	11	2	1	0	5	231	0	1	1	-8.48556	255	0	0
1.92793	UL	192	7	0	11	2	1	0	5	231	0	1	1	-8.48556	255	0	0
1.92793	UL	192	7	0	12	1	3	0	2	4030	28	1	0	24.9442	255	0	0
1.92793	UL	192	7	0	12	1	3	0	2	4030	28	1	0	24.9442	255	0	0
1.92864	UL	192	8	0	1	8	1	0	5	935	0	1	1	-8.41117	255	0	0
1.92864	UL	192	8	0	1	8	1	0	5	935	0	1	1	-8.41117	255	0	0
1.92893	UL	192	8	0	9	4	1	0	1	466	0	1	1	-10.3939	255	0	0.584439
1.92893	UL	192	8	0	12	1	3	0	3	1081	12	1	0	4.87981	255	0	0.00318928
1.92893	UL	192	8	0	12	1	3	0	3	1081	12	1	0	4.87981	255	0	0.00318928
1.92914	DL	192	9	0	1	1	1	0	1	114	0	1	0	-8.35561	0	1	0.999735
1.92957	UL	192	9	0	4	4	1	0	1	466	0	1	2	-10.4024	255	0	0
1.92993	UL	192	9	0	8	5	1	0	5	583	0	1	1	-8.3828	255	0	0
1.92993	UL	192	9	0	8	5	1	0	5	583	0	1	1	-8.3828	255	0	0
1.93093	UL	193	0	0	1	12	1	0	5	1404	0	1	0	-8.37727	255	1	1
1.93093	UL	193	0	0	1	12	1	0	5	1404	0	1	0	-8.37727	255	1	1
1.93114	DL	193	1	0	1	1	1	0	1	114	0	1	1	-8.35097	0	0	2.67414e-11
1.93193	UL	193	1	0	6	7	1	0	5	817	0	1	0	-8.37488	255	1	1
1.93193	UL	193	1	0	6	7	1	0	5	817	0	1	0	-8.37488	255	1	1
1.93214	UL	193	2	0	1	1	1	0	1	114	0	1	0	-10.3553	255	1	1
1.93214	UL	193	2	0	1	1	1	0	1	114	0	1	0	-10.3553	255	1	1
1.93293	UL	193	2	0	2	11	1	0	5	1286	0	1	0	-8.36005	255	1	1
1.93314	DL	193	3	0	1	1	3	0	2	4030	28	1	0	26.3708	15	0	0
1.93393	UL	193	3	0	1	12	1	0	5	1404	0	1	0	-8.38426	255	1	1
1.93393	UL	193	3	0	12	1	3	0	2	4030	28	1	0	24.9127	255	0	0
1.93393	UL	193	3	0	12	1	3	0	2	4030	28	1	0	24.9127	255	0	0
1.9345	UL	193	4	0	1	6	1	0	1	700	0	1	0	-10.2998	255	1	1
1.9345	UL	193	4	0	1	6	1	0	1	700	0	1	0	-10.2998	255	1	1
1.93493	UL	193	4	0	7	6	1	0	5	700	0	1	0	-8.30626	255	1	1
1.93493	UL	193	4	0	7	6	1	0	5	700	0	1	0	-8.30626	255	1	1
1.93593	UL	193	5	0	1	12	1	0	5	1404	0	1	1	-8.31716	255	0	0
1.93593	UL	193	5	0	1	12	1	0	5	1404	0	1	1	-8.31716	255	0	0
1.93636	UL	193	6	0	1	4	1	0	1	466	0	1	0	-10.3367	255	1	1
1.93636	UL	193	6	0	1	4	1	0	1	466	0	1	0	-10.3367	255	1	1
1.93686	UL	193	6	0	5	7	1	0	5	817	0	1	1	-8.28788	255	0	0
1.93686	UL	193	6	0	5	7	1	0	5	817	0	1	1	-8.28788	255	0	0
1.93686	UL	193	6	0	11	1	3	0	3	1081	12	1	0	4.83271	255	0	0.00896842
1.93686	UL	193	6	0	11	1	3	0	3	1081	12	1	0	4.83271	255	0	0.00896842
1.93786	UL	193	7	0	1	11	1	0	5	1286	0	1	1	-8.28435	255	0	0
1.93793	UL	193	7	0	12	1	1	0	1	114	0	1	1	-10.3551	255	1	0.663733
1.93793	UL	193	7	0	12	1	1	0	1	114	0	1	1	-10.3551	255	1	0.663733
1.93893	UL	193	8	0	1	12	1	0	5	1404	0	1	1	-8.27097	255	0	0
1.93914	DL	193	9	0	1	1	3	0	2	4030	28	1	0	26.416	15	0	0
1.9395	UL	193	9	0	1	6	1	0	5	700	0	1	1	-8.31041	255	0	0
1.9395	UL	193	9	0	1	6	1	0	5	700	0	1	1	-8.31041	255	0	0
1.93993	UL	193	9	0	7	6	1	0	1	700	0	1	1	-10.2732	255	1	0.204801
1.93993	UL	193	9	0	7	6	1	0	1	700	0	1	1	-10.2732	255	1	0.204801
1.93993	UL	193	9	0	12	1	3	0	2	4030	28	1	0	25.1065	255	0	0
1.93993	UL	193	9	0	12	1	3	0	2	4030	28	1	0	25.1065	255	0	0
1.94014	DL	194	0	0	1	1	1	0	1	114	0	1	1	-8.22949	0	0	4.57956e-12
1.94086	UL	194	0	0	4	8	1	0	1	935	0	1	0	-10.2963	255	1	1
1.94086	UL	194	0	0	4	8	1	0	1	935	0	1	0	-10.2963	255	1	1
1.94093	UL	194	0	0	12	1	1	0	5	114	0	1	0	-8.34727	255	1	0.999813
1.94093	UL	194	0	0	12	1	1	0	5	114	0	1	0	-8.34727	255	1	0.999813
1.94164	UL	194	1	0	1	8	1	0	5	935	0	1	0	-8.35221	255	1	1
1.94164	UL	194	1	0	1	8	1	0	5	935	0	1	0	-8.35221	255	1	1
1.94193	UL	194	1	0	9	4	1	0	1	466	0	1	1	-10.2993	255	0	0.35508
1.94193	UL	194	1	0	9	4	1	0	1	466	0	1	1	-10.2993	255	0	0.35508
1.94193	UL	194	1	0	12	1	3	0	3	1081	12	1	0	4.78705	255	0	0.0219095
1.94193	UL	194	1	0	12	1	3	0	3	1081	12	1	0	4.78705	255	0	0.0219095
1.94214	DL	194	2	0	1	1	1	0	1	114	0	1	0	-8.24847	0	1	0.99937
1.94286	UL	194	2	0	3	9	1	0	5	1052	0	1	0	-8.32481	255	1	1
1.94286	UL	194	2	0	3	9	1	0	5	1052	0	1	0	-8.32481	255	1	1
1.94293	UL	194	2	0	12	1	1	0	1	114	0	1	2	-10.3289	255	0	9.95355e-11
1.94293	UL	194	2	0	12	1	1	0	1	114	0	1	2	-10.3289	255	0	9.95355e-11
1.9445	UL	194	4	0	1	6	1	0	5	700	0	1	0	-8.3092	255	1	1
1.9445	UL	194	4	0	1	6	1	0	5	700	0	1	0	-8.3092	255	1	1
1.94493	UL	194	4	0	7	6	1	0	1	700	0	1	2	-10.3122	255	0	0
1.94493	UL	194	4	0	7	6	1	0	1	700	0	1	2	-10.3122	255	0	0
1.94514	DL	194	5	0	1	1	3	0	2	4030	28	1	0	27.0639	15	0	0
1.94536	UL	194	5	0	4	1	1	0	5	114	0	1	1	-8.33182	255	0	6.96816e-11
1.94536	UL	194	5	0	4	1	1	0	5	114	0	1	1	-8.33182	255	0	6.96816e-11
1.94593	UL	194	5	0	5	8	1	0	1	935	0	1	1	-10.3188	255	0	0.553871
1.94593	UL	194	5	0	5	8	1	0	1	935	0	1	1	-10.3188	255	0	0.553871
1.94593	UL	194	5	0	12	1	3	0	2	4030	28	1	0	25.0278	255	0	0
1.94593	UL	194	5	0	12	1	3	0	2	4030	28	1	0	25.0278	255	0	0
1.94693	UL	194	6	0	5	8	1	0	5	935	0	1	1	-8.37054	255	0	0
1.94693	UL	194	6	0	5	8	1	0	5	935	0	1	1	-8.37054	255	0	0
1.94729	UL	194	7	0	1	3	1	0	1	348	0	1	0	-10.3331	255	1	1
1.94729	UL	194	7	0	1	3	1	0	1	348	0	1	0	-10.3331	255	1	1
1.94793	UL	194	7	0	4	9	1	0	5	1052	0	1	1	-8.38813	255	0	0
1.94793	UL	194	7	0	4	9	1	0	5	1052	0	1	1	-8.38813	255	0	0
1.94793	UL	194	7	0	12	1	3	0	3	1081	12	1	0	4.68607	255	0	0.110975
1.94793	UL	194	7	0	12	1	3	0	3	1081	12	1	0	4.68607	255	0	0.110975
1.94814	DL	194	8	0	1	1	1	0	1	114	0	1	1	-8.31873	0	0	3.96738e-12
1.94871	UL	194	8	0	3	7	1	0	1	817	0	1	0	-10.3707	255	1	1
1.94871	UL	194	8	0	3	7	1	0	1	817	0	1	0	-10.3707	255	1	1
1.94893	UL	194	8	0	10	3	1	0	5	348	0	1	0	-8.37097	255	1	1
1.94993	UL	194	9	0	7	6	1	0	5	700	0	1	1	-8.36512	255	0	0
1.94993	UL	194	9	0	7	6	1	0	5	700	0	1	1	-8.36512	255	0	0
1.95093	UL	195	0	0	1	12	1	0	1	1404	0	1	0	-10.3834	255	1	1
1.95093	UL	195	0	0	1	12	1	0	1	1404	0	1	0	-10.3834	255	1	1
1.95114	DL	195	1	0	1	1	3	0	2	4030	28	1	0	26.8758	15	0	0
1.95193	UL	195	1	0	1	12	1	0	1	1404	0	1	0	-10.3962	255	1	1
1.95193	UL	195	1	0	1	12	1	0	1	1404	0	1	0	-10.3962	255	1	1
1.95193	UL	195	1	0	12	1	3	0	2	4030	28	1	0	24.9339	255	0	0
1.95193	UL	195	1	0	12	1	3	0	2	4030	28	1	0	24.9339	255	0	0
1.95214	DL	195	2	0	1	1	1	0	1	114	0	1	0	-8.34361	0	1	0.99972
1.95293	UL	195	2	0	10	3	1	0	1	348	0	1	1	-10.4159	255	1	0.49209
1.95293	UL	195	2	0	10	3	1	0	1	348	0	1	1	-10.4159	255	1	0.49209
1.95343	UL	195	3	0	3	3	1	0	5	348	0	1	1	-8.41487	255	0	0
1.95393	UL	195	3	0	6	7	1	0	1	817	0	1	1	-10.4363	255	1	0.808415
1.95393	UL	195	3	0	6	7	1	0	1	817	0	1	1	-10.4363	255	1	0.808415
1.95393	UL	195	3	0	11	2	3	0	3	1928	11	1	0	4.71518	255	0	8.55982e-14
1.95393	UL	195	3	0	11	2	3	0	3	1928	11	1	0	4.71518	255	0	8.55982e-14
1.95486	UL	195	4	0	1	11	1	0	1	1286	0	1	0	-10.4641	255	1	1
1.95486	UL	195	4	0	1	11	1	0	1	1286	0	1	0	-10.4641	255	1	1
1.95493	UL	195	4	0	12	1	1	0	5	114	0	1	0	-8.3734	255	1	0.999853
1.95493	UL	195	4	0	12	1	1	0	5	114	0	1	0	-8.3734	255	1	0.999853
1.95593	UL	195	5	0	1	12	1	0	1	1404	0	1	1	-10.4593	255	0	0.826057
1.95593	UL	195	5	0	1	12	1	0	1	1404	0	1	1	-10.4593	255	0	0.826057
1.95686	UL	195	6	0	11	1	1	0	1	114	0	1	0	-10.519	255	1	1
1.95714	DL	195	7	0	1	1	3	0	2	4030	28	1	0	26.8904	15	0	0
1.95793	UL	195	7	0	1	12	1	0	1	1404	0	1	1	-10.5363	255	1	0.918537
1.95793	UL	195	7	0	1	12	1	0	1	1404	0	1	1	-10.5363	255	1	0.918537
1.95793	UL	195	7	0	12	1	3	0	2	4030	28	1	0	24.9935	255	0	0
1.95793	UL	195	7	0	12	1	3	0	2	4030	28	1	0	24.9935	255	0	0
1.95843	UL	195	8	0	1	5	1	0	5	583	0	1	0	-8.40567	255	1	1
1.95843	UL	195	8	0	1	5	1	0	5	583	0	1	0	-8.40567	255	1	1
1.95893	UL	195	8	0	6	7	1	0	1	817	0	1	2	-10.5294	255	0	0
1.95893	UL	195	8	0	6	7	1	0	1	817	0	1	2	-10.5294	255	0	0
1.95914	UL	195	9	0	1	1	1	0	5	114	0	1	1	-8.41397	255	0	3.05796e-10
1.95914	UL	195	9	0	1	1	1	0	5	114	0	1	1	-8.41397	255	0	3.05796e-10
1.95993	UL	195	9	0	2	11	1	0	1	1286	0	1	1	-10.5661	255	1	0.966357
1.95993	UL	195	9	0	2	11	1	0	1	1286	0	1	1	-10.5661	255	1	0.966357
1.95993	UL	195	9	0	12	1	3	0	3	1081	12	1	0	4.77324	255	0	0.0279331
1.95993	UL	195	9	0	12	1	3	0	3	1081	12	1	0	4.77324	255	0	0.0279331
1.96014	DL	196	0	0	1	1	1	0	1	114	0	1	1	-8.4895	0	0	1.84114e-10
1.96093	UL	196	0	0	5	8	1	0	5	935	0	1	0	-8.41128	255	1	1
1.96093	UL	196	0	0	5	8	1	0	5	935	0	1	0	-8.41128	255	1	1
1.96193	UL	196	1	0	12	1	1	0	1	114	0	1	1	-10.5198	255	1	0.812716
1.96293	UL	196	2	0	1	12	1	0	1	1404	0	1	2	-10.5352	255	0	0
1.96293	UL	196	2	0	1	12	1	0	1	1404	0	1	2	-10.5352	255	0	0
1.96314	DL	196	3	0	1	1	3	0	2	4030	28	1	0	27.0032	15	0	0
1.96393	UL	196	3	0	8	5	1	0	5	583	0	1	1	-8.43345	255	0	0
1.96393	UL	196	3	0	8	5	1	0	5	583	0	1	1	-8.43345	255	0	0
1.96393	UL	196	3	0	12	1	3	0	2	4030	28	1	0	24.8684	255	0	0
1.96393	UL	196	3	0	12	1	3	0	2	4030	28	1	0	24.8684	255	0	0
1.96414	UL	196	4	0	1	1	1	0	5	114	0	1	0	-8.43363	255	1	0.999916
1.96414	UL	196	4	0	1	1	1	0	5	114	0	1	0	-8.43363	255	1	0.999916
1.96493	UL	196	4	0	2	11	1	0	1	1286	0	1	2	-10.5367	255	0	0
1.96493	UL	196	4	0	2	11	1	0	1	1286	0	1	2	-10.5367	255	0	0
1.96593	UL	196	5	0	5	8	1	0	5	935	0	1	1	-8.39718	255	0	0
1.96593	UL	196	5	0	5	8	1	0	5	935	0	1	1	-8.39718	255	0	0
1.96686	UL	196	6	0	1	11	1	0	5	1286	0	1	0	-8.43215	255	1	1
1.96686	UL	196	6	0	1	11	1	0	5	1286	0	1	0	-8.43215	255	1	1
1.96693	UL	196	6	0	12	1	1	0	1	114	0	1	2	-10.5188	255	0	8.10911e-09
1.96693	UL	196	6	0	12	1	3	0	3	1081	12	1	0	4.65831	255	1	0.159102
1.96693	UL	196	6	0	12	1	3	0	3	1081	12	1	0	4.65831	255	1	0.159102
1.96793	UL	196	7	0	1	12	1	0	5	1404	0	1	0	-8.36989	255	1	1
1.96793	UL	196	7	0	1	12	1	0	5	1404	0	1	0	-8.36989	255	1	1
1.96886	UL	196	8	0	11	1	1	0	1	114	0	1	0	-10.5199	255	1	1
1.96886	UL	196	8	0	11	1	1	0	1	114	0	1	0	-10.5199	255	1	1
1.96893	UL	196	8	0	12	1	1	0	5	114	0	1	0	-8.93388	255	1	0.999999
1.96914	DL	196	9	0	1	1	3	0	2	4030	28	1	0	26.9274	15	0	0
1.96993	UL	196	9	0	12	1	1	0	5	114	0	1	1	-8.54168	255	0	3.00279e-09
1.96993	UL	196	9	0	12	1	1	0	5	114	0	1	1	-8.54168	255	0	3.00279e-09
1.96993	UL	196	9	0	12	1	3	0	2	4030	28	1	0	24.8122	255	0	0
1.96993	UL	196	9	0	12	1	3	0	2	4030	28	1	0	24.8122	255	0	0
1.9705	UL	197	0	0	1	6	1	0	1	700	0	1	0	-10.5177	255	0	0
1.9705	UL	197	0	0	1	6	1	0	1	700	0	1	0	-10.5177	255	0	0
1.97093	UL	197	0	0	7	6	1	0	5	700	0	1	0	-8.43672	255	1	1
1.97186	UL	197	1	0	1	11	1	0	5	1286	0	1	1	-8.45107	255	0	0
1.97186	UL	197	1	0	1	11	1	0	5	1286	0	1	1	-8.45107	255	0	0
1.97193	UL	197	1	0	12	1	3	0	3	1081	12	1	1	4.62082	255	0	0
1.97193	UL	197	1	0	12	1	3	0	3	1081	12	1	1	4.62082	255	0	0
1.97293	UL	197	2	0	1	12	1	0	5	1404	0	1	1	-8.43665	255	0	0
1.97293	UL	197	2	0	1	12	1	0	5	1404	0	1	1	-8.43665	255	0	0
1.97386	UL	197	3	0	11	1	1	0	5	114	0	1	1	-8.40932	255	0	1.62136e-07
1.97393	UL	197	3	0	12	1	1	0	1	114	0	1	1	-10.5034	255	1	0.806223
1.97393	UL	197	3	0	12	1	1	0	1	114	0	1	1	-10.5034	255	1	0.806223
1.9745	UL	197	4	0	1	6	1	0	1	700	0	1	0	-10.5168	255	1	1
1.9745	UL	197	4	0	1	6	1	0	1	700	0	1	0	-10.5168	255	1	1
1.97493	UL	197	4	0	7	6	1	0	5	700	0	1	0	-8.40179	255	1	1
1.97493	UL	197	4	0	7	6	1	0	5	700	0	1	0	-8.40179	255	1	1
1.97514	DL	197	5	0	1	1	3	0	2	4030	28	1	0	26.8636	15	0	0
1.9755	UL	197	5	0	1	6	1	0	1	700	0	1	0	-10.4967	255	1	1
1.97593	UL	197	5	0	7	6	1	0	5	700	0	1	1	-8.4471	255	0	0
1.97593	UL	197	5	0	12	1	3	0	2	4030	28	1	0	24.8079	255	0	0
1.97593	UL	197	5	0	12	1	3	0	2	4030	28	1	0	24.8079	255	0	0
1.97686	UL	197	6	0	11	1	1	0	1	114	0	1	0	-10.4717	255	1	1
1.97693	UL	197	6	0	12	1	1	0	5	114	0	1	0	-8.43376	255	1	0.999913
1.97693	UL	197	6	0	12	1	1	0	5	114	0	1	0	-8.43376	255	1	0.999913
1.97793	UL	197	7	0	10	3	3	0	3	2893	11	1	0	4.71783	255	0	9.50351e-14
1.97793	UL	197	7	0	10	3	3	0	3	2893	11	1	0	4.71783	255	0	9.50351e-14
1.97886	UL	197	8	0	1	11	1	0	5	1286	0	1	0	-8.46204	255	1	1
1.97886	UL	197	8	0	1	11	1	0	5	1286	0	1	0	-8.46204	255	1	1
1.97893	UL	197	8	0	12	1	1	0	1	114	0	1	2	-10.508	255	0	6.37268e-09
1.97893	UL	197	8	0	12	1	1	0	1	114	0	1	2	-10.508	255	0	6.37268e-09
1.9795	UL	197	9	0	1	6	1	0	5	700	0	1	1	-8.48675	255	0	0
1.9795	UL	197	9	0	1	6	1	0	5	700	0	1	1	-8.48675	255	0	0
1.97993	UL	197	9	0	7	6	1	0	1	700	0	1	1	-10.4916	255	1	0.80141
1.97993	UL	197	9	0	7	6	1	0	1	700	0	1	1	-10.4916	255	1	0.80141
1.9805	UL	198	0	0	5	2	1	0	5	231	0	1	0	-8.42668	255	1	0.999998
1.9805	UL	198	0	0	5	2	1	0	5	231	0	1	0	-8.42668	255	1	0.999998
1.98093	UL	198	0	0	7	6	1	0	1	700	0	1	1	-10.4748	255	1	0.761437
1.98114	DL	198	1	0	1	1	3	0	2	4030	28	1	0	26.9093	15	0	0
1.98186	UL	198	1	0	11	1	1	0	5	114	0	1	1	-8.50621	255	0	1.99335e-09
1.98186	UL	198	1	0	11	1	1	0	5	114	0	1	1	-8.50621	255	0	1.99335e-09
1.98193	UL	198	1	0	12	1	1	0	1	114	0	1	1	-10.4915	255	1	0.785886
1.98193	UL	198	1	0	12	1	3	0	2	4030	28	1	0	24.9109	255	0	0
1.98193	UL	198	1	0	12	1	3	0	2	4030	28	1	0	24.9109	255	0	0
1.98286	UL	198	2	0	3	9	1	0	5	1052	0	1	0	-8.50002	255	1	1
1.98286	UL	198	2	0	3	9	1	0	5	1052	0	1	0	-8.50002	255	1	1
1.98393	UL	198	3	0	2	11	1	0	5	1286	0	1	1	-8.53774	255	0	0
1.98393	UL	198	3	0	2	11	1	0	5	1286	0	1	1	-8.53774	255	0	0
1.98393	UL	198	3	0	12	1	3	0	3	1081	12	1	0	4.67678	255	0	0.126054
1.98393	UL	198	3	0	12	1	3	0	3	1081	12	1	0	4.67678	255	0	0.126054
1.9845	UL	198	4	0	6	1	1	0	5	114	0	1	0	-8.56969	255	1	0.999975
1.9845	UL	198	4	0	6	1	1	0	5	114	0	1	0	-8.56969	255	1	0.999975
1.98493	UL	198	4	0	7	6	1	0	1	700	0	1	2	-10.4412	255	0	0
1.98493	UL	198	4	0	7	6	1	0	1	700	0	1	2	-10.4412	255	0	0
1.98579	UL	198	5	0	5	6	1	0	1	700	0	1	2	-10.4316	255	0	0
1.98593	UL	198	5	0	11	2	1	0	5	231	0	1	1	-8.59747	255	0	0
1.98593	UL	198	5	0	11	2	1	0	5	231	0	1	1	-8.59747	255	0	0
1.98686	UL	198	6	0	1	11	1	0	5	1286	0	1	0	-8.61449	255	1	1
1.98686	UL	198	6	0	1	11	1	0	5	1286	0	1	0	-8.61449	255	1	1
1.98693	UL	198	6	0	12	1	1	0	1	114	0	1	2	-10.4326	255	0	2.41471e-09
1.98714	DL	198	7	0	1	1	3	0	2	4030	28	1	0	26.9181	15	0	0
1.98793	UL	198	7	0	4	9	1	0	5	1052	0	1	1	-8.5999	255	0	0
1.98793	UL	198	7	0	4	9	1	0	5	1052	0	1	1	-8.5999	255	0	0
1.98793	UL	198	7	0	12	1	3	0	2	4030	28	1	0	24.803	255	0	0
1.98793	UL	198	7	0	12	1	3	0	2	4030	28	1	0	24.803	255	0	0
1.98893	UL	198	8	0	11	2	1	0	5	231	0	1	0	-8.61531	255	1	1
1.98893	UL	198	8	0	11	2	1	0	5	231	0	1	0	-8.61531	255	1	1
1.98993	UL	198	9	0	12	1	3	0	3	964	11	1	0	4.72585	255	0	2.29405e-09
1.98993	UL	198	9	0	12	1	3	0	3	964	11	1	0	4.72585	255	0	2.29405e-09
1.98993	UL	198	9	0	12	1	1	0	5	114	0	1	1	-8.78956	255	0	1.93601e-07
1.98993	UL	198	9	0	12	1	1	0	5	114	0	1	1	-8.78956	255	0	1.93601e-07
1.99093	UL	199	0	0	11	2	1	0	5	231	0	1	0	-8.6889	255	1	1
1.99193	UL	199	1	0	2	11	1	0	5	1286	0	1	1	-8.68274	255	0	0
1.99193	UL	199	1	0	2	11	1	0	5	1286	0	1	1	-8.68274	255	0	0
1.99293	UL	199	2	0	12	1	1	0	5	114	0	1	0	-8.67276	255	1	0.99999
1.99314	DL	199	3	0	1	1	3	0	2	4030	28	1	0	26.8932	15	0	0
1.99393	UL	199	3	0	11	2	1	0	5	231	0	1	1	-8.71358	255	0	2.9976e-15
1.99393	UL	199	3	0	11	2	1	0	5	231	0	1	1	-8.71358	255	0	2.9976e-15
1.99393	UL	199	3	0	12	1	3	0	2	4030	28	1	0	24.7855	255	0	0
1.99393	UL	199	3	0	12	1	3	0	2	4030	28	1	0	24.7855	255	0	0
1.99493	UL	199	4	0	10	3	1	0	5	348	0	1	0	-8.66715	255	1	1
1.99493	UL	199	4	0	10	3	1	0	5	348	0	1	0	-8.66715	255	1	1
1.99593	UL	199	5	0	11	2	1	0	5	231	0	1	1	-8.63054	255	0	2.72005e-15
1.99693	UL	199	6	0	12	1	3	0	3	1081	12	1	0	4.75431	255	1	0.0386969
1.99693	UL	199	6	0	12	1	3	0	3	1081	12	1	0	4.75431	255	1	0.0386969
1.99786	UL	199	7	0	11	1	1	0	5	114	0	1	1	-8.64988	255	0	1.45354e-07
1.99914	DL	199	9	0	1	1	3	0	2	4030	28	1	0	26.7993	15	0	0
1.99993	UL	199	9	0	10	3	1	0	5	348	0	1	1	-8.76826	255	0	0
1.99993	UL	199	9	0	10	3	1	0	5	348	0	1	1	-8.76826	255	0	0
1.99993	UL	199	9	0	11	2	3	0	2	8060	28	1	0	24.698	255	0	0
1.99993	UL	199	9	0	11	2	3	0	2	8060	28	1	0	24.698	255	0	0
2.00086	UL	200	0	0	11	1	1	0	5	114	0	1	0	-9.83605	255	1	1
2.00086	UL	200	0	0	11	1	1	0	5	114	0	1	0	-9.83605	255	1	1
2.00193	UL	200	1	0	1	12	1	0	5	1404	0	1	0	-9.82786	255	1	1
2.00193	UL	200	1	0	1	12	1	0	5	1404	0	1	0	-9.82786	255	1	1
2.00193	UL	200	1	0	12	1	3	0	3	1081	12	1	1	4.76804	255	0	0
2.00193	UL	200	1	0	12	1	3	0	3	1081	12	1	1	4.76804	255	0	0
2.00293	UL	200	2	0	1	12	1	0	5	1404	0	1	0	-9.86594	255	1	1
2.00293	UL	200	2	0	1	12	1	0	5	1404	0	1	0	-9.86594	255	1	1
2.00393	UL	200	3	0	12	1	1	0	5	114	0	1	0	-9.95395	255	1	1
2.00514	DL	200	5	0	1	1	3	0	2	4030	28	1	0	26.7586	15	0	0
2.00593	UL	200	5	0	12	1	1	0	5	114	0	1	1	-9.89133	255	1	0.2078
2.00593	UL	200	5	0	12	1	1	0	5	114	0	1	1	-9.89133	255	1	0.2078
2.00693	UL	200	6	0	1	12	1	0	5	1404	0	1	1	-9.88199	255	0	0.000205019
2.00693	UL	200	6	0	1	12	1	0	5	1404	0	1	1	-9.88199	255	0	0.000205019
2.00771	UL	200	7	0	9	1	3	0	2	4030	28	1	0	24.7845	255	0	0
2.00771	UL	200	7	0	9	1	3	0	2	4030	28	1	0	24.7845	255	0	0
2.00786	UL	200	7	0	10	2	3	0	3	2163	12	1	0	4.81285	255	0	0.0196462
2.00786	UL	200	7	0	10	2	3	0	3	2163	12	1	0	4.81285	255	0	0.0196462
2.00793	UL	200	7	0	1	12	1	0	5	1404	0	1	1	-9.99782	255	0	0.00194565
2.00793	UL	200	7	0	1	12	1	0	5	1404	0	1	1	-9.99782	255	0	0.00194565
2.00793	UL	200	7	0	12	1	3	0	4	114	0	1	0	2.57346	255	0	0
2.00793	UL	200	7	0	12	1	3	0	4	114	0	1	0	2.57346	255	0	0
2.00893	UL	200	8	0	12	1	1	0	5	114	0	1	1	-9.93098	255	0	0.282453
2.00993	UL	200	9	0	1	12	1	0	5	1404	0	1	0	-9.92643	255	1	1
2.00993	UL	200	9	0	1	12	1	0	5	1404	0	1	0	-9.92643	255	1	1
2.01093	UL	201	0	0	12	1	1	0	5	114	0	1	2	-9.87807	255	0	2.22045e-16
2.01093	UL	201	0	0	12	1	1	0	5	114	0	1	2	-9.87807	255	0	2.22045e-16
2.01193	UL	201	1	0	12	1	1	0	5	114	0	1	0	-9.8667	255	1	1
2.01193	UL	201	1	0	12	1	1	0	5	114	0	1	0	-9.8667	255	1	1
2.01214	DL	201	2	0	1	1	3	0	2	4030	28	1	0	26.7144	15	0	0
2.01293	UL	201	2	0	11	2	3	0	3	2163	12	1	0	4.86947	255	0	0.0060001
2.01293	UL	201	2	0	11	2	3	0	3	2163	12	1	0	4.86947	255	0	0.0060001
2.01314	DL	201	3	0	1	1	3	0	4	114	0	1	0	5.10276	6	0	0
2.01393	UL	201	3	0	12	1	3	0	2	4030	28	1	0	24.7629	255	0	0
2.01393	UL	201	3	0	12	1	3	0	2	4030	28	1	0	24.7629	255	0	0
2.01493	UL	201	4	0	1	12	1	0	5	1404	0	1	1	-9.85394	255	0	0.00074045
2.01493	UL	201	4	0	1	12	1	0	5	1404	0	1	1	-9.85394	255	0	0.00074045
2.01593	UL	201	5	0	12	1	1	0	5	114	0	1	0	-9.87344	255	1	1
2.01686	UL	201	6	0	11	1	1	0	5	114	0	1	1	-9.86599	255	1	0.216466
2.01686	UL	201	6	0	11	1	1	0	5	114	0	1	1	-9.86599	255	1	0.216466
2.01793	UL	201	7	0	12	1	1	0	5	114	0	1	0	-9.86801	255	1	1
2.01793	UL	201	7	0	12	1	1	0	5	114	0	1	0	-9.86801	255	1	1
2.01893	UL	201	8	0	12	1	3	0	3	1081	12	1	0	4.90681	255	0	0.00166297
2.01893	UL	201	8	0	12	1	3	0	3	1081	12	1	0	4.90681	255	0	0.00166297
2.01914	DL	201	9	0	1	1	3	0	2	4030	28	1	0	26.7958	15	0	0
2.01993	UL	201	9	0	11	2	3	0	2	8060	28	1	0	24.7993	255	0	0
2.01993	UL	201	9	0	11	2	3	0	2	8060	28	1	0	24.7993	255	0	0
2.02093	UL	202	0	0	12	1	1	0	5	114	0	1	1	-9.89204	255	0	0.230032
2.02193	UL	202	1	0	12	1	3	0	4	641	8	1	0	2.65842	255	0	0.00572255
2.02193	UL	202	1	0	12	1	3	0	4	641	8	1	0	2.65842	255	0	0.00572255
2.02193	UL	202	1	0	12	1	1	0	5	114	0	1	2	-9.97309	255	0	9.99201e-16
2.02193	UL	202	1	0	12	1	1	0	5	114	0	1	2	-9.97309	255	0	9.99201e-16
2.02293	UL	202	2	0	12	1	1	0	5	114	0	1	1	-9.96364	255	0	0.263671
2.02293	UL	202	2	0	12	1	1	0	5	114	0	1	1	-9.96364	255	0	0.263671
2.02393	UL	202	3	0	12	1	1	0	5	114	0	1	0	-9.94914	255	1	1
2.02393	UL	202	3	0	12	1	1	0	5	114	0	1	0	-9.94914	255	1	1
2.02493	UL	202	4	0	12	1	3	0	3	1081	12	1	0	4.8462	255	0	0.00661302
2.02493	UL	202	4	0	12	1	3	0	3	1081	12	1	0	4.8462	255	0	0.00661302
2.02514	DL	202	5	0	1	1	3	0	2	4030	28	1	0	26.7896	15	0	0
2.02693	UL	202	6	0	1	12	1	0	5	1404	0	1	0	-9.98346	255	1	1
2.02693	UL	202	6	0	1	12	1	0	5	1404	0	1	0	-9.98346	255	1	1
2.02714	UL	202	7	0	1	1	3	0	2	4030	28	1	0	24.6955	255	0	0
2.02714	UL	202	7	0	1	1	3	0	2	4030	28	1	0	24.6955	255	0	0
2.02793	UL	202	7	0	1	12	1	0	5	1404	0	1	0	-10.0481	255	1	1
2.02793	UL	202	7	0	1	12	1	0	5	1404	0	1	0	-10.0481	255	1	1
2.02793	UL	202	7	0	2	11	3	0	4	7067	8	1	0	2.63237	255	0	0.0818865
2.02793	UL	202	7	0	2	11	3	0	4	7067	8	1	0	2.63237	255	0	0.0818865
2.02893	UL	202	8	0	7	6	3	0	4	3854	8	1	0	2.63456	255	0	0.0251561
2.02893	UL	202	8	0	7	6	3	0	4	3854	8	1	0	2.63456	255	0	0.0251561
2.02893	UL	202	8	0	12	1	1	0	5	114	0	1	1	-9.98	255	0	0.3139
2.02893	UL	202	8	0	12	1	1	0	5	114	0	1	1	-9.98	255	0	0.3139
2.02993	UL	202	9	0	1	12	1	0	5	1404	0	1	0	-9.96562	255	1	1
2.03093	UL	203	0	0	12	1	3	0	3	1081	12	1	0	4.92456	255	0	0.00107143
2.03093	UL	203	0	0	12	1	3	0	3	1081	12	1	0	4.92456	255	0	0.00107143
2.03093	UL	203	0	0	12	1	1	0	5	114	0	1	0	-10.0991	255	1	1
2.03193	UL	203	1	0	1	12	1	0	5	1404	0	1	1	-9.98484	255	0	0.00961071
2.03193	UL	203	1	0	1	12	1	0	5	1404	0	1	1	-9.98484	255	0	0.00961071
2.03214	DL	203	2	0	1	1	3	0	2	4030	28	1	0	26.1932	15	0	0
2.03293	UL	203	2	0	1	12	1	0	5	1404	0	1	1	-10.009	255	0	0.0245727
2.03293	UL	203	2	0	1	12	1	0	5	1404	0	1	1	-10.009	255	0	0.0245727
2.03314	DL	203	3	0	1	1	3	0	4	876	10	1	0	5.51644	6	0	3.47262e-06
2.03357	UL	203	3	0	7	1	3	0	2	4030	28	1	0	24.8322	255	0	0
2.03357	UL	203	3	0	7	1	3	0	2	4030	28	1	0	24.8322	255	0	0
2.03393	UL	203	3	0	8	5	3	0	4	3212	8	1	0	2.54651	255	0	0.0491585
2.03414	DL	203	4	0	1	1	3	0	4	876	10	1	0	5.36469	6	0	0.000144121
2.03493	UL	203	4	0	1	12	1	0	5	1404	0	1	1	-10.0148	255	0	0.0107447
2.03593	UL	203	5	0	12	1	1	0	5	114	0	1	1	-9.99279	255	1	0.401685
2.03693	UL	203	6	0	11	2	3	0	3	2163	12	1	0	4.91712	255	0	0.00191757
2.03693	UL	203	6	0	11	2	3	0	3	2163	12	1	0	4.91712	255	0	0.00191757
2.03793	UL	203	7	0	1	12	1	0	5	1404	0	1	0	-10.0396	255	1	1
2.03793	UL	203	7	0	1	12	1	0	5	1404	0	1	0	-10.0396	255	1	1
2.03814	DL	203	8	0	1	1	3	0	2	4030	28	1	0	26.1421	15	0	0
2.03893	UL	203	8	0	1	12	1	0	5	1404	0	1	0	-10.1028	255	1	1
2.03893	UL	203	8	0	1	12	1	0	5	1404	0	1	0	-10.1028	255	1	1
2.03893	UL	203	8	0	11	2	3	0	2	8060	28	1	0	24.7309	255	0	0
2.03893	UL	203	8	0	11	2	3	0	2	8060	28	1	0	24.7309	255	0	0
2.03993	UL	203	9	0	12	1	1	0	5	114	0	1	0	-10.0959	255	1	1
2.03993	UL	203	9	0	12	1	1	0	5	114	0	1	0	-10.0959	255	1	1
2.04093	UL	204	0	0	12	1	1	0	5	114	0	1	2	-10.0666	255	0	1.57818e-13
2.04193	UL	204	1	0	1	12	1	0	5	1404	0	1	0	-10.0451	255	1	1
2.04193	UL	204	1	0	12	1	3	0	4	641	8	1	0	2.30544	255	0	0.0850512
2.04193	UL	204	1	0	12	1	3	0	4	641	8	1	0	2.30544	255	0	0.0850512
2.04293	UL	204	2	0	1	12	1	0	5	1404	0	1	1	-10.0668	255	0	0.0407843
2.04293	UL	204	2	0	1	12	1	0	5	1404	0	1	1	-10.0668	255	0	0.0407843
2.04293	UL	204	2	0	12	1	3	0	3	1081	12	1	0	4.91711	255	0	0.00128453
2.04293	UL	204	2	0	12	1	3	0	3	1081	12	1	0	4.91711	255	0	0.00128453
2.04393	UL	204	3	0	1	12	1	0	5	1404	0	1	1	-10.0748	255	0	0.0722908
2.04393	UL	204	3	0	1	12	1	0	5	1404	0	1	1	-10.0748	255	0	0.0722908
2.04414	DL	204	4	0	1	1	3	0	2	4030	28	1	0	26.8692	15	0	0
2.04486	UL	204	4	0	11	1	3	0	2	4030	28	1	0	24.8423	255	0	0
2.04486	UL	204	4	0	11	1	3	0	2	4030	28	1	0	24.8423	255	0	0
2.04493	UL	204	4	0	12	1	1	0	5	114	0	1	1	-10.2539	255	1	0.550764
2.04493	UL	204	4	0	12	1	1	0	5	114	0	1	1	-10.2539	255	1	0.550764
2.04593	UL	204	5	0	12	1	1	0	5	114	0	1	0	-10.1017	255	1	1
2.04693	UL	204	6	0	1	12	1	0	5	1404	0	1	1	-10.0915	255	0	0.0535811
2.04793	UL	204	7	0	1	12	3	0	4	7709	8	1	0	2.14703	255	1	0.972143
2.04793	UL	204	7	0	1	12	3	0	4	7709	8	1	0	2.14703	255	1	0.972143
2.0485	UL	204	8	0	6	1	3	0	3	1081	12	1	0	4.9289	255	0	0.000954439
2.0485	UL	204	8	0	6	1	3	0	3	1081	12	1	0	4.9289	255	0	0.000954439
2.04886	UL	204	8	0	7	5	3	0	4	3212	8	1	0	2.11464	255	1	0.883299
2.04886	UL	204	8	0	7	5	3	0	4	3212	8	1	0	2.11464	255	1	0.883299
2.04914	DL	204	9	0	1	1	3	0	2	4030	28	1	0	26.8734	15	0	0
2.04993	UL	204	9	0	12	1	1	0	5	114	0	1	2	-10.0454	255	0	1.77602e-12
2.04993	UL	204	9	0	12	1	1	0	5	114	0	1	2	-10.0454	255	0	1.77602e-12
2.05093	UL	205	0	0	12	1	1	0	5	114	0	1	1	-10.0305	255	0	0.428822
2.05186	UL	205	1	0	11	1	1	0	5	114	0	1	0	-9.98967	255	1	1
2.05186	UL	205	1	0	11	1	1	0	5	114	0	1	0	-9.98967	255	1	1
2.05293	UL	205	2	0	1	12	3	0	4	7709	8	1	1	1.9783	255	0	0
2.05293	UL	205	2	0	1	12	3	0	4	7709	8	1	1	1.9783	255	0	0
2.05293	UL	205	2	0	1	12	1	0	5	1404	0	1	0	-10.0241	255	1	1
2.05293	UL	205	2	0	1	12	1	0	5	1404	0	1	0	-10.0241	255	1	1
2.0535	UL	205	3	0	6	1	3	0	2	4030	28	1	0	24.8862	255	0	0
2.0535	UL	205	3	0	6	1	3	0	2	4030	28	1	0	24.8862	255	0	0
2.05357	UL	205	3	0	7	1	3	0	3	1081	12	1	0	4.98913	255	0	0.000189898
2.05357	UL	205	3	0	7	1	3	0	3	1081	12	1	0	4.98913	255	0	0.000189898
2.05393	UL	205	3	0	8	5	3	0	4	3212	8	1	1	1.9627	255	0	0
2.05393	UL	205	3	0	8	5	3	0	4	3212	8	1	1	1.9627	255	0	0
2.05393	UL	205	3	0	12	1	1	0	5	114	0	1	0	-9.97571	255	1	1
2.05393	UL	205	3	0	12	1	1	0	5	114	0	1	0	-9.97571	255	1	1
2.05593	UL	205	5	0	1	12	1	0	5	1404	0	1	0	-9.98214	255	1	1
2.05593	UL	205	5	0	1	12	1	0	5	1404	0	1	0	-9.98214	255	1	1
2.05693	UL	205	6	0	12	1	1	0	5	114	0	1	1	-10.0038	255	0	0.35546
2.05693	UL	205	6	0	12	1	1	0	5	114	0	1	1	-10.0038	255	0	0.35546
2.05793	UL	205	7	0	1	12	1	0	5	1404	0	1	1	-9.99849	255	0	0.0187477
2.05793	UL	205	7	0	1	12	1	0	5	1404	0	1	1	-9.99849	255	0	0.0187477
2.05814	DL	205	8	0	1	1	3	0	4	876	10	1	0	5.14941	6	0	0.0900931
2.05821	DL	205	8	0	2	1	3	0	2	4030	28	1	0	26.8981	15	0	0
2.05886	UL	205	8	0	10	2	3	0	2	8060	28	1	0	24.9256	255	0	0
2.05886	UL	205	8	0	10	2	3	0	2	8060	28	1	0	24.9256	255	0	0
2.05893	UL	205	8	0	12	1	3	0	3	1081	12	1	0	4.94472	255	0	0.000644142
2.05893	UL	205	8	0	12	1	3	0	3	1081	12	1	0	4.94472	255	0	0.000644142
2.05893	UL	205	8	0	12	1	1	0	5	114	0	1	1	-10.1271	255	0	0.410427
2.05893	UL	205	8	0	12	1	1	0	5	114	0	1	1	-10.1271	255	0	0.410427
2.05914	DL	205	9	0	1	1	3	0	4	876	10	1	0	5.1283	5	0	0.111004
2.05993	UL	205	9	0	12	1	1	0	5	114	0	1	0	-9.98229	255	1	1
2.06093	UL	206	0	0	1	12	1	0	5	1404	0	1	1	-10.0061	255	0	0.0129687
2.06093	UL	206	0	0	1	12	1	0	5	1404	0	1	1	-10.0061	255	0	0.0129687
2.06129	DL	206	1	0	1	3	1	0	1	348	0	1	0	-8.24338	0	1	1
2.06314	DL	206	3	0	1	1	3	0	2	4030	28	1	0	26.8729	15	0	0
2.06493	UL	206	4	0	11	2	3	0	3	2163	12	1	0	4.96802	255	0	0.000516097
2.06493	UL	206	4	0	11	2	3	0	3	2163	12	1	0	4.96802	255	0	0.000516097
2.06493	UL	206	4	0	12	1	1	0	5	114	0	1	1	-9.97737	255	0	0.336579
2.06629	DL	206	6	0	1	3	1	0	1	348	0	1	1	-8.26719	0	0	0
2.06686	UL	206	6	0	11	1	3	0	2	4030	28	1	0	24.9133	255	0	0
2.06686	UL	206	6	0	11	1	3	0	2	4030	28	1	0	24.9133	255	0	0
2.06693	UL	206	6	0	12	1	3	0	4	539	7	1	0	1.67143	255	0	1.56397e-10
2.06693	UL	206	6	0	12	1	3	0	4	539	7	1	0	1.67143	255	0	1.56397e-10
2.06693	UL	206	6	0	12	1	1	0	5	114	0	1	0	-10.0246	255	1	1
2.06693	UL	206	6	0	12	1	1	0	5	114	0	1	0	-10.0246	255	1	1
2.07093	UL	207	0	0	1	12	1	0	5	1404	0	1	0	-9.97314	255	1	1
2.07093	UL	207	0	0	1	12	1	0	5	1404	0	1	0	-9.97314	255	1	1
2.07093	UL	207	0	0	12	1	3	0	3	1081	12	1	0	4.95305	255	0	0.000518815
2.07093	UL	207	0	0	12	1	3	0	3	1081	12	1	0	4.95305	255	0	0.000518815
2.07114	DL	207	1	0	1	1	3	0	2	4030	28	1	0	26.852	15	0	0
2.07193	UL	207	1	0	11	2	3	0	2	8060	28	1	0	24.7725	255	0	0
2.07193	UL	207	1	0	11	2	3	0	2	8060	28	1	0	24.7725	255	0	0
2.07193	UL	207	1	0	12	1	1	0	5	114	0	1	1	-9.91166	255	0	0.323115
2.07193	UL	207	1	0	12	1	1	0	5	114	0	1	1	-9.91166	255	0	0.323115
2.07293	UL	207	2	0	1	12	3	0	4	6483	7	1	0	1.51895	255	0	9.60106e-07
2.07293	UL	207	2	0	1	12	3	0	4	6483	7	1	0	1.51895	255	0	9.60106e-07
2.07293	UL	207	2	0	12	1	1	0	5	114	0	1	0	-9.86786	255	1	1
2.07293	UL	207	2	0	12	1	1	0	5	114	0	1	0	-9.86786	255	1	1
2.07393	UL	207	3	0	5	8	3	0	4	4323	7	1	0	1.49631	255	0	1.81795e-06
2.07393	UL	207	3	0	5	8	3	0	4	4323	7	1	0	1.49631	255	0	1.81795e-06
2.07493	UL	207	4	0	12	1	1	0	1	114	0	1	0	-10.2895	255	1	1
2.07493	UL	207	4	0	12	1	1	0	1	114	0	1	0	-10.2895	255	1	1
2.07593	UL	207	5	0	1	12	1	0	5	1404	0	1	1	-9.94785	255	0	0.00625466
2.07593	UL	207	5	0	1	12	1	0	5	1404	0	1	1	-9.94785	255	0	0.00625466
2.07693	UL	207	6	0	12	1	3	0	3	1081	12	1	0	4.78283	255	0	0.023288
2.07693	UL	207	6	0	12	1	3	0	3	1081	12	1	0	4.78283	255	0	0.023288
2.07714	DL	207	7	0	1	1	3	0	2	4030	28	1	0	26.783	15	0	0
2.07786	UL	207	7	0	11	1	1	0	5	114	0	1	1	-9.90813	255	0	0.247128
2.07786	UL	207	7	0	11	1	1	0	5	114	0	1	1	-9.90813	255	0	0.247128
2.07814	DL	207	8	0	1	1	3	0	4	641	8	1	0	4.62509	5	0	0
2.07893	UL	207	8	0	1	12	1	0	5	1404	0	1	0	-9.95499	255	1	1
2.07893	UL	207	8	0	1	12	1	0	5	1404	0	1	0	-9.95499	255	1	1
2.07893	UL	207	8	0	5	8	3	0	4	4323	7	1	0	1.38549	255	0	0.000127614
2.07914	DL	207	9	0	1	1	3	0	4	641	8	1	0	4.70671	5	0	0
2.07986	UL	207	9	0	11	1	1	0	5	114	0	1	0	-9.93278	255	1	1
2.07986	UL	207	9	0	11	1	1	0	5	114	0	1	0	-9.93278	255	1	1
2.07993	UL	207	9	0	12	1	1	0	1	114	0	1	1	-10.2811	255	0	0.592007
2.07993	UL	207	9	0	12	1	1	0	1	114	0	1	1	-10.2811	255	0	0.592007
2.07993	UL	207	9	0	12	1	3	0	2	4030	28	1	0	24.7691	255	0	0
2.07993	UL	207	9	0	12	1	3	0	2	4030	28	1	0	24.7691	255	0	0
2.08193	UL	208	1	0	1	12	1	0	5	1404	0	1	0	-9.8771	255	1	1
2.08193	UL	208	1	0	1	12	1	0	5	1404	0	1	0	-9.8771	255	1	1
2.08293	UL	208	2	0	1	12	1	0	5	1404	0	1	0	-9.87559	255	1	1
2.08293	UL	208	2	0	12	1	3	0	3	1081	12	1	0	4.82923	255	0	0.00949536
2.08293	UL	208	2	0	12	1	3	0	3	1081	12	1	0	4.82923	255	0	0.00949536
2.08393	UL	208	3	0	1	12	1	0	5	1404	0	1	1	-9.83928	255	0	0.00124291
2.08393	UL	208	3	0	1	12	1	0	5	1404	0	1	1	-9.83928	255	0	0.00124291
2.08493	UL	208	4	0	12	1	1	0	5	114	0	1	1	-9.87423	255	0	0.26482
2.08493	UL	208	4	0	12	1	1	0	5	114	0	1	1	-9.87423	255	0	0.26482
2.08514	DL	208	5	0	1	1	3	0	2	4030	28	1	0	26.6768	15	0	0
2.0855	UL	208	5	0	1	6	1	0	1	700	0	1	0	-10.3642	255	1	1
2.0855	UL	208	5	0	1	6	1	0	1	700	0	1	0	-10.3642	255	1	1
2.08593	UL	208	5	0	7	6	1	0	5	700	0	1	0	-9.91645	255	1	1
2.08593	UL	208	5	0	7	6	1	0	5	700	0	1	0	-9.91645	255	1	1
2.08593	UL	208	5	0	12	1	3	0	2	4030	28	1	0	24.6314	255	0	0
2.08593	UL	208	5	0	12	1	3	0	2	4030	28	1	0	24.6314	255	0	0
2.08693	UL	208	6	0	1	12	1	0	5	1404	0	1	1	-9.88877	255	0	0.000913795
2.08693	UL	208	6	0	1	12	1	0	5	1404	0	1	1	-9.88877	255	0	0.000913795
2.08693	UL	208	6	0	12	1	3	0	4	539	7	1	0	1.25495	255	0	0.00188157
2.08693	UL	208	6	0	12	1	3	0	4	539	7	1	0	1.25495	255	0	0.00188157
2.08793	UL	208	7	0	1	12	1	0	5	1404	0	1	1	-9.89314	255	0	0.00091012
2.08886	UL	208	8	0	1	11	1	0	1	1286	0	1	0	-10.2771	255	1	1
2.08886	UL	208	8	0	1	11	1	0	1	1286	0	1	0	-10.2771	255	1	1
2.08893	UL	208	8	0	11	2	3	0	3	2163	12	1	0	4.73693	255	0	0.0771481
2.08893	UL	208	8	0	11	2	3	0	3	2163	12	1	0	4.73693	255	0	0.0771481
2.08893	UL	208	8	0	12	1	1	0	5	114	0	1	0	-9.96052	255	1	1
2.08893	UL	208	8	0	12	1	1	0	5	114	0	1	0	-9.96052	255	1	1
2.0895	UL	208	9	0	1	6	1	0	1	700	0	1	0	-10.2458	255	1	1
2.0895	UL	208	9	0	1	6	1	0	1	700	0	1	0	-10.2458	255	1	1
2.08993	UL	208	9	0	7	6	1	0	5	700	0	1	0	-10.0251	255	1	1
2.08993	UL	208	9	0	7	6	1	0	5	700	0	1	0	-10.0251	255	1	1
2.0905	UL	209	0	0	1	6	1	0	5	700	0	1	1	-10.0804	255	0	0.00834788
2.0905	UL	209	0	0	1	6	1	0	5	700	0	1	1	-10.0804	255	0	0.00834788
2.09093	UL	209	0	0	7	6	1	0	1	700	0	1	1	-10.2493	255	0	0.248363
2.09093	UL	209	0	0	7	6	1	0	1	700	0	1	1	-10.2493	255	0	0.248363
2.09114	DL	209	1	0	1	1	3	0	2	4030	28	1	0	26.725	15	0	0
2.0915	UL	209	1	0	1	6	1	0	1	700	0	1	0	-10.2589	255	1	1
2.0915	UL	209	1	0	1	6	1	0	1	700	0	1	0	-10.2589	255	1	1
2.09193	UL	209	1	0	7	6	1	0	5	700	0	1	0	-10.1392	255	1	1
2.09193	UL	209	1	0	7	6	1	0	5	700	0	1	0	-10.1392	255	1	1
2.09193	UL	209	1	0	12	1	3	0	2	4030	28	1	0	24.7201	255	0	0
2.09193	UL	209	1	0	12	1	3	0	2	4030	28	1	0	24.7201	255	0	0
2.0925	UL	209	2	0	1	6	1	0	1	700	0	1	0	-10.1914	255	1	1
2.0925	UL	209	2	0	1	6	1	0	1	700	0	1	0	-10.1914	255	1	1
2.09293	UL	209	2	0	1	12	3	0	4	6483	7	1	0	1.11828	255	0	0.229445
2.09293	UL	209	2	0	1	12	3	0	4	6483	7	1	0	1.11828	255	0	0.229445
2.09293	UL	209	2	0	7	6	1	0	5	700	0	1	0	-10.1743	255	1	1
2.09293	UL	209	2	0	7	6	1	0	5	700	0	1	0	-10.1743	255	1	1
2.09314	UL	209	3	0	1	1	1	0	5	114	0	1	1	-10.1334	255	1	0.4163
2.09314	UL	209	3	0	1	1	1	0	5	114	0	1	1	-10.1334	255	1	0.4163
2.09393	UL	209	3	0	2	11	1	0	1	1286	0	1	1	-10.1516	255	1	0.148845
2.09393	UL	209	3	0	2	11	1	0	1	1286	0	1	1	-10.1516	255	1	0.148845
2.09393	UL	209	3	0	5	8	3	0	4	4323	7	1	0	1.13604	255	1	0.13722
2.09393	UL	209	3	0	5	8	3	0	4	4323	7	1	0	1.13604	255	1	0.13722
2.0945	UL	209	4	0	1	6	1	0	5	700	0	1	1	-10.1449	255	0	0.0438608
2.0945	UL	209	4	0	1	6	1	0	5	700	0	1	1	-10.1449	255	0	0.0438608
2.09493	UL	209	4	0	7	6	1	0	1	700	0	1	1	-10.1607	255	0	0.068409
2.09493	UL	209	4	0	7	6	1	0	1	700	0	1	1	-10.1607	255	0	0.068409
2.09493	UL	209	4	0	12	1	3	0	3	1081	12	1	0	4.7181	255	0	0.0698355
2.09493	UL	209	4	0	12	1	3	0	3	1081	12	1	0	4.7181	255	0	0.0698355
2.09593	UL	209	5	0	1	12	1	0	1	1404	0	1	0	-10.1749	255	1	1
2.09593	UL	209	5	0	1	12	1	0	1	1404	0	1	0	-10.1749	255	1	1
2.09643	UL	209	6	0	5	1	1	0	5	114	0	1	0	-10.093	255	1	1
2.09643	UL	209	6	0	5	1	1	0	5	114	0	1	0	-10.093	255	1	1
2.09686	UL	209	6	0	6	6	1	0	1	700	0	1	1	-10.1611	255	0	0.0766148
2.09686	UL	209	6	0	6	6	1	0	1	700	0	1	1	-10.1611	255	0	0.0766148
2.09714	DL	209	7	0	1	1	3	0	2	4030	28	1	0	26.7453	15	0	0
2.0975	UL	209	7	0	1	6	1	0	1	700	0	1	1	-10.1686	255	0	0.0484789
2.0975	UL	209	7	0	1	6	1	0	1	700	0	1	1	-10.1686	255	0	0.0484789
2.09793	UL	209	7	0	7	6	1	0	5	700	0	1	1	-10.1083	255	0	0.0796565
2.09793	UL	209	7	0	7	6	1	0	5	700	0	1	1	-10.1083	255	0	0.0796565
2.09793	UL	209	7	0	12	1	3	0	2	4030	28	1	0	24.7255	255	0	0
2.09793	UL	209	7	0	12	1	3	0	2	4030	28	1	0	24.7255	255	0	0
2.09814	DL	209	8	0	1	1	3	0	4	641	8	1	0	4.29048	5	0	0
2.09886	UL	209	8	0	1	11	1	0	1	1286	0	1	2	-10.1912	255	0	0
2.09886	UL	209	8	0	1	11	1	0	1	1286	0	1	2	-10.1912	255	0	0
2.09893	UL	209	8	0	5	8	3	0	4	4323	7	1	1	0.977736	255	0	0
2.09893	UL	209	8	0	5	8	3	0	4	4323	7	1	1	0.977736	255	0	0
2.09893	UL	209	8	0	12	1	1	0	5	114	0	1	2	-10.0654	255	0	2.4053e-13
2.09893	UL	209	8	0	12	1	1	0	5	114	0	1	2	-10.0654	255	0	2.4053e-13
2.09986	UL	209	9	0	1	11	1	0	1	1286	0	1	0	-10.1755	255	1	1
2.09993	UL	209	9	0	5	8	3	0	4	4323	7	1	0	0.943706	255	1	0.864065
2.09993	UL	209	9	0	12	1	1	0	5	114	0	1	0	-10.0627	255	1	1
2.09993	UL	209	9	0	12	1	1	0	5	114	0	1	0	-10.0627	255	1	1
2.10093	UL	210	0	0	1	12	1	0	1	1404	0	1	1	-10.1281	255	0	0.0554123
2.10093	UL	210	0	0	1	12	1	0	1	1404	0	1	1	-10.1281	255	0	0.0554123
2.10093	UL	210	0	0	12	1	3	0	3	1081	12	1	0	4.66598	255	0	0.144725
2.10093	UL	210	0	0	12	1	3	0	3	1081	12	1	0	4.66598	255	0	0.144725
2.10193	UL	210	1	0	12	1	1	0	5	114	0	1	1	-9.98836	255	0	0.411778
2.10193	UL	210	1	0	12	1	1	0	5	114	0	1	1	-9.98836	255	0	0.411778
2.10314	DL	210	3	0	1	1	3	0	2	4030	28	1	0	26.8895	15	0	0
2.10321	DL	210	3	0	1	2	1	0	1	231	0	1	0	-8.07361	0	1	0.999703
2.10393	UL	210	3	0	12	1	1	0	5	114	0	1	0	-10.1289	255	1	1
2.10393	UL	210	3	0	12	1	1	0	5	114	0	1	0	-10.1289	255	1	1
2.10393	UL	210	3	0	12	1	3	0	2	4030	28	1	0	24.7646	255	0	0
2.10393	UL	210	3	0	12	1	3	0	2	4030	28	1	0	24.7646	255	0	0
2.10414	DL	210	4	0	1	1	3	0	4	641	8	1	0	4.0177	5	0	0
2.10414	UL	210	4	0	1	1	1	0	5	114	0	1	1	-10.3555	255	0	0.6007
2.10414	UL	210	4	0	1	1	1	0	5	114	0	1	1	-10.3555	255	0	0.6007
2.10493	UL	210	4	0	2	11	1	0	1	1286	0	1	1	-10.0811	255	1	0.035843
2.10493	UL	210	4	0	5	8	3	0	4	4323	7	1	1	0.863297	255	0	0
2.10593	UL	210	5	0	1	12	1	0	5	1404	0	1	0	-10.0295	255	1	1
2.10593	UL	210	5	0	1	12	1	0	5	1404	0	1	0	-10.0295	255	1	1
2.10614	DL	210	6	0	1	1	1	0	1	114	0	1	0	-8.10048	0	1	0.998201
2.10686	UL	210	6	0	11	1	3	0	3	964	11	1	0	4.65432	255	0	2.91478e-08
2.10686	UL	210	6	0	11	1	3	0	3	964	11	1	0	4.65432	255	0	2.91478e-08
2.10693	UL	210	6	0	12	1	3	0	4	436	6	1	0	0.780563	255	0	4.46734e-11
2.10693	UL	210	6	0	12	1	3	0	4	436	6	1	0	0.780563	255	0	4.46734e-11
2.10693	UL	210	6	0	12	1	1	0	5	114	0	1	0	-10.0733	255	1	1
2.10693	UL	210	6	0	12	1	1	0	5	114	0	1	0	-10.0733	255	1	1
2.10793	UL	210	7	0	1	12	1	0	5	1404	0	1	0	-10.0216	255	1	1
2.10793	UL	210	7	0	1	12	1	0	5	1404	0	1	0	-10.0216	255	1	1
2.10821	DL	210	8	0	1	2	1	0	1	231	0	1	1	-8.21571	0	0	0
2.10893	UL	210	8	0	12	1	1	0	5	114	0	1	1	-10.1225	255	0	0.506471
2.10893	UL	210	8	0	12	1	1	0	5	114	0	1	1	-10.1225	255	0	0.506471
2.10914	DL	210	9	0	1	1	3	0	2	4030	28	1	0	26.1515	15	0	0
2.10914	UL	210	9	0	1	1	1	0	5	114	0	1	0	-10.4417	255	1	0.600467
2.10993	UL	210	9	0	2	11	1	0	1	1286	0	1	2	-10.2612	255	0	0
2.10993	UL	210	9	0	12	1	3	0	2	4030	28	1	0	24.8497	255	0	0
2.10993	UL	210	9	0	12	1	3	0	2	4030	28	1	0	24.8497	255	0	0
2.11093	UL	211	0	0	1	12	3	0	4	5258	6	1	0	0.739626	255	0	1.55431e-15
2.11093	UL	211	0	0	1	12	3	0	4	5258	6	1	0	0.739626	255	0	1.55431e-15
2.11093	UL	211	0	0	1	12	1	0	5	1404	0	1	1	-10.186	255	0	0.125325
2.11093	UL	211	0	0	1	12	1	0	5	1404	0	1	1	-10.186	255	0	0.125325
2.11114	DL	211	1	0	1	1	1	0	1	114	0	1	1	-8.61478	0	0	4.79369e-11
2.11121	UL	211	1	0	1	2	3	0	3	1928	11	1	0	4.50462	255	0	3.79489e-09
2.11121	UL	211	1	0	1	2	3	0	3	1928	11	1	0	4.50462	255	0	3.79489e-09
2.11193	UL	211	1	0	3	10	3	0	4	4382	6	1	0	0.757581	255	0	6.66134e-16
2.11193	UL	211	1	0	3	10	3	0	4	4382	6	1	0	0.757581	255	0	6.66134e-16
2.11193	UL	211	1	0	12	1	1	0	5	114	0	1	1	-10.0956	255	0	0.461123
2.11193	UL	211	1	0	12	1	1	0	5	114	0	1	1	-10.0956	255	0	0.461123
2.11293	UL	211	2	0	1	12	3	0	4	5258	6	1	0	0.706235	255	0	7.77156e-15
2.11293	UL	211	2	0	1	12	3	0	4	5258	6	1	0	0.706235	255	0	7.77156e-15
2.11293	UL	211	2	0	1	12	1	0	5	1404	0	1	1	-10.1442	255	1	0.0835558
2.11293	UL	211	2	0	1	12	1	0	5	1404	0	1	1	-10.1442	255	1	0.0835558
2.11393	UL	211	3	0	1	12	3	0	4	5258	6	1	0	0.728543	255	0	2.33147e-15
2.11393	UL	211	3	0	12	1	1	0	5	114	0	1	0	-10.1947	255	1	1
2.11393	UL	211	3	0	12	1	1	0	5	114	0	1	0	-10.1947	255	1	1
2.11493	UL	211	4	0	12	1	3	0	4	436	6	1	0	0.638847	255	0	4.56272e-09
2.11493	UL	211	4	0	12	1	1	0	5	114	0	1	1	-10.1711	255	1	0.595862
2.11514	DL	211	5	0	1	1	3	0	2	4030	28	1	0	26.8287	15	0	0
2.11593	UL	211	5	0	12	1	3	0	2	4030	28	1	0	24.8421	255	0	0
2.11593	UL	211	5	0	12	1	3	0	2	4030	28	1	0	24.8421	255	0	0
2.11614	UL	211	6	0	1	1	3	0	3	964	11	1	0	4.69011	255	0	8.28995e-09
2.11614	UL	211	6	0	1	1	3	0	3	964	11	1	0	4.69011	255	0	8.28995e-09
2.11686	UL	211	6	0	11	1	1	0	1	114	0	1	0	-10.3167	255	1	1
2.11686	UL	211	6	0	11	1	1	0	1	114	0	1	0	-10.3167	255	1	1
2.11693	UL	211	6	0	2	11	3	0	4	4818	6	1	0	0.66999	255	0	8.08242e-14
2.11714	DL	211	7	0	1	1	3	0	4	641	8	1	0	3.73644	5	0	5.55112e-17
2.11793	UL	211	7	0	1	12	1	0	5	1404	0	1	2	-10.1818	255	0	0
2.11793	UL	211	7	0	1	12	1	0	5	1404	0	1	2	-10.1818	255	0	0
2.11793	UL	211	7	0	12	1	3	0	4	436	6	1	0	0.569587	255	0	4.81695e-08
2.11814	DL	211	8	0	1	1	3	0	4	641	8	1	0	3.82568	5	0	0
2.11893	UL	211	8	0	12	1	1	0	5	114	0	1	1	-10.1147	255	1	0.545312
2.11893	UL	211	8	0	12	1	1	0	5	114	0	1	1	-10.1147	255	1	0.545312
2.11993	UL	211	9	0	12	1	1	0	5	114	0	1	2	-10.131	255	1	0.587143
2.12093	UL	212	0	0	12	1	1	0	5	114	0	1	0	-10.1681	255	1	1
2.12093	UL	212	0	0	12	1	1	0	5	114	0	1	0	-10.1681	255	1	1
2.12114	DL	212	1	0	1	1	3	0	2	4030	28	1	0	26.797	15	0	0
2.12193	UL	212	1	0	12	1	1	0	1	114	0	1	1	-10.2743	255	1	0.594783
2.12193	UL	212	1	0	12	1	1	0	1	114	0	1	1	-10.2743	255	1	0.594783
2.12193	UL	212	1	0	12	1	3	0	2	4030	28	1	0	24.7699	255	0	0
2.12193	UL	212	1	0	12	1	3	0	2	4030	28	1	0	24.7699	255	0	0
2.12393	UL	212	3	0	12	1	3	0	3	964	11	1	0	4.61002	255	0	1.30077e-07
2.12393	UL	212	3	0	12	1	3	0	3	964	11	1	0	4.61002	255	0	1.30077e-07
2.12393	UL	212	3	0	12	1	1	0	5	114	0	1	2	-10.2867	255	0	1.96048e-11
2.12393	UL	212	3	0	12	1	1	0	5	114	0	1	2	-10.2867	255	0	1.96048e-11
2.12493	UL	212	4	0	12	1	1	0	5	114	0	1	3	-10.2399	255	1	0.59186
2.12593	UL	212	5	0	12	1	1	0	5	114	0	1	1	-10.1297	255	0	0.537503
2.12593	UL	212	5	0	12	1	1	0	5	114	0	1	1	-10.1297	255	0	0.537503
2.12686	UL	212	6	0	1	11	1	0	5	1286	0	1	0	-10.1481	255	1	1
2.12686	UL	212	6	0	1	11	1	0	5	1286	0	1	0	-10.1481	255	1	1
2.12693	UL	212	6	0	12	1	1	0	1	114	0	1	2	-10.3088	255	0	2.33338e-11
2.12693	UL	212	6	0	12	1	1	0	1	114	0	1	2	-10.3088	255	0	2.33338e-11
2.12714	DL	212	7	0	1	1	3	0	2	4030	28	1	0	26.6627	15	0	0
2.12793	UL	212	7	0	11	2	1	0	5	231	0	1	0	-10.2314	255	1	1
2.12793	UL	212	7	0	11	2	1	0	5	231	0	1	0	-10.2314	255	1	1
2.12793	UL	212	7	0	12	1	3	0	2	4030	28	1	0	24.5312	255	0	0
2.12793	UL	212	7	0	12	1	3	0	2	4030	28	1	0	24.5312	255	0	0
2.12993	UL	212	9	0	1	12	1	0	5	1404	0	1	0	-10.2013	255	1	1
2.12993	UL	212	9	0	1	12	1	0	5	1404	0	1	0	-10.2013	255	1	1
2.12993	UL	212	9	0	12	1	3	0	3	964	11	1	0	4.45267	255	0	1.45071e-05
2.12993	UL	212	9	0	12	1	3	0	3	964	11	1	0	4.45267	255	0	1.45071e-05
2.13093	UL	213	0	0	1	12	1	0	5	1404	0	1	0	-10.1915	255	1	1
2.13093	UL	213	0	0	1	12	1	0	5	1404	0	1	0	-10.1915	255	1	1
2.13186	UL	213	1	0	1	11	1	0	5	1286	0	1	1	-10.1866	255	1	0.272127
2.13186	UL	213	1	0	1	11	1	0	5	1286	0	1	1	-10.1866	255	1	0.272127
2.13279	UL	213	2	0	1	10	1	0	1	1169	0	1	0	-10.252	255	1	1
2.13279	UL	213	2	0	1	10	1	0	1	1169	0	1	0	-10.252	255	1	1
2.13293	UL	213	2	0	11	2	1	0	5	231	0	1	1	-10.2162	255	1	0.4972
2.13293	UL	213	2	0	11	2	1	0	5	231	0	1	1	-10.2162	255	1	0.4972
2.13314	DL	213	3	0	1	1	3	0	2	4030	28	1	0	26.5742	15	0	0
2.1335	UL	213	3	0	1	6	1	0	1	700	0	1	0	-10.2801	255	1	1
2.1335	UL	213	3	0	1	6	1	0	1	700	0	1	0	-10.2801	255	1	1
2.13393	UL	213	3	0	7	6	1	0	5	700	0	1	0	-10.2167	255	1	1
2.13393	UL	213	3	0	12	1	3	0	2	4030	28	1	0	24.5469	255	0	0
2.13393	UL	213	3	0	12	1	3	0	2	4030	28	1	0	24.5469	255	0	0
2.13493	UL	213	4	0	1	12	1	0	5	1404	0	1	1	-10.2081	255	1	0.400107
2.13493	UL	213	4	0	1	12	1	0	5	1404	0	1	1	-10.2081	255	1	0.400107
2.13593	UL	213	5	0	1	12	1	0	5	1404	0	1	1	-10.2459	255	0	0.445422
2.13593	UL	213	5	0	1	12	1	0	5	1404	0	1	1	-10.2459	255	0	0.445422
2.13593	UL	213	5	0	11	2	3	0	3	1928	11	1	0	4.54669	255	0	5.50534e-10
2.13593	UL	213	5	0	11	2	3	0	3	1928	11	1	0	4.54669	255	0	5.50534e-10
2.13614	UL	213	6	0	1	1	1	0	1	114	0	1	0	-10.2273	255	1	1
2.13614	UL	213	6	0	1	1	1	0	1	114	0	1	0	-10.2273	255	1	1
2.13693	UL	213	6	0	2	11	1	0	5	1286	0	1	2	-10.169	255	0	0
2.13693	UL	213	6	0	2	11	1	0	5	1286	0	1	2	-10.169	255	0	0
2.13721	UL	213	7	0	1	2	1	0	5	231	0	1	2	-10.1899	255	0	0
2.13721	UL	213	7	0	1	2	1	0	5	231	0	1	2	-10.1899	255	0	0
2.13793	UL	213	7	0	3	10	1	0	1	1169	0	1	1	-10.1859	255	0	0.153308
2.13793	UL	213	7	0	3	10	1	0	1	1169	0	1	1	-10.1859	255	0	0.153308
2.1385	UL	213	8	0	1	6	1	0	5	700	0	1	1	-10.219	255	0	0.252089
2.13893	UL	213	8	0	7	6	1	0	1	700	0	1	1	-10.166	255	0	0.0866403
2.13893	UL	213	8	0	7	6	1	0	1	700	0	1	1	-10.166	255	0	0.0866403
2.13914	DL	213	9	0	1	1	3	0	2	4030	28	1	0	26.0084	15	0	0
2.13993	UL	213	9	0	1	12	1	0	5	1404	0	1	2	-10.2561	255	0	0
2.13993	UL	213	9	0	1	12	1	0	5	1404	0	1	2	-10.2561	255	0	0
2.13993	UL	213	9	0	12	1	3	0	2	4030	28	1	0	24.5664	255	0	0
2.13993	UL	213	9	0	12	1	3	0	2	4030	28	1	0	24.5664	255	0	0
2.1405	UL	214	0	0	1	6	1	0	1	700	0	1	0	-10.1684	255	1	1
2.1405	UL	214	0	0	1	6	1	0	1	700	0	1	0	-10.1684	255	1	1
2.14093	UL	214	0	0	7	6	1	0	5	700	0	1	0	-10.2329	255	1	1
2.14093	UL	214	0	0	7	6	1	0	5	700	0	1	0	-10.2329	255	1	1
2.14186	UL	214	1	0	11	1	1	0	5	114	0	1	0	-10.2585	255	1	1
2.14186	UL	214	1	0	11	1	1	0	5	114	0	1	0	-10.2585	255	1	1
2.14193	UL	214	1	0	12	1	3	0	3	964	11	1	0	4.45971	255	0	1.18784e-05
2.14193	UL	214	1	0	12	1	3	0	3	964	11	1	0	4.45971	255	0	1.18784e-05
2.14193	UL	214	1	0	12	1	1	0	1	114	0	1	1	-10.1416	255	1	0.466322
2.14193	UL	214	1	0	12	1	1	0	1	114	0	1	1	-10.1416	255	1	0.466322
2.14286	UL	214	2	0	1	11	1	0	5	1286	0	1	0	-10.2333	255	1	1
2.14286	UL	214	2	0	1	11	1	0	5	1286	0	1	0	-10.2333	255	1	1
2.1435	UL	214	3	0	1	6	1	0	1	700	0	1	0	-10.0905	255	1	1
2.1435	UL	214	3	0	1	6	1	0	1	700	0	1	0	-10.0905	255	1	1
2.14393	UL	214	3	0	7	6	1	0	5	700	0	1	0	-10.2359	255	1	1
2.14393	UL	214	3	0	7	6	1	0	5	700	0	1	0	-10.2359	255	1	1
2.1445	UL	214	4	0	1	6	1	0	1	700	0	1	0	-10.1043	255	1	1
2.1445	UL	214	4	0	1	6	1	0	1	700	0	1	0	-10.1043	255	1	1
2.14493	UL	214	4	0	7	6	1	0	5	700	0	1	0	-10.2604	255	1	1
2.14493	UL	214	4	0	7	6	1	0	5	700	0	1	0	-10.2604	255	1	1
2.14514	DL	214	5	0	1	1	3	0	2	4030	28	1	0	26.0021	15	0	0
2.1455	UL	214	5	0	1	6	1	0	5	700	0	1	1	-10.2895	255	0	0.361634
2.1455	UL	214	5	0	1	6	1	0	5	700	0	1	1	-10.2895	255	0	0.361634
2.14593	UL	214	5	0	7	6	1	0	1	700	0	1	1	-10.1158	255	0	0.0220303
2.14593	UL	214	5	0	7	6	1	0	1	700	0	1	1	-10.1158	255	0	0.0220303
2.14593	UL	214	5	0	12	1	3	0	2	4030	28	1	0	24.6814	255	0	0
2.14593	UL	214	5	0	12	1	3	0	2	4030	28	1	0	24.6814	255	0	0
2.14614	DL	214	6	0	1	1	1	0	1	114	0	1	0	-8.14611	0	1	0.9987
2.14686	UL	214	6	0	11	1	1	0	1	114	0	1	2	-10.1328	255	0	4.14446e-13
2.14686	UL	214	6	0	11	1	1	0	1	114	0	1	2	-10.1328	255	0	4.14446e-13
2.14693	UL	214	6	0	12	1	1	0	5	114	0	1	1	-10.1856	255	0	0.619651
2.14693	UL	214	6	0	12	1	1	0	5	114	0	1	1	-10.1856	255	0	0.619651
2.14714	UL	214	7	0	1	1	1	0	1	114	0	1	0	-10.1424	255	1	1
2.14714	UL	214	7	0	1	1	1	0	1	114	0	1	0	-10.1424	255	1	1
2.14793	UL	214	7	0	2	11	1	0	5	1286	0	1	1	-10.2153	255	0	0.465553
2.14793	UL	214	7	0	2	11	1	0	5	1286	0	1	1	-10.2153	255	0	0.465553
2.14793	UL	214	7	0	11	2	3	0	3	1928	11	1	0	4.42332	255	0	1.27415e-07
2.14793	UL	214	7	0	11	2	3	0	3	1928	11	1	0	4.42332	255	0	1.27415e-07
2.1485	UL	214	8	0	1	6	1	0	5	700	0	1	1	-10.1165	255	0	0.164784
2.1485	UL	214	8	0	1	6	1	0	5	700	0	1	1	-10.1165	255	0	0.164784
2.14893	UL	214	8	0	7	6	1	0	1	700	0	1	1	-10.1102	255	0	0.00963699
2.14893	UL	214	8	0	7	6	1	0	1	700	0	1	1	-10.1102	255	0	0.00963699
2.1495	UL	214	9	0	1	6	1	0	5	700	0	1	1	-10.1199	255	0	0.190626
2.1495	UL	214	9	0	1	6	1	0	5	700	0	1	1	-10.1199	255	0	0.190626
2.14993	UL	214	9	0	7	6	1	0	1	700	0	1	1	-10.0951	255	0	0.00918768
2.14993	UL	214	9	0	7	6	1	0	1	700	0	1	1	-10.0951	255	0	0.00918768
2.15086	UL	215	0	0	1	11	1	0	1	1286	0	1	0	-10.0771	255	1	1
2.15086	UL	215	0	0	1	11	1	0	1	1286	0	1	0	-10.0771	255	1	1
2.15093	UL	215	0	0	12	1	1	0	5	114	0	1	0	-10.1033	255	1	1
2.15093	UL	215	0	0	12	1	1	0	5	114	0	1	0	-10.1033	255	1	1
2.15114	DL	215	1	0	1	1	1	0	1	114	0	1	1	-8.1761	0	0	1.3034e-13
2.15114	DL	215	1	0	1	1	3	0	2	4030	28	1	0	26.6129	15	0	0
2.15193	UL	215	1	0	10	3	1	0	1	348	0	1	0	-10.0971	255	1	1
2.15193	UL	215	1	0	12	1	3	0	2	4030	28	1	0	24.622	255	0	0
2.15193	UL	215	1	0	12	1	3	0	2	4030	28	1	0	24.622	255	0	0
2.15286	UL	215	2	0	11	1	1	0	5	114	0	1	0	-10.1334	255	1	1
2.15286	UL	215	2	0	11	1	1	0	5	114	0	1	0	-10.1334	255	1	1
2.15293	UL	215	2	0	12	1	1	0	1	114	0	1	1	-10.0827	255	0	0.3836
2.15293	UL	215	2	0	12	1	1	0	1	114	0	1	1	-10.0827	255	0	0.3836
2.15393	UL	215	3	0	12	1	3	0	3	964	11	1	0	4.48488	255	0	6.05158e-06
2.15393	UL	215	3	0	12	1	3	0	3	964	11	1	0	4.48488	255	0	6.05158e-06
2.15393	UL	215	3	0	12	1	1	0	5	114	0	1	0	-10.2424	255	1	1
2.15393	UL	215	3	0	12	1	1	0	5	114	0	1	0	-10.2424	255	1	1
2.15414	DL	215	4	0	1	1	1	0	1	114	0	1	0	-8.10935	0	1	0.998263
2.15486	UL	215	4	0	10	2	1	0	1	231	0	1	0	-10.0559	255	1	1
2.15486	UL	215	4	0	10	2	1	0	1	231	0	1	0	-10.0559	255	1	1
2.15493	UL	215	4	0	12	1	1	0	5	114	0	1	0	-10.0871	255	1	1
2.15493	UL	215	4	0	12	1	1	0	5	114	0	1	0	-10.0871	255	1	1
2.15514	UL	215	5	0	1	1	1	0	5	114	0	1	1	-10.0644	255	1	0.466173
2.15514	UL	215	5	0	1	1	1	0	5	114	0	1	1	-10.0644	255	1	0.466173
2.15593	UL	215	5	0	2	11	1	0	1	1286	0	1	1	-10.0391	255	0	0.00723018
2.15593	UL	215	5	0	2	11	1	0	1	1286	0	1	1	-10.0391	255	0	0.00723018
2.15693	UL	215	6	0	10	3	1	0	1	348	0	1	1	-10.021	255	0	0.016925
2.15714	DL	215	7	0	1	1	3	0	2	4030	28	1	0	26.6557	15	0	0
2.15779	UL	215	7	0	9	2	1	0	1	231	0	1	0	-10.0094	255	1	1
2.15779	UL	215	7	0	9	2	1	0	1	231	0	1	0	-10.0094	255	1	1
2.15786	UL	215	7	0	11	1	1	0	5	114	0	1	1	-10.06	255	0	0.482006
2.15786	UL	215	7	0	11	1	1	0	5	114	0	1	1	-10.06	255	0	0.482006
2.15793	UL	215	7	0	12	1	3	0	2	4030	28	1	0	24.4852	255	0	0
2.15793	UL	215	7	0	12	1	3	0	2	4030	28	1	0	24.4852	255	0	0
2.15893	UL	215	8	0	12	1	1	0	5	114	0	1	1	-10.0732	255	0	0.549744
2.15893	UL	215	8	0	12	1	1	0	5	114	0	1	1	-10.0732	255	0	0.549744
2.15914	DL	215	9	0	1	1	1	0	1	114	0	1	1	-8.02243	0	0	4.94049e-15
2.15979	UL	215	9	0	10	1	1	0	5	114	0	1	1	-10.0701	255	0	0.461684
2.15979	UL	215	9	0	10	1	1	0	5	114	0	1	1	-10.0701	255	0	0.461684
2.15993	UL	215	9	0	11	2	1	0	1	231	0	1	1	-9.96239	255	0	0.0931527
2.15993	UL	215	9	0	11	2	1	0	1	231	0	1	1	-9.96239	255	0	0.0931527
2.16079	UL	216	0	0	10	1	1	0	1	114	0	1	0	-9.95168	255	1	1
2.16079	UL	216	0	0	10	1	1	0	1	114	0	1	0	-9.95168	255	1	1
2.16086	UL	216	0	0	11	1	1	0	5	114	0	1	2	-10.0597	255	0	5.8703e-13
2.16086	UL	216	0	0	11	1	1	0	5	114	0	1	2	-10.0597	255	0	5.8703e-13
2.16093	UL	216	0	0	12	1	3	0	3	964	11	1	0	4.52401	255	0	1.8953e-06
2.16093	UL	216	0	0	12	1	3	0	3	964	11	1	0	4.52401	255	0	1.8953e-06
2.16193	UL	216	1	0	1	12	1	0	1	1404	0	1	0	-9.93991	255	1	1
2.16193	UL	216	1	0	1	12	1	0	1	1404	0	1	0	-9.93991	255	1	1
2.16279	UL	216	2	0	1	10	1	0	5	1169	0	1	0	-10.0831	255	1	1
2.16279	UL	216	2	0	1	10	1	0	5	1169	0	1	0	-10.0831	255	1	1
2.16293	UL	216	2	0	11	2	1	0	1	231	0	1	1	-9.9304	255	0	0.0672884
2.16293	UL	216	2	0	11	2	1	0	1	231	0	1	1	-9.9304	255	0	0.0672884
2.16314	DL	216	3	0	1	1	3	0	2	4030	28	1	0	26.6094	15	0	0
2.16371	UL	216	3	0	1	9	1	0	1	1052	0	1	0	-9.944	255	1	1
2.16371	UL	216	3	0	1	9	1	0	1	1052	0	1	0	-9.944	255	1	1
2.16386	UL	216	3	0	10	2	3	0	2	8060	28	1	0	24.6151	255	0	0
2.16386	UL	216	3	0	10	2	3	0	2	8060	28	1	0	24.6151	255	0	0
2.16393	UL	216	3	0	10	3	1	0	5	348	0	1	0	-10.178	255	1	1
2.16393	UL	216	3	0	10	3	1	0	5	348	0	1	0	-10.178	255	1	1
2.16436	UL	216	4	0	1	4	1	0	1	466	0	1	0	-9.9216	255	1	1
2.16436	UL	216	4	0	1	4	1	0	1	466	0	1	0	-9.9216	255	1	1
2.16493	UL	216	4	0	5	8	1	0	5	935	0	1	0	-10.105	255	1	1
2.16493	UL	216	4	0	5	8	1	0	5	935	0	1	0	-10.105	255	1	1
2.16586	UL	216	5	0	1	11	1	0	5	1286	0	1	0	-10.1542	255	1	1
2.16586	UL	216	5	0	1	11	1	0	5	1286	0	1	0	-10.1542	255	1	1
2.16593	UL	216	5	0	12	1	1	0	1	114	0	1	1	-9.95848	255	0	0.220615
2.16593	UL	216	5	0	12	1	1	0	1	114	0	1	1	-9.95848	255	0	0.220615
2.16693	UL	216	6	0	1	12	1	0	1	1404	0	1	1	-9.97113	255	0	0.000392107
2.16693	UL	216	6	0	1	12	1	0	1	1404	0	1	1	-9.97113	255	0	0.000392107
2.16693	UL	216	6	0	12	1	3	0	3	964	11	1	0	4.43038	255	0	2.64573e-05
2.16693	UL	216	6	0	12	1	3	0	3	964	11	1	0	4.43038	255	0	2.64573e-05
2.16714	DL	216	7	0	1	1	1	0	1	114	0	1	0	-8.0052	0	1	0.996034
2.16721	UL	216	7	0	2	1	1	0	1	114	0	1	0	-9.95519	255	1	1
2.16793	UL	216	7	0	3	10	1	0	5	1169	0	1	1	-10.2644	255	0	0.309361
2.16793	UL	216	7	0	3	10	1	0	5	1169	0	1	1	-10.2644	255	0	0.309361
2.16814	DL	216	8	0	1	1	3	0	2	4030	28	1	0	25.9965	15	0	0
2.16829	UL	216	8	0	1	3	1	0	5	348	0	1	1	-10.3362	255	0	0.413332
2.16829	UL	216	8	0	1	3	1	0	5	348	0	1	1	-10.3362	255	0	0.413332
2.16893	UL	216	8	0	4	9	1	0	1	1052	0	1	1	-9.96902	255	0	0.000416232
2.16893	UL	216	8	0	4	9	1	0	1	1052	0	1	1	-9.96902	255	0	0.000416232
2.16964	UL	216	9	0	1	8	1	0	5	935	0	1	1	-10.2417	255	1	0.411286
2.16964	UL	216	9	0	1	8	1	0	5	935	0	1	1	-10.2417	255	1	0.411286
2.16993	UL	216	9	0	9	4	1	0	1	466	0	1	1	-9.9656	255	0	0.00178076
2.16993	UL	216	9	0	9	4	1	0	1	466	0	1	1	-9.9656	255	0	0.00178076
2.17014	UL	217	0	0	1	1	1	0	1	114	0	1	0	-9.97199	255	1	1
2.17093	UL	217	0	0	2	11	1	0	5	1286	0	1	1	-10.17	255	0	0.264458
2.17093	UL	217	0	0	2	11	1	0	5	1286	0	1	1	-10.17	255	0	0.264458
2.17193	UL	217	1	0	1	12	1	0	5	1404	0	1	0	-10.1839	255	1	1
2.17193	UL	217	1	0	1	12	1	0	5	1404	0	1	0	-10.1839	255	1	1
2.17193	UL	217	1	0	12	1	3	0	2	4030	28	1	0	24.6887	255	0	0
2.17193	UL	217	1	0	12	1	3	0	2	4030	28	1	0	24.6887	255	0	0
2.17214	DL	217	2	0	1	1	1	0	1	114	0	1	1	-8.02995	0	0	7.77156e-16
2.17286	UL	217	2	0	10	2	1	0	5	231	0	1	0	-10.2066	255	1	1
2.17293	UL	217	2	0	11	2	3	0	3	1928	11	1	0	4.39646	255	0	3.6879e-07
2.17293	UL	217	2	0	11	2	3	0	3	1928	11	1	0	4.39646	255	0	3.6879e-07
2.17293	UL	217	2	0	12	1	1	0	1	114	0	1	1	-10.0702	255	0	0.275579
2.17314	DL	217	3	0	1	1	1	0	1	114	0	1	0	-8.03322	0	1	0.996707
2.17393	UL	217	3	0	10	3	1	0	5	348	0	1	0	-10.1229	255	1	1
2.17393	UL	217	3	0	10	3	1	0	5	348	0	1	0	-10.1229	255	1	1
2.17493	UL	217	4	0	5	8	1	0	5	935	0	1	2	-10.1077	255	0	0
2.17493	UL	217	4	0	5	8	1	0	5	935	0	1	2	-10.1077	255	0	0
2.17514	DL	217	5	0	1	1	1	0	1	114	0	1	0	-8.04696	0	1	0.997032
2.17593	UL	217	5	0	12	1	1	0	1	114	0	1	1	-10.0007	255	0	0.248695
2.17686	UL	217	6	0	9	3	1	0	5	348	0	1	0	-10.0429	255	1	1
2.17686	UL	217	6	0	9	3	1	0	5	348	0	1	0	-10.0429	255	1	1
2.17714	DL	217	7	0	1	1	3	0	2	4030	28	1	0	26.0282	15	0	0
2.17793	UL	217	7	0	1	12	1	0	5	1404	0	1	1	-10.0748	255	0	0.182663
2.17793	UL	217	7	0	1	12	1	0	5	1404	0	1	1	-10.0748	255	0	0.182663
2.17793	UL	217	7	0	11	2	3	0	2	8060	28	1	0	24.5753	255	0	0
2.17793	UL	217	7	0	11	2	3	0	2	8060	28	1	0	24.5753	255	0	0
2.17814	DL	217	8	0	1	1	1	0	1	114	0	1	1	-8.05341	0	0	1.83187e-15
2.17893	UL	217	8	0	10	3	1	0	5	348	0	1	1	-10.1075	255	0	0.141473
2.17893	UL	217	8	0	10	3	1	0	5	348	0	1	1	-10.1075	255	0	0.141473
2.17893	UL	217	8	0	12	1	3	0	3	964	11	1	0	4.30856	255	0	0.000507665
2.17893	UL	217	8	0	12	1	3	0	3	964	11	1	0	4.30856	255	0	0.000507665
2.17993	UL	217	9	0	12	1	1	0	5	114	0	1	0	-10.125	255	1	1
2.17993	UL	217	9	0	12	1	1	0	5	114	0	1	0	-10.125	255	1	1
2.18014	UL	218	0	0	1	1	1	0	1	114	0	1	0	-9.95718	255	1	1
2.18014	UL	218	0	0	1	1	1	0	1	114	0	1	0	-9.95718	255	1	1
2.18093	UL	218	0	0	2	11	1	0	5	1286	0	1	0	-10.1419	255	1	1
2.18093	UL	218	0	0	2	11	1	0	5	1286	0	1	0	-10.1419	255	1	1
2.18171	UL	218	1	0	1	9	1	0	1	1052	0	1	0	-9.95865	255	1	1
2.18171	UL	218	1	0	1	9	1	0	1	1052	0	1	0	-9.95865	255	1	1
2.18193	UL	218	1	0	10	3	1	0	5	348	0	1	1	-10.1374	255	0	0.107814
2.18193	UL	218	1	0	10	3	1	0	5	348	0	1	1	-10.1374	255	0	0.107814
2.18214	DL	218	2	0	1	1	1	0	1	114	0	1	1	-7.98703	0	0	7.21645e-16
2.18279	UL	218	2	0	2	9	1	0	1	1052	0	1	0	-9.95032	255	1	1
2.18279	UL	218	2	0	2	9	1	0	1	1052	0	1	0	-9.95032	255	1	1
2.18293	UL	218	2	0	11	2	1	0	5	231	0	1	0	-10.1111	255	1	1
2.18293	UL	218	2	0	11	2	1	0	5	231	0	1	0	-10.1111	255	1	1
2.18314	DL	218	3	0	1	1	3	0	2	4030	28	1	0	26.6449	15	0	0
2.18393	UL	218	3	0	4	9	1	0	5	1052	0	1	0	-10.1116	255	1	1
2.18393	UL	218	3	0	4	9	1	0	5	1052	0	1	0	-10.1116	255	1	1
2.18493	UL	218	4	0	11	2	3	0	3	1928	11	1	0	4.32979	255	0	4.56023e-06
2.18493	UL	218	4	0	11	2	3	0	3	1928	11	1	0	4.32979	255	0	4.56023e-06
2.18493	UL	218	4	0	12	1	1	0	5	114	0	1	1	-10.0151	255	0	0.455071
2.18493	UL	218	4	0	12	1	1	0	5	114	0	1	1	-10.0151	255	0	0.455071
2.18586	UL	218	5	0	1	11	1	0	5	1286	0	1	1	-10.0074	255	0	0.0829729
2.18586	UL	218	5	0	1	11	1	0	5	1286	0	1	1	-10.0074	255	0	0.0829729
2.18593	UL	218	5	0	12	1	1	0	1	114	0	1	1	-9.9614	255	0	0.227503
2.18593	UL	218	5	0	12	1	1	0	1	114	0	1	1	-9.9614	255	0	0.227503
2.18593	UL	218	5	0	12	1	3	0	2	4030	28	1	0	24.6549	255	0	0
2.18593	UL	218	5	0	12	1	3	0	2	4030	28	1	0	24.6549	255	0	0
2.18629	UL	218	6	0	1	3	1	0	5	348	0	1	0	-10.029	255	1	1
2.18693	UL	218	6	0	4	9	1	0	1	1052	0	1	1	-9.92178	255	0	0.00029389
2.18693	UL	218	6	0	4	9	1	0	1	1052	0	1	1	-9.92178	255	0	0.00029389
2.18729	UL	218	7	0	2	2	1	0	5	231	0	1	1	-10.0747	255	0	0.30202
2.18729	UL	218	7	0	2	2	1	0	5	231	0	1	1	-10.0747	255	0	0.30202
2.18793	UL	218	7	0	4	9	1	0	1	1052	0	1	1	-9.9409	255	0	0.000326755
2.18793	UL	218	7	0	4	9	1	0	1	1052	0	1	1	-9.9409	255	0	0.000326755
2.18893	UL	218	8	0	4	9	1	0	5	1052	0	1	1	-10.126	255	0	0.16026
2.18893	UL	218	8	0	4	9	1	0	5	1052	0	1	1	-10.126	255	0	0.16026
2.18993	UL	218	9	0	4	9	1	0	5	1052	0	1	0	-10.1087	255	1	1
2.18993	UL	218	9	0	4	9	1	0	5	1052	0	1	0	-10.1087	255	1	1
2.19093	UL	219	0	0	12	1	1	0	2	216	3	1	0	-2.77389	255	0	4.16067e-12
2.19093	UL	219	0	0	12	1	1	0	2	216	3	1	0	-2.77389	255	0	4.16067e-12
2.19093	UL	219	0	0	12	1	3	0	3	964	11	1	0	4.3403	255	0	0.000249147
2.19093	UL	219	0	0	12	1	3	0	3	964	11	1	0	4.3403	255	0	0.000249147
2.19114	DL	219	1	0	1	1	3	0	2	4030	28	1	0	26.6091	15	0	0
2.19171	UL	219	1	0	1	9	1	0	1	1052	0	1	0	-9.93492	255	1	1
2.19171	UL	219	1	0	1	9	1	0	1	1052	0	1	0	-9.93492	255	1	1
2.19193	UL	219	1	0	10	3	1	0	5	348	0	1	1	-10.2568	255	0	0.181393
2.19193	UL	219	1	0	12	1	3	0	2	4030	28	1	0	24.5497	255	0	0
2.19193	UL	219	1	0	12	1	3	0	2	4030	28	1	0	24.5497	255	0	0
2.19293	UL	219	2	0	1	12	1	0	1	1404	0	1	0	-9.91667	255	1	1
2.19293	UL	219	2	0	1	12	1	0	1	1404	0	1	0	-9.91667	255	1	1
2.19386	UL	219	3	0	1	11	1	0	1	1286	0	1	0	-9.89952	255	1	1
2.19393	UL	219	3	0	12	1	1	0	5	114	0	1	0	-10.2639	255	1	1
2.19393	UL	219	3	0	12	1	1	0	5	114	0	1	0	-10.2639	255	1	1
2.19429	UL	219	4	0	1	3	1	0	1	348	0	1	0	-9.90957	255	1	1
2.19493	UL	219	4	0	4	9	1	0	5	1052	0	1	1	-10.2992	255	0	0.403652
2.19493	UL	219	4	0	4	9	1	0	5	1052	0	1	1	-10.2992	255	0	0.403652
2.1955	UL	219	5	0	1	6	1	0	1	700	0	1	0	-9.88291	255	1	1
2.19593	UL	219	5	0	7	6	1	0	5	700	0	1	0	-10.3046	255	0	0
2.19593	UL	219	5	0	7	6	1	0	5	700	0	1	0	-10.3046	255	0	0
2.19621	UL	219	6	0	1	2	1	0	2	553	4	1	0	-2.67511	255	0	5.30503e-06
2.19621	UL	219	6	0	1	2	1	0	2	553	4	1	0	-2.67511	255	0	5.30503e-06
2.19686	UL	219	6	0	3	9	1	0	1	1052	0	1	1	-9.87487	255	0	9.79635e-05
2.19686	UL	219	6	0	3	9	1	0	1	1052	0	1	1	-9.87487	255	0	9.79635e-05
2.19693	UL	219	6	0	12	1	3	0	3	964	11	1	0	4.29433	255	0	0.000700846
2.19693	UL	219	6	0	12	1	3	0	3	964	11	1	0	4.29433	255	0	0.000700846
2.19714	DL	219	7	0	1	1	3	0	2	4030	28	1	0	26.6335	15	0	0
2.19793	UL	219	7	0	1	12	1	0	1	1404	0	1	1	-9.87408	255	0	6.77195e-05
2.19793	UL	219	7	0	1	12	1	0	1	1404	0	1	1	-9.87408	255	0	6.77195e-05
2.19793	UL	219	7	0	11	2	3	0	2	8060	28	1	0	24.7296	255	0	0
2.19793	UL	219	7	0	11	2	3	0	2	8060	28	1	0	24.7296	255	0	0
2.19814	UL	219	8	0	1	1	1	0	5	114	0	1	1	-10.3485	255	1	0.706749
2.19814	UL	219	8	0	1	1	1	0	5	114	0	1	1	-10.3485	255	1	0.706749
2.19893	UL	219	8	0	2	11	1	0	1	1286	0	1	1	-9.8603	255	0	3.61763e-05
2.19936	UL	219	9	0	1	4	1	0	2	1110	4	1	0	-2.86163	255	0	0.00293677
2.19936	UL	219	9	0	1	4	1	0	2	1110	4	1	0	-2.86163	255	0	0.00293677
2.19971	UL	219	9	0	5	5	1	0	5	583	0	1	0	-10.3645	255	1	1
2.19971	UL	219	9	0	5	5	1	0	5	583	0	1	0	-10.3645	255	1	1
2.19993	UL	219	9	0	10	3	1	0	1	348	0	1	1	-9.83892	255	0	0.000387979
2.20014	DL	220	0	0	1	1	1	0	1	114	0	1	0	-7.88388	0	1	0.990838
2.2005	UL	220	0	0	3	4	1	0	5	466	0	1	0	-10.3692	255	1	1
2.2005	UL	220	0	0	3	4	1	0	5	466	0	1	0	-10.3692	255	1	1
2.20093	UL	220	0	0	7	6	1	0	1	700	0	1	1	-9.87163	255	0	1.67997e-05
2.20129	UL	220	1	0	1	3	1	0	2	832	4	1	0	-2.82763	255	0	0.0120364
2.20193	UL	220	1	0	4	9	1	0	5	1052	0	1	0	-10.3959	255	1	1
2.20214	DL	220	2	0	1	1	1	0	1	114	0	1	0	-7.87257	0	1	0.990176
2.20293	UL	220	2	0	11	2	3	0	3	1928	11	1	0	4.42778	255	0	1.04325e-07
2.20293	UL	220	2	0	11	2	3	0	3	1928	11	1	0	4.42778	255	0	1.04325e-07
2.20314	DL	220	3	0	1	1	1	0	1	114	0	1	0	-7.88758	0	1	0.991065
2.20314	DL	220	3	0	1	1	3	0	2	4030	28	1	0	26.7238	15	0	0
2.20393	UL	220	3	0	12	1	1	0	5	114	0	1	2	-10.4384	255	0	1.11297e-09
2.20393	UL	220	3	0	12	1	1	0	5	114	0	1	2	-10.4384	255	0	1.11297e-09
2.20414	DL	220	4	0	1	1	1	0	2	275	4	1	0	-0.798646	4	0	0
2.20493	UL	220	4	0	8	5	1	0	5	583	0	1	1	-10.4277	255	0	0.743861
2.20493	UL	220	4	0	8	5	1	0	5	583	0	1	1	-10.4277	255	0	0.743861
2.20514	DL	220	5	0	1	1	1	0	1	114	0	1	1	-7.89526	0	0	0
2.20593	UL	220	5	0	9	4	1	0	5	466	0	1	1	-10.3993	255	1	0.714114
2.20593	UL	220	5	0	9	4	1	0	5	466	0	1	1	-10.3993	255	1	0.714114
2.20593	UL	220	5	0	12	1	3	0	2	4030	28	1	0	24.736	255	0	0
2.20593	UL	220	5	0	12	1	3	0	2	4030	28	1	0	24.736	255	0	0
2.20693	UL	220	6	0	4	9	1	0	5	1052	0	1	1	-10.3553	255	1	0.907512
2.20714	DL	220	7	0	1	1	1	0	1	114	0	1	1	-7.80167	0	0	0
2.20814	DL	220	8	0	1	1	1	0	1	114	0	1	1	-7.7994	0	0	0
2.20886	UL	220	8	0	11	1	3	0	3	964	11	1	0	4.47509	255	0	7.86019e-06
2.20886	UL	220	8	0	11	1	3	0	3	964	11	1	0	4.47509	255	0	7.86019e-06
2.20893	UL	220	8	0	12	1	1	0	5	114	0	1	0	-11.0072	255	1	1
2.20893	UL	220	8	0	12	1	1	0	5	114	0	1	0	-11.0072	255	1	1
2.20993	UL	220	9	0	1	12	1	0	5	1404	0	1	0	-10.4005	255	1	1
2.20993	UL	220	9	0	1	12	1	0	5	1404	0	1	0	-10.4005	255	1	1
2.21093	UL	221	0	0	9	4	1	0	5	466	0	1	2	-10.4521	255	0	0
2.21093	UL	221	0	0	9	4	1	0	5	466	0	1	2	-10.4521	255	0	0
2.21114	DL	221	1	0	1	1	3	0	2	4030	28	1	0	26.7962	15	0	0
2.21186	UL	221	1	0	3	9	1	0	5	1052	0	1	2	-10.4442	255	0	0
2.21193	UL	221	1	0	12	1	3	0	2	4030	28	1	0	24.7993	255	0	0
2.21193	UL	221	1	0	12	1	3	0	2	4030	28	1	0	24.7993	255	0	0
2.21214	UL	221	2	0	1	1	1	0	2	275	4	1	0	-2.71704	255	0	0.0300437
2.21214	UL	221	2	0	1	1	1	0	2	275	4	1	0	-2.71704	255	0	0.0300437
2.21293	UL	221	2	0	2	11	1	0	5	1286	0	1	0	-10.5157	255	1	1
2.21293	UL	221	2	0	2	11	1	0	5	1286	0	1	0	-10.5157	255	1	1
2.21386	UL	221	3	0	11	1	1	0	1	114	0	1	0	-9.81096	255	1	1
2.21386	UL	221	3	0	11	1	1	0	1	114	0	1	0	-9.81096	255	1	1
2.21393	UL	221	3	0	11	2	3	0	3	1928	11	1	0	4.41137	255	0	2.04581e-07
2.21393	UL	221	3	0	11	2	3	0	3	1928	11	1	0	4.41137	255	0	2.04581e-07
2.21393	UL	221	3	0	12	1	1	0	5	114	0	1	1	-10.5152	255	1	0.957875
2.21393	UL	221	3	0	12	1	1	0	5	114	0	1	1	-10.5152	255	1	0.957875
2.21493	UL	221	4	0	1	12	1	0	5	1404	0	1	1	-10.501	255	0	0.980559
2.21493	UL	221	4	0	1	12	1	0	5	1404	0	1	1	-10.501	255	0	0.980559
2.21593	UL	221	5	0	12	1	1	0	5	114	0	1	0	-10.5111	255	1	1
2.21593	UL	221	5	0	12	1	1	0	5	114	0	1	0	-10.5111	255	1	1
2.21693	UL	221	6	0	1	12	1	0	5	1404	0	1	0	-10.5118	255	1	1
2.21693	UL	221	6	0	1	12	1	0	5	1404	0	1	0	-10.5118	255	1	1
2.21714	DL	221	7	0	1	1	3	0	2	4030	28	1	0	26.8145	15	0	0
2.21714	UL	221	7	0	1	1	1	0	2	275	4	1	0	-3.06709	255	1	0.312064
2.21714	UL	221	7	0	1	1	1	0	2	275	4	1	0	-3.06709	255	1	0.312064
2.21793	UL	221	7	0	2	11	1	0	5	1286	0	1	1	-10.5065	255	1	0.995687
2.21793	UL	221	7	0	2	11	1	0	5	1286	0	1	1	-10.5065	255	1	0.995687
2.21793	UL	221	7	0	11	2	3	0	2	8060	28	1	0	24.6911	255	0	0
2.21793	UL	221	7	0	11	2	3	0	2	8060	28	1	0	24.6911	255	0	0
2.21879	UL	221	8	0	1	10	1	0	2	2775	4	1	0	-2.77068	255	0	0.000482077
2.21879	UL	221	8	0	1	10	1	0	2	2775	4	1	0	-2.77068	255	0	0.000482077
2.21886	UL	221	8	0	11	1	1	0	5	114	0	1	2	-10.4529	255	0	7.7874e-07
2.21886	UL	221	8	0	11	1	1	0	5	114	0	1	2	-10.4529	255	0	7.7874e-07
2.21893	UL	221	8	0	12	1	1	0	1	114	0	1	1	-9.83457	255	0	0.124922
2.21893	UL	221	8	0	12	1	1	0	1	114	0	1	1	-9.83457	255	0	0.124922
2.21993	UL	221	9	0	12	1	1	0	5	114	0	1	0	-10.4718	255	1	1
2.21993	UL	221	9	0	12	1	1	0	5	114	0	1	0	-10.4718	255	1	1
2.22093	UL	222	0	0	12	1	3	0	3	964	11	1	0	4.33214	255	0	0.000301719
2.22093	UL	222	0	0	12	1	3	0	3	964	11	1	0	4.33214	255	0	0.000301719
2.22093	UL	222	0	0	12	1	1	0	5	114	0	1	1	-10.5677	255	0	0.876864
2.22093	UL	222	0	0	12	1	1	0	5	114	0	1	1	-10.5677	255	0	0.876864
2.22193	UL	222	1	0	1	12	1	0	5	1404	0	1	1	-10.4405	255	1	0.98948
2.22193	UL	222	1	0	1	12	1	0	5	1404	0	1	1	-10.4405	255	1	0.98948
2.22279	UL	222	2	0	9	2	1	0	5	231	0	1	0	-10.513	255	1	1
2.22279	UL	222	2	0	9	2	1	0	5	231	0	1	0	-10.513	255	1	1
2.22286	UL	222	2	0	11	1	1	0	2	275	4	1	1	-2.79879	255	0	0
2.22286	UL	222	2	0	11	1	1	0	2	275	4	1	1	-2.79879	255	0	0
2.22314	DL	222	3	0	1	1	3	0	2	4030	28	1	0	26.8276	15	0	0
2.22393	UL	222	3	0	2	11	1	0	5	1286	0	1	2	-10.545	255	0	0
2.22393	UL	222	3	0	2	11	1	0	5	1286	0	1	2	-10.545	255	0	0
2.22486	UL	222	4	0	1	11	1	0	1	1286	0	1	0	-9.85454	255	1	1
2.22486	UL	222	4	0	1	11	1	0	1	1286	0	1	0	-9.85454	255	1	1
2.22493	UL	222	4	0	12	1	1	0	5	114	0	1	1	-10.613	255	1	0.879738
2.22493	UL	222	4	0	12	1	1	0	5	114	0	1	1	-10.613	255	1	0.879738
2.22586	UL	222	5	0	1	11	1	0	1	1286	0	1	0	-9.83238	255	1	1
2.22586	UL	222	5	0	1	11	1	0	1	1286	0	1	0	-9.83238	255	1	1
2.22593	UL	222	5	0	12	1	3	0	2	4030	28	1	0	24.6946	255	0	0
2.22593	UL	222	5	0	12	1	3	0	2	4030	28	1	0	24.6946	255	0	0
2.22593	UL	222	5	0	12	1	1	0	5	114	0	1	0	-10.7424	255	1	1
2.22593	UL	222	5	0	12	1	1	0	5	114	0	1	0	-10.7424	255	1	1
2.22693	UL	222	6	0	1	12	1	0	5	1404	0	1	2	-10.6436	255	0	0
2.22693	UL	222	6	0	1	12	1	0	5	1404	0	1	2	-10.6436	255	0	0
2.22693	UL	222	6	0	12	1	3	0	3	964	11	1	0	4.1648	255	0	0.00854128
2.22693	UL	222	6	0	12	1	3	0	3	964	11	1	0	4.1648	255	0	0.00854128
2.22779	UL	222	7	0	1	10	1	0	1	1169	0	1	0	-9.84773	255	1	1
2.22779	UL	222	7	0	1	10	1	0	1	1169	0	1	0	-9.84773	255	1	1
2.22793	UL	222	7	0	11	2	1	0	5	231	0	1	1	-10.6035	255	0	0.90163
2.22793	UL	222	7	0	11	2	1	0	5	231	0	1	1	-10.6035	255	0	0.90163
2.2285	UL	222	8	0	1	6	1	0	1	700	0	1	0	-9.85846	255	1	1
2.2285	UL	222	8	0	1	6	1	0	1	700	0	1	0	-9.85846	255	1	1
2.22893	UL	222	8	0	7	6	1	0	5	700	0	1	0	-10.6112	255	1	1
2.22893	UL	222	8	0	7	6	1	0	5	700	0	1	0	-10.6112	255	1	1
2.22914	UL	222	9	0	1	1	1	0	5	114	0	1	2	-10.5812	255	0	1.13401e-07
2.22914	UL	222	9	0	1	1	1	0	5	114	0	1	2	-10.5812	255	0	1.13401e-07
2.22993	UL	222	9	0	2	11	1	0	1	1286	0	1	1	-9.88122	255	0	2.70119e-05
2.22993	UL	222	9	0	2	11	1	0	1	1286	0	1	1	-9.88122	255	0	2.70119e-05
2.23014	UL	223	0	0	1	1	1	0	5	114	0	1	1	-10.624	255	1	0.936878
2.23014	UL	223	0	0	1	1	1	0	5	114	0	1	1	-10.624	255	1	0.936878
2.23093	UL	223	0	0	2	11	1	0	1	1286	0	1	1	-9.94055	255	0	5.34815e-05
2.23093	UL	223	0	0	2	11	1	0	1	1286	0	1	1	-9.94055	255	0	5.34815e-05
2.23114	DL	223	1	0	1	1	3	0	2	4030	28	1	0	26.6943	15	0	0
2.2315	UL	223	1	0	1	6	1	0	1	700	0	1	0	-9.96293	255	1	1
2.23193	UL	223	1	0	7	6	1	0	5	700	0	1	0	-10.6502	255	1	1
2.23193	UL	223	1	0	7	6	1	0	5	700	0	1	0	-10.6502	255	1	1
2.23193	UL	223	1	0	12	1	3	0	2	4030	28	1	0	24.6822	255	0	0
2.23193	UL	223	1	0	12	1	3	0	2	4030	28	1	0	24.6822	255	0	0
2.23221	UL	223	2	0	1	2	1	0	5	231	0	1	0	-10.6601	255	1	1
2.23221	UL	223	2	0	1	2	1	0	5	231	0	1	0	-10.6601	255	1	1
2.23293	UL	223	2	0	3	10	1	0	1	1169	0	1	1	-9.95587	255	0	0.000101486
2.23293	UL	223	2	0	3	10	1	0	1	1169	0	1	1	-9.95587	255	0	0.000101486
2.23293	UL	223	2	0	11	2	3	0	3	1928	11	1	0	4.24252	255	0	8.06214e-05
2.23293	UL	223	2	0	11	2	3	0	3	1928	11	1	0	4.24252	255	0	8.06214e-05
2.2335	UL	223	3	0	1	6	1	0	5	700	0	1	1	-10.6397	255	1	0.989163
2.2335	UL	223	3	0	1	6	1	0	5	700	0	1	1	-10.6397	255	1	0.989163
2.23393	UL	223	3	0	7	6	1	0	1	700	0	1	1	-9.96984	255	0	7.15683e-05
2.23393	UL	223	3	0	7	6	1	0	1	700	0	1	1	-9.96984	255	0	7.15683e-05
2.23429	UL	223	4	0	1	3	1	0	1	348	0	1	0	-9.96643	255	1	1
2.23493	UL	223	4	0	4	9	1	0	5	1052	0	1	0	-10.6724	255	1	1
2.23493	UL	223	4	0	4	9	1	0	5	1052	0	1	0	-10.6724	255	1	1
2.23514	DL	223	5	0	1	1	1	0	2	436	6	1	0	-0.876741	3	0	0.128642
2.23593	UL	223	5	0	12	1	1	0	5	114	0	1	2	-10.7445	255	0	1.80045e-06
2.23593	UL	223	5	0	12	1	1	0	5	114	0	1	2	-10.7445	255	0	1.80045e-06
2.2365	UL	223	6	0	1	6	1	0	5	700	0	1	1	-10.7441	255	1	0.997276
2.2365	UL	223	6	0	1	6	1	0	5	700	0	1	1	-10.7441	255	1	0.997276
2.23693	UL	223	6	0	7	6	1	0	1	700	0	1	1	-9.95988	255	0	0.000331544
2.23714	DL	223	7	0	1	1	1	0	1	114	0	1	0	-7.97316	0	1	0.995735
2.23714	DL	223	7	0	1	1	3	0	2	4030	28	1	0	26.8416	15	0	0
2.23786	UL	223	7	0	10	2	1	0	5	231	0	1	1	-10.7176	255	1	0.960704
2.23786	UL	223	7	0	10	2	1	0	5	231	0	1	1	-10.7176	255	1	0.960704
2.23793	UL	223	7	0	12	1	3	0	2	4030	28	1	0	24.6594	255	0	0
2.23793	UL	223	7	0	12	1	3	0	2	4030	28	1	0	24.6594	255	0	0
2.23814	DL	223	8	0	1	1	1	0	1	114	0	1	0	-8.01078	0	1	0.996802
2.23893	UL	223	8	0	7	6	1	0	5	700	0	1	2	-10.7661	255	0	0
2.23893	UL	223	8	0	7	6	1	0	5	700	0	1	2	-10.7661	255	0	0
2.23893	UL	223	8	0	12	1	3	0	3	964	11	1	0	4.33007	255	0	0.000312398
2.23893	UL	223	8	0	12	1	3	0	3	964	11	1	0	4.33007	255	0	0.000312398
2.23971	UL	223	9	0	1	9	1	0	5	1052	0	1	1	-10.7299	255	1	0.999995
2.23971	UL	223	9	0	1	9	1	0	5	1052	0	1	1	-10.7299	255	1	0.999995
2.23993	UL	223	9	0	10	3	1	0	1	348	0	1	1	-9.97675	255	0	0.00393184
2.24014	DL	224	0	0	1	1	1	0	1	114	0	1	0	-7.95499	0	1	0.995222
2.24086	UL	224	0	0	3	9	1	0	5	1052	0	1	0	-10.757	255	1	1
2.24086	UL	224	0	0	3	9	1	0	5	1052	0	1	0	-10.757	255	1	1
2.24193	UL	224	1	0	7	6	1	0	5	700	0	1	2	-10.752	255	0	0
2.24193	UL	224	1	0	7	6	1	0	5	700	0	1	2	-10.752	255	0	0
2.24214	DL	224	2	0	1	1	1	0	1	114	0	1	1	-7.98087	0	0	4.44089e-16
2.24293	UL	224	2	0	11	2	1	0	5	231	0	1	2	-10.6788	255	0	7.01061e-12
2.24293	UL	224	2	0	11	2	1	0	5	231	0	1	2	-10.6788	255	0	7.01061e-12
2.24314	DL	224	3	0	1	1	3	0	2	4030	28	1	0	26.8388	15	0	0
2.24314	UL	224	3	0	1	1	1	0	2	275	4	1	0	-3.47002	255	1	0.849012
2.24314	UL	224	3	0	1	1	1	0	2	275	4	1	0	-3.47002	255	1	0.849012
2.24386	UL	224	3	0	11	1	3	0	2	4030	28	1	0	24.7462	255	0	0
2.24386	UL	224	3	0	11	1	3	0	2	4030	28	1	0	24.7462	255	0	0
2.24393	UL	224	3	0	2	11	1	0	5	1286	0	1	0	-10.6619	255	1	1
2.24393	UL	224	3	0	2	11	1	0	5	1286	0	1	0	-10.6619	255	1	1
2.24414	DL	224	4	0	1	1	1	0	1	114	0	1	1	-7.97505	0	0	7.77156e-16
2.24493	UL	224	4	0	4	9	1	0	5	1052	0	1	2	-10.6471	255	0	0
2.24493	UL	224	4	0	4	9	1	0	5	1052	0	1	2	-10.6471	255	0	0
2.24493	UL	224	4	0	11	2	3	0	3	1928	11	1	0	4.31309	255	0	7.84194e-06
2.24493	UL	224	4	0	11	2	3	0	3	1928	11	1	0	4.31309	255	0	7.84194e-06
2.24514	DL	224	5	0	1	1	1	0	1	114	0	1	1	-7.98017	0	0	3.33067e-16
2.24593	UL	224	5	0	4	9	1	0	5	1052	0	1	1	-10.6601	255	1	0.999996
2.24593	UL	224	5	0	4	9	1	0	5	1052	0	1	1	-10.6601	255	1	0.999996
2.24693	UL	224	6	0	1	12	1	0	5	1404	0	1	0	-10.6868	255	1	1
2.24693	UL	224	6	0	1	12	1	0	5	1404	0	1	0	-10.6868	255	1	1
2.24793	UL	224	7	0	1	12	1	0	5	1404	0	1	0	-10.7143	255	1	1
2.24793	UL	224	7	0	1	12	1	0	5	1404	0	1	0	-10.7143	255	1	1
2.24814	DL	224	8	0	1	1	3	0	2	4030	28	1	0	26.1145	15	0	0
2.24886	UL	224	8	0	1	11	1	0	5	1286	0	1	1	-10.7582	255	1	0.999996
2.24886	UL	224	8	0	1	11	1	0	5	1286	0	1	1	-10.7582	255	1	0.999996
2.24893	UL	224	8	0	12	1	1	0	2	275	4	1	1	-3.22495	255	0	0
2.24893	UL	224	8	0	12	1	1	0	2	275	4	1	1	-3.22495	255	0	0
2.24993	UL	224	9	0	1	12	1	0	5	1404	0	1	0	-10.7246	255	1	1
2.24993	UL	224	9	0	1	12	1	0	5	1404	0	1	0	-10.7246	255	1	1
2.25029	UL	225	0	0	3	1	1	0	1	114	0	1	0	-9.98356	255	1	1
2.25029	UL	225	0	0	3	1	1	0	1	114	0	1	0	-9.98356	255	1	1
2.25093	UL	225	0	0	4	9	1	0	5	1052	0	1	2	-10.7486	255	0	0
2.25093	UL	225	0	0	4	9	1	0	5	1052	0	1	2	-10.7486	255	0	0
2.25093	UL	225	0	0	12	1	3	0	3	964	11	1	0	4.28955	255	0	0.000758195
2.25093	UL	225	0	0	12	1	3	0	3	964	11	1	0	4.28955	255	0	0.000758195
2.25193	UL	225	1	0	1	12	1	0	5	1404	0	1	1	-10.7157	255	1	0.999993
2.25193	UL	225	1	0	1	12	1	0	5	1404	0	1	1	-10.7157	255	1	0.999993
2.25193	UL	225	1	0	12	1	3	0	2	4030	28	1	0	24.8482	255	0	0
2.25193	UL	225	1	0	12	1	3	0	2	4030	28	1	0	24.8482	255	0	0
2.25293	UL	225	2	0	1	12	1	0	5	1404	0	1	1	-10.684	255	1	0.999994
2.25293	UL	225	2	0	1	12	1	0	5	1404	0	1	1	-10.684	255	1	0.999994
2.25393	UL	225	3	0	2	11	1	0	5	1286	0	1	2	-10.6906	255	0	0
2.25393	UL	225	3	0	2	11	1	0	5	1286	0	1	2	-10.6906	255	0	0
2.25493	UL	225	4	0	1	12	1	0	5	1404	0	1	1	-10.6997	255	1	0.999996
2.25493	UL	225	4	0	1	12	1	0	5	1404	0	1	1	-10.6997	255	1	0.999996
2.25579	UL	225	5	0	1	10	1	0	2	2192	3	1	0	-3.25343	255	0	0
2.25579	UL	225	5	0	1	10	1	0	2	2192	3	1	0	-3.25343	255	0	0
2.25586	UL	225	5	0	11	1	1	0	5	114	0	1	0	-10.7151	255	1	1
2.25586	UL	225	5	0	11	1	1	0	5	114	0	1	0	-10.7151	255	1	1
2.25593	UL	225	5	0	12	1	1	0	1	114	0	1	1	-9.9608	255	0	0.246773
2.25593	UL	225	5	0	12	1	1	0	1	114	0	1	1	-9.9608	255	0	0.246773
2.25686	UL	225	6	0	1	11	1	0	2	2409	3	1	0	-3.27446	255	0	0
2.25686	UL	225	6	0	1	11	1	0	2	2409	3	1	0	-3.27446	255	0	0
2.25686	UL	225	6	0	11	1	3	0	3	964	11	1	0	4.31179	255	0	0.000465973
2.25686	UL	225	6	0	11	1	3	0	3	964	11	1	0	4.31179	255	0	0.000465973
2.25714	DL	225	7	0	1	1	3	0	2	4030	28	1	0	26.209	15	0	0
2.25793	UL	225	7	0	1	12	1	0	5	1404	0	1	2	-10.7202	255	0	0
2.25793	UL	225	7	0	1	12	1	0	5	1404	0	1	2	-10.7202	255	0	0
2.25793	UL	225	7	0	12	1	3	0	2	4030	28	1	0	24.7731	255	0	0
2.25793	UL	225	7	0	12	1	3	0	2	4030	28	1	0	24.7731	255	0	0
2.25893	UL	225	8	0	9	4	1	0	2	876	3	1	0	-3.21121	255	0	6.66134e-16
2.25993	UL	225	9	0	1	12	1	0	5	1404	0	1	2	-10.6414	255	0	0
2.25993	UL	225	9	0	1	12	1	0	5	1404	0	1	2	-10.6414	255	0	0
2.26014	DL	226	0	0	1	1	1	0	2	275	4	1	0	-1.24189	3	0	5.55112e-17
2.26086	UL	226	0	0	2	10	1	0	2	2192	3	1	0	-3.25241	255	0	0
2.26093	UL	226	0	0	12	1	1	0	5	114	0	1	1	-10.6708	255	1	0.939074
2.26093	UL	226	0	0	12	1	1	0	5	114	0	1	1	-10.6708	255	1	0.939074
2.26186	UL	226	1	0	1	11	1	0	1	1286	0	1	0	-9.95596	255	1	1
2.26186	UL	226	1	0	1	11	1	0	1	1286	0	1	0	-9.95596	255	1	1
2.26193	UL	226	1	0	11	2	3	0	3	1928	11	1	0	4.27862	255	0	2.53772e-05
2.26193	UL	226	1	0	11	2	3	0	3	1928	11	1	0	4.27862	255	0	2.53772e-05
2.26193	UL	226	1	0	12	1	1	0	5	114	0	1	0	-10.602	255	1	1
2.26193	UL	226	1	0	12	1	1	0	5	114	0	1	0	-10.602	255	1	1
2.26293	UL	226	2	0	1	12	1	0	1	1404	0	1	0	-9.96158	255	1	1
2.26293	UL	226	2	0	1	12	1	0	1	1404	0	1	0	-9.96158	255	1	1
2.26314	DL	226	3	0	1	1	3	0	2	4030	28	1	0	26.7986	15	0	0
2.2635	UL	226	3	0	1	6	1	0	1	700	0	1	0	-9.96309	255	1	1
2.2635	UL	226	3	0	1	6	1	0	1	700	0	1	0	-9.96309	255	1	1
2.26393	UL	226	3	0	7	6	1	0	5	700	0	1	0	-10.6111	255	1	1
2.26393	UL	226	3	0	7	6	1	0	5	700	0	1	0	-10.6111	255	1	1
2.26443	UL	226	4	0	1	5	1	0	1	583	0	1	0	-9.92503	255	1	1
2.26493	UL	226	4	0	6	7	1	0	5	817	0	1	0	-10.5687	255	1	1
2.26493	UL	226	4	0	6	7	1	0	5	817	0	1	0	-10.5687	255	1	1
2.26514	DL	226	5	0	1	1	1	0	2	275	4	1	0	-1.18448	3	0	0
2.26593	UL	226	5	0	12	1	3	0	2	4030	28	1	0	24.7662	255	0	0
2.26593	UL	226	5	0	12	1	3	0	2	4030	28	1	0	24.7662	255	0	0
2.26593	UL	226	5	0	12	1	1	0	5	114	0	1	2	-10.7089	255	0	1.54735e-06
2.26593	UL	226	5	0	12	1	1	0	5	114	0	1	2	-10.7089	255	0	1.54735e-06
2.26614	UL	226	6	0	1	1	1	0	5	114	0	1	1	-10.5941	255	1	0.903862
2.26614	UL	226	6	0	1	1	1	0	5	114	0	1	1	-10.5941	255	1	0.903862
2.26693	UL	226	6	0	2	11	1	0	1	1286	0	1	1	-9.9031	255	0	0.000262835
2.26693	UL	226	6	0	2	11	1	0	1	1286	0	1	1	-9.9031	255	0	0.000262835
2.26793	UL	226	7	0	1	12	1	0	1	1404	0	1	1	-9.88435	255	0	0.000207016
2.26793	UL	226	7	0	1	12	1	0	1	1404	0	1	1	-9.88435	255	0	0.000207016
2.26793	UL	226	7	0	12	1	3	0	3	964	11	1	0	4.32581	255	0	0.000340912
2.26793	UL	226	7	0	12	1	3	0	3	964	11	1	0	4.32581	255	0	0.000340912
2.2685	UL	226	8	0	1	6	1	0	5	700	0	1	1	-10.543	255	1	0.973873
2.2685	UL	226	8	0	1	6	1	0	5	700	0	1	1	-10.543	255	1	0.973873
2.26893	UL	226	8	0	7	6	1	0	1	700	0	1	1	-9.86374	255	0	7.37563e-05
2.26893	UL	226	8	0	7	6	1	0	1	700	0	1	1	-9.86374	255	0	7.37563e-05
2.26957	UL	226	9	0	1	7	1	0	5	817	0	1	1	-10.547	255	1	0.996711
2.26957	UL	226	9	0	1	7	1	0	5	817	0	1	1	-10.547	255	1	0.996711
2.26993	UL	226	9	0	8	5	1	0	1	583	0	1	1	-9.85914	255	0	3.51348e-05
2.27014	UL	227	0	0	1	1	1	0	2	216	3	1	0	-3.17316	255	0	3.46263e-07
2.27014	UL	227	0	0	1	1	1	0	2	216	3	1	0	-3.17316	255	0	3.46263e-07
2.27093	UL	227	0	0	2	11	1	0	5	1286	0	1	0	-10.5074	255	1	1
2.27093	UL	227	0	0	2	11	1	0	5	1286	0	1	0	-10.5074	255	1	1
2.27114	DL	227	1	0	1	1	3	0	2	4030	28	1	0	26.8273	15	0	0
2.27193	UL	227	1	0	12	1	1	0	5	114	0	1	2	-10.6075	255	0	2.39235e-07
2.27193	UL	227	1	0	12	1	1	0	5	114	0	1	2	-10.6075	255	0	2.39235e-07
2.27193	UL	227	1	0	12	1	3	0	2	4030	28	1	0	24.7267	255	0	0
2.27193	UL	227	1	0	12	1	3	0	2	4030	28	1	0	24.7267	255	0	0
2.27293	UL	227	2	0	1	12	1	0	5	1404	0	1	0	-10.4814	255	0	0
2.27293	UL	227	2	0	1	12	1	0	5	1404	0	1	0	-10.4814	255	0	0
2.27314	DL	227	3	0	1	1	1	0	1	114	0	1	0	-7.8235	0	1	0.988396
2.27393	UL	227	3	0	7	6	1	0	5	700	0	1	2	-10.5772	255	0	0
2.27393	UL	227	3	0	7	6	1	0	5	700	0	1	2	-10.5772	255	0	0
2.27393	UL	227	3	0	11	2	3	0	3	1928	11	1	0	4.34922	255	0	2.15134e-06
2.27393	UL	227	3	0	11	2	3	0	3	1928	11	1	0	4.34922	255	0	2.15134e-06
2.27414	DL	227	4	0	1	1	1	0	1	114	0	1	0	-7.82301	0	1	0.988289
2.27493	UL	227	4	0	6	7	1	0	5	817	0	1	2	-10.53	255	0	0
2.27493	UL	227	4	0	6	7	1	0	5	817	0	1	2	-10.53	255	0	0
2.27514	UL	227	5	0	1	1	1	0	2	216	3	1	0	-3.08326	255	0	3.89e-08
2.27514	UL	227	5	0	1	1	1	0	2	216	3	1	0	-3.08326	255	0	3.89e-08
2.27593	UL	227	5	0	2	11	1	0	5	1286	0	1	1	-10.5592	255	1	0.997063
2.27593	UL	227	5	0	2	11	1	0	5	1286	0	1	1	-10.5592	255	1	0.997063
2.27686	UL	227	6	0	1	11	1	0	2	2409	3	1	0	-3.06132	255	0	0
2.27686	UL	227	6	0	1	11	1	0	2	2409	3	1	0	-3.06132	255	0	0
2.27714	DL	227	7	0	1	1	3	0	2	4030	28	1	0	26.8786	15	0	0
2.2775	UL	227	7	0	1	6	1	0	2	1316	3	1	0	-3.14436	255	0	0
2.2775	UL	227	7	0	1	6	1	0	2	1316	3	1	0	-3.14436	255	0	0
2.27793	UL	227	7	0	7	6	1	0	5	700	0	1	0	-10.5407	255	1	1
2.27793	UL	227	7	0	7	6	1	0	5	700	0	1	0	-10.5407	255	1	1
2.27793	UL	227	7	0	12	1	3	0	2	4030	28	1	0	24.7875	255	0	0
2.27793	UL	227	7	0	12	1	3	0	2	4030	28	1	0	24.7875	255	0	0
2.27893	UL	227	8	0	1	12	1	0	2	2629	3	1	0	-3.0918	255	0	0
2.27893	UL	227	8	0	1	12	1	0	2	2629	3	1	0	-3.0918	255	0	0
2.27914	DL	227	9	0	1	1	1	0	1	114	0	1	1	-7.78656	0	0	0
2.27993	UL	227	9	0	8	5	1	0	2	1096	3	1	0	-3.05362	255	0	0
2.28014	UL	228	0	0	1	1	1	0	2	216	3	1	0	-3.05676	255	0	1.93469e-08
2.28093	UL	228	0	0	2	11	1	0	5	1286	0	1	2	-10.6066	255	0	0
2.28093	UL	228	0	0	2	11	1	0	5	1286	0	1	2	-10.6066	255	0	0
2.28093	UL	228	0	0	12	1	3	0	3	964	11	1	0	4.38168	255	0	9.13196e-05
2.28093	UL	228	0	0	12	1	3	0	3	964	11	1	0	4.38168	255	0	9.13196e-05
2.28193	UL	228	1	0	1	12	1	0	2	2629	3	1	0	-3.04388	255	0	0
2.2825	UL	228	2	0	1	6	1	0	2	1316	3	1	0	-3.06871	255	0	0
2.28293	UL	228	2	0	7	6	1	0	5	700	0	1	1	-10.55	255	1	0.957371
2.28293	UL	228	2	0	7	6	1	0	5	700	0	1	1	-10.55	255	1	0.957371
2.28314	DL	228	3	0	1	1	1	0	1	114	0	1	1	-7.7379	0	0	0
2.28314	DL	228	3	0	1	1	3	0	2	4030	28	1	0	26.8905	15	0	0
2.28321	DL	228	3	0	2	1	1	0	2	275	4	1	0	-1.08364	3	0	0
2.28386	UL	228	3	0	8	4	1	0	2	876	3	1	0	-3.10808	255	0	0
2.28393	UL	228	3	0	12	1	1	0	5	114	0	1	0	-10.7184	255	1	1
2.28393	UL	228	3	0	12	1	1	0	5	114	0	1	0	-10.7184	255	1	1
2.28393	UL	228	3	0	12	1	3	0	2	4030	28	1	0	24.8302	255	0	0
2.28393	UL	228	3	0	12	1	3	0	2	4030	28	1	0	24.8302	255	0	0
2.28414	DL	228	4	0	1	1	1	0	2	275	4	1	0	-1.11525	3	0	0
2.28693	UL	228	6	0	4	9	1	0	5	1052	0	1	0	-10.6276	255	1	1
2.28693	UL	228	6	0	4	9	1	0	5	1052	0	1	0	-10.6276	255	1	1
2.28693	UL	228	6	0	12	1	3	0	3	964	11	1	0	4.50748	255	0	3.07942e-06
2.28693	UL	228	6	0	12	1	3	0	3	964	11	1	0	4.50748	255	0	3.07942e-06
2.28793	UL	228	7	0	7	6	1	0	5	700	0	1	2	-10.589	255	0	0
2.28793	UL	228	7	0	7	6	1	0	5	700	0	1	2	-10.589	255	0	0
2.28886	UL	228	8	0	11	1	1	0	3	348	5	1	0	1.14581	255	0	0
2.28886	UL	228	8	0	11	1	1	0	3	348	5	1	0	1.14581	255	0	0
2.28893	UL	228	8	0	12	1	1	0	5	114	0	1	1	-11.0921	255	1	0.98004
2.28893	UL	228	8	0	12	1	1	0	5	114	0	1	1	-11.0921	255	1	0.98004
2.28914	DL	228	9	0	1	1	3	0	2	4030	28	1	0	26.9644	15	0	0
2.29121	UL	229	1	0	2	1	1	0	1	114	0	1	0	-9.66918	255	1	1
2.29121	UL	229	1	0	2	1	1	0	1	114	0	1	0	-9.66918	255	1	1
2.29186	UL	229	1	0	3	9	1	0	5	1052	0	1	1	-10.5545	255	1	0.999594
2.29186	UL	229	1	0	3	9	1	0	5	1052	0	1	1	-10.5545	255	1	0.999594
2.29193	UL	229	1	0	12	1	3	0	2	4030	28	1	0	24.9703	255	0	0
2.29193	UL	229	1	0	12	1	3	0	2	4030	28	1	0	24.9703	255	0	0
2.29293	UL	229	2	0	11	2	3	0	3	1928	11	1	0	4.53384	255	0	9.94807e-10
2.29293	UL	229	2	0	11	2	3	0	3	1928	11	1	0	4.53384	255	0	9.94807e-10
2.29293	UL	229	2	0	12	1	1	0	2	216	3	1	0	-3.14169	255	0	1.62719e-07
2.29293	UL	229	2	0	12	1	1	0	2	216	3	1	0	-3.14169	255	0	1.62719e-07
2.29386	UL	229	3	0	9	3	1	0	3	1620	7	1	0	1.16247	255	0	3.13743e-10
2.29386	UL	229	3	0	9	3	1	0	3	1620	7	1	0	1.16247	255	0	3.13743e-10
2.29393	UL	229	3	0	12	1	1	0	5	114	0	1	2	-10.5304	255	0	5.74089e-06
2.29393	UL	229	3	0	12	1	1	0	5	114	0	1	2	-10.5304	255	0	5.74089e-06
2.29493	UL	229	4	0	4	9	1	0	5	1052	0	1	0	-10.5306	255	1	1
2.29493	UL	229	4	0	4	9	1	0	5	1052	0	1	0	-10.5306	255	1	1
2.29686	UL	229	6	0	3	9	1	0	5	1052	0	1	2	-10.5974	255	0	0
2.29686	UL	229	6	0	3	9	1	0	5	1052	0	1	2	-10.5974	255	0	0
2.29693	UL	229	6	0	12	1	1	0	1	114	0	1	1	-9.60141	255	0	0.0374785
2.29693	UL	229	6	0	12	1	1	0	1	114	0	1	1	-9.60141	255	0	0.0374785
2.29714	DL	229	7	0	1	1	3	0	2	4030	28	1	0	27.0261	15	0	0
2.29793	UL	229	7	0	12	1	3	0	2	4030	28	1	0	25.0637	255	0	0
2.29793	UL	229	7	0	12	1	3	0	2	4030	28	1	0	25.0637	255	0	0
2.29893	UL	229	8	0	1	12	1	0	2	2629	3	1	0	-3.22854	255	0	0
2.29893	UL	229	8	0	1	12	1	0	2	2629	3	1	0	-3.22854	255	0	0
2.29893	UL	229	8	0	12	1	3	0	3	964	11	1	0	4.51356	255	0	2.60718e-06
2.29893	UL	229	8	0	12	1	3	0	3	964	11	1	0	4.51356	255	0	2.60718e-06
2.29929	UL	229	9	0	1	3	1	0	2	656	3	1	0	-3.26364	255	0	0
2.29929	UL	229	9	0	1	3	1	0	2	656	3	1	0	-3.26364	255	0	0
2.29993	UL	229	9	0	4	9	1	0	5	1052	0	1	1	-10.6994	255	1	0.999799
2.29993	UL	229	9	0	4	9	1	0	5	1052	0	1	1	-10.6994	255	1	0.999799
2.3005	UL	230	0	0	1	6	1	0	2	1316	3	1	0	-3.17441	255	0	0
2.3005	UL	230	0	0	1	6	1	0	2	1316	3	1	0	-3.17441	255	0	0
2.30093	UL	230	0	0	7	6	1	0	5	700	0	1	0	-10.7233	255	1	1
2.30093	UL	230	0	0	7	6	1	0	5	700	0	1	0	-10.7233	255	1	1
2.3015	UL	230	1	0	1	6	1	0	2	1316	3	1	0	-3.17286	255	0	0
2.3015	UL	230	1	0	1	6	1	0	2	1316	3	1	0	-3.17286	255	0	0
2.30193	UL	230	1	0	7	6	1	0	5	700	0	1	0	-10.7694	255	1	1
2.30193	UL	230	1	0	7	6	1	0	5	700	0	1	0	-10.7694	255	1	1
2.3025	UL	230	2	0	1	6	1	0	2	1316	3	1	0	-3.14068	255	0	0
2.3025	UL	230	2	0	1	6	1	0	2	1316	3	1	0	-3.14068	255	0	0
2.30286	UL	230	2	0	7	5	1	0	5	583	0	1	0	-10.8019	255	1	1
2.30286	UL	230	2	0	7	5	1	0	5	583	0	1	0	-10.8019	255	1	1
2.30314	DL	230	3	0	1	1	3	0	2	4030	28	1	0	27.0221	15	0	0
2.30343	UL	230	3	0	1	5	1	0	1	583	0	1	0	-9.65283	255	1	1
2.30343	UL	230	3	0	1	5	1	0	1	583	0	1	0	-9.65283	255	1	1
2.30379	UL	230	3	0	6	5	1	0	2	1096	3	1	0	-3.11582	255	0	0
2.30379	UL	230	3	0	6	5	1	0	2	1096	3	1	0	-3.11582	255	0	0
2.30393	UL	230	3	0	11	2	1	0	5	231	0	1	0	-10.8778	255	1	1
2.30393	UL	230	3	0	11	2	1	0	5	231	0	1	0	-10.8778	255	1	1
2.30393	UL	230	3	0	12	1	3	0	2	4030	28	1	0	24.9924	255	0	0
2.30393	UL	230	3	0	12	1	3	0	2	4030	28	1	0	24.9924	255	0	0
2.30421	UL	230	4	0	1	2	1	0	1	231	0	1	0	-9.62965	255	1	1
2.30421	UL	230	4	0	1	2	1	0	1	231	0	1	0	-9.62965	255	1	1
2.30429	UL	230	4	0	3	1	1	0	2	216	3	1	0	-3.11372	255	0	7.91864e-08
2.30429	UL	230	4	0	3	1	1	0	2	216	3	1	0	-3.11372	255	0	7.91864e-08
2.30493	UL	230	4	0	4	9	1	0	5	1052	0	1	2	-10.8597	255	0	0
2.30493	UL	230	4	0	4	9	1	0	5	1052	0	1	2	-10.8597	255	0	0
2.30493	UL	230	4	0	11	2	3	0	3	1928	11	1	0	4.43444	255	0	7.87581e-08
2.30493	UL	230	4	0	11	2	3	0	3	1928	11	1	0	4.43444	255	0	7.87581e-08
2.30529	UL	230	5	0	1	3	1	0	1	348	0	1	0	-9.60909	255	1	1
2.30529	UL	230	5	0	1	3	1	0	1	348	0	1	0	-9.60909	255	1	1
2.3055	UL	230	5	0	4	3	1	0	2	656	3	1	0	-3.07423	255	0	0
2.3055	UL	230	5	0	4	3	1	0	2	656	3	1	0	-3.07423	255	0	0
2.30593	UL	230	5	0	7	6	1	0	5	700	0	1	1	-10.8479	255	1	0.999599
2.30593	UL	230	5	0	7	6	1	0	5	700	0	1	1	-10.8479	255	1	0.999599
2.30629	UL	230	6	0	1	3	1	0	1	348	0	1	0	-9.54803	255	1	1
2.30629	UL	230	6	0	1	3	1	0	1	348	0	1	0	-9.54803	255	1	1
2.3065	UL	230	6	0	4	3	1	0	2	656	3	1	0	-3.02548	255	0	0
2.30693	UL	230	6	0	7	6	1	0	5	700	0	1	1	-10.8717	255	1	0.999829
2.30693	UL	230	6	0	7	6	1	0	5	700	0	1	1	-10.8717	255	1	0.999829
2.30736	UL	230	7	0	1	4	1	0	1	466	0	1	0	-9.52739	255	1	1
2.30736	UL	230	7	0	1	4	1	0	1	466	0	1	0	-9.52739	255	1	1
2.30757	UL	230	7	0	5	3	1	0	2	656	3	1	0	-3.09056	255	0	0
2.30793	UL	230	7	0	8	5	1	0	5	583	0	1	1	-10.8717	255	1	0.999888
2.30793	UL	230	7	0	8	5	1	0	5	583	0	1	1	-10.8717	255	1	0.999888
2.30814	DL	230	8	0	1	1	1	0	3	436	6	1	0	3.15106	5	0	0
2.30821	DL	230	8	0	2	1	1	0	2	275	4	1	0	-1.02308	3	0	0
2.30843	UL	230	8	0	4	2	1	0	2	436	3	1	0	-3.02189	255	0	0
2.30857	UL	230	8	0	6	2	1	0	5	231	0	1	1	-10.7992	255	1	0.988294
2.30857	UL	230	8	0	6	2	1	0	5	231	0	1	1	-10.7992	255	1	0.988294
2.30893	UL	230	8	0	8	5	1	0	1	583	0	1	1	-9.52329	255	0	1.32733e-11
2.30893	UL	230	8	0	8	5	1	0	1	583	0	1	1	-9.52329	255	0	1.32733e-11
2.30914	DL	230	9	0	1	1	3	0	2	4030	28	1	0	27.2002	15	0	0
2.30979	UL	230	9	0	10	1	1	0	2	216	3	1	0	-3.06739	255	0	2.50119e-08
2.30993	UL	230	9	0	11	2	1	0	1	231	0	1	1	-9.56114	255	0	0.0007188
2.30993	UL	230	9	0	11	2	1	0	1	231	0	1	1	-9.56114	255	0	0.0007188
2.30993	UL	230	9	0	12	1	3	0	2	4030	28	1	0	25.2311	255	0	0
2.30993	UL	230	9	0	12	1	3	0	2	4030	28	1	0	25.2311	255	0	0
2.31071	UL	231	0	0	4	6	1	0	5	700	0	1	2	-10.7578	255	0	0
2.31071	UL	231	0	0	4	6	1	0	5	700	0	1	2	-10.7578	255	0	0
2.31093	UL	231	0	0	10	3	1	0	1	348	0	1	1	-9.51516	255	0	9.24089e-09
2.31093	UL	231	0	0	10	3	1	0	1	348	0	1	1	-9.51516	255	0	9.24089e-09
2.31093	UL	231	0	0	12	1	3	0	3	964	11	1	0	4.51712	255	0	2.29583e-06
2.31093	UL	231	0	0	12	1	3	0	3	964	11	1	0	4.51712	255	0	2.29583e-06
2.31171	UL	231	1	0	4	6	1	0	5	700	0	1	2	-10.7428	255	0	0
2.31171	UL	231	1	0	4	6	1	0	5	700	0	1	2	-10.7428	255	0	0
2.31193	UL	231	1	0	10	3	1	0	1	348	0	1	1	-9.51508	255	0	2.253e-09
2.31193	UL	231	1	0	10	3	1	0	1	348	0	1	1	-9.51508	255	0	2.253e-09
2.31264	UL	231	2	0	4	5	1	0	5	583	0	1	2	-10.7183	255	0	0
2.31264	UL	231	2	0	4	5	1	0	5	583	0	1	2	-10.7183	255	0	0
2.31293	UL	231	2	0	9	4	1	0	1	466	0	1	1	-9.53997	255	0	2.43208e-09
2.31293	UL	231	2	0	9	4	1	0	1	466	0	1	1	-9.53997	255	0	2.43208e-09
2.31379	UL	231	3	0	1	10	1	0	1	1169	0	1	0	-9.53819	255	1	1
2.31379	UL	231	3	0	1	10	1	0	1	1169	0	1	0	-9.53819	255	1	1
2.31393	UL	231	3	0	11	2	1	0	5	231	0	1	2	-10.7171	255	0	2.14909e-10
2.31393	UL	231	3	0	11	2	1	0	5	231	0	1	2	-10.7171	255	0	2.14909e-10
2.3145	UL	231	4	0	1	6	1	0	1	700	0	1	0	-9.55991	255	1	1
2.31493	UL	231	4	0	7	6	1	0	5	700	0	1	0	-10.6933	255	1	1
2.31493	UL	231	4	0	7	6	1	0	5	700	0	1	0	-10.6933	255	1	1
2.31514	DL	231	5	0	1	1	3	0	2	4030	28	1	0	27.1177	15	0	0
2.3155	UL	231	5	0	1	6	1	0	1	700	0	1	0	-9.53962	255	1	1
2.31593	UL	231	5	0	7	6	1	0	5	700	0	1	0	-10.7153	255	1	1
2.31593	UL	231	5	0	7	6	1	0	5	700	0	1	0	-10.7153	255	1	1
2.31593	UL	231	5	0	12	1	3	0	2	4030	28	1	0	25.0988	255	0	0
2.31593	UL	231	5	0	12	1	3	0	2	4030	28	1	0	25.0988	255	0	0
2.31643	UL	231	6	0	1	5	1	0	1	583	0	1	0	-9.58044	255	1	1
2.3165	UL	231	6	0	6	1	1	0	2	216	3	1	0	-3.06006	255	0	2.03427e-08
2.3165	UL	231	6	0	6	1	1	0	2	216	3	1	0	-3.06006	255	0	2.03427e-08
2.31657	UL	231	6	0	7	1	1	0	3	539	7	1	0	1.07223	255	0	5.07779e-09
2.31657	UL	231	6	0	7	1	1	0	3	539	7	1	0	1.07223	255	0	5.07779e-09
2.31693	UL	231	6	0	8	5	1	0	5	583	0	1	0	-10.6947	255	1	1
2.31693	UL	231	6	0	8	5	1	0	5	583	0	1	0	-10.6947	255	1	1
2.3175	UL	231	7	0	1	6	1	0	1	700	0	1	0	-9.55025	255	1	1
2.31786	UL	231	7	0	7	5	1	0	5	583	0	1	0	-10.7088	255	1	1
2.31786	UL	231	7	0	7	5	1	0	5	583	0	1	0	-10.7088	255	1	1
2.31793	UL	231	7	0	12	1	3	0	3	964	11	1	0	4.36115	255	0	0.00010577
2.31793	UL	231	7	0	12	1	3	0	3	964	11	1	0	4.36115	255	0	0.00010577
2.31821	UL	231	8	0	1	2	1	0	5	231	0	1	0	-10.7406	255	1	1
2.31821	UL	231	8	0	1	2	1	0	5	231	0	1	0	-10.7406	255	1	1
2.31893	UL	231	8	0	3	10	1	0	1	1169	0	1	1	-9.57499	255	0	2.94786e-12
2.31893	UL	231	8	0	3	10	1	0	1	1169	0	1	1	-9.57499	255	0	2.94786e-12
2.3195	UL	231	9	0	1	6	1	0	5	700	0	1	1	-10.7817	255	1	0.998769
2.3195	UL	231	9	0	1	6	1	0	5	700	0	1	1	-10.7817	255	1	0.998769
2.31993	UL	231	9	0	7	6	1	0	1	700	0	1	1	-9.55413	255	0	1.63702e-12
2.32043	UL	232	0	0	1	5	1	0	5	583	0	1	0	-10.7665	255	1	1
2.32043	UL	232	0	0	1	5	1	0	5	583	0	1	0	-10.7665	255	1	1
2.32086	UL	232	0	0	6	6	1	0	1	700	0	1	1	-9.51218	255	0	2.18714e-13
2.32114	DL	232	1	0	1	1	3	0	2	4030	28	1	0	27.2107	15	0	0
2.32114	UL	232	1	0	1	1	1	0	3	539	7	1	0	0.494344	255	0	0.160745
2.32114	UL	232	1	0	1	1	1	0	3	539	7	1	0	0.494344	255	0	0.160745
2.3215	UL	232	1	0	2	5	1	0	1	583	0	1	1	-9.50494	255	0	5.8803e-13
2.32193	UL	232	1	0	7	6	1	0	5	700	0	1	1	-10.7589	255	1	0.998764
2.32193	UL	232	1	0	7	6	1	0	5	700	0	1	1	-10.7589	255	1	0.998764
2.32214	UL	232	2	0	1	1	1	0	3	539	7	1	0	0.995732	255	0	1.85731e-07
2.32214	UL	232	2	0	1	1	1	0	3	539	7	1	0	0.995732	255	0	1.85731e-07
2.32257	UL	232	2	0	2	6	1	0	1	700	0	1	1	-9.4906	255	0	1.27676e-13
2.32293	UL	232	2	0	8	5	1	0	5	583	0	1	1	-10.7223	255	1	0.997657
2.32293	UL	232	2	0	8	5	1	0	5	583	0	1	1	-10.7223	255	1	0.997657
2.32321	UL	232	3	0	1	2	1	0	1	231	0	1	0	-9.44814	255	1	1
2.32336	UL	232	3	0	3	2	1	0	2	436	3	1	0	-2.95113	255	0	0
2.32336	UL	232	3	0	3	2	1	0	2	436	3	1	0	-2.95113	255	0	0
2.32343	UL	232	3	0	5	1	1	0	3	539	7	1	0	0.980155	255	0	3.74556e-07
2.32343	UL	232	3	0	5	1	1	0	3	539	7	1	0	0.980155	255	0	3.74556e-07
2.32357	UL	232	3	0	6	2	1	0	5	231	0	1	1	-10.7515	255	1	0.974278
2.32357	UL	232	3	0	6	2	1	0	5	231	0	1	1	-10.7515	255	1	0.974278
2.32379	UL	232	3	0	10	1	3	0	2	4030	28	1	0	25.3254	255	0	0
2.32379	UL	232	3	0	10	1	3	0	2	4030	28	1	0	25.3254	255	0	0
2.32386	UL	232	3	0	11	1	3	0	3	964	11	1	0	4.69428	255	0	7.11989e-09
2.32386	UL	232	3	0	11	1	3	0	3	964	11	1	0	4.69428	255	0	7.11989e-09
2.32393	UL	232	3	0	8	5	1	0	5	583	0	1	1	-10.8102	255	0	0.999202
2.32393	UL	232	3	0	8	5	1	0	5	583	0	1	1	-10.8102	255	0	0.999202
2.32429	UL	232	4	0	1	3	1	0	2	656	3	1	0	-2.92588	255	0	0
2.32429	UL	232	4	0	1	3	1	0	2	656	3	1	0	-2.92588	255	0	0
2.3245	UL	232	4	0	4	3	1	0	3	1620	7	1	0	0.979564	255	0	1.36976e-06
2.3245	UL	232	4	0	4	3	1	0	3	1620	7	1	0	0.979564	255	0	1.36976e-06
2.32493	UL	232	4	0	7	6	1	0	5	700	0	1	2	-10.7311	255	0	0
2.32493	UL	232	4	0	7	6	1	0	5	700	0	1	2	-10.7311	255	0	0
2.32557	UL	232	5	0	1	7	1	0	2	1533	3	1	0	-2.91706	255	0	0
2.32557	UL	232	5	0	1	7	1	0	2	1533	3	1	0	-2.91706	255	0	0
2.32593	UL	232	5	0	8	5	1	0	5	583	0	1	1	-10.6791	255	1	0.998213
2.32593	UL	232	5	0	8	5	1	0	5	583	0	1	1	-10.6791	255	1	0.998213
2.32629	UL	232	6	0	1	3	1	0	2	656	3	1	0	-2.943	255	0	0
2.32629	UL	232	6	0	1	3	1	0	2	656	3	1	0	-2.943	255	0	0
2.3265	UL	232	6	0	4	3	1	0	3	1316	6	1	0	0.981951	255	0	0
2.32693	UL	232	6	0	7	6	1	0	5	700	0	1	2	-10.6404	255	0	0
2.32693	UL	232	6	0	7	6	1	0	5	700	0	1	2	-10.6404	255	0	0
2.32736	UL	232	7	0	1	4	1	0	2	876	3	1	0	-2.92578	255	0	0
2.32736	UL	232	7	0	1	4	1	0	2	876	3	1	0	-2.92578	255	0	0
2.32757	UL	232	7	0	5	3	1	0	3	1620	7	1	0	1.01641	255	0	2.01086e-07
2.32793	UL	232	7	0	8	5	1	0	5	583	0	1	2	-10.6536	255	0	0
2.32793	UL	232	7	0	8	5	1	0	5	583	0	1	2	-10.6536	255	0	0
2.32814	DL	232	8	0	1	1	3	0	2	4030	28	1	0	27.3371	15	0	0
2.3285	UL	232	8	0	1	6	1	0	2	1316	3	1	0	-2.95815	255	0	0
2.3285	UL	232	8	0	1	6	1	0	2	1316	3	1	0	-2.95815	255	0	0
2.32864	UL	232	8	0	7	2	1	0	3	1081	7	1	0	1.01679	255	0	1.38491e-07
2.32879	UL	232	8	0	9	2	1	0	5	231	0	1	2	-10.6905	255	0	2.28166e-11
2.32879	UL	232	8	0	9	2	1	0	5	231	0	1	2	-10.6905	255	0	2.28166e-11
2.32886	UL	232	8	0	11	1	3	0	2	4030	28	1	0	25.3334	255	0	0
2.32886	UL	232	8	0	11	1	3	0	2	4030	28	1	0	25.3334	255	0	0
2.32893	UL	232	8	0	11	2	1	0	1	231	0	1	1	-9.39322	255	0	2.61989e-05
2.32893	UL	232	8	0	12	1	3	0	3	1081	12	1	0	4.78412	255	0	0.0228094
2.32893	UL	232	8	0	12	1	3	0	3	1081	12	1	0	4.78412	255	0	0.0228094
2.3295	UL	232	9	0	1	6	1	0	2	1316	3	1	0	-2.90206	255	0	0
2.3295	UL	232	9	0	1	6	1	0	2	1316	3	1	0	-2.90206	255	0	0
2.32993	UL	232	9	0	7	6	1	0	5	700	0	1	0	-10.643	255	1	1
2.32993	UL	232	9	0	7	6	1	0	5	700	0	1	0	-10.643	255	1	1
2.33057	UL	233	0	0	1	7	1	0	2	1533	3	1	0	-2.85345	255	0	0
2.33057	UL	233	0	0	1	7	1	0	2	1533	3	1	0	-2.85345	255	0	0
2.33093	UL	233	0	0	8	5	1	0	5	583	0	1	2	-10.6468	255	0	0
2.33093	UL	233	0	0	8	5	1	0	5	583	0	1	2	-10.6468	255	0	0
2.3315	UL	233	1	0	1	6	1	0	2	1316	3	1	0	-2.82842	255	0	0
2.3315	UL	233	1	0	1	6	1	0	2	1316	3	1	0	-2.82842	255	0	0
2.33193	UL	233	1	0	7	6	1	0	5	700	0	1	0	-10.6521	255	1	1
2.33193	UL	233	1	0	7	6	1	0	5	700	0	1	0	-10.6521	255	1	1
2.3325	UL	233	2	0	1	6	1	0	2	1316	3	1	0	-2.91876	255	0	0
2.3325	UL	233	2	0	1	6	1	0	2	1316	3	1	0	-2.91876	255	0	0
2.33293	UL	233	2	0	7	6	1	0	5	700	0	1	0	-10.6262	255	1	1
2.33293	UL	233	2	0	7	6	1	0	5	700	0	1	0	-10.6262	255	1	1
2.33314	DL	233	3	0	1	1	3	0	2	4030	28	1	0	27.2834	15	0	0
2.3335	UL	233	3	0	1	6	1	0	2	1316	3	1	0	-3.01274	255	0	0
2.33393	UL	233	3	0	7	6	1	0	5	700	0	1	0	-10.6955	255	1	1
2.33393	UL	233	3	0	7	6	1	0	5	700	0	1	0	-10.6955	255	1	1
2.33393	UL	233	3	0	12	1	3	0	2	4030	28	1	0	25.2299	255	0	0
2.33393	UL	233	3	0	12	1	3	0	2	4030	28	1	0	25.2299	255	0	0
2.3345	UL	233	4	0	1	6	1	0	2	1316	3	1	0	-2.9071	255	0	0
2.33493	UL	233	4	0	7	6	1	0	5	700	0	1	1	-10.7552	255	1	0.996819
2.33493	UL	233	4	0	7	6	1	0	5	700	0	1	1	-10.7552	255	1	0.996819
2.33493	UL	233	4	0	11	2	3	0	3	2163	12	1	0	4.79807	255	0	0.0262826
2.33493	UL	233	4	0	11	2	3	0	3	2163	12	1	0	4.79807	255	0	0.0262826
2.3355	UL	233	5	0	1	6	1	0	2	1664	4	1	0	-2.90396	255	0	0.0117481
2.33593	UL	233	5	0	7	6	1	0	5	700	0	1	0	-10.6799	255	1	1
2.33593	UL	233	5	0	7	6	1	0	5	700	0	1	0	-10.6799	255	1	1
2.33614	DL	233	6	0	1	1	1	0	3	641	8	1	0	3.04874	5	0	0
2.33621	DL	233	6	0	2	1	1	0	2	275	4	1	0	-0.95752	3	0	0
2.33629	DL	233	6	0	3	1	1	0	1	114	0	1	0	-7.28248	0	1	0.787188
2.33643	UL	233	6	0	4	2	1	0	2	553	4	1	0	-2.96211	255	0	0.0130827
2.33686	UL	233	6	0	6	6	1	0	5	700	0	1	1	-10.685	255	1	0.994273
2.33686	UL	233	6	0	6	6	1	0	5	700	0	1	1	-10.685	255	1	0.994273
2.33714	DL	233	7	0	1	1	1	0	2	275	4	1	0	-0.950216	3	0	0
2.33721	DL	233	7	0	2	1	1	0	1	114	0	1	0	-7.3004	0	1	0.801951
2.33793	UL	233	7	0	7	6	1	0	5	700	0	1	1	-10.7003	255	1	0.99382
2.33793	UL	233	7	0	7	6	1	0	5	700	0	1	1	-10.7003	255	1	0.99382
2.33893	UL	233	8	0	7	6	1	0	5	700	0	1	1	-10.6814	255	1	0.995921
2.33893	UL	233	8	0	7	6	1	0	5	700	0	1	1	-10.6814	255	1	0.995921
2.33914	DL	233	9	0	1	1	3	0	2	4030	28	1	0	27.4313	15	0	0
2.33993	UL	233	9	0	7	6	1	0	5	700	0	1	2	-10.6864	255	0	0
2.33993	UL	233	9	0	7	6	1	0	5	700	0	1	2	-10.6864	255	0	0
2.33993	UL	233	9	0	12	1	3	0	2	4030	28	1	0	25.3267	255	0	0
2.33993	UL	233	9	0	12	1	3	0	2	4030	28	1	0	25.3267	255	0	0
2.34093	UL	234	0	0	7	6	1	0	5	700	0	1	1	-10.7034	255	1	0.996161
2.34093	UL	234	0	0	7	6	1	0	5	700	0	1	1	-10.7034	255	1	0.996161
2.34093	UL	234	0	0	12	1	3	0	3	1081	12	1	0	4.80193	255	0	0.0163754
2.34093	UL	234	0	0	12	1	3	0	3	1081	12	1	0	4.80193	255	0	0.0163754
2.34114	DL	234	1	0	1	1	1	0	1	114	0	1	1	-7.34084	0	0	0
2.34193	UL	234	1	0	7	6	1	0	5	700	0	1	2	-10.6749	255	0	0
2.34193	UL	234	1	0	7	6	1	0	5	700	0	1	2	-10.6749	255	0	0
2.34214	DL	234	2	0	1	1	1	0	1	114	0	1	1	-7.26813	0	0	0
2.34293	UL	234	2	0	7	6	1	0	5	700	0	1	2	-10.6784	255	0	0
2.34293	UL	234	2	0	7	6	1	0	5	700	0	1	2	-10.6784	255	0	0
2.34393	UL	234	3	0	7	6	1	0	5	700	0	1	2	-10.7058	255	0	0
2.34393	UL	234	3	0	7	6	1	0	5	700	0	1	2	-10.7058	255	0	0
2.34479	UL	234	4	0	10	1	1	0	2	216	3	1	0	-2.9412	255	0	7.34898e-10
2.34479	UL	234	4	0	10	1	1	0	2	216	3	1	0	-2.9412	255	0	7.34898e-10
2.34486	UL	234	4	0	11	1	1	0	3	539	7	1	0	0.963851	255	0	7.06713e-07
2.34486	UL	234	4	0	11	1	1	0	3	539	7	1	0	0.963851	255	0	7.06713e-07
2.34493	UL	234	4	0	12	1	1	0	5	114	0	1	0	-10.7511	255	1	1
2.34493	UL	234	4	0	12	1	1	0	5	114	0	1	0	-10.7511	255	1	1
2.34514	DL	234	5	0	1	1	3	0	2	4030	28	1	0	27.5348	15	0	0
2.34593	UL	234	5	0	7	6	1	0	5	700	0	1	2	-10.7644	255	0	0
2.34593	UL	234	5	0	7	6	1	0	5	700	0	1	2	-10.7644	255	0	0
2.34593	UL	234	5	0	12	1	3	0	2	4030	28	1	0	25.4083	255	0	0
2.34593	UL	234	5	0	12	1	3	0	2	4030	28	1	0	25.4083	255	0	0
2.34693	UL	234	6	0	1	12	1	0	5	1404	0	1	0	-10.7602	255	1	1
2.34693	UL	234	6	0	1	12	1	0	5	1404	0	1	0	-10.7602	255	1	1
2.34793	UL	234	7	0	1	12	1	0	5	1404	0	1	0	-10.7865	255	1	1
2.34793	UL	234	7	0	1	12	1	0	5	1404	0	1	0	-10.7865	255	1	1
2.34793	UL	234	7	0	12	1	3	0	3	1081	12	1	0	4.92628	255	0	0.00102635
2.34793	UL	234	7	0	12	1	3	0	3	1081	12	1	0	4.92628	255	0	0.00102635
2.34893	UL	234	8	0	1	12	1	0	5	1404	0	1	0	-10.7573	255	1	1
2.34914	UL	234	9	0	1	1	1	0	1	114	0	1	0	-9.39327	255	1	1
2.34914	UL	234	9	0	1	1	1	0	1	114	0	1	0	-9.39327	255	1	1
2.3495	UL	234	9	0	2	5	1	0	2	1096	3	1	0	-2.91312	255	0	0
2.3495	UL	234	9	0	2	5	1	0	2	1096	3	1	0	-2.91312	255	0	0
2.34986	UL	234	9	0	7	5	1	0	3	2702	7	1	0	0.902164	255	0	3.05662e-05
2.34986	UL	234	9	0	7	5	1	0	3	2702	7	1	0	0.902164	255	0	3.05662e-05
2.34993	UL	234	9	0	12	1	1	0	5	114	0	1	1	-10.7444	255	1	0.951708
2.34993	UL	234	9	0	12	1	1	0	5	114	0	1	1	-10.7444	255	1	0.951708
2.35036	UL	235	0	0	1	4	1	0	2	876	3	1	0	-2.99196	255	0	0
2.35036	UL	235	0	0	1	4	1	0	2	876	3	1	0	-2.99196	255	0	0
2.35057	UL	235	0	0	5	3	1	0	3	1620	7	1	0	0.855178	255	0	9.36282e-05
2.35057	UL	235	0	0	5	3	1	0	3	1620	7	1	0	0.855178	255	0	9.36282e-05
2.35093	UL	235	0	0	8	5	1	0	5	583	0	1	0	-10.7854	255	1	1
2.35114	DL	235	1	0	1	1	3	0	2	4030	28	1	0	26.8163	15	0	0
2.35193	UL	235	1	0	1	12	1	0	5	1404	0	1	1	-10.8298	255	1	1
2.35193	UL	235	1	0	1	12	1	0	5	1404	0	1	1	-10.8298	255	1	1
2.35193	UL	235	1	0	12	1	3	0	2	4030	28	1	0	25.3525	255	0	0
2.35193	UL	235	1	0	12	1	3	0	2	4030	28	1	0	25.3525	255	0	0
2.35293	UL	235	2	0	1	12	1	0	5	1404	0	1	1	-10.8372	255	1	1
2.35293	UL	235	2	0	1	12	1	0	5	1404	0	1	1	-10.8372	255	1	1
2.35393	UL	235	3	0	1	12	1	0	5	1404	0	1	1	-10.8341	255	1	1
2.35393	UL	235	3	0	12	1	3	0	3	1081	12	1	0	4.96121	255	0	0.000415029
2.35393	UL	235	3	0	12	1	3	0	3	1081	12	1	0	4.96121	255	0	0.000415029
2.35457	UL	235	4	0	1	7	1	0	2	1533	3	1	0	-2.80957	255	0	0
2.35457	UL	235	4	0	1	7	1	0	2	1533	3	1	0	-2.80957	255	0	0
2.35479	UL	235	4	0	8	3	1	0	3	1620	7	1	0	0.83028	255	0	0.000197324
2.35486	UL	235	4	0	11	1	1	0	5	114	0	1	2	-10.8472	255	0	5.61461e-06
2.35486	UL	235	4	0	11	1	1	0	5	114	0	1	2	-10.8472	255	0	5.61461e-06
2.35493	UL	235	4	0	12	1	1	0	1	114	0	1	1	-9.378	255	0	0.00433839
2.35493	UL	235	4	0	12	1	1	0	1	114	0	1	1	-9.378	255	0	0.00433839
2.35557	UL	235	5	0	1	7	1	0	2	1533	3	1	0	-2.84672	255	0	0
2.35557	UL	235	5	0	1	7	1	0	2	1533	3	1	0	-2.84672	255	0	0
2.35593	UL	235	5	0	8	5	1	0	5	583	0	1	1	-10.8612	255	1	0.999816
2.35686	UL	235	6	0	1	11	1	0	2	2409	3	1	0	-2.85983	255	0	0
2.35686	UL	235	6	0	1	11	1	0	2	2409	3	1	0	-2.85983	255	0	0
2.35714	DL	235	7	0	1	1	3	0	2	4030	28	1	0	26.7519	15	0	0
2.35793	UL	235	7	0	1	12	1	0	5	1404	0	1	2	-10.9423	255	0	0
2.35793	UL	235	7	0	1	12	1	0	5	1404	0	1	2	-10.9423	255	0	0
2.35793	UL	235	7	0	12	1	3	0	2	4030	28	1	0	25.2895	255	0	0
2.35793	UL	235	7	0	12	1	3	0	2	4030	28	1	0	25.2895	255	0	0
2.35893	UL	235	8	0	1	12	1	0	5	1404	0	1	2	-10.8764	255	0	0
2.35986	UL	235	9	0	1	11	1	0	2	3054	4	1	0	-2.93026	255	0	0.00797212
2.35986	UL	235	9	0	1	11	1	0	2	3054	4	1	0	-2.93026	255	0	0.00797212
2.35993	UL	235	9	0	12	1	3	0	3	1081	12	1	0	4.96413	255	0	0.000387383
2.35993	UL	235	9	0	12	1	3	0	3	1081	12	1	0	4.96413	255	0	0.000387383
2.35993	UL	235	9	0	12	1	1	0	5	114	0	1	0	-10.9969	255	1	1
2.35993	UL	235	9	0	12	1	1	0	5	114	0	1	0	-10.9969	255	1	1
2.36036	UL	236	0	0	1	4	1	0	1	466	0	1	0	-9.40424	255	1	1
2.36036	UL	236	0	0	1	4	1	0	1	466	0	1	0	-9.40424	255	1	1
2.36057	UL	236	0	0	5	3	1	0	2	832	4	1	0	-2.95376	255	0	0.0785395
2.36093	UL	236	0	0	8	5	1	0	5	583	0	1	2	-10.9073	255	0	0
2.3615	UL	236	1	0	1	6	1	0	1	700	0	1	0	-9.40951	255	1	1
2.3615	UL	236	1	0	1	6	1	0	1	700	0	1	0	-9.40951	255	1	1
2.36193	UL	236	1	0	7	6	1	0	2	1664	4	1	0	-2.9683	255	0	0.0457034
2.36257	UL	236	2	0	1	7	1	0	1	817	0	1	0	-9.40931	255	1	1
2.36257	UL	236	2	0	1	7	1	0	1	817	0	1	0	-9.40931	255	1	1
2.36293	UL	236	2	0	8	5	1	0	2	1389	4	1	0	-2.95066	255	0	0.0213851
2.36314	DL	236	3	0	1	1	3	0	2	4030	28	1	0	27.3378	15	0	0
2.3635	UL	236	3	0	1	6	1	0	1	700	0	1	0	-9.40985	255	1	1
2.3635	UL	236	3	0	1	6	1	0	1	700	0	1	0	-9.40985	255	1	1
2.36393	UL	236	3	0	7	6	1	0	5	700	0	1	0	-10.8105	255	1	1
2.36393	UL	236	3	0	7	6	1	0	5	700	0	1	0	-10.8105	255	1	1
2.36393	UL	236	3	0	12	1	3	0	2	4030	28	1	0	25.3109	255	0	0
2.36393	UL	236	3	0	12	1	3	0	2	4030	28	1	0	25.3109	255	0	0
2.36486	UL	236	4	0	1	11	1	0	1	1286	0	1	0	-9.39329	255	1	1
2.36486	UL	236	4	0	1	11	1	0	1	1286	0	1	0	-9.39329	255	1	1
2.36493	UL	236	4	0	12	1	1	0	5	114	0	1	1	-10.8905	255	1	0.983224
2.36493	UL	236	4	0	12	1	1	0	5	114	0	1	1	-10.8905	255	1	0.983224
2.36564	UL	236	5	0	1	8	1	0	5	935	0	1	0	-10.7627	255	1	1
2.36564	UL	236	5	0	1	8	1	0	5	935	0	1	0	-10.7627	255	1	1
2.36593	UL	236	5	0	9	4	1	0	1	466	0	1	1	-9.4505	255	0	1.77258e-11
2.36593	UL	236	5	0	9	4	1	0	1	466	0	1	1	-9.4505	255	0	1.77258e-11
2.36593	UL	236	5	0	11	2	3	0	3	2163	12	1	0	4.89244	255	0	0.00348563
2.36593	UL	236	5	0	11	2	3	0	3	2163	12	1	0	4.89244	255	0	0.00348563
2.3665	UL	236	6	0	1	6	1	0	5	700	0	1	0	-10.7646	255	1	1
2.3665	UL	236	6	0	1	6	1	0	5	700	0	1	0	-10.7646	255	1	1
2.36693	UL	236	6	0	7	6	1	0	1	700	0	1	1	-9.40716	255	0	5.55112e-17
2.36693	UL	236	6	0	7	6	1	0	1	700	0	1	1	-9.40716	255	0	5.55112e-17
2.36743	UL	236	7	0	1	5	1	0	5	583	0	1	0	-10.7575	255	1	1
2.36743	UL	236	7	0	1	5	1	0	5	583	0	1	0	-10.7575	255	1	1
2.36793	UL	236	7	0	6	7	1	0	1	817	0	1	1	-9.41507	255	0	1.4392e-11
2.36793	UL	236	7	0	6	7	1	0	1	817	0	1	1	-9.41507	255	0	1.4392e-11
2.3685	UL	236	8	0	1	6	1	0	5	700	0	1	1	-10.7328	255	1	0.99934
2.3685	UL	236	8	0	1	6	1	0	5	700	0	1	1	-10.7328	255	1	0.99934
2.36893	UL	236	8	0	7	6	1	0	1	700	0	1	1	-9.42489	255	0	1.11022e-16
2.36893	UL	236	8	0	7	6	1	0	1	700	0	1	1	-9.42489	255	0	1.11022e-16
2.36914	DL	236	9	0	1	1	3	0	2	4030	28	1	0	26.8616	15	0	0
2.36914	UL	236	9	0	1	1	1	0	5	114	0	1	2	-11.101	255	0	0.000130454
2.36914	UL	236	9	0	1	1	1	0	5	114	0	1	2	-11.101	255	0	0.000130454
2.36993	UL	236	9	0	2	11	1	0	1	1286	0	1	1	-9.43911	255	0	2.22045e-16
2.36993	UL	236	9	0	2	11	1	0	1	1286	0	1	1	-9.43911	255	0	2.22045e-16
2.36993	UL	236	9	0	12	1	3	0	2	4030	28	1	0	25.5512	255	0	0
2.36993	UL	236	9	0	12	1	3	0	2	4030	28	1	0	25.5512	255	0	0
2.37036	UL	237	0	0	1	4	1	0	1	466	0	1	0	-9.46462	255	1	1
2.37036	UL	237	0	0	1	4	1	0	1	466	0	1	0	-9.46462	255	1	1
2.37093	UL	237	0	0	5	8	1	0	5	935	0	1	1	-10.804	255	1	0.999994
2.37093	UL	237	0	0	5	8	1	0	5	935	0	1	1	-10.804	255	1	0.999994
2.37114	DL	237	1	0	1	1	1	0	3	641	8	1	0	2.88335	5	0	5.55112e-17
2.37143	UL	237	1	0	2	4	1	0	1	466	0	1	0	-9.44254	255	1	1
2.37186	UL	237	1	0	6	6	1	0	5	700	0	1	1	-10.7904	255	1	0.999451
2.37186	UL	237	1	0	6	6	1	0	5	700	0	1	1	-10.7904	255	1	0.999451
2.37193	UL	237	1	0	12	1	3	0	3	1081	12	1	0	4.79598	255	0	0.0180649
2.37193	UL	237	1	0	12	1	3	0	3	1081	12	1	0	4.79598	255	0	0.0180649
2.37214	DL	237	2	0	1	1	1	0	2	275	4	1	0	-1.09359	3	0	0
2.37257	UL	237	2	0	4	4	1	0	1	466	0	1	0	-9.43611	255	1	1
2.37293	UL	237	2	0	8	5	1	0	5	583	0	1	1	-10.8051	255	1	0.99948
2.37293	UL	237	2	0	8	5	1	0	5	583	0	1	1	-10.8051	255	1	0.99948
2.3735	UL	237	3	0	3	4	1	0	1	466	0	1	0	-9.42534	255	1	1
2.37393	UL	237	3	0	7	6	1	0	5	700	0	1	2	-10.779	255	0	0
2.37393	UL	237	3	0	7	6	1	0	5	700	0	1	2	-10.779	255	0	0
2.37436	UL	237	4	0	1	4	1	0	1	466	0	1	0	-9.4515	255	1	1
2.37493	UL	237	4	0	5	8	1	0	5	935	0	1	0	-10.7662	255	0	0
2.37493	UL	237	4	0	5	8	1	0	5	935	0	1	0	-10.7662	255	0	0
2.37514	DL	237	5	0	1	1	3	0	2	4030	28	1	0	26.9096	15	0	0
2.37564	UL	237	5	0	1	8	1	0	5	935	0	1	2	-10.7703	255	0	0
2.37564	UL	237	5	0	1	8	1	0	5	935	0	1	2	-10.7703	255	0	0
2.37593	UL	237	5	0	9	4	1	0	1	466	0	1	1	-9.46923	255	0	1.29946e-10
2.37593	UL	237	5	0	9	4	1	0	1	466	0	1	1	-9.46923	255	0	1.29946e-10
2.37593	UL	237	5	0	11	2	3	0	2	8060	28	1	0	25.5684	255	0	0
2.37593	UL	237	5	0	11	2	3	0	2	8060	28	1	0	25.5684	255	0	0
2.37614	DL	237	6	0	1	1	1	0	1	114	0	1	0	-7.42565	0	1	0.875207
2.37664	UL	237	6	0	3	6	1	0	5	700	0	1	2	-10.7345	255	0	0
2.37664	UL	237	6	0	3	6	1	0	5	700	0	1	2	-10.7345	255	0	0
2.37693	UL	237	6	0	9	4	1	0	1	466	0	1	1	-9.44066	255	0	3.89903e-11
2.37764	UL	237	7	0	4	5	1	0	5	583	0	1	2	-10.7121	255	0	0
2.37764	UL	237	7	0	4	5	1	0	5	583	0	1	2	-10.7121	255	0	0
2.37793	UL	237	7	0	9	4	1	0	1	466	0	1	1	-9.43196	255	0	2.63934e-11
2.37793	UL	237	7	0	12	1	3	0	3	1081	12	1	0	4.7963	255	0	0.0179667
2.37793	UL	237	7	0	12	1	3	0	3	1081	12	1	0	4.7963	255	0	0.0179667
2.37864	UL	237	8	0	4	5	1	0	5	583	0	1	0	-10.7394	255	1	1
2.37864	UL	237	8	0	4	5	1	0	5	583	0	1	0	-10.7394	255	1	1
2.37893	UL	237	8	0	9	4	1	0	1	466	0	1	1	-9.39183	255	0	6.95782e-12
2.37914	UL	237	9	0	1	1	1	0	3	539	7	1	0	0.799828	255	0	0.000338484
2.37914	UL	237	9	0	1	1	1	0	3	539	7	1	0	0.799828	255	0	0.000338484
2.37964	UL	237	9	0	2	7	1	0	5	817	0	1	0	-10.7675	255	1	1
2.37964	UL	237	9	0	2	7	1	0	5	817	0	1	0	-10.7675	255	1	1
2.37993	UL	237	9	0	9	4	1	0	1	466	0	1	1	-9.32893	255	0	2.51998e-12
2.38036	UL	238	0	0	1	4	1	0	1	466	0	1	0	-9.36824	255	1	1
2.38043	UL	238	0	0	5	1	1	0	2	216	3	1	0	-2.91056	255	0	3.24588e-10
2.38043	UL	238	0	0	5	1	1	0	2	216	3	1	0	-2.91056	255	0	3.24588e-10
2.38093	UL	238	0	0	6	7	1	0	5	817	0	1	0	-10.7155	255	1	1
2.38093	UL	238	0	0	6	7	1	0	5	817	0	1	0	-10.7155	255	1	1
2.38114	DL	238	1	0	1	1	3	0	2	4030	28	1	0	26.8598	15	0	0
2.38193	UL	238	1	0	1	12	1	0	5	1404	0	1	0	-10.7452	255	1	1
2.38286	UL	238	2	0	1	11	1	0	5	1286	0	1	0	-10.7538	255	1	1
2.38286	UL	238	2	0	1	11	1	0	5	1286	0	1	0	-10.7538	255	1	1
2.38314	DL	238	3	0	1	1	1	0	1	114	0	1	1	-7.35345	0	0	0
2.38393	UL	238	3	0	8	5	1	0	5	583	0	1	1	-10.7193	255	1	0.998232
2.38393	UL	238	3	0	8	5	1	0	5	583	0	1	1	-10.7193	255	1	0.998232
2.38393	UL	238	3	0	12	1	3	0	2	4030	28	1	0	25.4702	255	0	0
2.38393	UL	238	3	0	12	1	3	0	2	4030	28	1	0	25.4702	255	0	0
2.38443	UL	238	4	0	1	5	1	0	3	2702	7	1	0	0.783394	255	0	0.00218242
2.38443	UL	238	4	0	1	5	1	0	3	2702	7	1	0	0.783394	255	0	0.00218242
2.38493	UL	238	4	0	6	7	1	0	5	817	0	1	1	-10.7189	255	1	0.999977
2.38493	UL	238	4	0	6	7	1	0	5	817	0	1	1	-10.7189	255	1	0.999977
2.38493	UL	238	4	0	12	1	3	0	3	1081	12	1	0	4.7996	255	0	0.0168062
2.38493	UL	238	4	0	12	1	3	0	3	1081	12	1	0	4.7996	255	0	0.0168062
2.38514	UL	238	5	0	1	1	1	0	3	539	7	1	0	0.801113	255	0	0.000368714
2.38514	UL	238	5	0	1	1	1	0	3	539	7	1	0	0.801113	255	0	0.000368714
2.38564	UL	238	5	0	2	7	1	0	5	817	0	1	1	-10.6878	255	1	0.999914
2.38564	UL	238	5	0	2	7	1	0	5	817	0	1	1	-10.6878	255	1	0.999914
2.38593	UL	238	5	0	9	4	1	0	1	466	0	1	1	-9.31072	255	0	1.74805e-13
2.38693	UL	238	6	0	1	12	1	0	5	1404	0	1	1	-10.7331	255	1	0.999998
2.38714	UL	238	7	0	1	1	1	0	3	539	7	1	0	0.796576	255	0	0.000425289
2.38714	UL	238	7	0	1	1	1	0	3	539	7	1	0	0.796576	255	0	0.000425289
2.38793	UL	238	7	0	2	11	1	0	5	1286	0	1	1	-10.7965	255	1	1
2.38793	UL	238	7	0	2	11	1	0	5	1286	0	1	1	-10.7965	255	1	1
2.38836	UL	238	8	0	1	4	1	0	2	876	3	1	0	-2.88541	255	0	0
2.38836	UL	238	8	0	1	4	1	0	2	876	3	1	0	-2.88541	255	0	0
2.38857	UL	238	8	0	5	3	1	0	3	1620	7	1	0	0.82807	255	0	0.000594874
2.38857	UL	238	8	0	5	3	1	0	3	1620	7	1	0	0.82807	255	0	0.000594874
2.38893	UL	238	8	0	8	5	1	0	5	583	0	1	2	-10.7601	255	0	0
2.38893	UL	238	8	0	8	5	1	0	5	583	0	1	2	-10.7601	255	0	0
2.38914	DL	238	9	0	1	1	3	0	2	4030	28	1	0	27.4264	15	0	0
2.38921	UL	238	9	0	1	2	1	0	2	436	3	1	0	-3.08176	255	0	0
2.38921	UL	238	9	0	1	2	1	0	2	436	3	1	0	-3.08176	255	0	0
2.38943	UL	238	9	0	3	3	1	0	3	1620	7	1	0	0.813669	255	0	0.000851511
2.38993	UL	238	9	0	6	7	1	0	5	817	0	1	2	-10.8112	255	0	0
2.38993	UL	238	9	0	6	7	1	0	5	817	0	1	2	-10.8112	255	0	0
2.38993	UL	238	9	0	12	1	3	0	2	4030	28	1	0	25.3218	255	0	0
2.38993	UL	238	9	0	12	1	3	0	2	4030	28	1	0	25.3218	255	0	0
2.39021	UL	239	0	0	1	2	1	0	2	436	3	1	0	-2.90422	255	0	0
2.39021	UL	239	0	0	1	2	1	0	2	436	3	1	0	-2.90422	255	0	0
2.39043	UL	239	0	0	3	3	1	0	3	1620	7	1	0	0.827906	255	0	0.000552179
2.39093	UL	239	0	0	6	7	1	0	5	817	0	1	2	-10.779	255	0	0
2.39093	UL	239	0	0	6	7	1	0	5	817	0	1	2	-10.779	255	0	0
2.39093	UL	239	0	0	12	1	3	0	3	1081	12	1	0	4.70428	255	0	0.084419
2.39093	UL	239	0	0	12	1	3	0	3	1081	12	1	0	4.70428	255	0	0.084419
2.39193	UL	239	1	0	1	12	1	0	5	1404	0	1	2	-10.7807	255	0	0
2.39214	UL	239	2	0	1	1	1	0	3	539	7	1	0	0.804013	255	0	0.000341035
2.39293	UL	239	2	0	2	11	1	0	5	1286	0	1	2	-10.7992	255	0	0
2.39293	UL	239	2	0	2	11	1	0	5	1286	0	1	2	-10.7992	255	0	0
2.39314	UL	239	3	0	1	1	1	0	1	114	0	1	0	-9.41841	255	1	1
2.39314	UL	239	3	0	1	1	1	0	1	114	0	1	0	-9.41841	255	1	1
2.39386	UL	239	3	0	2	10	1	0	2	2192	3	1	0	-2.88365	255	0	0
2.39386	UL	239	3	0	2	10	1	0	2	2192	3	1	0	-2.88365	255	0	0
2.39393	UL	239	3	0	12	1	1	0	5	114	0	1	0	-10.7893	255	1	1
2.39393	UL	239	3	0	12	1	1	0	5	114	0	1	0	-10.7893	255	1	1
2.39479	UL	239	4	0	1	10	1	0	2	2192	3	1	0	-2.83804	255	0	0
2.39479	UL	239	4	0	1	10	1	0	2	2192	3	1	0	-2.83804	255	0	0
2.39493	UL	239	4	0	11	2	1	0	5	231	0	1	0	-10.7894	255	1	1
2.39493	UL	239	4	0	11	2	1	0	5	231	0	1	0	-10.7894	255	1	1
2.39514	DL	239	5	0	1	1	3	0	2	4030	28	1	0	27.4091	15	0	0
2.3955	UL	239	5	0	1	6	1	0	2	1316	3	1	0	-2.89537	255	0	0
2.3955	UL	239	5	0	1	6	1	0	2	1316	3	1	0	-2.89537	255	0	0
2.39593	UL	239	5	0	7	6	1	0	5	700	0	1	0	-10.7766	255	1	1
2.39593	UL	239	5	0	7	6	1	0	5	700	0	1	0	-10.7766	255	1	1
2.39593	UL	239	5	0	11	2	3	0	2	8060	28	1	0	25.2986	255	0	0
2.39593	UL	239	5	0	11	2	3	0	2	8060	28	1	0	25.2986	255	0	0
2.3965	UL	239	6	0	1	6	1	0	2	1316	3	1	0	-2.86521	255	0	0
2.3965	UL	239	6	0	1	6	1	0	2	1316	3	1	0	-2.86521	255	0	0
2.39693	UL	239	6	0	7	6	1	0	5	700	0	1	0	-10.744	255	1	1
2.39693	UL	239	6	0	7	6	1	0	5	700	0	1	0	-10.744	255	1	1
2.39693	UL	239	6	0	12	1	3	0	3	1081	12	1	0	4.83467	255	0	0.00831455
2.39693	UL	239	6	0	12	1	3	0	3	1081	12	1	0	4.83467	255	0	0.00831455
2.3975	UL	239	7	0	1	6	1	0	2	1316	3	1	0	-2.81472	255	0	0
2.39786	UL	239	7	0	7	5	1	0	5	583	0	1	0	-10.721	255	1	1
2.39786	UL	239	7	0	7	5	1	0	5	583	0	1	0	-10.721	255	1	1
2.39879	UL	239	8	0	1	10	1	0	2	2192	3	1	0	-2.82732	255	0	0
2.39886	UL	239	8	0	11	1	1	0	5	114	0	1	1	-10.7564	255	1	0.956217
2.39886	UL	239	8	0	11	1	1	0	5	114	0	1	1	-10.7564	255	1	0.956217
2.39893	UL	239	8	0	12	1	1	0	1	114	0	1	1	-9.53136	255	0	0.0111218
2.39893	UL	239	8	0	12	1	1	0	1	114	0	1	1	-9.53136	255	0	0.0111218
2.39979	UL	239	9	0	1	10	1	0	2	2775	4	1	0	-2.81258	255	0	0.00167091
2.39993	UL	239	9	0	11	2	1	0	5	231	0	1	1	-10.8078	255	1	0.981538
2.39993	UL	239	9	0	11	2	1	0	5	231	0	1	1	-10.8078	255	1	0.981538
2.40043	UL	240	0	0	1	5	1	0	2	1096	3	1	0	-2.91781	255	0	0
2.40086	UL	240	0	0	6	6	1	0	5	700	0	1	1	-10.8136	255	1	0.99955
2.40086	UL	240	0	0	6	6	1	0	5	700	0	1	1	-10.8136	255	1	0.99955
2.40114	DL	240	1	0	1	1	1	0	3	641	8	1	0	-4.96128	2	1	1
2.40114	DL	240	1	0	1	1	3	0	2	4030	28	1	0	27.3787	15	0	0
2.40129	DL	240	1	0	2	2	1	0	2	553	4	1	0	-0.929421	3	0	0
2.40193	UL	240	1	0	7	6	1	0	5	700	0	1	1	-10.8101	255	1	0.999338
2.40193	UL	240	1	0	7	6	1	0	5	700	0	1	1	-10.8101	255	1	0.999338
2.40193	UL	240	1	0	12	1	3	0	2	4030	28	1	0	25.2725	255	0	0
2.40193	UL	240	1	0	12	1	3	0	2	4030	28	1	0	25.2725	255	0	0
2.40293	UL	240	2	0	8	5	1	0	5	583	0	1	1	-10.813	255	1	0.999175
2.40293	UL	240	2	0	8	5	1	0	5	583	0	1	1	-10.813	255	1	0.999175
2.40293	UL	240	2	0	11	2	3	0	3	2163	12	1	0	4.83222	255	0	0.0130388
2.40293	UL	240	2	0	11	2	3	0	3	2163	12	1	0	4.83222	255	0	0.0130388
2.40393	UL	240	3	0	12	1	1	0	5	114	0	1	2	-10.8055	255	0	5.46875e-06
2.40393	UL	240	3	0	12	1	1	0	5	114	0	1	2	-10.8055	255	0	5.46875e-06
2.40479	UL	240	4	0	1	10	1	0	1	1169	0	1	0	-9.56039	255	1	1
2.40479	UL	240	4	0	1	10	1	0	1	1169	0	1	0	-9.56039	255	1	1
2.40493	UL	240	4	0	11	2	1	0	5	231	0	1	2	-10.7371	255	0	8.55314e-11
2.40493	UL	240	4	0	11	2	1	0	5	231	0	1	2	-10.7371	255	0	8.55314e-11
2.4055	UL	240	5	0	1	6	1	0	1	700	0	1	0	-9.5636	255	1	1
2.4055	UL	240	5	0	1	6	1	0	1	700	0	1	0	-9.5636	255	1	1
2.40593	UL	240	5	0	7	6	1	0	5	700	0	1	2	-10.7277	255	0	0
2.40593	UL	240	5	0	7	6	1	0	5	700	0	1	2	-10.7277	255	0	0
2.4065	UL	240	6	0	1	6	1	0	1	700	0	1	0	-9.58485	255	1	1
2.4065	UL	240	6	0	1	6	1	0	1	700	0	1	0	-9.58485	255	1	1
2.40693	UL	240	6	0	7	6	1	0	5	700	0	1	2	-10.7374	255	0	0
2.40693	UL	240	6	0	7	6	1	0	5	700	0	1	2	-10.7374	255	0	0
2.40714	DL	240	7	0	1	1	3	0	2	4030	28	1	0	27.2694	15	0	0
2.40757	UL	240	7	0	1	7	1	0	1	817	0	1	0	-9.63455	255	1	1
2.40757	UL	240	7	0	1	7	1	0	1	817	0	1	0	-9.63455	255	1	1
2.40793	UL	240	7	0	8	5	1	0	5	583	0	1	2	-10.7213	255	0	0
2.40793	UL	240	7	0	8	5	1	0	5	583	0	1	2	-10.7213	255	0	0
2.40886	UL	240	8	0	1	11	1	0	1	1286	0	1	0	-9.60888	255	1	1
2.40886	UL	240	8	0	1	11	1	0	1	1286	0	1	0	-9.60888	255	1	1
2.40893	UL	240	8	0	12	1	3	0	3	1081	12	1	0	4.78917	255	0	0.0205717
2.40893	UL	240	8	0	12	1	3	0	3	1081	12	1	0	4.78917	255	0	0.0205717
2.40893	UL	240	8	0	12	1	1	0	5	114	0	1	0	-10.7878	255	1	1
2.40893	UL	240	8	0	12	1	1	0	5	114	0	1	0	-10.7878	255	1	1
2.40914	UL	240	9	0	1	1	1	0	2	216	3	1	0	-2.83732	255	0	3.4493e-11
2.40914	UL	240	9	0	1	1	1	0	2	216	3	1	0	-2.83732	255	0	3.4493e-11
2.40921	UL	240	9	0	2	1	1	0	5	114	0	1	0	-10.6356	255	1	1
2.40921	UL	240	9	0	2	1	1	0	5	114	0	1	0	-10.6356	255	1	1
2.40993	UL	240	9	0	3	10	1	0	1	1169	0	1	1	-9.65186	255	0	1.14567e-10
2.40993	UL	240	9	0	3	10	1	0	1	1169	0	1	1	-9.65186	255	0	1.14567e-10
2.40993	UL	240	9	0	12	1	3	0	2	4030	28	1	0	25.2654	255	0	0
2.40993	UL	240	9	0	12	1	3	0	2	4030	28	1	0	25.2654	255	0	0
2.4105	UL	241	0	0	1	6	1	0	5	700	0	1	0	-10.594	255	1	1
2.4105	UL	241	0	0	1	6	1	0	5	700	0	1	0	-10.594	255	1	1
2.41093	UL	241	0	0	7	6	1	0	1	700	0	1	1	-9.67063	255	0	9.54167e-11
2.41093	UL	241	0	0	7	6	1	0	1	700	0	1	1	-9.67063	255	0	9.54167e-11
2.4115	UL	241	1	0	1	6	1	0	5	700	0	1	0	-10.6199	255	1	1
2.4115	UL	241	1	0	1	6	1	0	5	700	0	1	0	-10.6199	255	1	1
2.41193	UL	241	1	0	7	6	1	0	1	700	0	1	1	-9.63818	255	0	7.27698e-11
2.41193	UL	241	1	0	7	6	1	0	1	700	0	1	1	-9.63818	255	0	7.27698e-11
2.41243	UL	241	2	0	1	5	1	0	5	583	0	1	0	-10.6033	255	1	1
2.41243	UL	241	2	0	1	5	1	0	5	583	0	1	0	-10.6033	255	1	1
2.41293	UL	241	2	0	6	7	1	0	1	817	0	1	1	-9.66752	255	0	7.92931e-07
2.41293	UL	241	2	0	6	7	1	0	1	817	0	1	1	-9.66752	255	0	7.92931e-07
2.41314	UL	241	3	0	1	1	1	0	5	114	0	1	1	-10.5385	255	1	0.922717
2.41314	UL	241	3	0	1	1	1	0	5	114	0	1	1	-10.5385	255	1	0.922717
2.41393	UL	241	3	0	2	11	1	0	1	1286	0	1	1	-9.63658	255	0	2.89499e-10
2.41393	UL	241	3	0	2	11	1	0	1	1286	0	1	1	-9.63658	255	0	2.89499e-10
2.4145	UL	241	4	0	1	6	1	0	1	700	0	1	0	-9.63774	255	1	1
2.4145	UL	241	4	0	1	6	1	0	1	700	0	1	0	-9.63774	255	1	1
2.41486	UL	241	4	0	7	5	1	0	2	1389	4	1	0	-2.74361	255	0	0.000112862
2.41486	UL	241	4	0	7	5	1	0	2	1389	4	1	0	-2.74361	255	0	0.000112862
2.41493	UL	241	4	0	12	1	3	0	3	1081	12	1	0	4.87941	255	0	0.00314901
2.41493	UL	241	4	0	12	1	3	0	3	1081	12	1	0	4.87941	255	0	0.00314901
2.41493	UL	241	4	0	12	1	1	0	5	114	0	1	1	-10.6309	255	1	0.910422
2.41493	UL	241	4	0	12	1	1	0	5	114	0	1	1	-10.6309	255	1	0.910422
2.41514	DL	241	5	0	1	1	3	0	2	4030	28	1	0	27.2542	15	0	0
2.41529	UL	241	5	0	1	3	1	0	1	348	0	1	0	-9.68107	255	1	1
2.41529	UL	241	5	0	1	3	1	0	1	348	0	1	0	-9.68107	255	1	1
2.4155	UL	241	5	0	4	3	1	0	2	832	4	1	0	-2.65327	255	0	0.000341329
2.4155	UL	241	5	0	4	3	1	0	2	832	4	1	0	-2.65327	255	0	0.000341329
2.41593	UL	241	5	0	7	6	1	0	5	700	0	1	1	-10.597	255	1	0.974388
2.41593	UL	241	5	0	7	6	1	0	5	700	0	1	1	-10.597	255	1	0.974388
2.41593	UL	241	5	0	11	2	3	0	2	8060	28	1	0	25.17	255	0	0
2.41593	UL	241	5	0	11	2	3	0	2	8060	28	1	0	25.17	255	0	0
2.41621	UL	241	6	0	1	2	1	0	1	231	0	1	0	-9.67543	255	1	1
2.41621	UL	241	6	0	1	2	1	0	1	231	0	1	0	-9.67543	255	1	1
2.41643	UL	241	6	0	3	3	1	0	2	832	4	1	0	-2.69998	255	0	0.000996214
2.41643	UL	241	6	0	3	3	1	0	2	832	4	1	0	-2.69998	255	0	0.000996214
2.41686	UL	241	6	0	6	6	1	0	5	700	0	1	1	-10.51	255	1	0.959489
2.41686	UL	241	6	0	6	6	1	0	5	700	0	1	1	-10.51	255	1	0.959489
2.41736	UL	241	7	0	1	4	1	0	1	466	0	1	0	-9.64456	255	1	1
2.41757	UL	241	7	0	5	3	1	0	2	832	4	1	0	-2.66868	255	0	0.000488796
2.41757	UL	241	7	0	5	3	1	0	2	832	4	1	0	-2.66868	255	0	0.000488796
2.41793	UL	241	7	0	8	5	1	0	5	583	0	1	1	-10.5313	255	1	0.959114
2.41793	UL	241	7	0	8	5	1	0	5	583	0	1	1	-10.5313	255	1	0.959114
2.4185	UL	241	8	0	1	6	1	0	1	700	0	1	0	-9.66835	255	1	1
2.41886	UL	241	8	0	7	5	1	0	2	1389	4	1	0	-2.6869	255	0	1.71982e-05
2.41886	UL	241	8	0	7	5	1	0	2	1389	4	1	0	-2.6869	255	0	1.71982e-05
2.41893	UL	241	8	0	12	1	1	0	5	114	0	1	2	-10.4915	255	0	1.90002e-07
2.41893	UL	241	8	0	12	1	1	0	5	114	0	1	2	-10.4915	255	0	1.90002e-07
2.41943	UL	241	9	0	1	5	1	0	2	1389	4	1	0	-2.69828	255	0	2.4833e-05
2.41943	UL	241	9	0	1	5	1	0	2	1389	4	1	0	-2.69828	255	0	2.4833e-05
2.4195	UL	241	9	0	6	1	1	0	5	114	0	1	2	-10.4551	255	0	1.00875e-07
2.4195	UL	241	9	0	6	1	1	0	5	114	0	1	2	-10.4551	255	0	1.00875e-07
2.41993	UL	241	9	0	7	6	1	0	1	700	0	1	1	-9.61618	255	0	1.92142e-10
2.41993	UL	241	9	0	7	6	1	0	1	700	0	1	1	-9.61618	255	0	1.92142e-10
2.42029	UL	242	0	0	1	3	1	0	2	832	4	1	0	-2.74674	255	0	0.00272825
2.42029	UL	242	0	0	1	3	1	0	2	832	4	1	0	-2.74674	255	0	0.00272825
2.42071	UL	242	0	0	4	6	1	0	5	700	0	1	2	-10.3992	255	0	0
2.42071	UL	242	0	0	4	6	1	0	5	700	0	1	2	-10.3992	255	0	0
2.42093	UL	242	0	0	10	3	1	0	1	348	0	1	1	-9.63612	255	0	5.17548e-07
2.42093	UL	242	0	0	10	3	1	0	1	348	0	1	1	-9.63612	255	0	5.17548e-07
2.42093	UL	242	0	0	12	1	3	0	3	1081	12	1	0	4.84901	255	0	0.00606609
2.42093	UL	242	0	0	12	1	3	0	3	1081	12	1	0	4.84901	255	0	0.00606609
2.42114	DL	242	1	0	1	1	3	0	2	4030	28	1	0	27.3475	15	0	0
2.42136	UL	242	1	0	1	4	1	0	2	1110	4	1	0	-2.81473	255	0	0.000921648
2.42136	UL	242	1	0	1	4	1	0	2	1110	4	1	0	-2.81473	255	0	0.000921648
2.42179	UL	242	1	0	5	6	1	0	5	700	0	1	2	-10.3716	255	0	0
2.42179	UL	242	1	0	5	6	1	0	5	700	0	1	2	-10.3716	255	0	0
2.42193	UL	242	1	0	11	2	1	0	1	231	0	1	1	-9.62059	255	0	0.0017442
2.42193	UL	242	1	0	11	2	1	0	1	231	0	1	1	-9.62059	255	0	0.0017442
2.42193	UL	242	1	0	12	1	3	0	2	4030	28	1	0	25.3634	255	0	0
2.42193	UL	242	1	0	12	1	3	0	2	4030	28	1	0	25.3634	255	0	0
2.42229	UL	242	2	0	1	3	1	0	2	832	4	1	0	-2.6989	255	0	0.00098664
2.42229	UL	242	2	0	1	3	1	0	2	832	4	1	0	-2.6989	255	0	0.00098664
2.42264	UL	242	2	0	4	5	1	0	5	583	0	1	2	-10.3734	255	0	0
2.42264	UL	242	2	0	4	5	1	0	5	583	0	1	2	-10.3734	255	0	0
2.42293	UL	242	2	0	9	4	1	0	1	466	0	1	1	-9.58774	255	0	1.12877e-07
2.42321	UL	242	3	0	1	2	1	0	2	553	4	1	0	-2.68807	255	0	8.75325e-06
2.42321	UL	242	3	0	1	2	1	0	2	553	4	1	0	-2.68807	255	0	8.75325e-06
2.42329	UL	242	3	0	3	1	1	0	4	114	0	1	0	-6.82198	255	1	0.344125
2.42329	UL	242	3	0	3	1	1	0	4	114	0	1	0	-6.82198	255	1	0.344125
2.4235	UL	242	3	0	4	3	1	0	5	348	0	1	0	-10.4102	255	1	1
2.4235	UL	242	3	0	4	3	1	0	5	348	0	1	0	-10.4102	255	1	1
2.42393	UL	242	3	0	7	6	1	0	1	700	0	1	1	-9.56195	255	0	7.81328e-11
2.42436	UL	242	4	0	1	4	1	0	1	466	0	1	0	-9.56045	255	1	1
2.42464	UL	242	4	0	5	4	1	0	2	1110	4	1	0	-2.66881	255	0	8.88338e-06
2.42464	UL	242	4	0	5	4	1	0	2	1110	4	1	0	-2.66881	255	0	8.88338e-06
2.42493	UL	242	4	0	9	4	1	0	5	466	0	1	0	-10.4328	255	1	1
2.42493	UL	242	4	0	9	4	1	0	5	466	0	1	0	-10.4328	255	1	1
2.4255	UL	242	5	0	1	6	1	0	2	1664	4	1	0	-2.69554	255	0	3.34874e-05
2.42593	UL	242	5	0	7	6	1	0	5	700	0	1	0	-10.3827	255	1	1
2.42593	UL	242	5	0	7	6	1	0	5	700	0	1	0	-10.3827	255	1	1
2.4265	UL	242	6	0	1	6	1	0	2	1664	4	1	0	-2.69751	255	0	3.69413e-05
2.42693	UL	242	6	0	7	6	1	0	5	700	0	1	0	-10.3973	255	1	1
2.42693	UL	242	6	0	7	6	1	0	5	700	0	1	0	-10.3973	255	1	1
2.42693	UL	242	6	0	12	1	3	0	3	1081	12	1	0	4.97462	255	0	0.00027674
2.42693	UL	242	6	0	12	1	3	0	3	1081	12	1	0	4.97462	255	0	0.00027674
2.42714	DL	242	7	0	1	1	3	0	2	4030	28	1	0	27.4008	15	0	0
2.42729	UL	242	7	0	1	3	1	0	2	832	4	1	0	-2.8596	255	0	0.0206242
2.42793	UL	242	7	0	4	9	1	0	5	1052	0	1	0	-10.4262	255	1	1
2.42793	UL	242	7	0	4	9	1	0	5	1052	0	1	0	-10.4262	255	1	1
2.42814	DL	242	8	0	1	1	1	0	3	641	8	1	1	3.07964	5	0	0
2.42829	DL	242	8	0	2	2	1	0	2	553	4	1	0	-0.796391	4	0	0
2.42836	DL	242	8	0	4	1	1	0	1	114	0	1	0	-7.68293	0	1	0.96911
2.42864	UL	242	8	0	8	1	1	0	2	275	4	1	0	-2.8256	255	0	0.0759504
2.42886	UL	242	8	0	9	3	1	0	5	348	0	1	1	-10.449	255	1	0.77136
2.42886	UL	242	8	0	9	3	1	0	5	348	0	1	1	-10.449	255	1	0.77136
2.42893	UL	242	8	0	12	1	1	0	4	114	0	1	1	-6.83117	255	0	0
2.42893	UL	242	8	0	12	1	1	0	4	114	0	1	1	-6.83117	255	0	0
2.42914	DL	242	9	0	1	1	1	0	1	114	0	1	0	-7.68511	0	1	0.969751
2.42964	UL	242	9	0	5	4	1	0	5	466	0	1	1	-10.4177	255	1	0.764452
2.42964	UL	242	9	0	5	4	1	0	5	466	0	1	1	-10.4177	255	1	0.764452
2.42993	UL	242	9	0	9	4	1	0	1	466	0	1	1	-9.57333	255	0	1.29256e-08
2.42993	UL	242	9	0	12	1	3	0	2	4030	28	1	0	25.3877	255	0	0
2.42993	UL	242	9	0	12	1	3	0	2	4030	28	1	0	25.3877	255	0	0
2.43093	UL	243	0	0	7	6	1	0	5	700	0	1	1	-10.4396	255	0	0.745706
2.43093	UL	243	0	0	7	6	1	0	5	700	0	1	1	-10.4396	255	0	0.745706
2.43193	UL	243	1	0	7	6	1	0	5	700	0	1	1	-10.4338	255	0	0.753487
2.43193	UL	243	1	0	7	6	1	0	5	700	0	1	1	-10.4338	255	0	0.753487
2.43293	UL	243	2	0	4	9	1	0	5	1052	0	1	1	-10.4811	255	1	0.970678
2.43293	UL	243	2	0	4	9	1	0	5	1052	0	1	1	-10.4811	255	1	0.970678
2.43293	UL	243	2	0	11	2	3	0	3	2163	12	1	0	4.98544	255	0	0.000306744
2.43293	UL	243	2	0	11	2	3	0	3	2163	12	1	0	4.98544	255	0	0.000306744
2.43314	DL	243	3	0	1	1	1	0	1	114	0	1	1	-7.64811	0	0	0
2.43393	UL	243	3	0	10	3	1	0	5	348	0	1	2	-10.4888	255	0	0
2.43393	UL	243	3	0	10	3	1	0	5	348	0	1	2	-10.4888	255	0	0
2.43464	UL	243	4	0	1	8	1	0	4	935	0	1	0	-6.82653	255	0	0.048435
2.43464	UL	243	4	0	1	8	1	0	4	935	0	1	0	-6.82653	255	0	0.048435
2.43493	UL	243	4	0	9	4	1	0	5	466	0	1	2	-10.4832	255	0	0
2.43493	UL	243	4	0	9	4	1	0	5	466	0	1	2	-10.4832	255	0	0
2.43514	DL	243	5	0	1	1	3	0	2	4030	28	1	0	27.2321	15	0	0
2.43543	UL	243	5	0	1	5	1	0	4	583	0	1	0	-6.93594	255	0	0.0397051
2.43543	UL	243	5	0	1	5	1	0	4	583	0	1	0	-6.93594	255	0	0.0397051
2.43593	UL	243	5	0	6	7	1	0	5	817	0	1	0	-10.546	255	1	1
2.43593	UL	243	5	0	6	7	1	0	5	817	0	1	0	-10.546	255	1	1
2.43593	UL	243	5	0	11	2	3	0	2	8060	28	1	0	25.2376	255	0	0
2.43593	UL	243	5	0	11	2	3	0	2	8060	28	1	0	25.2376	255	0	0
2.43614	DL	243	6	0	1	1	1	0	1	114	0	1	1	-7.6198	0	0	0
2.43679	UL	243	6	0	10	1	1	0	2	275	4	1	0	-2.86897	255	0	0.103341
2.43679	UL	243	6	0	10	1	1	0	2	275	4	1	0	-2.86897	255	0	0.103341
2.43686	UL	243	6	0	11	1	1	0	3	539	7	1	0	1.11955	255	0	1.87213e-09
2.43686	UL	243	6	0	11	1	1	0	3	539	7	1	0	1.11955	255	0	1.87213e-09
2.43793	UL	243	7	0	4	9	1	0	5	1052	0	1	2	-10.5521	255	0	0
2.43793	UL	243	7	0	4	9	1	0	5	1052	0	1	2	-10.5521	255	0	0
2.43893	UL	243	8	0	1	12	1	0	5	1404	0	1	0	-10.5876	255	1	1
2.43893	UL	243	8	0	1	12	1	0	5	1404	0	1	0	-10.5876	255	1	1
2.43893	UL	243	8	0	12	1	3	0	3	1081	12	1	0	4.99217	255	0	0.000169858
2.43893	UL	243	8	0	12	1	3	0	3	1081	12	1	0	4.99217	255	0	0.000169858
2.43943	UL	243	9	0	1	5	1	0	4	583	0	1	0	-6.76806	255	0	0.00134801
2.43993	UL	243	9	0	6	7	1	0	5	817	0	1	0	-10.6597	255	1	1
2.43993	UL	243	9	0	6	7	1	0	5	817	0	1	0	-10.6597	255	1	1
2.44014	DL	244	0	0	1	1	1	0	4	158	2	1	0	-4.75381	2	0	0.000347916
2.44093	UL	244	0	0	6	7	1	0	5	817	0	1	1	-10.665	255	1	0.998494
2.44093	UL	244	0	0	6	7	1	0	5	817	0	1	1	-10.665	255	1	0.998494
2.44114	DL	244	1	0	1	1	3	0	2	4030	28	1	0	27.2391	15	0	0
2.44114	UL	244	1	0	1	1	1	0	1	114	0	1	0	-9.52515	255	1	1
2.44114	UL	244	1	0	1	1	1	0	1	114	0	1	0	-9.52515	255	1	1
2.44143	UL	244	1	0	2	4	1	0	2	876	3	1	0	-2.80519	255	0	0
2.44143	UL	244	1	0	2	4	1	0	2	876	3	1	0	-2.80519	255	0	0
2.44171	UL	244	1	0	6	4	1	0	3	2163	7	1	0	1.11142	255	0	9.99672e-09
2.44171	UL	244	1	0	6	4	1	0	3	2163	7	1	0	1.11142	255	0	9.99672e-09
2.44193	UL	244	1	0	10	3	1	0	5	348	0	1	0	-10.6798	255	1	1
2.44193	UL	244	1	0	12	1	3	0	2	4030	28	1	0	25.1969	255	0	0
2.44193	UL	244	1	0	12	1	3	0	2	4030	28	1	0	25.1969	255	0	0
2.44236	UL	244	2	0	1	4	1	0	2	876	3	1	0	-2.76745	255	0	0
2.44236	UL	244	2	0	1	4	1	0	2	876	3	1	0	-2.76745	255	0	0
2.44264	UL	244	2	0	5	4	1	0	3	2163	7	1	0	1.13251	255	0	3.07098e-09
2.44264	UL	244	2	0	5	4	1	0	3	2163	7	1	0	1.13251	255	0	3.07098e-09
2.44293	UL	244	2	0	9	4	1	0	5	466	0	1	0	-10.6676	255	1	1
2.44293	UL	244	2	0	9	4	1	0	5	466	0	1	0	-10.6676	255	1	1
2.44393	UL	244	3	0	1	12	1	0	5	1404	0	1	1	-10.7055	255	1	0.999867
2.44393	UL	244	3	0	1	12	1	0	5	1404	0	1	1	-10.7055	255	1	0.999867
2.44421	UL	244	4	0	1	2	1	0	2	436	3	1	0	-2.78399	255	0	0
2.44421	UL	244	4	0	1	2	1	0	2	436	3	1	0	-2.78399	255	0	0
2.44443	UL	244	4	0	3	3	1	0	3	1620	7	1	0	1.15557	255	0	1.27042e-09
2.44443	UL	244	4	0	3	3	1	0	3	1620	7	1	0	1.15557	255	0	1.27042e-09
2.44493	UL	244	4	0	6	7	1	0	5	817	0	1	1	-10.6532	255	1	0.999629
2.44493	UL	244	4	0	6	7	1	0	5	817	0	1	1	-10.6532	255	1	0.999629
2.44521	UL	244	5	0	1	2	1	0	2	436	3	1	0	-2.75957	255	0	0
2.44521	UL	244	5	0	1	2	1	0	2	436	3	1	0	-2.75957	255	0	0
2.44543	UL	244	5	0	3	3	1	0	3	1620	7	1	0	1.13834	255	0	2.51415e-09
2.44543	UL	244	5	0	3	3	1	0	3	1620	7	1	0	1.13834	255	0	2.51415e-09
2.44593	UL	244	5	0	6	7	1	0	5	817	0	1	2	-10.6562	255	0	0
2.44593	UL	244	5	0	6	7	1	0	5	817	0	1	2	-10.6562	255	0	0
2.44593	UL	244	5	0	12	1	3	0	3	1081	12	1	0	4.87812	255	0	0.00318143
2.44593	UL	244	5	0	12	1	3	0	3	1081	12	1	0	4.87812	255	0	0.00318143
2.44636	UL	244	6	0	1	4	1	0	2	1110	4	1	0	-2.75425	255	0	0.000150016
2.44636	UL	244	6	0	1	4	1	0	2	1110	4	1	0	-2.75425	255	0	0.000150016
2.44664	UL	244	6	0	5	4	1	0	3	2163	7	1	0	1.16141	255	0	1.01673e-09
2.44664	UL	244	6	0	5	4	1	0	3	2163	7	1	0	1.16141	255	0	1.01673e-09
2.44686	UL	244	6	0	9	3	1	0	5	348	0	1	1	-10.6447	255	1	0.981957
2.44693	UL	244	6	0	12	1	1	0	1	114	0	1	1	-9.39367	255	0	0.00991657
2.44693	UL	244	6	0	12	1	1	0	1	114	0	1	1	-9.39367	255	0	0.00991657
2.44714	DL	244	7	0	1	1	3	0	2	4030	28	1	0	27.2904	15	0	0
2.44736	UL	244	7	0	1	4	1	0	2	1110	4	1	0	-2.76802	255	0	0.000228843
2.44736	UL	244	7	0	1	4	1	0	2	1110	4	1	0	-2.76802	255	0	0.000228843
2.44764	UL	244	7	0	5	4	1	0	3	2163	7	1	0	1.17699	255	0	5.22251e-10
2.44793	UL	244	7	0	9	4	1	0	5	466	0	1	1	-10.6862	255	1	0.984873
2.44793	UL	244	7	0	9	4	1	0	5	466	0	1	1	-10.6862	255	1	0.984873
2.44793	UL	244	7	0	12	1	3	0	2	4030	28	1	0	25.1676	255	0	0
2.44793	UL	244	7	0	12	1	3	0	2	4030	28	1	0	25.1676	255	0	0
2.44893	UL	244	8	0	1	12	1	0	5	1404	0	1	2	-10.703	255	0	0
2.44893	UL	244	8	0	1	12	1	0	5	1404	0	1	2	-10.703	255	0	0
2.44921	UL	244	9	0	1	2	1	0	2	553	4	1	0	-2.60186	255	0	3.26824e-07
2.44921	UL	244	9	0	1	2	1	0	2	553	4	1	0	-2.60186	255	0	3.26824e-07
2.44936	UL	244	9	0	3	2	1	0	3	1081	7	1	0	1.20524	255	0	7.63518e-11
2.44943	UL	244	9	0	5	1	1	0	4	114	0	1	0	-6.77052	255	0	0.290966
2.44943	UL	244	9	0	5	1	1	0	4	114	0	1	0	-6.77052	255	0	0.290966
2.44993	UL	244	9	0	6	7	1	0	5	817	0	1	2	-10.5871	255	0	0
2.44993	UL	244	9	0	6	7	1	0	5	817	0	1	2	-10.5871	255	0	0
2.45071	UL	245	0	0	1	9	1	0	2	2497	4	1	0	-2.55651	255	0	1.97481e-07
2.45071	UL	245	0	0	1	9	1	0	2	2497	4	1	0	-2.55651	255	0	1.97481e-07
2.45086	UL	245	0	0	10	2	1	0	3	1081	7	1	0	1.21294	255	0	6.76588e-11
2.45093	UL	245	0	0	12	1	1	0	5	114	0	1	0	-10.5901	255	1	1
2.45093	UL	245	0	0	12	1	1	0	5	114	0	1	0	-10.5901	255	1	1
2.45114	DL	245	1	0	1	1	1	0	3	641	8	1	0	3.12126	5	0	0
2.45121	DL	245	1	0	2	1	1	0	2	436	6	1	0	-0.619613	4	0	0.00444554
2.45186	UL	245	1	0	9	3	1	0	5	348	0	1	2	-10.5688	255	0	0
2.45193	UL	245	1	0	12	1	3	0	3	1081	12	1	0	4.87816	255	0	0.0031845
2.45193	UL	245	1	0	12	1	3	0	3	1081	12	1	0	4.87816	255	0	0.0031845
2.45236	UL	245	2	0	1	4	1	0	1	466	0	1	0	-9.47226	255	1	1
2.45236	UL	245	2	0	1	4	1	0	1	466	0	1	0	-9.47226	255	1	1
2.45264	UL	245	2	0	5	4	1	0	2	1110	4	1	0	-2.57312	255	0	1.98944e-07
2.45293	UL	245	2	0	9	4	1	0	5	466	0	1	2	-10.6023	255	0	0
2.45293	UL	245	2	0	9	4	1	0	5	466	0	1	2	-10.6023	255	0	0
2.45314	DL	245	3	0	1	1	3	0	2	4030	28	1	0	27.2203	15	0	0
2.4535	UL	245	3	0	1	6	1	0	1	700	0	1	0	-9.48167	255	1	1
2.4535	UL	245	3	0	1	6	1	0	1	700	0	1	0	-9.48167	255	1	1
2.45393	UL	245	3	0	7	6	1	0	5	700	0	1	0	-10.6154	255	1	1
2.45393	UL	245	3	0	7	6	1	0	5	700	0	1	0	-10.6154	255	1	1
2.45393	UL	245	3	0	11	2	3	0	2	8060	28	1	0	25.1682	255	0	0
2.45393	UL	245	3	0	11	2	3	0	2	8060	28	1	0	25.1682	255	0	0
2.45436	UL	245	4	0	1	4	1	0	1	466	0	1	0	-9.48148	255	1	1
2.45436	UL	245	4	0	1	4	1	0	1	466	0	1	0	-9.48148	255	1	1
2.4545	UL	245	4	0	5	2	1	0	2	553	4	1	0	-2.56211	255	0	6.16685e-08
2.4545	UL	245	4	0	5	2	1	0	2	553	4	1	0	-2.56211	255	0	6.16685e-08
2.45471	UL	245	4	0	7	3	1	0	4	348	0	1	0	-6.90267	255	1	0.0699392
2.45471	UL	245	4	0	7	3	1	0	4	348	0	1	0	-6.90267	255	1	0.0699392
2.45493	UL	245	4	0	10	3	1	0	5	348	0	1	0	-10.5834	255	1	1
2.45493	UL	245	4	0	10	3	1	0	5	348	0	1	0	-10.5834	255	1	1
2.4555	UL	245	5	0	1	6	1	0	1	700	0	1	0	-9.48749	255	1	1
2.4555	UL	245	5	0	1	6	1	0	1	700	0	1	0	-9.48749	255	1	1
2.45586	UL	245	5	0	7	5	1	0	4	583	0	1	0	-6.92818	255	0	0.0394283
2.45586	UL	245	5	0	7	5	1	0	4	583	0	1	0	-6.92818	255	0	0.0394283
2.45593	UL	245	5	0	12	1	1	0	5	114	0	1	1	-10.5734	255	1	0.885997
2.45593	UL	245	5	0	12	1	1	0	5	114	0	1	1	-10.5734	255	1	0.885997
2.45636	UL	245	6	0	1	4	1	0	1	466	0	1	0	-9.48876	255	1	1
2.45636	UL	245	6	0	1	4	1	0	1	466	0	1	0	-9.48876	255	1	1
2.45664	UL	245	6	0	5	4	1	0	4	466	0	1	0	-6.93539	255	0	0.100096
2.45664	UL	245	6	0	5	4	1	0	4	466	0	1	0	-6.93539	255	0	0.100096
2.45693	UL	245	6	0	9	4	1	0	5	466	0	1	0	-10.6191	255	1	1
2.45693	UL	245	6	0	9	4	1	0	5	466	0	1	0	-10.6191	255	1	1
2.45736	UL	245	7	0	1	4	1	0	4	466	0	1	0	-6.93543	255	0	0.100401
2.45736	UL	245	7	0	1	4	1	0	4	466	0	1	0	-6.93543	255	0	0.100401
2.45764	UL	245	7	0	5	4	1	0	5	466	0	1	0	-10.6729	255	1	1
2.45764	UL	245	7	0	5	4	1	0	5	466	0	1	0	-10.6729	255	1	1
2.45793	UL	245	7	0	9	4	1	0	1	466	0	1	1	-9.5538	255	0	1.59291e-09
2.45793	UL	245	7	0	9	4	1	0	1	466	0	1	1	-9.5538	255	0	1.59291e-09
2.45793	UL	245	7	0	12	1	3	0	3	1081	12	1	0	4.93271	255	0	0.000848191
2.45793	UL	245	7	0	12	1	3	0	3	1081	12	1	0	4.93271	255	0	0.000848191
2.4585	UL	245	8	0	1	6	1	0	5	700	0	1	1	-10.6918	255	1	0.989598
2.4585	UL	245	8	0	1	6	1	0	5	700	0	1	1	-10.6918	255	1	0.989598
2.45893	UL	245	8	0	7	6	1	0	1	700	0	1	1	-9.57751	255	0	5.08649e-13
2.45893	UL	245	8	0	7	6	1	0	1	700	0	1	1	-9.57751	255	0	5.08649e-13
2.45914	DL	245	9	0	1	1	3	0	2	4030	28	1	0	27.2582	15	0	0
2.45914	UL	245	9	0	1	1	1	0	2	275	4	1	0	-2.93473	255	0	0.157565
2.45914	UL	245	9	0	1	1	1	0	2	275	4	1	0	-2.93473	255	0	0.157565
2.45921	UL	245	9	0	2	1	1	0	3	539	7	1	0	1.24347	255	0	1.4606e-11
2.45921	UL	245	9	0	2	1	1	0	3	539	7	1	0	1.24347	255	0	1.4606e-11
2.45943	UL	245	9	0	3	3	1	0	5	348	0	1	1	-10.7069	255	1	0.975724
2.45943	UL	245	9	0	3	3	1	0	5	348	0	1	1	-10.7069	255	1	0.975724
2.45964	UL	245	9	0	6	3	1	0	4	348	0	1	1	-6.96628	255	0	0
2.45964	UL	245	9	0	6	3	1	0	4	348	0	1	1	-6.96628	255	0	0
2.45993	UL	245	9	0	9	4	1	0	1	466	0	1	1	-9.57715	255	0	3.3335e-09
2.45993	UL	245	9	0	9	4	1	0	1	466	0	1	1	-9.57715	255	0	3.3335e-09
2.45993	UL	245	9	0	12	1	3	0	2	4030	28	1	0	25.2687	255	0	0
2.45993	UL	245	9	0	12	1	3	0	2	4030	28	1	0	25.2687	255	0	0
2.46043	UL	246	0	0	1	5	1	0	4	583	0	1	0	-7.00445	255	0	0.122182
2.46043	UL	246	0	0	1	5	1	0	4	583	0	1	0	-7.00445	255	0	0.122182
2.4605	UL	246	0	0	6	1	1	0	5	114	0	1	2	-10.7286	255	0	2.88456e-07
2.4605	UL	246	0	0	6	1	1	0	5	114	0	1	2	-10.7286	255	0	2.88456e-07
2.46093	UL	246	0	0	7	6	1	0	1	700	0	1	1	-9.61683	255	0	1.91153e-12
2.46093	UL	246	0	0	7	6	1	0	1	700	0	1	1	-9.61683	255	0	1.91153e-12
2.46136	UL	246	1	0	1	4	1	0	4	466	0	1	0	-6.95546	255	0	0.122247
2.46136	UL	246	1	0	1	4	1	0	4	466	0	1	0	-6.95546	255	0	0.122247
2.46164	UL	246	1	0	5	4	1	0	5	466	0	1	1	-10.7719	255	1	0.987662
2.46164	UL	246	1	0	5	4	1	0	5	466	0	1	1	-10.7719	255	1	0.987662
2.46193	UL	246	1	0	9	4	1	0	1	466	0	1	1	-9.60778	255	0	7.00714e-09
2.46193	UL	246	1	0	9	4	1	0	1	466	0	1	1	-9.60778	255	0	7.00714e-09
2.46257	UL	246	2	0	1	7	1	0	4	817	0	1	0	-6.91798	255	0	0.157469
2.46286	UL	246	2	0	8	4	1	0	5	466	0	1	1	-10.799	255	1	0.993469
2.46286	UL	246	2	0	8	4	1	0	5	466	0	1	1	-10.799	255	1	0.993469
2.46336	UL	246	3	0	1	4	1	0	1	466	0	1	0	-9.59856	255	1	1
2.46336	UL	246	3	0	1	4	1	0	1	466	0	1	0	-9.59856	255	1	1
2.4635	UL	246	3	0	5	2	1	0	4	231	0	1	0	-6.90649	255	1	0.22974
2.46393	UL	246	3	0	7	6	1	0	5	700	0	1	2	-10.8252	255	0	0
2.46393	UL	246	3	0	7	6	1	0	5	700	0	1	2	-10.8252	255	0	0
2.46393	UL	246	3	0	11	2	3	0	3	2163	12	1	0	4.96579	255	0	0.000527406
2.46393	UL	246	3	0	11	2	3	0	3	2163	12	1	0	4.96579	255	0	0.000527406
2.46421	UL	246	4	0	1	2	1	0	1	231	0	1	0	-9.58246	255	1	1
2.46421	UL	246	4	0	1	2	1	0	1	231	0	1	0	-9.58246	255	1	1
2.46436	UL	246	4	0	3	2	1	0	2	436	3	1	0	-2.32544	255	0	0
2.46436	UL	246	4	0	3	2	1	0	2	436	3	1	0	-2.32544	255	0	0
2.4645	UL	246	4	0	5	2	1	0	3	1081	7	1	0	1.35379	255	0	6.61693e-14
2.4645	UL	246	4	0	5	2	1	0	3	1081	7	1	0	1.35379	255	0	6.61693e-14
2.46471	UL	246	4	0	7	3	1	0	4	348	0	1	0	-6.93917	255	0	0.103819
2.46493	UL	246	4	0	10	3	1	0	5	348	0	1	2	-10.7431	255	0	0
2.46493	UL	246	4	0	10	3	1	0	5	348	0	1	2	-10.7431	255	0	0
2.46514	DL	246	5	0	1	1	3	0	2	4030	28	1	0	27.1744	15	0	0
2.46521	UL	246	5	0	1	2	1	0	1	231	0	1	0	-9.66669	255	1	1
2.46521	UL	246	5	0	1	2	1	0	1	231	0	1	0	-9.66669	255	1	1
2.46536	UL	246	5	0	3	2	1	0	2	436	3	1	0	-2.32477	255	0	0
2.46536	UL	246	5	0	3	2	1	0	2	436	3	1	0	-2.32477	255	0	0
2.4655	UL	246	5	0	5	2	1	0	3	1081	7	1	0	1.33316	255	0	2.92655e-13
2.4655	UL	246	5	0	5	2	1	0	3	1081	7	1	0	1.33316	255	0	2.92655e-13
2.46571	UL	246	5	0	7	3	1	0	4	348	0	1	0	-6.94567	255	0	0.111359
2.46593	UL	246	5	0	10	3	1	0	5	348	0	1	0	-10.7654	255	1	1
2.46593	UL	246	5	0	10	3	1	0	5	348	0	1	0	-10.7654	255	1	1
2.46621	UL	246	6	0	1	2	1	0	1	231	0	1	0	-9.60873	255	1	1
2.46621	UL	246	6	0	1	2	1	0	1	231	0	1	0	-9.60873	255	1	1
2.46643	UL	246	6	0	3	3	1	0	2	656	3	1	0	-2.27076	255	0	0
2.46643	UL	246	6	0	3	3	1	0	2	656	3	1	0	-2.27076	255	0	0
2.46664	UL	246	6	0	6	3	1	0	3	1620	7	1	0	1.32283	255	0	7.30083e-13
2.46664	UL	246	6	0	6	3	1	0	3	1620	7	1	0	1.32283	255	0	7.30083e-13
2.46693	UL	246	6	0	9	4	1	0	5	466	0	1	2	-10.6956	255	0	0
2.46693	UL	246	6	0	9	4	1	0	5	466	0	1	2	-10.6956	255	0	0
2.46721	UL	246	7	0	1	2	1	0	1	231	0	1	0	-9.67492	255	1	1
2.46721	UL	246	7	0	1	2	1	0	1	231	0	1	0	-9.67492	255	1	1
2.46743	UL	246	7	0	3	3	1	0	2	656	3	1	0	-2.23879	255	0	0
2.46743	UL	246	7	0	3	3	1	0	2	656	3	1	0	-2.23879	255	0	0
2.46764	UL	246	7	0	6	3	1	0	3	1620	7	1	0	1.33195	255	0	4.57634e-13
2.46764	UL	246	7	0	6	3	1	0	3	1620	7	1	0	1.33195	255	0	4.57634e-13
2.46793	UL	246	7	0	9	4	1	0	5	466	0	1	2	-10.7004	255	0	0
2.46793	UL	246	7	0	9	4	1	0	5	466	0	1	2	-10.7004	255	0	0
2.46793	UL	246	7	0	12	1	3	0	2	4030	28	1	0	25.2203	255	0	0
2.46793	UL	246	7	0	12	1	3	0	2	4030	28	1	0	25.2203	255	0	0
2.46821	UL	246	8	0	1	2	1	0	2	436	3	1	0	-2.28538	255	0	0
2.46821	UL	246	8	0	1	2	1	0	2	436	3	1	0	-2.28538	255	0	0
2.46836	UL	246	8	0	3	2	1	0	3	1081	7	1	0	1.3368	255	0	1.91847e-13
2.46836	UL	246	8	0	3	2	1	0	3	1081	7	1	0	1.3368	255	0	1.91847e-13
2.4685	UL	246	8	0	5	2	1	0	5	231	0	1	0	-10.6723	255	1	1
2.4685	UL	246	8	0	5	2	1	0	5	231	0	1	0	-10.6723	255	1	1
2.46864	UL	246	8	0	7	2	1	0	4	231	0	1	1	-6.90467	255	0	0
2.46893	UL	246	8	0	9	4	1	0	1	466	0	1	1	-9.64528	255	0	1.47476e-07
2.46893	UL	246	8	0	9	4	1	0	1	466	0	1	1	-9.64528	255	0	1.47476e-07
2.46936	UL	246	9	0	1	4	1	0	2	1110	4	1	0	-2.30096	255	0	1.5743e-13
2.46936	UL	246	9	0	1	4	1	0	2	1110	4	1	0	-2.30096	255	0	1.5743e-13
2.46957	UL	246	9	0	5	3	1	0	3	1620	7	1	0	1.34346	255	0	1.64535e-13
2.46957	UL	246	9	0	5	3	1	0	3	1620	7	1	0	1.34346	255	0	1.64535e-13
2.46979	UL	246	9	0	8	3	1	0	5	348	0	1	0	-10.6429	255	1	1
2.46979	UL	246	9	0	8	3	1	0	5	348	0	1	0	-10.6429	255	1	1
2.46993	UL	246	9	0	11	2	1	0	1	231	0	1	1	-9.63179	255	0	0.00100146
2.46993	UL	246	9	0	11	2	1	0	1	231	0	1	1	-9.63179	255	0	0.00100146
2.46993	UL	246	9	0	12	1	3	0	3	1081	12	1	0	5.01256	255	0	9.37568e-05
2.46993	UL	246	9	0	12	1	3	0	3	1081	12	1	0	5.01256	255	0	9.37568e-05
2.47036	UL	247	0	0	1	4	1	0	2	1110	4	1	0	-2.24265	255	0	3.9968e-15
2.47057	UL	247	0	0	5	3	1	0	3	1620	7	1	0	1.32372	255	0	4.17666e-13
2.47057	UL	247	0	0	5	3	1	0	3	1620	7	1	0	1.32372	255	0	4.17666e-13
2.47079	UL	247	0	0	8	3	1	0	5	348	0	1	1	-10.6406	255	1	0.988972
2.47079	UL	247	0	0	8	3	1	0	5	348	0	1	1	-10.6406	255	1	0.988972
2.47093	UL	247	0	0	11	2	1	0	1	231	0	1	1	-9.64403	255	0	0.00198552
2.47093	UL	247	0	0	11	2	1	0	1	231	0	1	1	-9.64403	255	0	0.00198552
2.47136	UL	247	1	0	1	4	1	0	2	1110	4	1	0	-2.21462	255	0	4.44089e-16
2.47157	UL	247	1	0	5	3	1	0	3	1620	7	1	0	1.31053	255	0	1.26998e-12
2.47179	UL	247	1	0	8	3	1	0	5	348	0	1	0	-10.6348	255	1	1
2.47179	UL	247	1	0	8	3	1	0	5	348	0	1	0	-10.6348	255	1	1
2.47193	UL	247	1	0	11	2	1	0	1	231	0	1	1	-9.62776	255	0	0.00119826
2.47193	UL	247	1	0	11	2	1	0	1	231	0	1	1	-9.62776	255	0	0.00119826
2.47236	UL	247	2	0	1	4	1	0	2	1110	4	1	0	-2.19752	255	0	2.22045e-16
2.47257	UL	247	2	0	5	3	1	0	3	1620	7	1	0	1.30423	255	0	1.68465e-12
2.47279	UL	247	2	0	8	3	1	0	5	348	0	1	0	-10.6218	255	1	1
2.47279	UL	247	2	0	8	3	1	0	5	348	0	1	0	-10.6218	255	1	1
2.47293	UL	247	2	0	11	2	1	0	1	231	0	1	1	-9.64482	255	0	0.00222303
2.47293	UL	247	2	0	11	2	1	0	1	231	0	1	1	-9.64482	255	0	0.00222303
2.47314	DL	247	3	0	1	1	3	0	2	4030	28	1	0	27.238	15	0	0
2.47336	UL	247	3	0	1	4	1	0	1	466	0	1	0	-9.68027	255	1	1
2.47336	UL	247	3	0	1	4	1	0	1	466	0	1	0	-9.68027	255	1	1
2.47357	UL	247	3	0	5	3	1	0	2	832	4	1	0	-2.19565	255	0	7.2558e-11
2.47379	UL	247	3	0	8	3	1	0	3	1620	7	1	0	1.28483	255	0	6.49214e-12
2.47393	UL	247	3	0	11	2	1	0	5	231	0	1	1	-10.6783	255	1	0.94673
2.47393	UL	247	3	0	11	2	1	0	5	231	0	1	1	-10.6783	255	1	0.94673
2.47393	UL	247	3	0	12	1	3	0	2	4030	28	1	0	25.2276	255	0	0
2.47393	UL	247	3	0	12	1	3	0	2	4030	28	1	0	25.2276	255	0	0
2.47443	UL	247	4	0	1	5	1	0	1	583	0	1	0	-9.66766	255	1	1
2.47443	UL	247	4	0	1	5	1	0	1	583	0	1	0	-9.66766	255	1	1
2.47471	UL	247	4	0	6	4	1	0	3	2163	7	1	0	1.2805	255	0	7.79443e-12
2.47493	UL	247	4	0	10	3	1	0	5	348	0	1	1	-10.6245	255	1	0.97113
2.47493	UL	247	4	0	10	3	1	0	5	348	0	1	1	-10.6245	255	1	0.97113
2.47571	UL	247	5	0	1	9	1	0	1	1052	0	1	0	-9.66864	255	1	1
2.47571	UL	247	5	0	1	9	1	0	1	1052	0	1	0	-9.66864	255	1	1
2.47593	UL	247	5	0	10	3	1	0	5	348	0	1	2	-10.6329	255	0	0
2.47593	UL	247	5	0	10	3	1	0	5	348	0	1	2	-10.6329	255	0	0
2.47593	UL	247	5	0	12	1	3	0	3	1081	12	1	0	4.92391	255	0	0.00106084
2.47593	UL	247	5	0	12	1	3	0	3	1081	12	1	0	4.92391	255	0	0.00106084
2.47671	UL	247	6	0	1	9	1	0	1	1052	0	1	0	-9.68876	255	1	1
2.47671	UL	247	6	0	1	9	1	0	1	1052	0	1	0	-9.68876	255	1	1
2.47693	UL	247	6	0	10	3	1	0	5	348	0	1	1	-10.5777	255	1	0.95938
2.47693	UL	247	6	0	10	3	1	0	5	348	0	1	1	-10.5777	255	1	0.95938
2.47764	UL	247	7	0	1	8	1	0	1	935	0	1	0	-9.6679	255	1	1
2.47764	UL	247	7	0	1	8	1	0	1	935	0	1	0	-9.6679	255	1	1
2.47786	UL	247	7	0	9	3	1	0	5	348	0	1	1	-10.5832	255	1	0.957968
2.47786	UL	247	7	0	9	3	1	0	5	348	0	1	1	-10.5832	255	1	0.957968
2.47814	DL	247	8	0	1	1	1	0	4	158	2	1	0	-4.98399	2	0	0.00844035
2.47821	DL	247	8	0	2	1	1	0	3	641	8	1	0	3.09276	5	0	0
2.47829	DL	247	8	0	3	1	1	0	2	436	6	1	0	-0.182442	4	0	1.10555e-07
2.47836	DL	247	8	0	4	1	1	0	1	114	0	1	0	-7.80359	0	1	0.987851
2.47864	UL	247	8	0	7	2	1	0	5	231	0	1	2	-10.5245	255	0	3.26239e-13
2.47864	UL	247	8	0	7	2	1	0	5	231	0	1	2	-10.5245	255	0	3.26239e-13
2.47893	UL	247	8	0	9	4	1	0	1	466	0	1	1	-9.63065	255	0	5.36237e-07
2.47893	UL	247	8	0	9	4	1	0	1	466	0	1	1	-9.63065	255	0	5.36237e-07
2.47914	DL	247	9	0	1	1	3	0	2	4030	28	1	0	27.3705	15	0	0
2.47957	UL	247	9	0	5	3	1	0	5	348	0	1	2	-10.5404	255	0	0
2.47957	UL	247	9	0	5	3	1	0	5	348	0	1	2	-10.5404	255	0	0
2.47993	UL	247	9	0	8	5	1	0	1	583	0	1	1	-9.6768	255	0	2.05343e-09
2.47993	UL	247	9	0	8	5	1	0	1	583	0	1	1	-9.6768	255	0	2.05343e-09
2.47993	UL	247	9	0	12	1	3	0	2	4030	28	1	0	25.3417	255	0	0
2.47993	UL	247	9	0	12	1	3	0	2	4030	28	1	0	25.3417	255	0	0
2.48021	UL	248	0	0	1	2	1	0	5	231	0	1	0	-10.4971	255	1	1
2.48021	UL	248	0	0	1	2	1	0	5	231	0	1	0	-10.4971	255	1	1
2.48086	UL	248	0	0	3	9	1	0	1	1052	0	1	1	-9.66296	255	0	3.46912e-09
2.48086	UL	248	0	0	3	9	1	0	1	1052	0	1	1	-9.66296	255	0	3.46912e-09
2.48129	UL	248	1	0	1	3	1	0	5	348	0	1	2	-10.4604	255	0	0
2.48129	UL	248	1	0	1	3	1	0	5	348	0	1	2	-10.4604	255	0	0
2.48193	UL	248	1	0	4	9	1	0	1	1052	0	1	1	-9.65555	255	0	5.01401e-09
2.48193	UL	248	1	0	4	9	1	0	1	1052	0	1	1	-9.65555	255	0	5.01401e-09
2.48193	UL	248	1	0	12	1	3	0	3	1081	12	1	0	4.86946	255	0	0.00390345
2.48193	UL	248	1	0	12	1	3	0	3	1081	12	1	0	4.86946	255	0	0.00390345
2.48236	UL	248	2	0	2	3	1	0	5	348	0	1	2	-10.4673	255	0	0
2.48236	UL	248	2	0	2	3	1	0	5	348	0	1	2	-10.4673	255	0	0
2.48293	UL	248	2	0	5	8	1	0	1	935	0	1	1	-9.64176	255	0	1.11346e-06
2.48293	UL	248	2	0	5	8	1	0	1	935	0	1	1	-9.64176	255	0	1.11346e-06
2.4835	UL	248	3	0	1	6	1	0	1	700	0	1	0	-9.64373	255	1	1
2.4835	UL	248	3	0	1	6	1	0	1	700	0	1	0	-9.64373	255	1	1
2.48393	UL	248	3	0	7	6	1	0	5	700	0	1	0	-10.4444	255	1	1
2.48393	UL	248	3	0	7	6	1	0	5	700	0	1	0	-10.4444	255	1	1
2.48443	UL	248	4	0	1	5	1	0	1	583	0	1	0	-9.65832	255	1	1
2.48493	UL	248	4	0	6	7	1	0	5	817	0	1	0	-10.483	255	1	1
2.48493	UL	248	4	0	6	7	1	0	5	817	0	1	0	-10.483	255	1	1
2.48514	DL	248	5	0	1	1	1	0	1	114	0	1	1	-7.82896	0	0	0
2.48514	DL	248	5	0	1	1	3	0	2	4030	28	1	0	27.4207	15	0	0
2.48579	UL	248	5	0	6	5	1	0	1	583	0	1	0	-9.67909	255	1	1
2.48593	UL	248	5	0	11	2	1	0	5	231	0	1	1	-10.5453	255	1	0.852297
2.48593	UL	248	5	0	11	2	1	0	5	231	0	1	1	-10.5453	255	1	0.852297
2.48593	UL	248	5	0	12	1	3	0	2	4030	28	1	0	25.3159	255	0	0
2.48593	UL	248	5	0	12	1	3	0	2	4030	28	1	0	25.3159	255	0	0
2.48614	UL	248	6	0	1	1	1	0	2	275	4	1	0	-2.13749	255	0	8.63202e-06
2.48614	UL	248	6	0	1	1	1	0	2	275	4	1	0	-2.13749	255	0	8.63202e-06
2.48621	UL	248	6	0	2	1	1	0	3	539	7	1	0	1.27832	255	0	4.63074e-12
2.48621	UL	248	6	0	2	1	1	0	3	539	7	1	0	1.27832	255	0	4.63074e-12
2.48629	UL	248	6	0	3	1	1	0	4	114	0	1	0	-7.00508	255	1	0.557029
2.48629	UL	248	6	0	3	1	1	0	4	114	0	1	0	-7.00508	255	1	0.557029
2.48693	UL	248	6	0	4	9	1	0	5	1052	0	1	0	-10.4474	255	1	1
2.48693	UL	248	6	0	4	9	1	0	5	1052	0	1	0	-10.4474	255	1	1
2.48743	UL	248	7	0	1	5	1	0	1	583	0	1	0	-9.68199	255	1	1
2.48793	UL	248	7	0	6	7	1	0	5	817	0	1	0	-10.4455	255	1	1
2.48793	UL	248	7	0	6	7	1	0	5	817	0	1	0	-10.4455	255	1	1
2.48793	UL	248	7	0	12	1	3	0	3	1081	12	1	0	4.88801	255	0	0.00256481
2.48793	UL	248	7	0	12	1	3	0	3	1081	12	1	0	4.88801	255	0	0.00256481
2.4885	UL	248	8	0	1	6	1	0	5	700	0	1	1	-10.462	255	1	0.816135
2.4885	UL	248	8	0	1	6	1	0	5	700	0	1	1	-10.462	255	1	0.816135
2.48893	UL	248	8	0	7	6	1	0	1	700	0	1	1	-9.7008	255	0	2.309e-09
2.48893	UL	248	8	0	7	6	1	0	1	700	0	1	1	-9.7008	255	0	2.309e-09
2.48893	UL	248	8	0	12	1	3	0	1	641	8	1	0	2.21918	255	0	0
2.48893	UL	248	8	0	12	1	3	0	1	641	8	1	0	2.21918	255	0	0
2.48957	UL	248	9	0	1	7	1	0	5	817	0	1	1	-10.4427	255	1	0.966023
2.48957	UL	248	9	0	1	7	1	0	5	817	0	1	1	-10.4427	255	1	0.966023
2.48993	UL	248	9	0	8	5	1	0	1	583	0	1	1	-9.71606	255	0	4.97264e-09
2.49014	DL	249	0	0	1	1	1	0	1	114	0	1	0	-7.87274	0	1	0.992356
2.49057	UL	249	0	0	6	2	1	0	5	231	0	1	2	-10.5121	255	0	5.16254e-15
2.49057	UL	249	0	0	6	2	1	0	5	231	0	1	2	-10.5121	255	0	5.16254e-15
2.49093	UL	249	0	0	8	5	1	0	1	583	0	1	1	-9.71149	255	0	7.83629e-09
2.49114	DL	249	1	0	1	1	3	0	2	4030	28	1	0	27.4611	15	0	0
2.49114	UL	249	1	0	1	1	1	0	2	275	4	1	0	-2.44838	255	0	0.00145183
2.49114	UL	249	1	0	1	1	1	0	2	275	4	1	0	-2.44838	255	0	0.00145183
2.49121	UL	249	1	0	2	1	1	0	3	539	7	1	0	1.24475	255	0	2.45302e-11
2.49121	UL	249	1	0	2	1	1	0	3	539	7	1	0	1.24475	255	0	2.45302e-11
2.49186	UL	249	1	0	3	9	1	0	5	1052	0	1	1	-10.549	255	1	0.987077
2.49186	UL	249	1	0	3	9	1	0	5	1052	0	1	1	-10.549	255	1	0.987077
2.49193	UL	249	1	0	11	2	3	0	2	8060	28	1	0	25.2654	255	0	0
2.49193	UL	249	1	0	11	2	3	0	2	8060	28	1	0	25.2654	255	0	0
2.49193	UL	249	1	0	12	1	1	0	4	114	0	1	1	-6.97817	255	0	0
2.49193	UL	249	1	0	12	1	1	0	4	114	0	1	1	-6.97817	255	0	0
2.49257	UL	249	2	0	1	7	1	0	5	817	0	1	1	-10.5151	255	1	0.974171
2.49257	UL	249	2	0	1	7	1	0	5	817	0	1	1	-10.5151	255	1	0.974171
2.49293	UL	249	2	0	8	5	1	0	1	583	0	1	1	-9.66813	255	0	3.33645e-09
2.49314	UL	249	3	0	1	1	1	0	1	114	0	1	0	-9.64423	255	1	1
2.49314	UL	249	3	0	1	1	1	0	1	114	0	1	0	-9.64423	255	1	1
2.49329	UL	249	3	0	2	2	1	0	2	553	4	1	0	-2.07396	255	0	0
2.49329	UL	249	3	0	2	2	1	0	2	553	4	1	0	-2.07396	255	0	0
2.4935	UL	249	3	0	4	3	1	0	3	1620	7	1	0	1.28018	255	0	1.14988e-11
2.4935	UL	249	3	0	4	3	1	0	3	1620	7	1	0	1.28018	255	0	1.14988e-11
2.49393	UL	249	3	0	7	6	1	0	5	700	0	1	2	-10.5355	255	0	0
2.49393	UL	249	3	0	7	6	1	0	5	700	0	1	2	-10.5355	255	0	0
2.49393	UL	249	3	0	12	1	3	0	3	1081	12	1	0	4.93208	255	0	0.000868158
2.49393	UL	249	3	0	12	1	3	0	3	1081	12	1	0	4.93208	255	0	0.000868158
2.49421	UL	249	4	0	1	2	1	0	1	231	0	1	0	-9.65748	255	1	1
2.49421	UL	249	4	0	1	2	1	0	1	231	0	1	0	-9.65748	255	1	1
2.49436	UL	249	4	0	3	2	1	0	2	553	4	1	0	-2.03199	255	0	0
2.49436	UL	249	4	0	3	2	1	0	2	553	4	1	0	-2.03199	255	0	0
2.49443	UL	249	4	0	5	1	1	0	3	539	7	1	0	1.29421	255	0	1.54871e-12
2.49443	UL	249	4	0	5	1	1	0	3	539	7	1	0	1.29421	255	0	1.54871e-12
2.49493	UL	249	4	0	6	7	1	0	5	817	0	1	2	-10.6542	255	0	0
2.49493	UL	249	4	0	6	7	1	0	5	817	0	1	2	-10.6542	255	0	0
2.49493	UL	249	4	0	11	2	3	0	1	1492	9	1	0	2.13937	255	1	0.380171
2.49493	UL	249	4	0	11	2	3	0	1	1492	9	1	0	2.13937	255	1	0.380171
2.49529	UL	249	5	0	1	3	1	0	1	348	0	1	0	-9.63706	255	1	1
2.49529	UL	249	5	0	1	3	1	0	1	348	0	1	0	-9.63706	255	1	1
2.4955	UL	249	5	0	4	3	1	0	2	832	4	1	0	-2.07719	255	0	2.88658e-13
2.4955	UL	249	5	0	4	3	1	0	2	832	4	1	0	-2.07719	255	0	2.88658e-13
2.49571	UL	249	5	0	7	3	1	0	3	1620	7	1	0	1.32135	255	0	1.27864e-12
2.49571	UL	249	5	0	7	3	1	0	3	1620	7	1	0	1.32135	255	0	1.27864e-12
2.49593	UL	249	5	0	10	3	1	0	5	348	0	1	0	-10.5084	255	1	1
2.49593	UL	249	5	0	10	3	1	0	5	348	0	1	0	-10.5084	255	1	1
2.49614	UL	249	6	0	1	1	1	0	1	114	0	1	0	-9.5998	255	1	1
2.49614	UL	249	6	0	1	1	1	0	1	114	0	1	0	-9.5998	255	1	1
2.49621	UL	249	6	0	2	1	1	0	2	275	4	1	0	-2.0731	255	0	2.34668e-06
2.49621	UL	249	6	0	2	1	1	0	2	275	4	1	0	-2.0731	255	0	2.34668e-06
2.49686	UL	249	6	0	3	9	1	0	5	1052	0	1	2	-10.5302	255	0	0
2.49686	UL	249	6	0	3	9	1	0	5	1052	0	1	2	-10.5302	255	0	0
2.49714	DL	249	7	0	1	1	3	0	2	4030	28	1	0	27.5417	15	0	0
2.49721	UL	249	7	0	1	2	1	0	1	231	0	1	0	-9.68743	255	1	1
2.49721	UL	249	7	0	1	2	1	0	1	231	0	1	0	-9.68743	255	1	1
2.49729	UL	249	7	0	3	1	1	0	2	275	4	1	0	-2.07523	255	0	2.44332e-06
2.49729	UL	249	7	0	3	1	1	0	2	275	4	1	0	-2.07523	255	0	2.44332e-06
2.49736	UL	249	7	0	4	1	1	0	3	539	7	1	0	1.39037	255	0	6.93889e-15
2.49736	UL	249	7	0	4	1	1	0	3	539	7	1	0	1.39037	255	0	6.93889e-15
2.49743	UL	249	7	0	5	1	1	0	4	114	0	1	0	-6.85944	255	0	0.390315
2.49743	UL	249	7	0	5	1	1	0	4	114	0	1	0	-6.85944	255	0	0.390315
2.49793	UL	249	7	0	6	7	1	0	5	817	0	1	2	-10.5176	255	0	0
2.49793	UL	249	7	0	6	7	1	0	5	817	0	1	2	-10.5176	255	0	0
2.49821	UL	249	8	0	1	2	1	0	2	553	4	1	0	-2.02725	255	0	0
2.49821	UL	249	8	0	1	2	1	0	2	553	4	1	0	-2.02725	255	0	0
2.49843	UL	249	8	0	3	3	1	0	3	1620	7	1	0	1.3816	255	0	3.06422e-14
2.49843	UL	249	8	0	3	3	1	0	3	1620	7	1	0	1.3816	255	0	3.06422e-14
2.49864	UL	249	8	0	6	3	1	0	4	348	0	1	0	-6.83944	255	0	0.0306565
2.49864	UL	249	8	0	6	3	1	0	4	348	0	1	0	-6.83944	255	0	0.0306565
2.49886	UL	249	8	0	9	3	1	0	5	348	0	1	0	-10.5168	255	1	1
2.49886	UL	249	8	0	9	3	1	0	5	348	0	1	0	-10.5168	255	1	1
2.49893	UL	249	8	0	12	1	1	0	1	114	0	1	1	-9.60462	255	0	0.0384396
2.49893	UL	249	8	0	12	1	1	0	1	114	0	1	1	-9.60462	255	0	0.0384396
2.49921	UL	249	9	0	1	2	1	0	2	553	4	1	0	-2.06211	255	0	0
2.49921	UL	249	9	0	1	2	1	0	2	553	4	1	0	-2.06211	255	0	0
2.49936	UL	249	9	0	3	2	1	0	3	1081	7	1	0	1.35525	255	0	1.20348e-13
2.49936	UL	249	9	0	3	2	1	0	3	1081	7	1	0	1.35525	255	0	1.20348e-13
2.49957	UL	249	9	0	5	3	1	0	4	348	0	1	0	-6.87265	255	0	0.0492298
2.49957	UL	249	9	0	5	3	1	0	4	348	0	1	0	-6.87265	255	0	0.0492298
2.49964	UL	249	9	0	8	1	3	0	2	4030	28	1	0	25.4617	255	0	0
2.49964	UL	249	9	0	8	1	3	0	2	4030	28	1	0	25.4617	255	0	0
2.49979	UL	249	9	0	8	3	1	0	5	348	0	1	0	-10.6405	255	1	1
2.49979	UL	249	9	0	8	3	1	0	5	348	0	1	0	-10.6405	255	1	1
2.49979	UL	249	9	0	9	2	3	0	3	2163	12	1	0	4.87099	255	0	0.00811534
2.49979	UL	249	9	0	9	2	3	0	3	2163	12	1	0	4.87099	255	0	0.00811534
2.49993	UL	249	9	0	11	2	3	0	1	1492	9	1	1	2.22016	255	0	0
2.49993	UL	249	9	0	11	2	3	0	1	1492	9	1	1	2.22016	255	0	0
2.49993	UL	249	9	0	11	2	1	0	1	231	0	1	1	-9.65038	255	0	0.00213924
2.49993	UL	249	9	0	11	2	1	0	1	231	0	1	1	-9.65038	255	0	0.00213924
2.50021	UL	250	0	0	1	2	1	0	2	553	4	1	0	-2.07189	255	0	0
2.50021	UL	250	0	0	1	2	1	0	2	553	4	1	0	-2.07189	255	0	0
2.50036	UL	250	0	0	3	2	1	0	3	1081	7	1	0	1.3917	255	0	1.19904e-14
2.50036	UL	250	0	0	3	2	1	0	3	1081	7	1	0	1.3917	255	0	1.19904e-14
2.5005	UL	250	0	0	5	2	1	0	4	231	0	1	0	-6.93881	255	1	0.273137
2.5005	UL	250	0	0	5	2	1	0	4	231	0	1	0	-6.93881	255	1	0.273137
2.50071	UL	250	0	0	7	3	1	0	5	348	0	1	1	-10.5367	255	0	0.890471
2.50071	UL	250	0	0	7	3	1	0	5	348	0	1	1	-10.5367	255	0	0.890471
2.50093	UL	250	0	0	10	3	1	0	1	348	0	1	1	-9.62001	255	0	2.49109e-07
2.50093	UL	250	0	0	10	3	1	0	1	348	0	1	1	-9.62001	255	0	2.49109e-07
2.50121	UL	250	1	0	1	2	1	0	2	553	4	1	0	-2.02429	255	0	0
2.50121	UL	250	1	0	1	2	1	0	2	553	4	1	0	-2.02429	255	0	0
2.50143	UL	250	1	0	3	3	1	0	3	1620	7	1	0	1.36172	255	0	1.01918e-13
2.50164	UL	250	1	0	6	3	1	0	4	348	0	1	0	-6.9381	255	0	0.10609
2.50164	UL	250	1	0	6	3	1	0	4	348	0	1	0	-6.9381	255	0	0.10609
2.50186	UL	250	1	0	9	3	1	0	5	348	0	1	0	-10.4547	255	1	1
2.50186	UL	250	1	0	9	3	1	0	5	348	0	1	0	-10.4547	255	1	1
2.50193	UL	250	1	0	12	1	1	0	1	114	0	1	1	-9.6408	255	0	0.0369508
2.50193	UL	250	1	0	12	1	1	0	1	114	0	1	1	-9.6408	255	0	0.0369508
2.50221	UL	250	2	0	1	2	1	0	2	553	4	1	0	-2.021	255	0	0
2.50221	UL	250	2	0	1	2	1	0	2	553	4	1	0	-2.021	255	0	0
2.50236	UL	250	2	0	3	2	1	0	3	1081	7	1	0	1.38154	255	0	1.9762e-14
2.50257	UL	250	2	0	5	3	1	0	4	348	0	1	0	-6.97271	255	0	0.150548
2.50257	UL	250	2	0	5	3	1	0	4	348	0	1	0	-6.97271	255	0	0.150548
2.50279	UL	250	2	0	8	3	1	0	5	348	0	1	0	-10.4333	255	1	1
2.50279	UL	250	2	0	8	3	1	0	5	348	0	1	0	-10.4333	255	1	1
2.50293	UL	250	2	0	11	2	1	0	1	231	0	1	1	-9.64438	255	0	0.00265335
2.50293	UL	250	2	0	11	2	1	0	1	231	0	1	1	-9.64438	255	0	0.00265335
2.50321	UL	250	3	0	1	2	1	0	1	231	0	1	0	-9.63809	255	1	1
2.50321	UL	250	3	0	1	2	1	0	1	231	0	1	0	-9.63809	255	1	1
2.50336	UL	250	3	0	3	2	1	0	2	553	4	1	0	-2.05448	255	0	0
2.50336	UL	250	3	0	3	2	1	0	2	553	4	1	0	-2.05448	255	0	0
2.5035	UL	250	3	0	5	2	1	0	3	1081	7	1	0	1.40416	255	0	4.44089e-15
2.50371	UL	250	3	0	7	3	1	0	4	348	0	1	0	-6.96157	255	0	0.132522
2.50371	UL	250	3	0	7	3	1	0	4	348	0	1	0	-6.96157	255	0	0.132522
2.50393	UL	250	3	0	10	3	1	0	5	348	0	1	1	-10.4622	255	1	0.852592
2.50393	UL	250	3	0	10	3	1	0	5	348	0	1	1	-10.4622	255	1	0.852592
2.50414	DL	250	4	0	1	1	3	0	2	4030	28	1	0	27.419	15	0	0
2.50421	UL	250	4	0	1	2	1	0	1	231	0	1	0	-9.68006	255	1	1
2.50421	UL	250	4	0	1	2	1	0	1	231	0	1	0	-9.68006	255	1	1
2.50436	UL	250	4	0	3	2	1	0	2	553	4	1	0	-2.04321	255	0	0
2.5045	UL	250	4	0	5	2	1	0	3	1081	7	1	0	1.44619	255	0	2.22045e-16
2.50471	UL	250	4	0	7	3	1	0	4	348	0	1	0	-6.99542	255	0	0.182231
2.50471	UL	250	4	0	7	3	1	0	4	348	0	1	0	-6.99542	255	0	0.182231
2.50493	UL	250	4	0	10	3	1	0	5	348	0	1	1	-10.4928	255	1	0.92818
2.50493	UL	250	4	0	10	3	1	0	5	348	0	1	1	-10.4928	255	1	0.92818
2.50493	UL	250	4	0	12	1	3	0	3	1081	12	1	0	4.99829	255	0	0.000228667
2.50493	UL	250	4	0	12	1	3	0	3	1081	12	1	0	4.99829	255	0	0.000228667
2.50514	DL	250	5	0	1	1	3	0	1	641	8	1	0	2.87501	5	0	0
2.50536	UL	250	5	0	1	4	1	0	1	466	0	1	0	-9.61708	255	1	1
2.50536	UL	250	5	0	1	4	1	0	1	466	0	1	0	-9.61708	255	1	1
2.50557	UL	250	5	0	5	3	1	0	2	832	4	1	0	-2.06296	255	0	1.40776e-13
2.50579	UL	250	5	0	8	3	1	0	5	348	0	1	0	-10.436	255	1	1
2.50579	UL	250	5	0	8	3	1	0	5	348	0	1	0	-10.436	255	1	1
2.50593	UL	250	5	0	11	2	1	0	4	231	0	1	1	-7.0736	255	0	0
2.50593	UL	250	5	0	11	2	1	0	4	231	0	1	1	-7.0736	255	0	0
2.50593	UL	250	5	0	12	1	3	0	2	4030	28	1	0	23.2993	255	0	0
2.50593	UL	250	5	0	12	1	3	0	2	4030	28	1	0	23.2993	255	0	0
2.50629	UL	250	6	0	1	3	1	0	1	348	0	1	0	-9.60729	255	1	1
2.50629	UL	250	6	0	1	3	1	0	1	348	0	1	0	-9.60729	255	1	1
2.5065	UL	250	6	0	4	3	1	0	2	832	4	1	0	-2.09363	255	0	6.33715e-13
2.50671	UL	250	6	0	7	3	1	0	4	348	0	1	0	-7.00638	255	0	0.202288
2.50671	UL	250	6	0	7	3	1	0	4	348	0	1	0	-7.00638	255	0	0.202288
2.50693	UL	250	6	0	10	3	1	0	5	348	0	1	1	-10.4554	255	1	0.800908
2.50693	UL	250	6	0	10	3	1	0	5	348	0	1	1	-10.4554	255	1	0.800908
2.50736	UL	250	7	0	1	4	1	0	1	466	0	1	0	-9.56245	255	1	1
2.50736	UL	250	7	0	1	4	1	0	1	466	0	1	0	-9.56245	255	1	1
2.50743	UL	250	7	0	5	1	1	0	2	275	4	1	0	-2.0409	255	0	1.20139e-06
2.50771	UL	250	7	0	6	4	1	0	4	466	0	1	0	-6.99011	255	0	0.175177
2.50771	UL	250	7	0	6	4	1	0	4	466	0	1	0	-6.99011	255	0	0.175177
2.50793	UL	250	7	0	10	3	1	0	5	348	0	1	1	-10.4458	255	1	0.774558
2.50793	UL	250	7	0	10	3	1	0	5	348	0	1	1	-10.4458	255	1	0.774558
2.50857	UL	250	8	0	1	7	1	0	4	817	0	1	0	-6.98543	255	0	0.306535
2.50879	UL	250	8	0	8	3	1	0	5	348	0	1	2	-10.47	255	0	0
2.50879	UL	250	8	0	8	3	1	0	5	348	0	1	2	-10.47	255	0	0
2.50893	UL	250	8	0	11	2	1	0	1	231	0	1	1	-9.60144	255	0	0.00131575
2.50893	UL	250	8	0	11	2	1	0	1	231	0	1	1	-9.60144	255	0	0.00131575
2.50914	DL	250	9	0	1	1	1	0	1	114	0	1	1	-7.78468	0	0	0
2.50921	DL	250	9	0	2	1	1	0	3	641	8	1	0	3.29623	5	0	0
2.50957	UL	250	9	0	3	5	1	0	4	583	0	1	0	-7.03189	255	0	0.173724
2.50979	UL	250	9	0	8	3	1	0	5	348	0	1	2	-10.4672	255	0	0
2.50979	UL	250	9	0	8	3	1	0	5	348	0	1	2	-10.4672	255	0	0
2.50993	UL	250	9	0	11	2	1	0	1	231	0	1	1	-9.5952	255	0	0.00175523
2.50993	UL	250	9	0	11	2	1	0	1	231	0	1	1	-9.5952	255	0	0.00175523
2.51014	DL	251	0	0	1	1	1	0	2	436	6	1	0	-0.0569983	4	0	1.76344e-09
2.51021	DL	251	0	0	2	1	1	0	1	114	0	1	0	-7.71511	0	1	0.977805
2.51064	UL	251	0	0	6	3	1	0	5	348	0	1	1	-10.4272	255	1	0.75861
2.51064	UL	251	0	0	6	3	1	0	5	348	0	1	1	-10.4272	255	1	0.75861
2.51093	UL	251	0	0	9	4	1	0	1	466	0	1	1	-9.60114	255	0	1.06981e-07
2.51093	UL	251	0	0	9	4	1	0	1	466	0	1	1	-9.60114	255	0	1.06981e-07
2.51114	DL	251	1	0	1	1	3	0	2	4030	28	1	0	27.5362	15	0	0
2.5115	UL	251	1	0	5	2	1	0	4	231	0	1	0	-7.05107	255	0	0.434956
2.51171	UL	251	1	0	7	3	1	0	5	348	0	1	2	-10.4564	255	0	0
2.51171	UL	251	1	0	7	3	1	0	5	348	0	1	2	-10.4564	255	0	0
2.51186	UL	251	1	0	11	1	3	0	2	4030	28	1	0	25.5465	255	0	0
2.51186	UL	251	1	0	11	1	3	0	2	4030	28	1	0	25.5465	255	0	0
2.51193	UL	251	1	0	10	3	1	0	1	348	0	1	1	-9.59311	255	0	7.5324e-08
2.51193	UL	251	1	0	10	3	1	0	1	348	0	1	1	-9.59311	255	0	7.5324e-08
2.51193	UL	251	1	0	12	1	3	0	3	1081	12	1	0	5.10354	255	0	5.28453e-06
2.51193	UL	251	1	0	12	1	3	0	3	1081	12	1	0	5.10354	255	0	5.28453e-06
2.51214	DL	251	2	0	1	1	1	0	4	158	2	1	0	-5.03852	2	0	0.0158086
2.51264	UL	251	2	0	6	3	1	0	5	348	0	1	2	-10.4211	255	0	0
2.51264	UL	251	2	0	6	3	1	0	5	348	0	1	2	-10.4211	255	0	0
2.51293	UL	251	2	0	9	4	1	0	1	466	0	1	1	-9.58164	255	0	2.61154e-08
2.51293	UL	251	2	0	9	4	1	0	1	466	0	1	1	-9.58164	255	0	2.61154e-08
2.5135	UL	251	3	0	1	6	1	0	1	700	0	1	0	-9.56395	255	1	1
2.5135	UL	251	3	0	1	6	1	0	1	700	0	1	0	-9.56395	255	1	1
2.51393	UL	251	3	0	7	6	1	0	5	700	0	1	0	-10.5848	255	1	1
2.51393	UL	251	3	0	7	6	1	0	5	700	0	1	0	-10.5848	255	1	1
2.51393	UL	251	3	0	12	1	3	0	1	744	9	1	0	2.22416	255	0	0.0794496
2.51393	UL	251	3	0	12	1	3	0	1	744	9	1	0	2.22416	255	0	0.0794496
2.51429	UL	251	4	0	1	3	1	0	1	348	0	1	0	-9.55458	255	1	1
2.51429	UL	251	4	0	1	3	1	0	1	348	0	1	0	-9.55458	255	1	1
2.51493	UL	251	4	0	4	9	1	0	5	1052	0	1	0	-10.4942	255	1	1
2.51493	UL	251	4	0	4	9	1	0	5	1052	0	1	0	-10.4942	255	1	1
2.51514	DL	251	5	0	1	1	1	0	1	114	0	1	1	-7.73711	0	0	0
2.51571	UL	251	5	0	7	3	1	0	1	348	0	1	0	-9.57971	255	1	1
2.51571	UL	251	5	0	7	3	1	0	1	348	0	1	0	-9.57971	255	1	1
2.51593	UL	251	5	0	10	3	1	0	5	348	0	1	2	-10.4733	255	0	0
2.51593	UL	251	5	0	10	3	1	0	5	348	0	1	2	-10.4733	255	0	0
2.51614	DL	251	6	0	1	1	1	0	1	114	0	1	0	-7.71859	0	1	0.977905
2.51614	DL	251	6	0	1	1	3	0	2	4030	28	1	0	27.5161	15	0	0
2.51686	UL	251	6	0	9	3	1	0	1	348	0	1	0	-9.56202	255	1	1
2.51686	UL	251	6	0	9	3	1	0	1	348	0	1	0	-9.56202	255	1	1
2.51693	UL	251	6	0	12	1	3	0	2	4030	28	1	0	25.4101	255	0	0
2.51693	UL	251	6	0	12	1	3	0	2	4030	28	1	0	25.4101	255	0	0
2.51729	UL	251	7	0	1	3	1	0	1	348	0	1	0	-9.55869	255	1	1
2.51729	UL	251	7	0	1	3	1	0	1	348	0	1	0	-9.55869	255	1	1
2.51736	UL	251	7	0	4	1	1	0	3	539	7	1	0	1.5665	255	0	0
2.51736	UL	251	7	0	4	1	1	0	3	539	7	1	0	1.5665	255	0	0
2.51793	UL	251	7	0	5	8	1	0	5	935	0	1	0	-10.4231	255	1	1
2.51793	UL	251	7	0	5	8	1	0	5	935	0	1	0	-10.4231	255	1	1
2.51793	UL	251	7	0	12	1	3	0	3	1081	12	1	0	5.06831	255	0	1.70814e-05
2.51793	UL	251	7	0	12	1	3	0	3	1081	12	1	0	5.06831	255	0	1.70814e-05
2.5185	UL	251	8	0	1	6	1	0	5	700	0	1	1	-10.3777	255	1	0.85682
2.5185	UL	251	8	0	1	6	1	0	5	700	0	1	1	-10.3777	255	1	0.85682
2.51893	UL	251	8	0	7	6	1	0	1	700	0	1	1	-9.56256	255	0	6.57552e-12
2.51893	UL	251	8	0	7	6	1	0	1	700	0	1	1	-9.56256	255	0	6.57552e-12
2.51971	UL	251	9	0	1	9	1	0	5	1052	0	1	1	-10.4426	255	1	0.972851
2.51971	UL	251	9	0	1	9	1	0	5	1052	0	1	1	-10.4426	255	1	0.972851
2.51993	UL	251	9	0	9	4	3	0	1	2981	9	1	0	2.17394	255	0	0.496646
2.51993	UL	251	9	0	9	4	3	0	1	2981	9	1	0	2.17394	255	0	0.496646
2.51993	UL	251	9	0	10	3	1	0	1	348	0	1	1	-10.063	255	0	7.62954e-05
2.51993	UL	251	9	0	10	3	1	0	1	348	0	1	1	-10.063	255	0	7.62954e-05
2.52014	UL	252	0	0	1	1	1	0	2	275	4	1	0	-2.04953	255	0	1.48285e-06
2.52014	UL	252	0	0	1	1	1	0	2	275	4	1	0	-2.04953	255	0	1.48285e-06
2.52021	UL	252	0	0	2	1	1	0	4	114	0	1	0	-6.97736	255	0	0.526139
2.52021	UL	252	0	0	2	1	1	0	4	114	0	1	0	-6.97736	255	0	0.526139
2.52071	UL	252	0	0	3	7	1	0	5	817	0	1	0	-10.3719	255	1	1
2.52071	UL	252	0	0	3	7	1	0	5	817	0	1	0	-10.3719	255	1	1
2.52093	UL	252	0	0	10	3	1	0	1	348	0	1	1	-9.51188	255	0	9.08684e-09
2.52093	UL	252	0	0	10	3	1	0	1	348	0	1	1	-9.51188	255	0	9.08684e-09
2.52171	UL	252	1	0	1	9	1	0	5	1052	0	1	0	-10.3448	255	1	1
2.52171	UL	252	1	0	1	9	1	0	5	1052	0	1	0	-10.3448	255	1	1
2.52193	UL	252	1	0	10	3	1	0	1	348	0	1	1	-9.51381	255	0	6.32419e-09
2.52193	UL	252	1	0	10	3	1	0	1	348	0	1	1	-9.51381	255	0	6.32419e-09
2.52214	DL	252	2	0	1	1	3	0	2	4030	28	1	0	27.399	15	0	0
2.52214	UL	252	2	0	1	1	1	0	3	539	7	1	0	1.02334	255	0	6.81611e-07
2.52214	UL	252	2	0	1	1	1	0	3	539	7	1	0	1.02334	255	0	6.81611e-07
2.52271	UL	252	2	0	2	8	1	0	5	935	0	1	1	-10.3083	255	1	0.849882
2.52271	UL	252	2	0	2	8	1	0	5	935	0	1	1	-10.3083	255	1	0.849882
2.52293	UL	252	2	0	10	3	1	0	1	348	0	1	1	-9.54649	255	0	1.19248e-08
2.52293	UL	252	2	0	10	3	1	0	1	348	0	1	1	-9.54649	255	0	1.19248e-08
2.52329	UL	252	3	0	1	3	1	0	1	348	0	1	0	-9.55669	255	1	1
2.52329	UL	252	3	0	1	3	1	0	1	348	0	1	0	-9.55669	255	1	1
2.5235	UL	252	3	0	4	3	1	0	3	1620	7	1	0	1.50781	255	0	0
2.5235	UL	252	3	0	4	3	1	0	3	1620	7	1	0	1.50781	255	0	0
2.52393	UL	252	3	0	7	6	1	0	5	700	0	1	2	-10.2688	255	0	0
2.52393	UL	252	3	0	7	6	1	0	5	700	0	1	2	-10.2688	255	0	0
2.52393	UL	252	3	0	12	1	3	0	3	1081	12	1	0	5.05983	255	0	2.24454e-05
2.52393	UL	252	3	0	12	1	3	0	3	1081	12	1	0	5.05983	255	0	2.24454e-05
2.52421	UL	252	4	0	1	2	1	0	1	231	0	1	0	-9.54233	255	1	1
2.52421	UL	252	4	0	1	2	1	0	1	231	0	1	0	-9.54233	255	1	1
2.52429	UL	252	4	0	3	1	1	0	3	539	7	1	0	1.47207	255	0	0
2.52429	UL	252	4	0	3	1	1	0	3	539	7	1	0	1.47207	255	0	0
2.52486	UL	252	4	0	11	1	3	0	2	4030	28	1	0	25.5458	255	0	0
2.52486	UL	252	4	0	11	1	3	0	2	4030	28	1	0	25.5458	255	0	0
2.52493	UL	252	4	0	4	9	1	0	5	1052	0	1	2	-10.2506	255	0	0
2.52493	UL	252	4	0	4	9	1	0	5	1052	0	1	2	-10.2506	255	0	0
2.52514	DL	252	5	0	1	1	3	0	1	641	8	1	0	3.07699	5	0	0
2.52521	UL	252	5	0	1	2	1	0	1	231	0	1	0	-9.57212	255	1	1
2.52521	UL	252	5	0	1	2	1	0	1	231	0	1	0	-9.57212	255	1	1
2.52529	UL	252	5	0	3	1	1	0	2	275	4	1	0	-2.05298	255	0	1.61584e-06
2.52529	UL	252	5	0	3	1	1	0	2	275	4	1	0	-2.05298	255	0	1.61584e-06
2.52536	UL	252	5	0	4	1	1	0	3	539	7	1	0	1.46638	255	0	0
2.52536	UL	252	5	0	4	1	1	0	3	539	7	1	0	1.46638	255	0	0
2.52543	UL	252	5	0	5	1	1	0	4	114	0	1	0	-7.02339	255	0	0.579172
2.52543	UL	252	5	0	5	1	1	0	4	114	0	1	0	-7.02339	255	0	0.579172
2.52593	UL	252	5	0	6	7	1	0	5	817	0	1	1	-10.2711	255	1	0.756535
2.52593	UL	252	5	0	6	7	1	0	5	817	0	1	1	-10.2711	255	1	0.756535
2.52614	UL	252	6	0	1	1	1	0	2	275	4	1	0	-2.07367	255	0	2.5296e-06
2.52614	UL	252	6	0	1	1	1	0	2	275	4	1	0	-2.07367	255	0	2.5296e-06
2.52621	UL	252	6	0	2	1	1	0	3	539	7	1	0	1.46263	255	0	5.55112e-17
2.52621	UL	252	6	0	2	1	1	0	3	539	7	1	0	1.46263	255	0	5.55112e-17
2.52629	UL	252	6	0	3	1	1	0	4	114	0	1	0	-7.01497	255	0	0.569233
2.52629	UL	252	6	0	3	1	1	0	4	114	0	1	0	-7.01497	255	0	0.569233
2.52693	UL	252	6	0	4	9	1	0	5	1052	0	1	1	-10.2623	255	0	0.652239
2.52693	UL	252	6	0	4	9	1	0	5	1052	0	1	1	-10.2623	255	0	0.652239
2.52714	UL	252	7	0	1	1	1	0	1	114	0	1	0	-9.52342	255	1	1
2.52714	UL	252	7	0	1	1	1	0	1	114	0	1	0	-9.52342	255	1	1
2.52721	UL	252	7	0	2	1	1	0	2	275	4	1	0	-1.97535	255	0	3.02648e-07
2.52721	UL	252	7	0	2	1	1	0	2	275	4	1	0	-1.97535	255	0	3.02648e-07
2.52729	UL	252	7	0	3	1	1	0	3	539	7	1	0	1.46053	255	0	0
2.52729	UL	252	7	0	3	1	1	0	3	539	7	1	0	1.46053	255	0	0
2.52736	UL	252	7	0	4	1	1	0	4	114	0	1	0	-7.00275	255	1	0.556258
2.52736	UL	252	7	0	4	1	1	0	4	114	0	1	0	-7.00275	255	1	0.556258
2.52793	UL	252	7	0	5	8	1	0	5	935	0	1	2	-10.2493	255	0	0
2.52793	UL	252	7	0	5	8	1	0	5	935	0	1	2	-10.2493	255	0	0
2.52821	UL	252	8	0	1	2	1	0	2	553	4	1	0	-1.98188	255	0	0
2.52821	UL	252	8	0	1	2	1	0	2	553	4	1	0	-1.98188	255	0	0
2.52836	UL	252	8	0	3	2	1	0	3	1081	7	1	0	1.47252	255	0	0
2.52836	UL	252	8	0	3	2	1	0	3	1081	7	1	0	1.47252	255	0	0
2.5285	UL	252	8	0	5	2	1	0	4	231	0	1	0	-7.00688	255	1	0.370903
2.5285	UL	252	8	0	5	2	1	0	4	231	0	1	0	-7.00688	255	1	0.370903
2.52871	UL	252	8	0	7	3	1	0	5	348	0	1	0	-10.2263	255	1	1
2.52871	UL	252	8	0	7	3	1	0	5	348	0	1	0	-10.2263	255	1	1
2.52893	UL	252	8	0	10	3	1	0	1	348	0	1	1	-9.48282	255	0	3.27961e-09
2.52893	UL	252	8	0	10	3	1	0	1	348	0	1	1	-9.48282	255	0	3.27961e-09
2.52914	DL	252	9	0	1	1	3	0	2	4030	28	1	0	27.5252	15	0	0
2.52921	UL	252	9	0	1	2	1	0	2	553	4	1	0	-2.22607	255	0	7.21645e-16
2.52921	UL	252	9	0	1	2	1	0	2	553	4	1	0	-2.22607	255	0	7.21645e-16
2.52936	UL	252	9	0	3	2	1	0	3	1081	7	1	0	1.44821	255	0	0
2.52936	UL	252	9	0	3	2	1	0	3	1081	7	1	0	1.44821	255	0	0
2.52957	UL	252	9	0	5	3	1	0	4	348	0	1	0	-7.02071	255	0	0.228673
2.52957	UL	252	9	0	5	3	1	0	4	348	0	1	0	-7.02071	255	0	0.228673
2.52979	UL	252	9	0	8	3	1	0	5	348	0	1	0	-10.217	255	1	1
2.52979	UL	252	9	0	8	3	1	0	5	348	0	1	0	-10.217	255	1	1
2.52993	UL	252	9	0	11	2	3	0	3	2163	12	1	0	5.00922	255	0	0.000159484
2.52993	UL	252	9	0	11	2	3	0	3	2163	12	1	0	5.00922	255	0	0.000159484
2.52993	UL	252	9	0	11	2	1	0	1	231	0	1	1	-9.42729	255	0	0.000143229
2.52993	UL	252	9	0	11	2	1	0	1	231	0	1	1	-9.42729	255	0	0.000143229
2.53014	UL	253	0	0	1	1	1	0	2	275	4	1	0	-1.93021	255	0	1.07429e-07
2.53014	UL	253	0	0	1	1	1	0	2	275	4	1	0	-1.93021	255	0	1.07429e-07
2.53021	UL	253	0	0	2	1	1	0	3	539	7	1	0	1.4607	255	0	5.55112e-17
2.53021	UL	253	0	0	2	1	1	0	3	539	7	1	0	1.4607	255	0	5.55112e-17
2.53029	UL	253	0	0	3	1	1	0	4	114	0	1	0	-7.00203	255	1	0.553738
2.53029	UL	253	0	0	3	1	1	0	4	114	0	1	0	-7.00203	255	1	0.553738
2.53079	UL	253	0	0	4	7	1	0	5	817	0	1	2	-10.2375	255	0	0
2.53079	UL	253	0	0	4	7	1	0	5	817	0	1	2	-10.2375	255	0	0
2.53093	UL	253	0	0	11	2	1	0	1	231	0	1	1	-9.44753	255	0	0.000236661
2.53093	UL	253	0	0	11	2	1	0	1	231	0	1	1	-9.44753	255	0	0.000236661
2.53093	UL	253	0	0	12	1	3	0	2	4030	28	1	0	25.4619	255	0	0
2.53093	UL	253	0	0	12	1	3	0	2	4030	28	1	0	25.4619	255	0	0
2.53121	UL	253	1	0	1	2	1	0	1	231	0	1	0	-9.44994	255	1	1
2.53121	UL	253	1	0	1	2	1	0	1	231	0	1	0	-9.44994	255	1	1
2.53143	UL	253	1	0	3	3	1	0	3	1620	7	1	0	1.4455	255	0	0
2.53143	UL	253	1	0	3	3	1	0	3	1620	7	1	0	1.4455	255	0	0
2.53164	UL	253	1	0	6	3	1	0	4	348	0	1	0	-7.0258	255	1	0.235478
2.53164	UL	253	1	0	6	3	1	0	4	348	0	1	0	-7.0258	255	1	0.235478
2.53186	UL	253	1	0	9	3	1	0	5	348	0	1	0	-10.233	255	1	1
2.53186	UL	253	1	0	9	3	1	0	5	348	0	1	0	-10.233	255	1	1
2.53236	UL	253	2	0	1	4	1	0	2	1110	4	1	0	-2.00308	255	0	0
2.53236	UL	253	2	0	1	4	1	0	2	1110	4	1	0	-2.00308	255	0	0
2.53257	UL	253	2	0	5	3	1	0	3	1620	7	1	0	1.42508	255	0	6.66134e-16
2.53257	UL	253	2	0	5	3	1	0	3	1620	7	1	0	1.42508	255	0	6.66134e-16
2.53279	UL	253	2	0	8	3	1	0	5	348	0	1	0	-10.2564	255	1	1
2.53279	UL	253	2	0	8	3	1	0	5	348	0	1	0	-10.2564	255	1	1
2.53286	UL	253	2	0	11	1	1	0	4	114	0	1	1	-7.05412	255	0	0
2.53286	UL	253	2	0	11	1	1	0	4	114	0	1	1	-7.05412	255	0	0
2.53293	UL	253	2	0	12	1	1	0	1	114	0	1	1	-9.38355	255	0	0.0102726
2.53293	UL	253	2	0	12	1	1	0	1	114	0	1	1	-9.38355	255	0	0.0102726
2.53321	UL	253	3	0	1	2	1	0	1	231	0	1	0	-9.39019	255	1	1
2.53321	UL	253	3	0	1	2	1	0	1	231	0	1	0	-9.39019	255	1	1
2.53336	UL	253	3	0	3	2	1	0	2	553	4	1	0	-2.03816	255	0	0
2.53336	UL	253	3	0	3	2	1	0	2	553	4	1	0	-2.03816	255	0	0
2.53357	UL	253	3	0	5	3	1	0	3	1620	7	1	0	1.40649	255	0	1.9984e-15
2.53379	UL	253	3	0	8	3	1	0	5	348	0	1	1	-10.254	255	1	0.315597
2.53379	UL	253	3	0	8	3	1	0	5	348	0	1	1	-10.254	255	1	0.315597
2.53393	UL	253	3	0	11	2	1	0	4	231	0	1	1	-7.23755	255	0	0
2.53393	UL	253	3	0	11	2	1	0	4	231	0	1	1	-7.23755	255	0	0
2.53393	UL	253	3	0	12	1	3	0	1	641	8	1	0	1.75705	255	0	9.63783e-08
2.53393	UL	253	3	0	12	1	3	0	1	641	8	1	0	1.75705	255	0	9.63783e-08
2.53421	UL	253	4	0	1	2	1	0	1	231	0	1	0	-9.40153	255	1	1
2.53421	UL	253	4	0	1	2	1	0	1	231	0	1	0	-9.40153	255	1	1
2.53436	UL	253	4	0	3	2	1	0	2	553	4	1	0	-2.01007	255	0	0
2.53436	UL	253	4	0	3	2	1	0	2	553	4	1	0	-2.01007	255	0	0
2.5345	UL	253	4	0	5	2	1	0	3	1081	7	1	0	1.4321	255	0	4.44089e-16
2.53471	UL	253	4	0	7	3	1	0	4	348	0	1	0	-7.04164	255	0	0.267741
2.53471	UL	253	4	0	7	3	1	0	4	348	0	1	0	-7.04164	255	0	0.267741
2.53493	UL	253	4	0	10	3	1	0	5	348	0	1	1	-10.241	255	1	0.292658
2.53493	UL	253	4	0	10	3	1	0	5	348	0	1	1	-10.241	255	1	0.292658
2.53521	UL	253	5	0	1	2	1	0	1	231	0	1	0	-9.40181	255	1	1
2.53521	UL	253	5	0	1	2	1	0	1	231	0	1	0	-9.40181	255	1	1
2.53543	UL	253	5	0	3	3	1	0	2	832	4	1	0	-1.9418	255	0	4.44089e-16
2.53543	UL	253	5	0	3	3	1	0	2	832	4	1	0	-1.9418	255	0	4.44089e-16
2.53564	UL	253	5	0	6	3	1	0	3	1620	7	1	0	1.47008	255	0	0
2.53586	UL	253	5	0	9	3	1	0	5	348	0	1	0	-10.3023	255	1	1
2.53586	UL	253	5	0	9	3	1	0	5	348	0	1	0	-10.3023	255	1	1
2.53593	UL	253	5	0	12	1	3	0	3	1081	12	1	0	4.67042	255	0	0.104791
2.53593	UL	253	5	0	12	1	3	0	3	1081	12	1	0	4.67042	255	0	0.104791
2.53593	UL	253	5	0	12	1	1	0	4	114	0	1	1	-7.06727	255	0	0
2.53593	UL	253	5	0	12	1	1	0	4	114	0	1	1	-7.06727	255	0	0
2.53614	DL	253	6	0	1	1	3	0	2	4030	28	1	0	27.4436	15	0	0
2.53621	UL	253	6	0	1	2	1	0	2	553	4	1	0	-2.10317	255	0	0
2.53621	UL	253	6	0	1	2	1	0	2	553	4	1	0	-2.10317	255	0	0
2.53636	UL	253	6	0	3	2	1	0	3	1081	7	1	0	1.41994	255	0	6.66134e-16
2.53657	UL	253	6	0	5	3	1	0	5	348	0	1	1	-10.2918	255	1	0.366868
2.53657	UL	253	6	0	5	3	1	0	5	348	0	1	1	-10.2918	255	1	0.366868
2.53679	UL	253	6	0	8	3	1	0	4	348	0	1	1	-7.01996	255	0	0
2.53679	UL	253	6	0	8	3	1	0	4	348	0	1	1	-7.01996	255	0	0
2.53693	UL	253	6	0	11	2	1	0	1	231	0	1	1	-9.39271	255	0	4.25306e-05
2.53693	UL	253	6	0	11	2	1	0	1	231	0	1	1	-9.39271	255	0	4.25306e-05
2.53693	UL	253	6	0	12	1	3	0	2	4030	28	1	0	25.4775	255	0	0
2.53693	UL	253	6	0	12	1	3	0	2	4030	28	1	0	25.4775	255	0	0
2.53729	UL	253	7	0	1	3	1	0	1	348	0	1	0	-9.38525	255	1	1
2.53729	UL	253	7	0	1	3	1	0	1	348	0	1	0	-9.38525	255	1	1
2.5375	UL	253	7	0	4	3	1	0	2	832	4	1	0	-1.89365	255	0	0
2.53771	UL	253	7	0	7	3	1	0	4	348	0	1	0	-7.02123	255	0	0.228178
2.53771	UL	253	7	0	7	3	1	0	4	348	0	1	0	-7.02123	255	0	0.228178
2.53793	UL	253	7	0	10	3	1	0	5	348	0	1	1	-10.2498	255	0	0.340939
2.53793	UL	253	7	0	10	3	1	0	5	348	0	1	1	-10.2498	255	0	0.340939
2.53836	UL	253	8	0	1	4	1	0	2	1110	4	1	0	-1.90033	255	0	0
2.53857	UL	253	8	0	5	3	1	0	4	348	0	1	0	-7.03758	255	0	0.261943
2.53857	UL	253	8	0	5	3	1	0	4	348	0	1	0	-7.03758	255	0	0.261943
2.53879	UL	253	8	0	8	3	1	0	5	348	0	1	2	-10.2402	255	0	0
2.53879	UL	253	8	0	8	3	1	0	5	348	0	1	2	-10.2402	255	0	0
2.53893	UL	253	8	0	11	2	1	0	1	231	0	1	1	-9.36205	255	0	1.79223e-05
2.53893	UL	253	8	0	11	2	1	0	1	231	0	1	1	-9.36205	255	0	1.79223e-05
2.53936	UL	253	9	0	1	4	1	0	2	1110	4	1	0	-1.90999	255	0	0
2.53957	UL	253	9	0	5	3	1	0	4	348	0	1	0	-7.31418	255	1	0.842596
2.53957	UL	253	9	0	5	3	1	0	4	348	0	1	0	-7.31418	255	1	0.842596
2.53979	UL	253	9	0	8	3	1	0	5	348	0	1	2	-10.6713	255	0	0
2.53979	UL	253	9	0	8	3	1	0	5	348	0	1	2	-10.6713	255	0	0
2.53993	UL	253	9	0	6	7	3	0	1	4499	8	1	0	1.93068	255	0	3.62498e-09
2.53993	UL	253	9	0	6	7	3	0	1	4499	8	1	0	1.93068	255	0	3.62498e-09
2.53993	UL	253	9	0	11	2	1	0	1	231	0	1	1	-9.72663	255	0	0.000552988
2.53993	UL	253	9	0	11	2	1	0	1	231	0	1	1	-9.72663	255	0	0.000552988
2.54021	UL	254	0	0	1	2	1	0	2	553	4	1	0	-1.84043	255	0	0
2.54057	UL	254	0	0	3	5	1	0	4	583	0	1	0	-7.05671	255	1	0.22651
2.54057	UL	254	0	0	3	5	1	0	4	583	0	1	0	-7.05671	255	1	0.22651
2.54079	UL	254	0	0	8	3	1	0	5	348	0	1	1	-10.3192	255	0	0.480299
2.54079	UL	254	0	0	8	3	1	0	5	348	0	1	1	-10.3192	255	0	0.480299
2.54093	UL	254	0	0	11	2	1	0	1	231	0	1	1	-9.28754	255	0	8.58877e-06
2.54093	UL	254	0	0	11	2	1	0	1	231	0	1	1	-9.28754	255	0	8.58877e-06
2.54136	UL	254	1	0	1	4	1	0	1	466	0	1	0	-9.26345	255	1	1
2.54136	UL	254	1	0	1	4	1	0	1	466	0	1	0	-9.26345	255	1	1
2.54171	UL	254	1	0	5	5	1	0	4	583	0	1	0	-7.06487	255	0	0.242191
2.54171	UL	254	1	0	5	5	1	0	4	583	0	1	0	-7.06487	255	0	0.242191
2.54193	UL	254	1	0	10	3	1	0	5	348	0	1	2	-10.2751	255	0	0
2.54193	UL	254	1	0	10	3	1	0	5	348	0	1	2	-10.2751	255	0	0
2.54193	UL	254	1	0	12	1	3	0	3	964	11	1	0	4.89952	255	0	1.96687e-12
2.54193	UL	254	1	0	12	1	3	0	3	964	11	1	0	4.89952	255	0	1.96687e-12
2.54214	DL	254	2	0	1	1	3	0	2	4030	28	1	0	27.4235	15	0	0
2.54236	UL	254	2	0	1	4	1	0	4	466	0	1	0	-7.24449	255	1	0.707516
2.54236	UL	254	2	0	1	4	1	0	4	466	0	1	0	-7.24449	255	1	0.707516
2.54264	UL	254	2	0	5	4	1	0	5	466	0	1	0	-10.2395	255	1	1
2.54264	UL	254	2	0	5	4	1	0	5	466	0	1	0	-10.2395	255	1	1
2.54286	UL	254	2	0	9	3	1	0	1	348	0	1	1	-9.30716	255	0	6.40488e-13
2.54286	UL	254	2	0	9	3	1	0	1	348	0	1	1	-9.30716	255	0	6.40488e-13
2.54293	UL	254	2	0	12	1	3	0	2	4030	28	1	0	25.5319	255	0	0
2.54293	UL	254	2	0	12	1	3	0	2	4030	28	1	0	25.5319	255	0	0
2.54336	UL	254	3	0	1	4	1	0	1	466	0	1	0	-9.30559	255	1	1
2.54336	UL	254	3	0	1	4	1	0	1	466	0	1	0	-9.30559	255	1	1
2.54364	UL	254	3	0	5	4	1	0	4	466	0	1	0	-7.08781	255	0	0.367248
2.54364	UL	254	3	0	5	4	1	0	4	466	0	1	0	-7.08781	255	0	0.367248
2.54393	UL	254	3	0	9	4	1	0	5	466	0	1	0	-10.2168	255	1	1
2.54393	UL	254	3	0	9	4	1	0	5	466	0	1	0	-10.2168	255	1	1
2.54436	UL	254	4	0	1	4	1	0	1	466	0	1	0	-9.25903	255	1	1
2.54436	UL	254	4	0	1	4	1	0	1	466	0	1	0	-9.25903	255	1	1
2.54471	UL	254	4	0	5	5	1	0	5	583	0	1	0	-10.2328	255	1	1
2.54471	UL	254	4	0	5	5	1	0	5	583	0	1	0	-10.2328	255	1	1
2.54493	UL	254	4	0	10	3	1	0	4	348	0	1	1	-7.07565	255	0	0
2.54493	UL	254	4	0	10	3	1	0	4	348	0	1	1	-7.07565	255	0	0
2.54514	DL	254	5	0	1	1	3	0	1	641	8	1	0	2.92238	5	0	0
2.54536	UL	254	5	0	1	4	1	0	1	466	0	1	0	-9.30805	255	1	1
2.54536	UL	254	5	0	1	4	1	0	1	466	0	1	0	-9.30805	255	1	1
2.54557	UL	254	5	0	5	3	1	0	5	348	0	1	0	-10.2106	255	1	1
2.54557	UL	254	5	0	5	3	1	0	5	348	0	1	0	-10.2106	255	1	1
2.54593	UL	254	5	0	8	5	1	0	4	583	0	1	1	-7.11551	255	0	0
2.54593	UL	254	5	0	8	5	1	0	4	583	0	1	1	-7.11551	255	0	0
2.54636	UL	254	6	0	1	4	1	0	4	466	0	1	0	-7.12275	255	1	0.445371
2.54636	UL	254	6	0	1	4	1	0	4	466	0	1	0	-7.12275	255	1	0.445371
2.54664	UL	254	6	0	5	4	1	0	5	466	0	1	0	-10.2605	255	1	1
2.54664	UL	254	6	0	5	4	1	0	5	466	0	1	0	-10.2605	255	1	1
2.54693	UL	254	6	0	9	4	1	0	1	466	0	1	1	-9.25885	255	0	4.38538e-15
2.54693	UL	254	6	0	9	4	1	0	1	466	0	1	1	-9.25885	255	0	4.38538e-15
2.54736	UL	254	7	0	1	4	1	0	1	466	0	1	0	-9.2531	255	1	1
2.54736	UL	254	7	0	1	4	1	0	1	466	0	1	0	-9.2531	255	1	1
2.54764	UL	254	7	0	5	4	1	0	5	466	0	1	1	-10.2553	255	1	0.326749
2.54764	UL	254	7	0	5	4	1	0	5	466	0	1	1	-10.2553	255	1	0.326749
2.54793	UL	254	7	0	9	4	1	0	4	466	0	1	1	-7.2002	255	0	0
2.54793	UL	254	7	0	9	4	1	0	4	466	0	1	1	-7.2002	255	0	0
2.54793	UL	254	7	0	12	1	3	0	3	1081	12	1	0	4.26231	255	1	0.987136
2.54793	UL	254	7	0	12	1	3	0	3	1081	12	1	0	4.26231	255	1	0.987136
2.54814	DL	254	8	0	1	1	3	0	2	4030	28	1	0	27.3948	15	0	0
2.54836	UL	254	8	0	1	4	1	0	4	466	0	1	0	-7.33342	255	1	0.855685
2.54836	UL	254	8	0	1	4	1	0	4	466	0	1	0	-7.33342	255	1	0.855685
2.54864	UL	254	8	0	5	4	1	0	5	466	0	1	1	-10.2595	255	0	0.304951
2.54864	UL	254	8	0	5	4	1	0	5	466	0	1	1	-10.2595	255	0	0.304951
2.54893	UL	254	8	0	9	4	1	0	1	466	0	1	1	-9.20519	255	0	3.21965e-15
2.54893	UL	254	8	0	9	4	1	0	1	466	0	1	1	-9.20519	255	0	3.21965e-15
2.54929	UL	254	9	0	1	3	1	0	4	348	0	1	0	-7.14709	255	1	0.501138
2.54929	UL	254	9	0	1	3	1	0	4	348	0	1	0	-7.14709	255	1	0.501138
2.54964	UL	254	9	0	4	5	1	0	5	583	0	1	1	-10.2245	255	0	0.209931
2.54964	UL	254	9	0	4	5	1	0	5	583	0	1	1	-10.2245	255	0	0.209931
2.54993	UL	254	9	0	9	4	1	0	1	466	0	1	1	-9.19989	255	0	7.21645e-16
2.54993	UL	254	9	0	9	4	1	0	1	466	0	1	1	-9.19989	255	0	7.21645e-16
2.55043	UL	255	0	0	1	5	1	0	4	583	0	1	0	-7.13151	255	0	0.422528
2.55064	UL	255	0	0	6	3	1	0	5	348	0	1	1	-10.2628	255	0	0.303509
2.55064	UL	255	0	0	6	3	1	0	5	348	0	1	1	-10.2628	255	0	0.303509
2.55093	UL	255	0	0	9	4	1	0	1	466	0	1	1	-9.24675	255	0	1.08802e-14
2.55093	UL	255	0	0	9	4	1	0	1	466	0	1	1	-9.24675	255	0	1.08802e-14
2.55093	UL	255	0	0	12	1	3	0	2	4030	28	1	0	25.4988	255	0	0
2.55093	UL	255	0	0	12	1	3	0	2	4030	28	1	0	25.4988	255	0	0
2.55136	UL	255	1	0	1	4	1	0	1	466	0	1	0	-9.24493	255	1	1
2.55136	UL	255	1	0	1	4	1	0	1	466	0	1	0	-9.24493	255	1	1
2.55164	UL	255	1	0	5	4	1	0	5	466	0	1	1	-10.2272	255	1	0.318623
2.55164	UL	255	1	0	5	4	1	0	5	466	0	1	1	-10.2272	255	1	0.318623
2.55193	UL	255	1	0	9	4	1	0	4	466	0	1	1	-7.10668	255	0	0
2.55193	UL	255	1	0	9	4	1	0	4	466	0	1	1	-7.10668	255	0	0
2.55236	UL	255	2	0	1	4	1	0	4	466	0	1	0	-7.10829	255	1	0.40996
2.55264	UL	255	2	0	5	4	1	0	5	466	0	1	2	-10.2087	255	0	0
2.55264	UL	255	2	0	5	4	1	0	5	466	0	1	2	-10.2087	255	0	0
2.55293	UL	255	2	0	9	4	1	0	1	466	0	1	1	-9.27357	255	0	5.21805e-15
2.55293	UL	255	2	0	9	4	1	0	1	466	0	1	1	-9.27357	255	0	5.21805e-15
2.55293	UL	255	2	0	12	1	3	0	3	1081	12	1	1	4.73619	255	0	0
2.55293	UL	255	2	0	12	1	3	0	3	1081	12	1	1	4.73619	255	0	0
2.55336	UL	255	3	0	1	4	1	0	1	466	0	1	0	-9.25365	255	1	1
2.55336	UL	255	3	0	1	4	1	0	1	466	0	1	0	-9.25365	255	1	1
2.55364	UL	255	3	0	5	4	1	0	5	466	0	1	0	-10.2398	255	1	1
2.55364	UL	255	3	0	5	4	1	0	5	466	0	1	0	-10.2398	255	1	1
2.55393	UL	255	3	0	9	4	1	0	4	466	0	1	1	-7.215	255	0	0
2.55393	UL	255	3	0	9	4	1	0	4	466	0	1	1	-7.215	255	0	0
2.55393	UL	255	3	0	12	1	3	0	1	641	8	1	0	1.57645	255	0	4.77712e-05
2.55393	UL	255	3	0	12	1	3	0	1	641	8	1	0	1.57645	255	0	4.77712e-05
2.55436	UL	255	4	0	1	4	1	0	1	466	0	1	0	-9.27215	255	1	1
2.55436	UL	255	4	0	1	4	1	0	1	466	0	1	0	-9.27215	255	1	1
2.55471	UL	255	4	0	5	5	1	0	5	583	0	1	0	-10.2433	255	1	1
2.55471	UL	255	4	0	5	5	1	0	5	583	0	1	0	-10.2433	255	1	1
2.55493	UL	255	4	0	10	3	1	0	4	348	0	1	1	-7.0895	255	0	0
2.55493	UL	255	4	0	10	3	1	0	4	348	0	1	1	-7.0895	255	0	0
2.5555	UL	255	5	0	1	6	1	0	1	700	0	1	0	-9.31078	255	1	1
2.55593	UL	255	5	0	7	6	1	0	5	700	0	1	0	-10.2263	255	1	1
2.55593	UL	255	5	0	7	6	1	0	5	700	0	1	0	-10.2263	255	1	1
2.55614	DL	255	6	0	1	1	1	0	1	114	0	1	1	-7.4305	0	0	0
2.55614	DL	255	6	0	1	1	3	0	2	4030	28	1	0	27.5563	15	0	0
2.55621	DL	255	6	0	2	1	1	0	4	158	2	1	0	-5.04762	2	0	0.0175597
2.55629	DL	255	6	0	3	1	1	0	3	641	8	1	0	3.27686	5	0	0
2.55636	DL	255	6	0	4	1	1	0	2	436	6	1	0	0.181777	4	0	9.48686e-14
2.55664	UL	255	6	0	5	4	1	0	5	466	0	1	2	-10.2023	255	0	0
2.55664	UL	255	6	0	5	4	1	0	5	466	0	1	2	-10.2023	255	0	0
2.55693	UL	255	6	0	9	4	1	0	1	466	0	1	1	-9.36595	255	0	5.88418e-14
2.55693	UL	255	6	0	9	4	1	0	1	466	0	1	1	-9.36595	255	0	5.88418e-14
2.55693	UL	255	6	0	12	1	3	0	2	4030	28	1	0	25.5389	255	0	0
2.55693	UL	255	6	0	12	1	3	0	2	4030	28	1	0	25.5389	255	0	0
2.55736	UL	255	7	0	1	4	1	0	1	466	0	1	0	-9.36506	255	1	1
2.55757	UL	255	7	0	5	3	1	0	5	348	0	1	0	-10.1796	255	1	1
2.55757	UL	255	7	0	5	3	1	0	5	348	0	1	0	-10.1796	255	1	1
2.55786	UL	255	7	0	8	4	1	0	4	466	0	1	1	-7.06634	255	0	0
2.55814	DL	255	8	0	1	1	1	0	1	114	0	1	0	-7.42573	0	0	0.885699
2.55864	UL	255	8	0	5	4	1	0	5	466	0	1	1	-10.1612	255	0	0.230707
2.55864	UL	255	8	0	5	4	1	0	5	466	0	1	1	-10.1612	255	0	0.230707
2.55893	UL	255	8	0	9	4	1	0	1	466	0	1	1	-9.33894	255	0	3.44169e-14
2.55893	UL	255	8	0	9	4	1	0	1	466	0	1	1	-9.33894	255	0	3.44169e-14
2.55893	UL	255	8	0	10	3	3	0	3	3241	12	1	0	4.77859	255	0	0.0621408
2.55893	UL	255	8	0	10	3	3	0	3	3241	12	1	0	4.77859	255	0	0.0621408
2.55914	DL	255	9	0	1	1	1	0	1	114	0	1	0	-7.40859	0	1	0.875999
2.55964	UL	255	9	0	4	5	1	0	5	583	0	1	1	-10.7247	255	1	0.847943
2.55964	UL	255	9	0	4	5	1	0	5	583	0	1	1	-10.7247	255	1	0.847943
2.55993	UL	255	9	0	4	9	3	0	1	5783	8	1	0	1.97451	255	0	1.64408e-09
2.55993	UL	255	9	0	4	9	3	0	1	5783	8	1	0	1.97451	255	0	1.64408e-09
2.55993	UL	255	9	0	9	4	1	0	1	466	0	1	1	-9.84655	255	0	1.63428e-08
2.55993	UL	255	9	0	9	4	1	0	1	466	0	1	1	-9.84655	255	0	1.63428e-08
2.56043	UL	256	0	0	1	5	1	0	5	583	0	1	0	-10.1578	255	1	1
2.56043	UL	256	0	0	1	5	1	0	5	583	0	1	0	-10.1578	255	1	1
2.56086	UL	256	0	0	6	6	1	0	1	700	0	1	1	-9.28193	255	0	0
2.5615	UL	256	1	0	1	6	1	0	1	700	0	1	0	-9.28713	255	1	1
2.5615	UL	256	1	0	1	6	1	0	1	700	0	1	0	-9.28713	255	1	1
2.56193	UL	256	1	0	7	6	1	0	5	700	0	1	1	-10.1468	255	0	0.130196
2.56193	UL	256	1	0	7	6	1	0	5	700	0	1	1	-10.1468	255	0	0.130196
2.56214	DL	256	2	0	1	1	1	0	4	158	2	1	0	-5.39684	1	0	0.276478
2.56214	DL	256	2	0	1	1	3	0	2	4030	28	1	0	27.5006	15	0	0
2.56264	UL	256	2	0	6	3	1	0	5	348	0	1	1	-10.1128	255	0	0.138305
2.56264	UL	256	2	0	6	3	1	0	5	348	0	1	1	-10.1128	255	0	0.138305
2.56293	UL	256	2	0	9	4	1	0	1	466	0	1	1	-9.27209	255	0	1.23734e-13
2.56293	UL	256	2	0	12	1	3	0	2	4030	28	1	0	25.6135	255	0	0
2.56293	UL	256	2	0	12	1	3	0	2	4030	28	1	0	25.6135	255	0	0
2.56393	UL	256	3	0	1	12	1	0	5	1404	0	1	0	-10.1016	255	1	1
2.56393	UL	256	3	0	1	12	1	0	5	1404	0	1	0	-10.1016	255	1	1
2.56414	DL	256	4	0	1	1	1	0	1	114	0	1	1	-7.3217	0	0	0
2.56436	UL	256	4	0	4	1	1	0	1	114	0	1	0	-9.22787	255	1	1
2.56436	UL	256	4	0	4	1	1	0	1	114	0	1	0	-9.22787	255	1	1
2.56443	UL	256	4	0	5	1	1	0	2	348	5	1	0	-1.78641	255	0	0.0220973
2.56443	UL	256	4	0	5	1	1	0	2	348	5	1	0	-1.78641	255	0	0.0220973
2.5645	UL	256	4	0	6	1	1	0	3	539	7	1	0	1.17075	255	0	1.25388e-10
2.5645	UL	256	4	0	6	1	1	0	3	539	7	1	0	1.17075	255	0	1.25388e-10
2.56457	UL	256	4	0	7	1	1	0	4	114	0	1	0	-7.08791	255	1	0.64624
2.56457	UL	256	4	0	7	1	1	0	4	114	0	1	0	-7.08791	255	1	0.64624
2.56493	UL	256	4	0	8	5	1	0	5	583	0	1	2	-10.0514	255	0	0
2.56493	UL	256	4	0	8	5	1	0	5	583	0	1	2	-10.0514	255	0	0
2.56493	UL	256	4	0	12	1	3	0	3	1081	12	1	0	4.83738	255	0	0.00799998
2.56493	UL	256	4	0	12	1	3	0	3	1081	12	1	0	4.83738	255	0	0.00799998
2.56514	DL	256	5	0	1	1	3	0	1	641	8	1	0	2.73571	5	0	0
2.56557	UL	256	5	0	1	7	1	0	1	817	0	1	0	-9.22406	255	1	1
2.56557	UL	256	5	0	1	7	1	0	1	817	0	1	0	-9.22406	255	1	1
2.56593	UL	256	5	0	8	5	1	0	5	583	0	1	1	-10.0222	255	0	0.0308031
2.56593	UL	256	5	0	8	5	1	0	5	583	0	1	1	-10.0222	255	0	0.0308031
2.5665	UL	256	6	0	1	6	1	0	5	700	0	1	0	-10.0072	255	1	1
2.5665	UL	256	6	0	1	6	1	0	5	700	0	1	0	-10.0072	255	1	1
2.56693	UL	256	6	0	7	6	1	0	1	700	0	1	1	-9.26043	255	0	0
2.56693	UL	256	6	0	7	6	1	0	1	700	0	1	1	-9.26043	255	0	0
2.5675	UL	256	7	0	1	6	1	0	1	700	0	1	0	-9.26873	255	1	1
2.5675	UL	256	7	0	1	6	1	0	1	700	0	1	0	-9.26873	255	1	1
2.56793	UL	256	7	0	7	6	1	0	5	700	0	1	0	-10.0314	255	1	1
2.56793	UL	256	7	0	7	6	1	0	5	700	0	1	0	-10.0314	255	1	1
2.56814	DL	256	8	0	1	1	3	0	2	4030	28	1	0	27.0113	15	0	0
2.56893	UL	256	8	0	1	12	1	0	5	1404	0	1	1	-10.0685	255	0	0.0567263
2.56893	UL	256	8	0	1	12	1	0	5	1404	0	1	1	-10.0685	255	0	0.0567263
2.56893	UL	256	8	0	12	1	3	0	2	4030	28	1	0	25.5078	255	0	0
2.56893	UL	256	8	0	12	1	3	0	2	4030	28	1	0	25.5078	255	0	0
2.56936	UL	256	9	0	1	4	1	0	2	1404	5	1	0	-1.8321	255	0	0.0239162
2.56936	UL	256	9	0	1	4	1	0	2	1404	5	1	0	-1.8321	255	0	0.0239162
2.56957	UL	256	9	0	5	3	1	0	3	1620	7	1	0	1.16556	255	0	4.36214e-10
2.56957	UL	256	9	0	5	3	1	0	3	1620	7	1	0	1.16556	255	0	4.36214e-10
2.56979	UL	256	9	0	8	3	1	0	5	348	0	1	0	-10.0404	255	1	1
2.56979	UL	256	9	0	8	3	1	0	5	348	0	1	0	-10.0404	255	1	1
2.56986	UL	256	9	0	11	1	1	0	4	114	0	1	1	-7.10329	255	0	0
2.56986	UL	256	9	0	11	1	1	0	4	114	0	1	1	-7.10329	255	0	0
2.56993	UL	256	9	0	12	1	1	0	1	114	0	1	1	-9.29368	255	0	0.00151698
2.56993	UL	256	9	0	12	1	1	0	1	114	0	1	1	-9.29368	255	0	0.00151698
2.57021	UL	257	0	0	1	2	1	0	2	700	5	1	0	-1.89217	255	0	0.0350141
2.57021	UL	257	0	0	1	2	1	0	2	700	5	1	0	-1.89217	255	0	0.0350141
2.57036	UL	257	0	0	3	2	1	0	3	1081	7	1	0	1.15613	255	0	4.14611e-10
2.57036	UL	257	0	0	3	2	1	0	3	1081	7	1	0	1.15613	255	0	4.14611e-10
2.57043	UL	257	0	0	5	1	1	0	5	114	0	1	0	-10.0335	255	1	1
2.57043	UL	257	0	0	5	1	1	0	5	114	0	1	0	-10.0335	255	1	1
2.57093	UL	257	0	0	6	7	1	0	1	817	0	1	1	-9.32026	255	0	1.42109e-14
2.57093	UL	257	0	0	6	7	1	0	1	817	0	1	1	-9.32026	255	0	1.42109e-14
2.57121	UL	257	1	0	1	2	1	0	1	231	0	1	0	-9.31283	255	1	1
2.57121	UL	257	1	0	1	2	1	0	1	231	0	1	0	-9.31283	255	1	1
2.57136	UL	257	1	0	3	2	1	0	2	700	5	1	0	-1.83649	255	0	0.0128088
2.57136	UL	257	1	0	3	2	1	0	2	700	5	1	0	-1.83649	255	0	0.0128088
2.5715	UL	257	1	0	5	2	1	0	3	1081	7	1	0	1.18027	255	0	1.17481e-10
2.5715	UL	257	1	0	5	2	1	0	3	1081	7	1	0	1.18027	255	0	1.17481e-10
2.57193	UL	257	1	0	7	6	1	0	5	700	0	1	1	-10.0192	255	0	0.00690573
2.57193	UL	257	1	0	7	6	1	0	5	700	0	1	1	-10.0192	255	0	0.00690573
2.57193	UL	257	1	0	12	1	3	0	3	1081	12	1	0	4.79433	255	0	0.018903
2.57193	UL	257	1	0	12	1	3	0	3	1081	12	1	0	4.79433	255	0	0.018903
2.5725	UL	257	2	0	1	6	1	0	5	700	0	1	1	-10.0258	255	0	0.00939437
2.5725	UL	257	2	0	1	6	1	0	5	700	0	1	1	-10.0258	255	0	0.00939437
2.57293	UL	257	2	0	7	6	1	0	1	700	0	1	1	-9.28893	255	0	0
2.57293	UL	257	2	0	7	6	1	0	1	700	0	1	1	-9.28893	255	0	0
2.57329	UL	257	3	0	1	3	1	0	1	348	0	1	0	-9.25819	255	1	1
2.57329	UL	257	3	0	1	3	1	0	1	348	0	1	0	-9.25819	255	1	1
2.5735	UL	257	3	0	4	3	1	0	2	1052	5	1	0	-1.74224	255	0	0.00335047
2.5735	UL	257	3	0	4	3	1	0	2	1052	5	1	0	-1.74224	255	0	0.00335047
2.57371	UL	257	3	0	7	3	1	0	3	1620	7	1	0	1.19142	255	0	1.09578e-10
2.57371	UL	257	3	0	7	3	1	0	3	1620	7	1	0	1.19142	255	0	1.09578e-10
2.57393	UL	257	3	0	10	3	1	0	5	348	0	1	0	-10.1773	255	1	1
2.57393	UL	257	3	0	10	3	1	0	5	348	0	1	0	-10.1773	255	1	1
2.57393	UL	257	3	0	12	1	3	0	1	641	8	1	0	1.8938	255	0	3.74976e-09
2.57393	UL	257	3	0	12	1	3	0	1	641	8	1	0	1.8938	255	0	3.74976e-09
2.57414	DL	257	4	0	1	1	3	0	2	4030	28	1	0	27.6119	15	0	0
2.57421	UL	257	4	0	1	2	1	0	1	231	0	1	0	-9.29351	255	1	1
2.57421	UL	257	4	0	1	2	1	0	1	231	0	1	0	-9.29351	255	1	1
2.57436	UL	257	4	0	3	2	1	0	2	700	5	1	0	-1.78723	255	0	0.00471283
2.57436	UL	257	4	0	3	2	1	0	2	700	5	1	0	-1.78723	255	0	0.00471283
2.5745	UL	257	4	0	5	2	1	0	3	1081	7	1	0	1.19809	255	0	4.14284e-11
2.5745	UL	257	4	0	5	2	1	0	3	1081	7	1	0	1.19809	255	0	4.14284e-11
2.57471	UL	257	4	0	7	3	1	0	4	348	0	1	0	-7.10646	255	0	0.397961
2.57471	UL	257	4	0	7	3	1	0	4	348	0	1	0	-7.10646	255	0	0.397961
2.57493	UL	257	4	0	10	3	1	0	5	348	0	1	1	-9.96646	255	0	0.0217835
2.57493	UL	257	4	0	10	3	1	0	5	348	0	1	1	-9.96646	255	0	0.0217835
2.57521	UL	257	5	0	1	2	1	0	1	231	0	1	0	-9.21042	255	1	1
2.57521	UL	257	5	0	1	2	1	0	1	231	0	1	0	-9.21042	255	1	1
2.57543	UL	257	5	0	3	3	1	0	2	1052	5	1	0	-1.69843	255	0	0.00110862
2.57543	UL	257	5	0	3	3	1	0	2	1052	5	1	0	-1.69843	255	0	0.00110862
2.57564	UL	257	5	0	6	3	1	0	3	1620	7	1	0	1.20473	255	0	4.52718e-11
2.57564	UL	257	5	0	6	3	1	0	3	1620	7	1	0	1.20473	255	0	4.52718e-11
2.57586	UL	257	5	0	9	3	1	0	4	348	0	1	0	-7.11776	255	0	0.424604
2.57586	UL	257	5	0	9	3	1	0	4	348	0	1	0	-7.11776	255	0	0.424604
2.57593	UL	257	5	0	12	1	1	0	5	114	0	1	1	-9.9876	255	1	0.349207
2.57593	UL	257	5	0	12	1	1	0	5	114	0	1	1	-9.9876	255	1	0.349207
2.57629	UL	257	6	0	1	3	1	0	2	1052	5	1	0	-1.72113	255	0	0.00196895
2.5765	UL	257	6	0	4	3	1	0	4	348	0	1	0	-7.13099	255	1	0.462161
2.5765	UL	257	6	0	4	3	1	0	4	348	0	1	0	-7.13099	255	1	0.462161
2.57671	UL	257	6	0	7	3	1	0	5	348	0	1	0	-9.93094	255	1	1
2.57671	UL	257	6	0	7	3	1	0	5	348	0	1	0	-9.93094	255	1	1
2.57686	UL	257	6	0	10	2	1	0	1	231	0	1	1	-9.18686	255	0	9.10803e-07
2.57686	UL	257	6	0	10	2	1	0	1	231	0	1	1	-9.18686	255	0	9.10803e-07
2.57721	UL	257	7	0	1	2	1	0	1	231	0	1	0	-9.18347	255	1	1
2.57721	UL	257	7	0	1	2	1	0	1	231	0	1	0	-9.18347	255	1	1
2.57736	UL	257	7	0	3	2	1	0	2	700	5	1	0	-1.68893	255	0	0.000429662
2.5775	UL	257	7	0	5	2	1	0	3	1081	7	1	0	1.17275	255	0	1.16748e-10
2.5775	UL	257	7	0	5	2	1	0	3	1081	7	1	0	1.17275	255	0	1.16748e-10
2.57771	UL	257	7	0	7	3	1	0	4	348	0	1	0	-7.11277	255	0	0.414591
2.57771	UL	257	7	0	7	3	1	0	4	348	0	1	0	-7.11277	255	0	0.414591
2.57786	UL	257	7	0	11	1	3	0	2	4030	28	1	0	25.6999	255	0	0
2.57786	UL	257	7	0	11	1	3	0	2	4030	28	1	0	25.6999	255	0	0
2.57793	UL	257	7	0	10	3	1	0	5	348	0	1	0	-10.0165	255	1	1
2.57793	UL	257	7	0	10	3	1	0	5	348	0	1	0	-10.0165	255	1	1
2.57793	UL	257	7	0	12	1	3	0	3	1081	12	1	0	4.82551	255	0	0.0102228
2.57793	UL	257	7	0	12	1	3	0	3	1081	12	1	0	4.82551	255	0	0.0102228
2.57821	UL	257	8	0	1	2	1	0	2	700	5	1	0	-1.69667	255	0	0.000531666
2.57836	UL	257	8	0	3	2	1	0	3	1081	7	1	0	1.18356	255	0	7.3167e-11
2.5785	UL	257	8	0	5	2	1	0	4	231	0	1	0	-7.08875	255	1	0.492923
2.5785	UL	257	8	0	5	2	1	0	4	231	0	1	0	-7.08875	255	1	0.492923
2.57871	UL	257	8	0	7	3	1	0	5	348	0	1	1	-9.93052	255	0	0.04431
2.57871	UL	257	8	0	7	3	1	0	5	348	0	1	1	-9.93052	255	0	0.04431
2.57893	UL	257	8	0	10	3	1	0	1	348	0	1	1	-9.19193	255	0	4.44089e-16
2.57893	UL	257	8	0	10	3	1	0	1	348	0	1	1	-9.19193	255	0	4.44089e-16
2.57921	UL	257	9	0	1	2	1	0	2	700	5	1	0	-1.70019	255	0	0.000612409
2.57936	UL	257	9	0	3	2	1	0	3	1081	7	1	0	1.16599	255	0	1.44835e-10
2.57957	UL	257	9	0	5	3	1	0	4	348	0	1	0	-7.11991	255	0	0.433952
2.57957	UL	257	9	0	5	3	1	0	4	348	0	1	0	-7.11991	255	0	0.433952
2.57979	UL	257	9	0	8	3	1	0	5	348	0	1	0	-9.99195	255	1	1
2.57979	UL	257	9	0	8	3	1	0	5	348	0	1	0	-9.99195	255	1	1
2.57993	UL	257	9	0	1	12	3	0	1	7709	8	1	0	0.661015	255	1	1
2.57993	UL	257	9	0	1	12	3	0	1	7709	8	1	0	0.661015	255	1	1
2.57993	UL	257	9	0	11	2	1	0	1	231	0	1	1	-9.22111	255	0	1.11654e-06
2.57993	UL	257	9	0	11	2	1	0	1	231	0	1	1	-9.22111	255	0	1.11654e-06
2.58014	UL	258	0	0	1	1	1	0	3	539	7	1	0	1.17684	255	0	3.8704e-11
2.58071	UL	258	0	0	2	8	1	0	4	935	0	1	0	-7.18306	255	1	0.827753
2.58071	UL	258	0	0	2	8	1	0	4	935	0	1	0	-7.18306	255	1	0.827753
2.58079	UL	258	0	0	10	1	1	0	5	114	0	1	2	-10.4366	255	0	2.03138e-12
2.58079	UL	258	0	0	10	1	1	0	5	114	0	1	2	-10.4366	255	0	2.03138e-12
2.58093	UL	258	0	0	8	5	3	0	1	3212	8	1	0	1.87016	255	0	2.85988e-08
2.58093	UL	258	0	0	8	5	3	0	1	3212	8	1	0	1.87016	255	0	2.85988e-08
2.58093	UL	258	0	0	11	2	1	0	1	231	0	1	1	-9.62885	255	0	3.75204e-05
2.58093	UL	258	0	0	11	2	1	0	1	231	0	1	1	-9.62885	255	0	3.75204e-05
2.5815	UL	258	1	0	1	6	1	0	1	700	0	1	0	-9.20456	255	1	1
2.5815	UL	258	1	0	1	6	1	0	1	700	0	1	0	-9.20456	255	1	1
2.58171	UL	258	1	0	7	3	1	0	5	348	0	1	1	-9.99619	255	0	0.011157
2.58171	UL	258	1	0	7	3	1	0	5	348	0	1	1	-9.99619	255	0	0.011157
2.58193	UL	258	1	0	10	3	1	0	4	348	0	1	1	-7.11707	255	0	0
2.58193	UL	258	1	0	10	3	1	0	4	348	0	1	1	-7.11707	255	0	0
2.58214	DL	258	2	0	1	1	3	0	2	4030	28	1	0	27.5409	15	0	0
2.58257	UL	258	2	0	1	7	1	0	4	817	0	1	0	-7.24198	255	1	0.909313
2.58257	UL	258	2	0	1	7	1	0	4	817	0	1	0	-7.24198	255	1	0.909313
2.58279	UL	258	2	0	8	3	1	0	5	348	0	1	1	-10.0222	255	0	0.0273464
2.58279	UL	258	2	0	8	3	1	0	5	348	0	1	1	-10.0222	255	0	0.0273464
2.58293	UL	258	2	0	11	2	1	0	1	231	0	1	1	-9.20178	255	0	2.12258e-07
2.58293	UL	258	2	0	11	2	1	0	1	231	0	1	1	-9.20178	255	0	2.12258e-07
2.58293	UL	258	2	0	11	2	3	0	2	8060	28	1	0	25.6645	255	0	0
2.58293	UL	258	2	0	11	2	3	0	2	8060	28	1	0	25.6645	255	0	0
2.58343	UL	258	3	0	1	5	1	0	1	583	0	1	0	-9.17437	255	1	1
2.58343	UL	258	3	0	1	5	1	0	1	583	0	1	0	-9.17437	255	1	1
2.58379	UL	258	3	0	6	5	1	0	5	583	0	1	0	-10.0499	255	1	1
2.58379	UL	258	3	0	6	5	1	0	5	583	0	1	0	-10.0499	255	1	1
2.58393	UL	258	3	0	11	2	1	0	4	231	0	1	1	-7.18736	255	0	0
2.58393	UL	258	3	0	11	2	1	0	4	231	0	1	1	-7.18736	255	0	0
2.58393	UL	258	3	0	12	1	3	0	3	1081	12	1	0	4.33194	255	1	0.946394
2.58393	UL	258	3	0	12	1	3	0	3	1081	12	1	0	4.33194	255	1	0.946394
2.58436	UL	258	4	0	1	4	1	0	1	466	0	1	0	-9.1977	255	1	1
2.58436	UL	258	4	0	1	4	1	0	1	466	0	1	0	-9.1977	255	1	1
2.58471	UL	258	4	0	5	5	1	0	4	583	0	1	0	-7.21866	255	0	0.663142
2.58471	UL	258	4	0	5	5	1	0	4	583	0	1	0	-7.21866	255	0	0.663142
2.58493	UL	258	4	0	1	12	3	0	1	7709	8	1	1	1.09976	255	0	0
2.58493	UL	258	4	0	1	12	3	0	1	7709	8	1	1	1.09976	255	0	0
2.58493	UL	258	4	0	10	3	1	0	5	348	0	1	1	-10.0885	255	0	0.037723
2.58493	UL	258	4	0	10	3	1	0	5	348	0	1	1	-10.0885	255	0	0.037723
2.58521	UL	258	5	0	1	2	1	0	1	231	0	1	0	-9.13997	255	1	1
2.58521	UL	258	5	0	1	2	1	0	1	231	0	1	0	-9.13997	255	1	1
2.58536	UL	258	5	0	3	2	1	0	5	231	0	1	0	-10.021	255	1	1
2.58536	UL	258	5	0	3	2	1	0	5	231	0	1	0	-10.021	255	1	1
2.58593	UL	258	5	0	5	8	1	0	4	935	0	1	1	-7.15964	255	0	0
2.58593	UL	258	5	0	5	8	1	0	4	935	0	1	1	-7.15964	255	0	0
2.58629	UL	258	6	0	1	3	1	0	4	348	0	1	0	-7.14797	255	0	0.499485
2.58629	UL	258	6	0	1	3	1	0	4	348	0	1	0	-7.14797	255	0	0.499485
2.5865	UL	258	6	0	4	3	1	0	5	348	0	1	0	-10.0624	255	1	1
2.5865	UL	258	6	0	4	3	1	0	5	348	0	1	0	-10.0624	255	1	1
2.58693	UL	258	6	0	7	6	1	0	1	700	0	1	1	-9.13242	255	0	0
2.58693	UL	258	6	0	7	6	1	0	1	700	0	1	1	-9.13242	255	0	0
2.58721	UL	258	7	0	1	2	1	0	1	231	0	1	0	-9.13988	255	1	1
2.58721	UL	258	7	0	1	2	1	0	1	231	0	1	0	-9.13988	255	1	1
2.58743	UL	258	7	0	3	3	1	0	5	348	0	1	0	-10.0444	255	1	1
2.58743	UL	258	7	0	3	3	1	0	5	348	0	1	0	-10.0444	255	1	1
2.58793	UL	258	7	0	6	7	1	0	4	817	0	1	1	-7.16385	255	0	0
2.58793	UL	258	7	0	6	7	1	0	4	817	0	1	1	-7.16385	255	0	0
2.58814	DL	258	8	0	1	1	3	0	2	4030	28	1	0	27.5401	15	0	0
2.58821	UL	258	8	0	1	2	1	0	4	231	0	1	0	-7.49573	255	0	0.930626
2.58821	UL	258	8	0	1	2	1	0	4	231	0	1	0	-7.49573	255	0	0.930626
2.58857	UL	258	8	0	3	5	1	0	5	583	0	1	1	-10.0568	255	0	0.0145613
2.58857	UL	258	8	0	3	5	1	0	5	583	0	1	1	-10.0568	255	0	0.0145613
2.58893	UL	258	8	0	8	5	1	0	1	583	0	1	1	-9.18529	255	0	0
2.58893	UL	258	8	0	8	5	1	0	1	583	0	1	1	-9.18529	255	0	0
2.58893	UL	258	8	0	12	1	3	0	3	1081	12	1	1	4.62028	255	0	0
2.58893	UL	258	8	0	12	1	3	0	3	1081	12	1	1	4.62028	255	0	0
2.58936	UL	258	9	0	1	4	1	0	4	466	0	1	0	-7.12718	255	1	0.448672
2.58936	UL	258	9	0	1	4	1	0	4	466	0	1	0	-7.12718	255	1	0.448672
2.58964	UL	258	9	0	5	4	1	0	5	466	0	1	0	-10.0469	255	1	1
2.58964	UL	258	9	0	5	4	1	0	5	466	0	1	0	-10.0469	255	1	1
2.58993	UL	258	9	0	9	4	1	0	1	466	0	1	1	-9.19791	255	0	5.55112e-17
2.58993	UL	258	9	0	9	4	1	0	1	466	0	1	1	-9.19791	255	0	5.55112e-17
2.59014	DL	259	0	0	1	1	3	0	1	641	8	1	0	3.17516	5	0	0
2.59064	UL	259	0	0	1	8	1	0	4	935	0	1	0	-7.18401	255	0	0.823182
2.59064	UL	259	0	0	1	8	1	0	4	935	0	1	0	-7.18401	255	0	0.823182
2.59079	UL	259	0	0	9	2	1	0	5	231	0	1	1	-10.0312	255	0	0.171364
2.59079	UL	259	0	0	9	2	1	0	5	231	0	1	1	-10.0312	255	0	0.171364
2.59093	UL	259	0	0	11	2	1	0	1	231	0	1	1	-9.1783	255	0	7.90158e-08
2.59093	UL	259	0	0	11	2	1	0	1	231	0	1	1	-9.1783	255	0	7.90158e-08
2.59093	UL	259	0	0	12	1	3	0	2	4030	28	1	0	25.7204	255	0	0
2.59093	UL	259	0	0	12	1	3	0	2	4030	28	1	0	25.7204	255	0	0
2.59136	UL	259	1	0	1	4	1	0	1	466	0	1	0	-9.18973	255	1	1
2.59136	UL	259	1	0	1	4	1	0	1	466	0	1	0	-9.18973	255	1	1
2.59171	UL	259	1	0	5	5	1	0	4	583	0	1	0	-7.15386	255	1	0.477668
2.59171	UL	259	1	0	5	5	1	0	4	583	0	1	0	-7.15386	255	1	0.477668
2.59193	UL	259	1	0	10	3	1	0	5	348	0	1	1	-9.95836	255	0	0.0240452
2.59193	UL	259	1	0	10	3	1	0	5	348	0	1	1	-9.95836	255	0	0.0240452
2.59257	UL	259	2	0	1	7	1	0	4	817	0	1	0	-7.16262	255	1	0.780149
2.59257	UL	259	2	0	1	7	1	0	4	817	0	1	0	-7.16262	255	1	0.780149
2.59279	UL	259	2	0	8	3	1	0	5	348	0	1	1	-9.95083	255	0	0.0193736
2.59279	UL	259	2	0	8	3	1	0	5	348	0	1	1	-9.95083	255	0	0.0193736
2.59293	UL	259	2	0	11	2	1	0	1	231	0	1	1	-9.15928	255	0	5.7685e-08
2.59293	UL	259	2	0	11	2	1	0	1	231	0	1	1	-9.15928	255	0	5.7685e-08
2.59336	UL	259	3	0	1	4	1	0	1	466	0	1	0	-9.18439	255	1	1
2.59336	UL	259	3	0	1	4	1	0	1	466	0	1	0	-9.18439	255	1	1
2.59364	UL	259	3	0	5	4	1	0	4	466	0	1	0	-7.15105	255	1	0.505746
2.59364	UL	259	3	0	5	4	1	0	4	466	0	1	0	-7.15105	255	1	0.505746
2.59393	UL	259	3	0	9	4	1	0	5	466	0	1	0	-9.9589	255	1	1
2.59393	UL	259	3	0	9	4	1	0	5	466	0	1	0	-9.9589	255	1	1
2.59436	UL	259	4	0	1	4	1	0	1	466	0	1	0	-9.22036	255	1	1
2.59436	UL	259	4	0	1	4	1	0	1	466	0	1	0	-9.22036	255	1	1
2.59464	UL	259	4	0	5	4	1	0	5	466	0	1	1	-10.0038	255	0	0.0289443
2.59464	UL	259	4	0	5	4	1	0	5	466	0	1	1	-10.0038	255	0	0.0289443
2.59493	UL	259	4	0	9	4	1	0	4	466	0	1	1	-7.23867	255	0	0
2.59493	UL	259	4	0	9	4	1	0	4	466	0	1	1	-7.23867	255	0	0
2.59493	UL	259	4	0	10	3	3	0	3	2893	11	1	0	4.28826	255	0	1.13572e-05
2.59493	UL	259	4	0	10	3	3	0	3	2893	11	1	0	4.28826	255	0	1.13572e-05
2.59536	UL	259	5	0	1	4	1	0	1	466	0	1	0	-9.22531	255	1	1
2.59536	UL	259	5	0	1	4	1	0	1	466	0	1	0	-9.22531	255	1	1
2.59564	UL	259	5	0	5	4	1	0	4	466	0	1	0	-7.23513	255	0	0.693215
2.59564	UL	259	5	0	5	4	1	0	4	466	0	1	0	-7.23513	255	0	0.693215
2.59593	UL	259	5	0	9	4	1	0	5	466	0	1	0	-10.0339	255	1	1
2.59593	UL	259	5	0	9	4	1	0	5	466	0	1	0	-10.0339	255	1	1
2.59614	DL	259	6	0	1	1	1	0	3	641	8	1	0	-5.73026	1	1	1
2.59614	DL	259	6	0	1	1	3	0	2	4030	28	1	0	27.8603	15	0	0
2.59621	DL	259	6	0	2	1	1	0	2	436	6	1	0	0.319578	4	0	1.66533e-16
2.59657	UL	259	6	0	3	5	1	0	4	583	0	1	1	-7.24277	255	0	0
2.59657	UL	259	6	0	3	5	1	0	4	583	0	1	1	-7.24277	255	0	0
2.59686	UL	259	6	0	8	4	1	0	1	466	0	1	1	-9.26029	255	0	2.77556e-16
2.59686	UL	259	6	0	8	4	1	0	1	466	0	1	1	-9.26029	255	0	2.77556e-16
2.59693	UL	259	6	0	12	1	3	0	2	4030	28	1	0	25.7089	255	0	0
2.59693	UL	259	6	0	12	1	3	0	2	4030	28	1	0	25.7089	255	0	0
2.59721	UL	259	7	0	1	2	1	0	1	231	0	1	0	-9.25165	255	1	1
2.59721	UL	259	7	0	1	2	1	0	1	231	0	1	0	-9.25165	255	1	1
2.59743	UL	259	7	0	3	3	1	0	5	348	0	1	0	-10.0112	255	1	1
2.59743	UL	259	7	0	3	3	1	0	5	348	0	1	0	-10.0112	255	1	1
2.59793	UL	259	7	0	6	7	1	0	4	817	0	1	1	-7.23358	255	0	0
2.59793	UL	259	7	0	6	7	1	0	4	817	0	1	1	-7.23358	255	0	0
2.59836	UL	259	8	0	1	4	1	0	5	466	0	1	1	-9.99329	255	0	0.0139826
2.59836	UL	259	8	0	1	4	1	0	5	466	0	1	1	-9.99329	255	0	0.0139826
2.59864	UL	259	8	0	5	4	1	0	4	466	0	1	1	-7.20926	255	0	0
2.59864	UL	259	8	0	5	4	1	0	4	466	0	1	1	-7.20926	255	0	0
2.59893	UL	259	8	0	9	4	1	0	1	466	0	1	1	-9.28961	255	0	4.996e-16
2.59893	UL	259	8	0	9	4	1	0	1	466	0	1	1	-9.28961	255	0	4.996e-16
2.59893	UL	259	8	0	12	1	3	0	1	539	7	1	0	2.08113	255	0	0
2.59893	UL	259	8	0	12	1	3	0	1	539	7	1	0	2.08113	255	0	0
2.59936	UL	259	9	0	1	4	1	0	4	466	0	1	0	-7.19078	255	1	0.598286
2.59936	UL	259	9	0	1	4	1	0	4	466	0	1	0	-7.19078	255	1	0.598286
2.59964	UL	259	9	0	5	4	1	0	5	466	0	1	0	-9.99572	255	1	1
2.59964	UL	259	9	0	5	4	1	0	5	466	0	1	0	-9.99572	255	1	1
2.59993	UL	259	9	0	9	4	1	0	1	466	0	1	1	-9.25088	255	0	4.996e-16
2.59993	UL	259	9	0	9	4	1	0	1	466	0	1	1	-9.25088	255	0	4.996e-16
2.60036	UL	260	0	0	1	4	1	0	4	466	0	1	0	-7.1917	255	1	0.600756
2.60036	UL	260	0	0	1	4	1	0	4	466	0	1	0	-7.1917	255	1	0.600756
2.60064	UL	260	0	0	5	4	1	0	5	466	0	1	1	-10.0349	255	0	0.0328123
2.60064	UL	260	0	0	5	4	1	0	5	466	0	1	1	-10.0349	255	0	0.0328123
2.60093	UL	260	0	0	9	4	1	0	1	466	0	1	1	-9.21255	255	0	1.66533e-16
2.60093	UL	260	0	0	9	4	1	0	1	466	0	1	1	-9.21255	255	0	1.66533e-16
2.60136	UL	260	1	0	1	4	1	0	1	466	0	1	0	-9.21662	255	1	1
2.60136	UL	260	1	0	1	4	1	0	1	466	0	1	0	-9.21662	255	1	1
2.60164	UL	260	1	0	5	4	1	0	4	466	0	1	0	-7.1998	255	0	0.617093
2.60164	UL	260	1	0	5	4	1	0	4	466	0	1	0	-7.1998	255	0	0.617093
2.60193	UL	260	1	0	9	4	1	0	5	466	0	1	0	-10.0528	255	1	1
2.60193	UL	260	1	0	9	4	1	0	5	466	0	1	0	-10.0528	255	1	1
2.60193	UL	260	1	0	12	1	3	0	3	964	11	1	0	4.82698	255	0	4.25722e-11
2.60193	UL	260	1	0	12	1	3	0	3	964	11	1	0	4.82698	255	0	4.25722e-11
2.60214	DL	260	2	0	1	1	3	0	2	4030	28	1	0	27.6389	15	0	0
2.60257	UL	260	2	0	1	7	1	0	4	817	0	1	0	-7.27262	255	1	0.941571
2.60257	UL	260	2	0	1	7	1	0	4	817	0	1	0	-7.27262	255	1	0.941571
2.60279	UL	260	2	0	8	3	1	0	5	348	0	1	1	-9.99691	255	0	0.0212
2.60279	UL	260	2	0	8	3	1	0	5	348	0	1	1	-9.99691	255	0	0.0212
2.60293	UL	260	2	0	11	2	1	0	1	231	0	1	1	-9.23348	255	0	6.01204e-07
2.60293	UL	260	2	0	11	2	1	0	1	231	0	1	1	-9.23348	255	0	6.01204e-07
2.60293	UL	260	2	0	11	2	3	0	2	8060	28	1	0	25.7817	255	0	0
2.60293	UL	260	2	0	11	2	3	0	2	8060	28	1	0	25.7817	255	0	0
2.60336	UL	260	3	0	1	4	1	0	1	466	0	1	0	-9.2495	255	1	1
2.60336	UL	260	3	0	1	4	1	0	1	466	0	1	0	-9.2495	255	1	1
2.60364	UL	260	3	0	5	4	1	0	4	466	0	1	0	-7.13587	255	0	0.46876
2.60393	UL	260	3	0	9	4	1	0	5	466	0	1	0	-9.98345	255	1	1
2.60393	UL	260	3	0	9	4	1	0	5	466	0	1	0	-9.98345	255	1	1
2.60429	UL	260	4	0	1	3	1	0	1	348	0	1	0	-9.26796	255	1	1
2.60429	UL	260	4	0	1	3	1	0	1	348	0	1	0	-9.26796	255	1	1
2.60436	UL	260	4	0	4	1	1	0	2	348	5	1	0	-1.69407	255	0	0.00506994
2.60436	UL	260	4	0	4	1	1	0	2	348	5	1	0	-1.69407	255	0	0.00506994
2.60464	UL	260	4	0	5	4	1	0	5	466	0	1	1	-10.0382	255	0	0.0246769
2.60464	UL	260	4	0	5	4	1	0	5	466	0	1	1	-10.0382	255	0	0.0246769
2.60486	UL	260	4	0	1	11	3	0	1	7067	8	1	0	1.36668	255	1	0.182071
2.60486	UL	260	4	0	1	11	3	0	1	7067	8	1	0	1.36668	255	1	0.182071
2.60493	UL	260	4	0	9	4	1	0	4	466	0	1	1	-7.14446	255	0	0
2.60493	UL	260	4	0	9	4	1	0	4	466	0	1	1	-7.14446	255	0	0
2.60536	UL	260	5	0	1	4	1	0	1	466	0	1	0	-9.24289	255	1	1
2.60564	UL	260	5	0	5	4	1	0	5	466	0	1	0	-10.3093	255	1	1
2.60564	UL	260	5	0	5	4	1	0	5	466	0	1	0	-10.3093	255	1	1
2.60593	UL	260	5	0	7	6	3	0	1	3854	8	1	0	0.573829	255	1	1
2.60593	UL	260	5	0	7	6	3	0	1	3854	8	1	0	0.573829	255	1	1
2.60593	UL	260	5	0	9	4	1	0	4	466	0	1	1	-7.6796	255	0	0
2.60593	UL	260	5	0	9	4	1	0	4	466	0	1	1	-7.6796	255	0	0
2.60614	DL	260	6	0	1	1	1	0	3	641	8	1	1	3.10295	5	0	0
2.60636	UL	260	6	0	2	3	1	0	4	348	0	1	0	-7.10867	255	1	0.409863
2.60664	UL	260	6	0	5	4	1	0	5	466	0	1	1	-10.0334	255	0	0.0358975
2.60664	UL	260	6	0	5	4	1	0	5	466	0	1	1	-10.0334	255	0	0.0358975
2.60693	UL	260	6	0	9	4	1	0	1	466	0	1	1	-9.2394	255	0	2.77556e-16
2.60693	UL	260	6	0	9	4	1	0	1	466	0	1	1	-9.2394	255	0	2.77556e-16
2.60721	UL	260	7	0	1	2	1	0	1	231	0	1	0	-9.24465	255	1	1
2.60743	UL	260	7	0	3	3	1	0	5	348	0	1	0	-10.0416	255	1	1
2.60743	UL	260	7	0	3	3	1	0	5	348	0	1	0	-10.0416	255	1	1
2.60793	UL	260	7	0	6	7	1	0	4	817	0	1	1	-7.11632	255	0	0
2.60793	UL	260	7	0	6	7	1	0	4	817	0	1	1	-7.11632	255	0	0
2.60793	UL	260	7	0	12	1	3	0	3	1081	12	1	0	4.47651	255	0	0.632563
2.60793	UL	260	7	0	12	1	3	0	3	1081	12	1	0	4.47651	255	0	0.632563
2.60814	DL	260	8	0	1	1	1	0	4	114	0	1	0	-5.38341	1	0	1.88365e-07
2.60814	DL	260	8	0	1	1	3	0	2	4030	28	1	0	27.7126	15	0	0
2.60829	DL	260	8	0	2	2	1	0	1	231	0	1	0	-7.36926	0	1	0.807067
2.60864	UL	260	8	0	5	4	1	0	5	466	0	1	1	-10.0811	255	0	0.0306376
2.60864	UL	260	8	0	5	4	1	0	5	466	0	1	1	-10.0811	255	0	0.0306376
2.60893	UL	260	8	0	9	4	1	0	1	466	0	1	1	-9.31244	255	0	8.27116e-15
2.60893	UL	260	8	0	9	4	1	0	1	466	0	1	1	-9.31244	255	0	8.27116e-15
2.60936	UL	260	9	0	1	4	1	0	2	1404	5	1	0	-1.74816	255	0	0.00381112
2.60936	UL	260	9	0	1	4	1	0	2	1404	5	1	0	-1.74816	255	0	0.00381112
2.60971	UL	260	9	0	5	5	1	0	5	583	0	1	0	-10.077	255	1	1
2.60971	UL	260	9	0	5	5	1	0	5	583	0	1	0	-10.077	255	1	1
2.60993	UL	260	9	0	2	11	3	0	1	7067	8	1	1	1.94789	255	0	0
2.60993	UL	260	9	0	2	11	3	0	1	7067	8	1	1	1.94789	255	0	0
2.60993	UL	260	9	0	10	3	1	0	1	348	0	1	1	-9.33275	255	0	2.2371e-14
2.60993	UL	260	9	0	10	3	1	0	1	348	0	1	1	-9.33275	255	0	2.2371e-14
2.61036	UL	261	0	0	1	4	1	0	2	1404	5	1	0	-1.77557	255	0	0.00712616
2.61036	UL	261	0	0	1	4	1	0	2	1404	5	1	0	-1.77557	255	0	0.00712616
2.6105	UL	261	0	0	6	1	3	0	2	4030	28	1	0	25.7788	255	0	0
2.6105	UL	261	0	0	6	1	3	0	2	4030	28	1	0	25.7788	255	0	0
2.61064	UL	261	0	0	5	4	1	0	5	466	0	1	1	-10.315	255	0	0.465555
2.61064	UL	261	0	0	5	4	1	0	5	466	0	1	1	-10.315	255	0	0.465555
2.61093	UL	261	0	0	7	6	3	0	1	3854	8	1	1	1.97595	255	0	0
2.61093	UL	261	0	0	7	6	3	0	1	3854	8	1	1	1.97595	255	0	0
2.61093	UL	261	0	0	9	4	1	0	1	466	0	1	1	-9.83253	255	0	3.28177e-09
2.61136	UL	261	1	0	1	4	1	0	1	466	0	1	0	-9.29102	255	1	1
2.61164	UL	261	1	0	5	4	1	0	5	466	0	1	0	-9.97727	255	1	1
2.61164	UL	261	1	0	5	4	1	0	5	466	0	1	0	-9.97727	255	1	1
2.61186	UL	261	1	0	9	3	1	0	4	348	0	1	1	-7.0518	255	0	0
2.61257	UL	261	2	0	1	7	1	0	2	2453	5	1	0	-1.85348	255	0	0.0675327
2.61257	UL	261	2	0	1	7	1	0	2	2453	5	1	0	-1.85348	255	0	0.0675327
2.61279	UL	261	2	0	8	3	1	0	5	348	0	1	1	-9.99517	255	0	0.0253771
2.61279	UL	261	2	0	8	3	1	0	5	348	0	1	1	-9.99517	255	0	0.0253771
2.61293	UL	261	2	0	11	2	1	0	1	231	0	1	1	-9.30946	255	0	1.48238e-06
2.6135	UL	261	3	0	1	6	1	0	2	2104	5	1	0	-1.88337	255	0	0.0852736
2.6135	UL	261	3	0	1	6	1	0	2	2104	5	1	0	-1.88337	255	0	0.0852736
2.61393	UL	261	3	0	7	6	1	0	5	700	0	1	0	-10.0741	255	1	1
2.61393	UL	261	3	0	7	6	1	0	5	700	0	1	0	-10.0741	255	1	1
2.61393	UL	261	3	0	11	2	3	0	3	1928	11	1	0	4.77979	255	0	1.9984e-15
2.61393	UL	261	3	0	11	2	3	0	3	1928	11	1	0	4.77979	255	0	1.9984e-15
2.6145	UL	261	4	0	1	6	1	0	2	2104	5	1	0	-1.87447	255	0	0.0735431
2.61457	UL	261	4	0	7	1	1	0	3	539	7	1	0	0.858432	255	0	2.84196e-05
2.61457	UL	261	4	0	7	1	1	0	3	539	7	1	0	0.858432	255	0	2.84196e-05
2.61493	UL	261	4	0	8	5	1	0	5	583	0	1	1	-10.095	255	0	0.0247053
2.61493	UL	261	4	0	8	5	1	0	5	583	0	1	1	-10.095	255	0	0.0247053
2.61514	DL	261	5	0	1	1	3	0	2	4030	28	1	0	27.8322	15	0	0
2.61521	DL	261	5	0	2	1	3	0	1	641	8	1	0	2.62679	5	0	0
2.6155	UL	261	5	0	1	6	1	0	2	2104	5	1	0	-1.92908	255	0	0.169083
2.61593	UL	261	5	0	7	6	1	0	5	700	0	1	0	-10.1226	255	1	1
2.61593	UL	261	5	0	7	6	1	0	5	700	0	1	0	-10.1226	255	1	1
2.61614	DL	261	6	0	1	1	3	0	1	641	8	1	0	2.58616	5	0	0
2.61629	UL	261	6	0	1	3	1	0	2	1052	5	1	0	-1.85629	255	0	0.0360289
2.61636	UL	261	6	0	4	1	1	0	4	114	0	1	0	-7.03628	255	1	0.588844
2.61636	UL	261	6	0	4	1	1	0	4	114	0	1	0	-7.03628	255	1	0.588844
2.61664	UL	261	6	0	5	4	1	0	5	466	0	1	1	-10.1299	255	0	0.0421808
2.61664	UL	261	6	0	5	4	1	0	5	466	0	1	1	-10.1299	255	0	0.0421808
2.61693	UL	261	6	0	9	4	1	0	1	466	0	1	1	-9.30296	255	0	2.07057e-14
2.61693	UL	261	6	0	12	1	3	0	2	4030	28	1	0	25.8404	255	0	0
2.61693	UL	261	6	0	12	1	3	0	2	4030	28	1	0	25.8404	255	0	0
2.6175	UL	261	7	0	1	6	1	0	2	2104	5	1	0	-1.84219	255	0	0.0407108
2.61793	UL	261	7	0	7	6	1	0	5	700	0	1	0	-10.189	255	1	1
2.61793	UL	261	7	0	7	6	1	0	5	700	0	1	0	-10.189	255	1	1
2.61821	DL	261	8	0	1	2	1	0	1	231	0	1	1	-7.31366	0	0	0
2.61829	DL	261	8	0	3	1	1	0	4	114	0	1	0	-5.04009	2	0	4.91907e-11
2.61836	DL	261	8	0	4	1	1	0	2	436	6	1	0	0.150616	4	0	3.73535e-13
2.61893	UL	261	8	0	7	6	1	0	5	700	0	1	1	-10.2391	255	0	0.0749102
2.61893	UL	261	8	0	7	6	1	0	5	700	0	1	1	-10.2391	255	0	0.0749102
2.6195	UL	261	9	0	1	6	1	0	3	3241	7	1	0	0.886611	255	0	5.68418e-05
2.6195	UL	261	9	0	1	6	1	0	3	3241	7	1	0	0.886611	255	0	5.68418e-05
2.61993	UL	261	9	0	7	6	1	0	5	700	0	1	0	-10.2479	255	1	1
2.61993	UL	261	9	0	7	6	1	0	5	700	0	1	0	-10.2479	255	1	1
2.61993	UL	261	9	0	12	1	3	0	3	1081	12	1	0	4.87707	255	0	0.00333007
2.61993	UL	261	9	0	12	1	3	0	3	1081	12	1	0	4.87707	255	0	0.00333007
2.6205	UL	262	0	0	1	6	1	0	3	3241	7	1	0	0.87762	255	0	7.50681e-05
2.6205	UL	262	0	0	1	6	1	0	3	3241	7	1	0	0.87762	255	0	7.50681e-05
2.62093	UL	262	0	0	7	6	1	0	5	700	0	1	1	-10.2445	255	1	0.113468
2.62093	UL	262	0	0	7	6	1	0	5	700	0	1	1	-10.2445	255	1	0.113468
2.6215	UL	262	1	0	1	6	1	0	3	3241	7	1	0	0.848768	255	0	0.000202463
2.6215	UL	262	1	0	1	6	1	0	3	3241	7	1	0	0.848768	255	0	0.000202463
2.62186	UL	262	1	0	7	5	1	0	5	583	0	1	0	-10.2751	255	1	1
2.62186	UL	262	1	0	7	5	1	0	5	583	0	1	0	-10.2751	255	1	1
2.62193	UL	262	1	0	12	1	1	0	4	114	0	1	1	-7.00574	255	0	0
2.62193	UL	262	1	0	12	1	1	0	4	114	0	1	1	-7.00574	255	0	0
2.62214	DL	262	2	0	1	1	1	0	1	114	0	1	0	-7.24683	0	1	0.747155
2.62214	DL	262	2	0	1	1	3	0	2	4030	28	1	0	27.8795	15	0	0
2.62243	UL	262	2	0	4	2	1	0	3	1081	7	1	0	0.847881	255	0	9.24013e-05
2.62286	UL	262	2	0	6	6	1	0	5	700	0	1	1	-10.3446	255	0	0.276324
2.62286	UL	262	2	0	6	6	1	0	5	700	0	1	1	-10.3446	255	0	0.276324
2.62293	UL	262	2	0	11	2	3	0	2	8060	28	1	0	25.8131	255	0	0
2.62293	UL	262	2	0	11	2	3	0	2	8060	28	1	0	25.8131	255	0	0
2.62393	UL	262	3	0	5	8	1	0	5	935	0	1	0	-10.3819	255	1	1
2.62393	UL	262	3	0	5	8	1	0	5	935	0	1	0	-10.3819	255	1	1
2.62393	UL	262	3	0	12	1	3	0	1	641	8	1	0	1.91757	255	0	1.24716e-09
2.62393	UL	262	3	0	12	1	3	0	1	641	8	1	0	1.91757	255	0	1.24716e-09
2.6245	UL	262	4	0	1	6	1	0	3	3241	7	1	0	0.846702	255	0	0.000244545
2.62493	UL	262	4	0	7	6	1	0	5	700	0	1	1	-10.392	255	0	0.416241
2.62493	UL	262	4	0	7	6	1	0	5	700	0	1	1	-10.392	255	0	0.416241
2.6255	UL	262	5	0	1	6	1	0	3	3241	7	1	0	0.814518	255	0	0.000659865
2.62593	UL	262	5	0	7	6	1	0	5	700	0	1	2	-10.4116	255	0	0
2.62593	UL	262	5	0	7	6	1	0	5	700	0	1	2	-10.4116	255	0	0
2.62593	UL	262	5	0	12	1	3	0	3	1081	12	1	0	4.98272	255	0	0.000226395
2.62593	UL	262	5	0	12	1	3	0	3	1081	12	1	0	4.98272	255	0	0.000226395
2.62614	DL	262	6	0	1	1	1	0	3	641	8	1	0	3.02652	5	0	0
2.6265	UL	262	6	0	6	1	1	0	1	114	0	1	0	-9.16407	255	1	1
2.6265	UL	262	6	0	6	1	1	0	1	114	0	1	0	-9.16407	255	1	1
2.62657	UL	262	6	0	7	1	1	0	2	348	5	1	0	-1.8756	255	0	0.0668544
2.62657	UL	262	6	0	7	1	1	0	2	348	5	1	0	-1.8756	255	0	0.0668544
2.62693	UL	262	6	0	8	5	1	0	5	583	0	1	1	-10.373	255	0	0.436305
2.62693	UL	262	6	0	8	5	1	0	5	583	0	1	1	-10.373	255	0	0.436305
2.6275	UL	262	7	0	1	6	1	0	4	700	0	1	0	-6.95046	255	0	0.0560104
2.6275	UL	262	7	0	1	6	1	0	4	700	0	1	0	-6.95046	255	0	0.0560104
2.62793	UL	262	7	0	7	6	1	0	5	700	0	1	0	-10.3399	255	1	1
2.62814	DL	262	8	0	1	1	3	0	2	4030	28	1	0	27.7614	15	0	0
2.62836	UL	262	8	0	1	4	1	0	4	466	0	1	0	-7.10391	255	0	0.37809
2.62836	UL	262	8	0	1	4	1	0	4	466	0	1	0	-7.10391	255	0	0.37809
2.62893	UL	262	8	0	5	8	1	0	5	935	0	1	1	-10.3508	255	1	0.826914
2.62893	UL	262	8	0	5	8	1	0	5	935	0	1	1	-10.3508	255	1	0.826914
2.62893	UL	262	8	0	12	1	3	0	2	4030	28	1	0	25.71	255	0	0
2.62893	UL	262	8	0	12	1	3	0	2	4030	28	1	0	25.71	255	0	0
2.62971	UL	262	9	0	1	9	1	0	4	1052	0	1	0	-7.37837	255	1	0.997024
2.62971	UL	262	9	0	1	9	1	0	4	1052	0	1	0	-7.37837	255	1	0.997024
2.62993	UL	262	9	0	1	12	3	0	1	7709	8	1	0	0.209005	255	1	1
2.62993	UL	262	9	0	1	12	3	0	1	7709	8	1	0	0.209005	255	1	1
2.62993	UL	262	9	0	10	3	1	0	5	348	0	1	0	-10.7814	255	1	1
2.62993	UL	262	9	0	10	3	1	0	5	348	0	1	0	-10.7814	255	1	1
2.63093	UL	263	0	0	1	12	1	0	4	1404	0	1	0	-7.10943	255	1	0.579575
2.63093	UL	263	0	0	1	12	1	0	4	1404	0	1	0	-7.10943	255	1	0.579575
2.63093	UL	263	0	0	8	5	3	0	1	3212	8	1	0	1.45542	255	0	0.00567284
2.63093	UL	263	0	0	8	5	3	0	1	3212	8	1	0	1.45542	255	0	0.00567284
2.6315	UL	263	1	0	1	6	1	0	2	2104	5	1	0	-1.76403	255	0	0.00790582
2.6315	UL	263	1	0	1	6	1	0	2	2104	5	1	0	-1.76403	255	0	0.00790582
2.63186	UL	263	1	0	7	5	1	0	4	583	0	1	0	-6.90892	255	0	0.0275174
2.63186	UL	263	1	0	7	5	1	0	4	583	0	1	0	-6.90892	255	0	0.0275174
2.63193	UL	263	1	0	11	2	3	0	3	2163	12	1	0	4.7615	255	0	0.0408683
2.63193	UL	263	1	0	11	2	3	0	3	2163	12	1	0	4.7615	255	0	0.0408683
2.63193	UL	263	1	0	12	1	1	0	1	114	0	1	1	-9.21293	255	0	0.000543843
2.63193	UL	263	1	0	12	1	1	0	1	114	0	1	1	-9.21293	255	0	0.000543843
2.63229	UL	263	2	0	1	3	1	0	2	1052	5	1	0	-1.78272	255	0	0.00818756
2.63229	UL	263	2	0	1	3	1	0	2	1052	5	1	0	-1.78272	255	0	0.00818756
2.6325	UL	263	2	0	4	3	1	0	4	348	0	1	0	-6.90797	255	0	0.0712167
2.6325	UL	263	2	0	4	3	1	0	4	348	0	1	0	-6.90797	255	0	0.0712167
2.63293	UL	263	2	0	7	6	1	0	5	700	0	1	1	-10.215	255	0	0.30018
2.63321	UL	263	3	0	1	2	1	0	2	700	5	1	0	-1.79213	255	0	0.00497489
2.63321	UL	263	3	0	1	2	1	0	2	700	5	1	0	-1.79213	255	0	0.00497489
2.63336	UL	263	3	0	3	2	1	0	4	231	0	1	0	-6.96115	255	1	0.29941
2.63336	UL	263	3	0	3	2	1	0	4	231	0	1	0	-6.96115	255	1	0.29941
2.63393	UL	263	3	0	5	8	1	0	5	935	0	1	2	-10.2011	255	0	0
2.63393	UL	263	3	0	5	8	1	0	5	935	0	1	2	-10.2011	255	0	0
2.63429	UL	263	4	0	1	3	1	0	5	348	0	1	1	-10.7855	255	1	0.996309
2.63429	UL	263	4	0	1	3	1	0	5	348	0	1	1	-10.7855	255	1	0.996309
2.63493	UL	263	4	0	1	12	3	0	1	7709	8	1	1	0.244382	255	0	0
2.63493	UL	263	4	0	1	12	3	0	1	7709	8	1	1	0.244382	255	0	0
2.63493	UL	263	4	0	4	9	1	0	4	1052	0	1	1	-7.60715	255	0	0
2.63493	UL	263	4	0	4	9	1	0	4	1052	0	1	1	-7.60715	255	0	0
2.63514	DL	263	5	0	1	1	3	0	2	4030	28	1	0	27.7757	15	0	0
2.63593	UL	263	5	0	1	12	1	0	4	1404	0	1	1	-7.05892	255	0	0
2.63593	UL	263	5	0	1	12	1	0	4	1404	0	1	1	-7.05892	255	0	0
2.63643	UL	263	6	0	1	5	1	0	2	1752	5	1	0	-1.82767	255	0	0.030976
2.63643	UL	263	6	0	1	5	1	0	2	1752	5	1	0	-1.82767	255	0	0.030976
2.6365	UL	263	6	0	6	1	1	0	3	539	7	1	0	0.81618	255	0	0.000145528
2.6365	UL	263	6	0	6	1	1	0	3	539	7	1	0	0.81618	255	0	0.000145528
2.63686	UL	263	6	0	7	5	1	0	4	583	0	1	0	-6.98462	255	0	0.0917499
2.63686	UL	263	6	0	7	5	1	0	4	583	0	1	0	-6.98462	255	0	0.0917499
2.63693	UL	263	6	0	12	1	1	0	5	114	0	1	0	-10.2548	255	1	1
2.63693	UL	263	6	0	12	1	1	0	5	114	0	1	0	-10.2548	255	1	1
2.63693	UL	263	6	0	12	1	3	0	2	4030	28	1	0	25.7659	255	0	0
2.63693	UL	263	6	0	12	1	3	0	2	4030	28	1	0	25.7659	255	0	0
2.6375	UL	263	7	0	1	6	1	0	1	700	0	1	0	-9.15432	255	1	1
2.6375	UL	263	7	0	1	6	1	0	1	700	0	1	0	-9.15432	255	1	1
2.63786	UL	263	7	0	7	5	1	0	2	1752	5	1	0	-1.8948	255	0	0.100904
2.63786	UL	263	7	0	7	5	1	0	2	1752	5	1	0	-1.8948	255	0	0.100904
2.63836	UL	263	8	0	1	4	1	0	1	466	0	1	0	-9.11854	255	1	1
2.63836	UL	263	8	0	1	4	1	0	1	466	0	1	0	-9.11854	255	1	1
2.63857	UL	263	8	0	5	3	1	0	2	1052	5	1	0	-1.91144	255	0	0.0891457
2.63857	UL	263	8	0	5	3	1	0	2	1052	5	1	0	-1.91144	255	0	0.0891457
2.63879	UL	263	8	0	8	3	1	0	5	348	0	1	0	-10.0731	255	1	1
2.63879	UL	263	8	0	8	3	1	0	5	348	0	1	0	-10.0731	255	1	1
2.63893	UL	263	8	0	11	2	1	0	4	231	0	1	1	-7.02988	255	0	0
2.63893	UL	263	8	0	11	2	1	0	4	231	0	1	1	-7.02988	255	0	0
2.63893	UL	263	8	0	12	1	3	0	3	1081	12	1	0	4.59	255	0	0.270823
2.63893	UL	263	8	0	12	1	3	0	3	1081	12	1	0	4.59	255	0	0.270823
2.63929	UL	263	9	0	1	3	1	0	1	348	0	1	0	-9.12667	255	1	1
2.63929	UL	263	9	0	1	3	1	0	1	348	0	1	0	-9.12667	255	1	1
2.6395	UL	263	9	0	4	3	1	0	2	1052	5	1	0	-1.88611	255	0	0.059151
2.6395	UL	263	9	0	4	3	1	0	2	1052	5	1	0	-1.88611	255	0	0.059151
2.63971	UL	263	9	0	7	3	1	0	4	348	0	1	0	-7.0049	255	0	0.194697
2.63971	UL	263	9	0	7	3	1	0	4	348	0	1	0	-7.0049	255	0	0.194697
2.63993	UL	263	9	0	10	3	1	0	5	348	0	1	2	-10.0362	255	0	0
2.63993	UL	263	9	0	10	3	1	0	5	348	0	1	2	-10.0362	255	0	0
2.64014	DL	264	0	0	1	1	3	0	1	641	8	1	0	2.69693	5	0	0
2.64021	UL	264	0	0	1	2	1	0	1	231	0	1	0	-9.15401	255	1	1
2.64021	UL	264	0	0	1	2	1	0	1	231	0	1	0	-9.15401	255	1	1
2.64043	UL	264	0	0	3	3	1	0	2	1052	5	1	0	-1.8962	255	0	0.0712099
2.64064	UL	264	0	0	6	3	1	0	4	348	0	1	0	-6.97388	255	0	0.14256
2.64064	UL	264	0	0	6	3	1	0	4	348	0	1	0	-6.97388	255	0	0.14256
2.64086	UL	264	0	0	9	3	1	0	5	348	0	1	0	-10.0194	255	1	1
2.64086	UL	264	0	0	9	3	1	0	5	348	0	1	0	-10.0194	255	1	1
2.64121	UL	264	1	0	1	2	1	0	1	231	0	1	0	-9.13963	255	1	1
2.64121	UL	264	1	0	1	2	1	0	1	231	0	1	0	-9.13963	255	1	1
2.64143	UL	264	1	0	3	3	1	0	2	1052	5	1	0	-1.84534	255	0	0.0289803
2.64164	UL	264	1	0	6	3	1	0	3	1620	7	1	0	0.830267	255	0	0.000319254
2.64164	UL	264	1	0	6	3	1	0	3	1620	7	1	0	0.830267	255	0	0.000319254
2.64186	UL	264	1	0	9	3	1	0	4	348	0	1	0	-6.91691	255	0	0.0782399
2.64186	UL	264	1	0	9	3	1	0	4	348	0	1	0	-6.91691	255	0	0.0782399
2.64193	UL	264	1	0	12	1	1	0	5	114	0	1	1	-10.0438	255	0	0.486726
2.64193	UL	264	1	0	12	1	1	0	5	114	0	1	1	-10.0438	255	0	0.486726
2.64214	DL	264	2	0	1	1	3	0	2	4030	28	1	0	27.9093	15	0	0
2.64221	UL	264	2	0	1	2	1	0	2	700	5	1	0	-2.01478	255	0	0.177313
2.64236	UL	264	2	0	3	2	1	0	3	1081	7	1	0	0.837934	255	0	0.00017894
2.64236	UL	264	2	0	3	2	1	0	3	1081	7	1	0	0.837934	255	0	0.00017894
2.64243	UL	264	2	0	5	1	1	0	4	114	0	1	0	-6.93582	255	1	0.472497
2.64243	UL	264	2	0	5	1	1	0	4	114	0	1	0	-6.93582	255	1	0.472497
2.6425	UL	264	2	0	6	1	1	0	5	114	0	1	0	-10.0562	255	1	1
2.6425	UL	264	2	0	6	1	1	0	5	114	0	1	0	-10.0562	255	1	1
2.64293	UL	264	2	0	7	6	1	0	1	700	0	1	1	-9.16303	255	0	0
2.64293	UL	264	2	0	7	6	1	0	1	700	0	1	1	-9.16303	255	0	0
2.64293	UL	264	2	0	11	2	3	0	2	8060	28	1	0	25.9455	255	0	0
2.64293	UL	264	2	0	11	2	3	0	2	8060	28	1	0	25.9455	255	0	0
2.64314	UL	264	3	0	1	1	1	0	2	348	5	1	0	-1.86192	255	0	0.0570004
2.64329	UL	264	3	0	2	2	1	0	3	1081	7	1	0	0.810826	255	0	0.000408174
2.64329	UL	264	3	0	2	2	1	0	3	1081	7	1	0	0.810826	255	0	0.000408174
2.64343	UL	264	3	0	4	2	1	0	4	231	0	1	0	-6.90727	255	1	0.225096
2.64343	UL	264	3	0	4	2	1	0	4	231	0	1	0	-6.90727	255	1	0.225096
2.64364	UL	264	3	0	6	3	1	0	5	348	0	1	1	-10.0036	255	0	0.0307332
2.64364	UL	264	3	0	6	3	1	0	5	348	0	1	1	-10.0036	255	0	0.0307332
2.64393	UL	264	3	0	9	4	1	0	1	466	0	1	1	-9.23005	255	0	0
2.64393	UL	264	3	0	9	4	1	0	1	466	0	1	1	-9.23005	255	0	0
2.64429	UL	264	4	0	1	3	1	0	3	1620	7	1	0	0.819144	255	0	0.000504196
2.64429	UL	264	4	0	1	3	1	0	3	1620	7	1	0	0.819144	255	0	0.000504196
2.6445	UL	264	4	0	4	3	1	0	4	348	0	1	0	-6.91672	255	0	0.0784154
2.6445	UL	264	4	0	4	3	1	0	4	348	0	1	0	-6.91672	255	0	0.0784154
2.64471	UL	264	4	0	7	3	1	0	5	348	0	1	0	-9.97211	255	1	1
2.64471	UL	264	4	0	7	3	1	0	5	348	0	1	0	-9.97211	255	1	1
2.64493	UL	264	4	0	10	3	1	0	1	348	0	1	1	-9.26563	255	0	0
2.64493	UL	264	4	0	10	3	1	0	1	348	0	1	1	-9.26563	255	0	0
2.64493	UL	264	4	0	12	1	3	0	3	964	11	1	0	5.08769	255	0	2.22045e-16
2.64493	UL	264	4	0	12	1	3	0	3	964	11	1	0	5.08769	255	0	2.22045e-16
2.64514	UL	264	5	0	1	1	1	0	3	539	7	1	0	0.855506	255	0	5.09987e-05
2.64557	UL	264	5	0	2	6	1	0	4	700	0	1	0	-6.89963	255	0	0.0242527
2.64557	UL	264	5	0	2	6	1	0	4	700	0	1	0	-6.89963	255	0	0.0242527
2.64579	UL	264	5	0	8	3	1	0	5	348	0	1	1	-10.0111	255	0	0.0198756
2.64579	UL	264	5	0	8	3	1	0	5	348	0	1	1	-10.0111	255	0	0.0198756
2.64593	UL	264	5	0	11	2	1	0	1	231	0	1	1	-9.25099	255	0	1.89643e-07
2.64593	UL	264	5	0	11	2	1	0	1	231	0	1	1	-9.25099	255	0	1.89643e-07
2.64636	UL	264	6	0	1	4	1	0	3	2163	7	1	0	0.892298	255	0	4.87908e-05
2.64657	UL	264	6	0	5	3	1	0	4	348	0	1	0	-6.87558	255	0	0.0481303
2.64657	UL	264	6	0	5	3	1	0	4	348	0	1	0	-6.87558	255	0	0.0481303
2.64679	UL	264	6	0	8	3	1	0	5	348	0	1	0	-9.96082	255	1	1
2.64679	UL	264	6	0	8	3	1	0	5	348	0	1	0	-9.96082	255	1	1
2.64693	UL	264	6	0	11	2	1	0	1	231	0	1	1	-9.27886	255	0	2.24974e-07
2.64693	UL	264	6	0	11	2	1	0	1	231	0	1	1	-9.27886	255	0	2.24974e-07
2.64743	UL	264	7	0	1	5	1	0	1	583	0	1	0	-9.26831	255	1	1
2.64743	UL	264	7	0	1	5	1	0	1	583	0	1	0	-9.26831	255	1	1
2.64779	UL	264	7	0	6	5	1	0	3	2702	7	1	0	0.924419	255	0	2.24953e-05
2.64786	UL	264	7	0	11	1	1	0	5	114	0	1	1	-9.99295	255	0	0.3521
2.64786	UL	264	7	0	11	1	1	0	5	114	0	1	1	-9.99295	255	0	0.3521
2.64793	UL	264	7	0	12	1	1	0	4	114	0	1	1	-6.84918	255	0	0
2.64793	UL	264	7	0	12	1	1	0	4	114	0	1	1	-6.84918	255	0	0
2.64814	DL	264	8	0	1	1	3	0	2	4030	28	1	0	27.8849	15	0	0
2.64836	UL	264	8	0	1	4	1	0	1	466	0	1	0	-9.31453	255	1	1
2.64836	UL	264	8	0	1	4	1	0	1	466	0	1	0	-9.31453	255	1	1
2.64857	UL	264	8	0	5	3	1	0	3	1620	7	1	0	0.876095	255	0	9.21562e-05
2.64879	UL	264	8	0	8	3	1	0	5	348	0	1	0	-9.99487	255	1	1
2.64879	UL	264	8	0	8	3	1	0	5	348	0	1	0	-9.99487	255	1	1
2.64886	UL	264	8	0	11	1	3	0	1	539	7	1	0	-0.56566	255	1	0.99997
2.64886	UL	264	8	0	11	1	3	0	1	539	7	1	0	-0.56566	255	1	0.99997
2.64893	UL	264	8	0	11	2	1	0	4	231	0	1	1	-7.10128	255	0	0
2.64893	UL	264	8	0	11	2	1	0	4	231	0	1	1	-7.10128	255	0	0
2.64893	UL	264	8	0	12	1	3	0	2	4030	28	1	0	23.7612	255	0	0
2.64893	UL	264	8	0	12	1	3	0	2	4030	28	1	0	23.7612	255	0	0
2.64936	UL	264	9	0	1	4	1	0	1	466	0	1	0	-9.29641	255	1	1
2.64936	UL	264	9	0	1	4	1	0	1	466	0	1	0	-9.29641	255	1	1
2.64971	UL	264	9	0	5	5	1	0	4	583	0	1	0	-6.83944	255	0	0.00682217
2.64971	UL	264	9	0	5	5	1	0	4	583	0	1	0	-6.83944	255	0	0.00682217
2.64993	UL	264	9	0	10	3	1	0	5	348	0	1	1	-9.9877	255	0	0.0115642
2.64993	UL	264	9	0	10	3	1	0	5	348	0	1	1	-9.9877	255	0	0.0115642
2.65036	UL	265	0	0	1	4	1	0	1	466	0	1	0	-9.32697	255	1	1
2.65036	UL	265	0	0	1	4	1	0	1	466	0	1	0	-9.32697	255	1	1
2.65064	UL	265	0	0	5	4	1	0	4	466	0	1	0	-6.83476	255	0	0.0271411
2.65064	UL	265	0	0	5	4	1	0	4	466	0	1	0	-6.83476	255	0	0.0271411
2.65093	UL	265	0	0	9	4	1	0	5	466	0	1	0	-9.95506	255	1	1
2.65093	UL	265	0	0	9	4	1	0	5	466	0	1	0	-9.95506	255	1	1
2.65093	UL	265	0	0	12	1	3	0	3	1081	12	1	0	5.09352	255	0	7.41839e-06
2.65093	UL	265	0	0	12	1	3	0	3	1081	12	1	0	5.09352	255	0	7.41839e-06
2.65136	UL	265	1	0	1	4	1	0	1	466	0	1	0	-9.34347	255	1	1
2.65136	UL	265	1	0	1	4	1	0	1	466	0	1	0	-9.34347	255	1	1
2.65171	UL	265	1	0	5	5	1	0	4	583	0	1	0	-6.84254	255	0	0.00733714
2.65193	UL	265	1	0	10	3	1	0	5	348	0	1	1	-9.91547	255	0	0.00559402
2.65193	UL	265	1	0	10	3	1	0	5	348	0	1	1	-9.91547	255	0	0.00559402
2.65221	UL	265	2	0	1	2	1	0	4	231	0	1	0	-6.85437	255	0	0.167546
2.65257	UL	265	2	0	3	5	1	0	5	583	0	1	0	-9.89054	255	1	1
2.65257	UL	265	2	0	3	5	1	0	5	583	0	1	0	-9.89054	255	1	1
2.65293	UL	265	2	0	8	5	1	0	1	583	0	1	1	-9.30453	255	0	0
2.65293	UL	265	2	0	8	5	1	0	1	583	0	1	1	-9.30453	255	0	0
2.65343	UL	265	3	0	1	5	1	0	4	583	0	1	0	-6.8405	255	0	0.00703076
2.65364	UL	265	3	0	6	3	1	0	5	348	0	1	1	-9.88672	255	0	0.0057733
2.65364	UL	265	3	0	6	3	1	0	5	348	0	1	1	-9.88672	255	0	0.0057733
2.65393	UL	265	3	0	9	4	1	0	1	466	0	1	1	-9.35156	255	0	1.66978e-13
2.65393	UL	265	3	0	9	4	1	0	1	466	0	1	1	-9.35156	255	0	1.66978e-13
2.65393	UL	265	3	0	12	1	3	0	1	539	7	1	1	1.68544	255	0	0
2.65393	UL	265	3	0	12	1	3	0	1	539	7	1	1	1.68544	255	0	0
2.65414	DL	265	4	0	1	1	3	0	2	4030	28	1	0	27.8011	15	0	0
2.65414	UL	265	4	0	1	1	1	0	4	114	0	1	0	-7.47861	255	1	0.915667
2.65464	UL	265	4	0	2	7	1	0	5	817	0	1	0	-9.90837	255	1	1
2.65464	UL	265	4	0	2	7	1	0	5	817	0	1	0	-9.90837	255	1	1
2.65493	UL	265	4	0	9	4	1	0	1	466	0	1	1	-9.35626	255	0	1.03917e-13
2.65493	UL	265	4	0	9	4	1	0	1	466	0	1	1	-9.35626	255	0	1.03917e-13
2.65514	DL	265	5	0	1	1	1	0	1	114	0	1	1	-7.41329	0	0	0
2.65521	DL	265	5	0	2	1	1	0	4	158	2	1	0	-4.80018	2	0	0.000692346
2.65529	DL	265	5	0	3	1	1	0	3	641	8	1	0	3.03858	5	0	0
2.65536	DL	265	5	0	4	1	1	0	2	436	6	1	0	0.241439	4	0	6.38378e-15
2.65564	UL	265	5	0	5	4	1	0	5	466	0	1	1	-9.96774	255	0	0.00847668
2.65564	UL	265	5	0	5	4	1	0	5	466	0	1	1	-9.96774	255	0	0.00847668
2.65593	UL	265	5	0	9	4	1	0	1	466	0	1	1	-9.36364	255	0	2.8072e-13
2.65593	UL	265	5	0	9	4	1	0	1	466	0	1	1	-9.36364	255	0	2.8072e-13
2.65657	UL	265	6	0	1	7	1	0	5	817	0	1	0	-9.98653	255	1	1
2.65657	UL	265	6	0	1	7	1	0	5	817	0	1	0	-9.98653	255	1	1
2.65686	UL	265	6	0	8	4	1	0	1	466	0	1	1	-9.34638	255	0	2.75058e-13
2.65686	UL	265	6	0	8	4	1	0	1	466	0	1	1	-9.34638	255	0	2.75058e-13
2.65686	UL	265	6	0	10	2	3	0	3	2163	12	1	0	5.04979	255	0	4.5295e-05
2.65686	UL	265	6	0	10	2	3	0	3	2163	12	1	0	5.04979	255	0	4.5295e-05
2.65757	UL	265	7	0	1	7	1	0	1	817	0	1	0	-9.35008	255	1	1
2.65757	UL	265	7	0	1	7	1	0	1	817	0	1	0	-9.35008	255	1	1
2.65793	UL	265	7	0	8	5	1	0	5	583	0	1	1	-9.97129	255	0	0.000572742
2.65793	UL	265	7	0	8	5	1	0	5	583	0	1	1	-9.97129	255	0	0.000572742
2.65793	UL	265	7	0	12	1	3	0	2	4030	28	1	0	25.9217	255	0	0
2.65793	UL	265	7	0	12	1	3	0	2	4030	28	1	0	25.9217	255	0	0
2.6585	UL	265	8	0	1	6	1	0	1	700	0	1	0	-9.33902	255	1	1
2.6585	UL	265	8	0	1	6	1	0	1	700	0	1	0	-9.33902	255	1	1
2.65893	UL	265	8	0	7	6	1	0	5	700	0	1	0	-9.91771	255	1	1
2.65893	UL	265	8	0	7	6	1	0	5	700	0	1	0	-9.91771	255	1	1
2.65936	UL	265	9	0	1	4	1	0	1	466	0	1	0	-9.33011	255	1	1
2.65936	UL	265	9	0	1	4	1	0	1	466	0	1	0	-9.33011	255	1	1
2.65986	UL	265	9	0	5	7	1	0	5	817	0	1	1	-9.94174	255	0	0.00842147
2.65986	UL	265	9	0	5	7	1	0	5	817	0	1	1	-9.94174	255	0	0.00842147
2.65993	UL	265	9	0	1	12	3	0	1	7709	8	1	0	1.4764	255	0	0.0396987
2.65993	UL	265	9	0	1	12	3	0	1	7709	8	1	0	1.4764	255	0	0.0396987
2.65993	UL	265	9	0	12	1	1	0	4	114	0	1	1	-6.83674	255	0	0
2.6605	UL	266	0	0	1	6	1	0	1	700	0	1	0	-9.28964	255	1	1
2.6605	UL	266	0	0	1	6	1	0	1	700	0	1	0	-9.28964	255	1	1
2.66093	UL	266	0	0	7	6	1	0	5	700	0	1	0	-10.3666	255	1	1
2.66093	UL	266	0	0	7	6	1	0	5	700	0	1	0	-10.3666	255	1	1
2.66093	UL	266	0	0	8	5	3	0	1	3212	8	1	0	1.69817	255	0	4.01852e-05
2.66093	UL	266	0	0	8	5	3	0	1	3212	8	1	0	1.69817	255	0	4.01852e-05
2.66143	UL	266	1	0	1	5	1	0	1	583	0	1	0	-9.30365	255	1	1
2.66143	UL	266	1	0	1	5	1	0	1	583	0	1	0	-9.30365	255	1	1
2.66193	UL	266	1	0	6	7	1	0	5	817	0	1	1	-9.93566	255	0	0.0169074
2.66193	UL	266	1	0	6	7	1	0	5	817	0	1	1	-9.93566	255	0	0.0169074
2.66193	UL	266	1	0	12	1	3	0	3	1081	12	1	0	4.93977	255	0	0.000712487
2.66193	UL	266	1	0	12	1	3	0	3	1081	12	1	0	4.93977	255	0	0.000712487
2.66243	UL	266	2	0	1	5	1	0	5	583	0	1	0	-9.93702	255	1	1
2.66243	UL	266	2	0	1	5	1	0	5	583	0	1	0	-9.93702	255	1	1
2.66293	UL	266	2	0	6	7	1	0	1	817	0	1	1	-9.31942	255	0	3.23963e-13
2.66293	UL	266	2	0	6	7	1	0	1	817	0	1	1	-9.31942	255	0	3.23963e-13
2.66314	DL	266	3	0	1	1	3	0	2	4030	28	1	0	27.3111	15	0	0
2.6635	UL	266	3	0	1	6	1	0	5	700	0	1	1	-9.98098	255	0	0.000930983
2.6635	UL	266	3	0	1	6	1	0	5	700	0	1	1	-9.98098	255	0	0.000930983
2.66393	UL	266	3	0	7	6	1	0	1	700	0	1	1	-9.39662	255	0	0
2.66393	UL	266	3	0	7	6	1	0	1	700	0	1	1	-9.39662	255	0	0
2.66393	UL	266	3	0	11	2	3	0	2	8060	28	1	0	25.9132	255	0	0
2.66393	UL	266	3	0	11	2	3	0	2	8060	28	1	0	25.9132	255	0	0
2.66414	UL	266	4	0	1	1	1	0	2	348	5	1	0	-1.75402	255	0	0.0133429
2.66414	UL	266	4	0	1	1	1	0	2	348	5	1	0	-1.75402	255	0	0.0133429
2.66421	UL	266	4	0	2	1	1	0	3	539	7	1	0	0.90162	255	0	1.79213e-05
2.66421	UL	266	4	0	2	1	1	0	3	539	7	1	0	0.90162	255	0	1.79213e-05
2.66429	UL	266	4	0	3	1	1	0	4	114	0	1	0	-6.81091	255	1	0.329674
2.66429	UL	266	4	0	3	1	1	0	4	114	0	1	0	-6.81091	255	1	0.329674
2.66464	UL	266	4	0	4	5	1	0	5	583	0	1	0	-9.90405	255	1	1
2.66464	UL	266	4	0	4	5	1	0	5	583	0	1	0	-9.90405	255	1	1
2.66493	UL	266	4	0	9	4	1	0	1	466	0	1	1	-9.39891	255	0	9.60565e-13
2.66493	UL	266	4	0	9	4	1	0	1	466	0	1	1	-9.39891	255	0	9.60565e-13
2.66514	DL	266	5	0	1	1	3	0	1	641	8	1	0	-4.13671	2	1	1
2.6655	UL	266	5	0	1	6	1	0	5	700	0	1	1	-9.89906	255	0	0.0455475
2.6655	UL	266	5	0	1	6	1	0	5	700	0	1	1	-9.89906	255	0	0.0455475
2.66593	UL	266	5	0	7	6	1	0	1	700	0	1	1	-9.39414	255	0	0
2.66593	UL	266	5	0	7	6	1	0	1	700	0	1	1	-9.39414	255	0	0
2.66593	UL	266	5	0	12	1	3	0	1	641	8	1	0	1.79805	255	0	3.1125e-07
2.66614	DL	266	6	0	1	1	3	0	1	641	8	1	0	3.00861	5	0	0
2.66636	UL	266	6	0	1	4	1	0	4	466	0	1	0	-6.83728	255	0	0.0275654
2.66636	UL	266	6	0	1	4	1	0	4	466	0	1	0	-6.83728	255	0	0.0275654
2.66657	UL	266	6	0	5	3	1	0	5	348	0	1	0	-9.89602	255	1	1
2.66657	UL	266	6	0	5	3	1	0	5	348	0	1	0	-9.89602	255	1	1
2.66693	UL	266	6	0	8	5	1	0	1	583	0	1	1	-9.42617	255	0	0
2.66693	UL	266	6	0	8	5	1	0	1	583	0	1	1	-9.42617	255	0	0
2.66736	UL	266	7	0	1	4	1	0	1	466	0	1	0	-9.41478	255	1	1
2.66736	UL	266	7	0	1	4	1	0	1	466	0	1	0	-9.41478	255	1	1
2.66757	UL	266	7	0	5	3	1	0	4	348	0	1	0	-6.79085	255	0	0.0143157
2.66757	UL	266	7	0	5	3	1	0	4	348	0	1	0	-6.79085	255	0	0.0143157
2.66793	UL	266	7	0	8	5	1	0	5	583	0	1	1	-9.92428	255	0	0.000526703
2.66793	UL	266	7	0	8	5	1	0	5	583	0	1	1	-9.92428	255	0	0.000526703
2.66836	UL	266	8	0	1	4	1	0	1	466	0	1	0	-9.41255	255	1	1
2.66836	UL	266	8	0	1	4	1	0	1	466	0	1	0	-9.41255	255	1	1
2.66864	UL	266	8	0	5	4	1	0	4	466	0	1	0	-6.74478	255	0	0.00629224
2.66864	UL	266	8	0	5	4	1	0	4	466	0	1	0	-6.74478	255	0	0.00629224
2.66893	UL	266	8	0	9	4	1	0	5	466	0	1	0	-9.92872	255	1	1
2.66893	UL	266	8	0	9	4	1	0	5	466	0	1	0	-9.92872	255	1	1
2.66893	UL	266	8	0	12	1	3	0	3	1081	12	1	0	4.79729	255	0	0.0175544
2.66893	UL	266	8	0	12	1	3	0	3	1081	12	1	0	4.79729	255	0	0.0175544
2.66914	DL	266	9	0	1	1	3	0	2	4030	28	1	0	27.9735	15	0	0
2.66921	UL	266	9	0	1	2	1	0	1	231	0	1	0	-9.47319	255	1	1
2.66921	UL	266	9	0	1	2	1	0	1	231	0	1	0	-9.47319	255	1	1
2.66936	UL	266	9	0	3	2	1	0	2	700	5	1	0	-1.82806	255	0	0.0106517
2.66936	UL	266	9	0	3	2	1	0	2	700	5	1	0	-1.82806	255	0	0.0106517
2.6695	UL	266	9	0	5	2	1	0	3	1081	7	1	0	1.00828	255	0	7.00296e-07
2.6695	UL	266	9	0	5	2	1	0	3	1081	7	1	0	1.00828	255	0	7.00296e-07
2.66986	UL	266	9	0	7	5	1	0	5	583	0	1	1	-9.90447	255	0	0.000235059
2.66986	UL	266	9	0	7	5	1	0	5	583	0	1	1	-9.90447	255	0	0.000235059
2.66993	UL	266	9	0	12	1	1	0	4	114	0	1	1	-6.73484	255	0	0
2.66993	UL	266	9	0	12	1	1	0	4	114	0	1	1	-6.73484	255	0	0
2.67014	DL	267	0	0	1	1	3	0	1	641	8	1	1	2.74406	5	0	0
2.67029	UL	267	0	0	1	3	1	0	1	348	0	1	0	-9.42589	255	1	1
2.67029	UL	267	0	0	1	3	1	0	1	348	0	1	0	-9.42589	255	1	1
2.6705	UL	267	0	0	4	3	1	0	2	1052	5	1	0	-1.80419	255	0	0.013172
2.6705	UL	267	0	0	4	3	1	0	2	1052	5	1	0	-1.80419	255	0	0.013172
2.67071	UL	267	0	0	7	3	1	0	3	1620	7	1	0	0.953263	255	0	7.47556e-06
2.67071	UL	267	0	0	7	3	1	0	3	1620	7	1	0	0.953263	255	0	7.47556e-06
2.67093	UL	267	0	0	10	3	1	0	4	348	0	1	0	-6.73966	255	0	0.00578284
2.67093	UL	267	0	0	10	3	1	0	4	348	0	1	0	-6.73966	255	0	0.00578284
2.67121	UL	267	1	0	1	2	1	0	1	231	0	1	0	-9.39947	255	1	1
2.67121	UL	267	1	0	1	2	1	0	1	231	0	1	0	-9.39947	255	1	1
2.67136	UL	267	1	0	3	2	1	0	2	700	5	1	0	-1.79294	255	0	0.00519106
2.67136	UL	267	1	0	3	2	1	0	2	700	5	1	0	-1.79294	255	0	0.00519106
2.6715	UL	267	1	0	5	2	1	0	3	1081	7	1	0	0.98923	255	0	1.33396e-06
2.6715	UL	267	1	0	5	2	1	0	3	1081	7	1	0	0.98923	255	0	1.33396e-06
2.67171	UL	267	1	0	7	3	1	0	4	348	0	1	0	-6.69874	255	0	0.00269083
2.67171	UL	267	1	0	7	3	1	0	4	348	0	1	0	-6.69874	255	0	0.00269083
2.67193	UL	267	1	0	10	3	1	0	5	348	0	1	1	-9.98286	255	0	0.00533129
2.67193	UL	267	1	0	10	3	1	0	5	348	0	1	1	-9.98286	255	0	0.00533129
2.67193	UL	267	1	0	12	1	3	0	2	4030	28	1	0	26.1102	255	0	0
2.67193	UL	267	1	0	12	1	3	0	2	4030	28	1	0	26.1102	255	0	0
2.67221	UL	267	2	0	1	2	1	0	2	700	5	1	0	-1.79132	255	0	0.00499802
2.67221	UL	267	2	0	1	2	1	0	2	700	5	1	0	-1.79132	255	0	0.00499802
2.67236	UL	267	2	0	3	2	1	0	3	1081	7	1	0	0.963267	255	0	3.7661e-06
2.67236	UL	267	2	0	3	2	1	0	3	1081	7	1	0	0.963267	255	0	3.7661e-06
2.67257	UL	267	2	0	5	3	1	0	4	348	0	1	0	-6.72175	255	0	0.0040829
2.67257	UL	267	2	0	5	3	1	0	4	348	0	1	0	-6.72175	255	0	0.0040829
2.67264	UL	267	2	0	8	1	1	0	5	114	0	1	0	-9.94557	255	1	1
2.67264	UL	267	2	0	8	1	1	0	5	114	0	1	0	-9.94557	255	1	1
2.67293	UL	267	2	0	9	4	1	0	1	466	0	1	1	-9.37258	255	0	4.87066e-12
2.67293	UL	267	2	0	9	4	1	0	1	466	0	1	1	-9.37258	255	0	4.87066e-12
2.67321	UL	267	3	0	1	2	1	0	2	700	5	1	0	-1.82947	255	0	0.0108712
2.67321	UL	267	3	0	1	2	1	0	2	700	5	1	0	-1.82947	255	0	0.0108712
2.67329	UL	267	3	0	3	1	1	0	3	539	7	1	0	0.990443	255	0	6.95213e-07
2.67329	UL	267	3	0	3	1	1	0	3	539	7	1	0	0.990443	255	0	6.95213e-07
2.67336	UL	267	3	0	4	1	1	0	4	114	0	1	0	-6.7545	255	0	0.273422
2.67336	UL	267	3	0	4	1	1	0	4	114	0	1	0	-6.7545	255	0	0.273422
2.67364	UL	267	3	0	5	4	1	0	5	466	0	1	1	-9.97337	255	0	0.00642329
2.67364	UL	267	3	0	5	4	1	0	5	466	0	1	1	-9.97337	255	0	0.00642329
2.67393	UL	267	3	0	9	4	1	0	1	466	0	1	1	-9.37802	255	0	5.13478e-12
2.67393	UL	267	3	0	9	4	1	0	1	466	0	1	1	-9.37802	255	0	5.13478e-12
2.67421	UL	267	4	0	1	2	1	0	2	700	5	1	0	-1.73817	255	0	0.00150594
2.67421	UL	267	4	0	1	2	1	0	2	700	5	1	0	-1.73817	255	0	0.00150594
2.67436	UL	267	4	0	3	2	1	0	3	1081	7	1	0	0.992837	255	0	1.32403e-06
2.67457	UL	267	4	0	5	3	1	0	4	348	0	1	0	-6.74138	255	0	0.00583883
2.67457	UL	267	4	0	5	3	1	0	4	348	0	1	0	-6.74138	255	0	0.00583883
2.67479	UL	267	4	0	8	3	1	0	5	348	0	1	0	-9.95206	255	1	1
2.67479	UL	267	4	0	8	3	1	0	5	348	0	1	0	-9.95206	255	1	1
2.67493	UL	267	4	0	11	2	1	0	1	231	0	1	1	-9.32964	255	0	2.42166e-05
2.67493	UL	267	4	0	11	2	1	0	1	231	0	1	1	-9.32964	255	0	2.42166e-05
2.67493	UL	267	4	0	12	1	3	0	3	1081	12	1	0	4.85206	255	0	0.00575935
2.67493	UL	267	4	0	12	1	3	0	3	1081	12	1	0	4.85206	255	0	0.00575935
2.67521	UL	267	5	0	1	2	1	0	2	700	5	1	0	-1.68987	255	0	0.000427278
2.67521	UL	267	5	0	1	2	1	0	2	700	5	1	0	-1.68987	255	0	0.000427278
2.67536	UL	267	5	0	3	2	1	0	3	1081	7	1	0	0.987488	255	0	1.61446e-06
2.6755	UL	267	5	0	5	2	1	0	4	231	0	1	0	-6.80762	255	0	0.121781
2.6755	UL	267	5	0	5	2	1	0	4	231	0	1	0	-6.80762	255	0	0.121781
2.67571	UL	267	5	0	7	3	1	0	5	348	0	1	0	-9.86687	255	1	1
2.67571	UL	267	5	0	7	3	1	0	5	348	0	1	0	-9.86687	255	1	1
2.67593	UL	267	5	0	10	3	1	0	1	348	0	1	1	-9.32228	255	0	1.90448e-12
2.67593	UL	267	5	0	10	3	1	0	1	348	0	1	1	-9.32228	255	0	1.90448e-12
2.67629	UL	267	6	0	1	3	1	0	2	1052	5	1	0	-1.71371	255	0	0.00159555
2.67629	UL	267	6	0	1	3	1	0	2	1052	5	1	0	-1.71371	255	0	0.00159555
2.6765	UL	267	6	0	4	3	1	0	3	1620	7	1	0	0.994135	255	0	1.96503e-06
2.67671	UL	267	6	0	7	3	1	0	4	348	0	1	0	-6.80343	255	0	0.0166754
2.67671	UL	267	6	0	7	3	1	0	4	348	0	1	0	-6.80343	255	0	0.0166754
2.67686	UL	267	6	0	10	2	1	0	1	231	0	1	1	-9.3103	255	0	8.84207e-06
2.67686	UL	267	6	0	10	2	1	0	1	231	0	1	1	-9.3103	255	0	8.84207e-06
2.67714	DL	267	7	0	1	1	3	0	2	4030	28	1	0	28.0565	15	0	0
2.67736	UL	267	7	0	1	4	1	0	1	466	0	1	0	-9.3479	255	1	1
2.67736	UL	267	7	0	1	4	1	0	1	466	0	1	0	-9.3479	255	1	1
2.67757	UL	267	7	0	5	3	1	0	2	1052	5	1	0	-1.7206	255	0	0.00195255
2.67757	UL	267	7	0	5	3	1	0	2	1052	5	1	0	-1.7206	255	0	0.00195255
2.67764	UL	267	7	0	8	1	1	0	3	539	7	1	0	0.963449	255	0	1.87398e-06
2.67786	UL	267	7	0	9	3	1	0	4	348	0	1	0	-6.81368	255	0	0.0201416
2.67786	UL	267	7	0	9	3	1	0	4	348	0	1	0	-6.81368	255	0	0.0201416
2.67793	UL	267	7	0	12	1	1	0	5	114	0	1	1	-10.0308	255	1	0.303578
2.67793	UL	267	7	0	12	1	1	0	5	114	0	1	1	-10.0308	255	1	0.303578
2.67793	UL	267	7	0	12	1	3	0	2	4030	28	1	0	26.0199	255	0	0
2.67793	UL	267	7	0	12	1	3	0	2	4030	28	1	0	26.0199	255	0	0
2.67829	UL	267	8	0	1	3	1	0	1	348	0	1	0	-9.28659	255	1	1
2.67829	UL	267	8	0	1	3	1	0	1	348	0	1	0	-9.28659	255	1	1
2.6785	UL	267	8	0	4	3	1	0	2	1052	5	1	0	-1.77606	255	0	0.00716646
2.6785	UL	267	8	0	4	3	1	0	2	1052	5	1	0	-1.77606	255	0	0.00716646
2.67871	UL	267	8	0	7	3	1	0	4	348	0	1	0	-6.79356	255	0	0.014188
2.67871	UL	267	8	0	7	3	1	0	4	348	0	1	0	-6.79356	255	0	0.014188
2.67893	UL	267	8	0	10	3	1	0	5	348	0	1	0	-10.1024	255	1	1
2.67893	UL	267	8	0	10	3	1	0	5	348	0	1	0	-10.1024	255	1	1
2.67893	UL	267	8	0	12	1	3	0	1	641	8	1	0	1.82872	255	0	8.08587e-08
2.67893	UL	267	8	0	12	1	3	0	1	641	8	1	0	1.82872	255	0	8.08587e-08
2.67929	UL	267	9	0	1	3	1	0	1	348	0	1	0	-9.26356	255	1	1
2.67929	UL	267	9	0	1	3	1	0	1	348	0	1	0	-9.26356	255	1	1
2.6795	UL	267	9	0	4	3	1	0	2	1052	5	1	0	-1.82339	255	0	0.0196475
2.6795	UL	267	9	0	4	3	1	0	2	1052	5	1	0	-1.82339	255	0	0.0196475
2.67971	UL	267	9	0	7	3	1	0	4	348	0	1	0	-6.82184	255	0	0.0223244
2.67971	UL	267	9	0	7	3	1	0	4	348	0	1	0	-6.82184	255	0	0.0223244
2.67993	UL	267	9	0	10	3	1	0	5	348	0	1	1	-9.90019	255	0	0.00391938
2.67993	UL	267	9	0	10	3	1	0	5	348	0	1	1	-9.90019	255	0	0.00391938
2.68029	UL	268	0	0	1	3	1	0	1	348	0	1	0	-9.25588	255	1	1
2.68029	UL	268	0	0	1	3	1	0	1	348	0	1	0	-9.25588	255	1	1
2.6805	UL	268	0	0	4	3	1	0	2	1052	5	1	0	-1.84656	255	0	0.0305295
2.6805	UL	268	0	0	4	3	1	0	2	1052	5	1	0	-1.84656	255	0	0.0305295
2.68071	UL	268	0	0	7	3	1	0	4	348	0	1	0	-6.80933	255	0	0.0185908
2.68093	UL	268	0	0	10	3	1	0	5	348	0	1	1	-9.9937	255	0	0.00412543
2.68093	UL	268	0	0	10	3	1	0	5	348	0	1	1	-9.9937	255	0	0.00412543
2.68093	UL	268	0	0	12	1	3	0	3	1081	12	1	0	4.79969	255	0	0.0168593
2.68093	UL	268	0	0	12	1	3	0	3	1081	12	1	0	4.79969	255	0	0.0168593
2.68129	UL	268	1	0	1	3	1	0	1	348	0	1	0	-9.26651	255	1	1
2.68129	UL	268	1	0	1	3	1	0	1	348	0	1	0	-9.26651	255	1	1
2.6815	UL	268	1	0	4	3	1	0	2	1052	5	1	0	-1.83702	255	0	0.0260833
2.68171	UL	268	1	0	7	3	1	0	4	348	0	1	0	-6.80296	255	0	0.0171512
2.68193	UL	268	1	0	10	3	1	0	5	348	0	1	0	-9.9764	255	1	1
2.68193	UL	268	1	0	10	3	1	0	5	348	0	1	0	-9.9764	255	1	1
2.68236	UL	268	2	0	1	4	1	0	2	1404	5	1	0	-1.86798	255	0	0.045768
2.68257	UL	268	2	0	5	3	1	0	4	348	0	1	0	-6.77794	255	0	0.0114221
2.68264	UL	268	2	0	8	1	1	0	5	114	0	1	2	-10.0652	255	0	1.53766e-14
2.68264	UL	268	2	0	8	1	1	0	5	114	0	1	2	-10.0652	255	0	1.53766e-14
2.68293	UL	268	2	0	9	4	1	0	1	466	0	1	1	-9.2983	255	0	1.01419e-13
2.68293	UL	268	2	0	9	4	1	0	1	466	0	1	1	-9.2983	255	0	1.01419e-13
2.68314	DL	268	3	0	1	1	3	0	2	4030	28	1	0	28.1279	15	0	0
2.68329	UL	268	3	0	1	3	1	0	2	1052	5	1	0	-2.00442	255	0	0.294668
2.6835	UL	268	3	0	4	3	1	0	4	348	0	1	0	-6.78722	255	0	0.0131176
2.68371	UL	268	3	0	7	3	1	0	5	348	0	1	1	-10.0643	255	0	0.0513202
2.68371	UL	268	3	0	7	3	1	0	5	348	0	1	1	-10.0643	255	0	0.0513202
2.68393	UL	268	3	0	10	3	1	0	1	348	0	1	1	-9.29351	255	0	1.44329e-14
2.68393	UL	268	3	0	10	3	1	0	1	348	0	1	1	-9.29351	255	0	1.44329e-14
2.68393	UL	268	3	0	12	1	3	0	2	4030	28	1	0	26.1439	255	0	0
2.68393	UL	268	3	0	12	1	3	0	2	4030	28	1	0	26.1439	255	0	0
2.68421	UL	268	4	0	1	2	1	0	2	700	5	1	0	-1.90971	255	0	0.0466239
2.68471	UL	268	4	0	3	7	1	0	5	817	0	1	0	-10.0763	255	1	1
2.68471	UL	268	4	0	3	7	1	0	5	817	0	1	0	-10.0763	255	1	1
2.68486	UL	268	4	0	1	11	3	0	1	7067	8	1	0	1.88646	255	0	1.20803e-07
2.68486	UL	268	4	0	1	11	3	0	1	7067	8	1	0	1.88646	255	0	1.20803e-07
2.68493	UL	268	4	0	10	3	1	0	1	348	0	1	1	-9.34785	255	0	3.91354e-14
2.68493	UL	268	4	0	10	3	1	0	1	348	0	1	1	-9.34785	255	0	3.91354e-14
2.68571	UL	268	5	0	1	9	1	0	5	1052	0	1	0	-10.1967	255	1	1
2.68571	UL	268	5	0	1	9	1	0	5	1052	0	1	0	-10.1967	255	1	1
2.68593	UL	268	5	0	7	6	3	0	1	3854	8	1	0	1.94539	255	0	2.07906e-09
2.68593	UL	268	5	0	7	6	3	0	1	3854	8	1	0	1.94539	255	0	2.07906e-09
2.68593	UL	268	5	0	10	3	1	0	1	348	0	1	1	-9.86637	255	0	1.09928e-08
2.68593	UL	268	5	0	10	3	1	0	1	348	0	1	1	-9.86637	255	0	1.09928e-08
2.68621	DL	268	6	0	1	2	1	0	4	319	2	1	0	-4.77932	2	0	1.10684e-08
2.68629	DL	268	6	0	3	1	1	0	3	641	8	1	0	3.07804	5	0	0
2.68636	DL	268	6	0	4	1	1	0	2	436	6	1	0	0.19228	4	0	5.82867e-14
2.6865	DL	268	6	0	5	2	1	0	1	231	0	1	0	-7.33941	0	0	0.774589
2.68671	UL	268	6	0	7	3	1	0	5	348	0	1	1	-9.99091	255	0	0.0106827
2.68671	UL	268	6	0	7	3	1	0	5	348	0	1	1	-9.99091	255	0	0.0106827
2.68693	UL	268	6	0	10	3	1	0	1	348	0	1	1	-9.2673	255	0	3.94129e-15
2.68693	UL	268	6	0	10	3	1	0	1	348	0	1	1	-9.2673	255	0	3.94129e-15
2.68693	UL	268	6	0	11	2	3	0	3	2163	12	1	0	4.72776	255	0	0.0867393
2.68693	UL	268	6	0	11	2	3	0	3	2163	12	1	0	4.72776	255	0	0.0867393
2.6875	UL	268	7	0	1	6	1	0	1	700	0	1	0	-9.24499	255	1	1
2.6875	UL	268	7	0	1	6	1	0	1	700	0	1	0	-9.24499	255	1	1
2.68793	UL	268	7	0	7	6	1	0	5	700	0	1	0	-9.99465	255	1	1
2.68793	UL	268	7	0	7	6	1	0	5	700	0	1	0	-9.99465	255	1	1
2.68843	UL	268	8	0	1	5	1	0	1	583	0	1	0	-9.25526	255	1	1
2.68893	UL	268	8	0	6	7	1	0	5	817	0	1	0	-10.0545	255	1	1
2.68893	UL	268	8	0	6	7	1	0	5	817	0	1	0	-10.0545	255	1	1
2.68914	DL	268	9	0	1	1	3	0	2	4030	28	1	0	28.0259	15	0	0
2.68921	DL	268	9	0	2	1	3	0	1	641	8	1	0	2.78106	5	0	0
2.68943	UL	268	9	0	1	5	1	0	1	583	0	1	0	-9.31018	255	1	1
2.68943	UL	268	9	0	1	5	1	0	1	583	0	1	0	-9.31018	255	1	1
2.68986	UL	268	9	0	7	5	3	0	1	3212	8	1	0	1.73229	255	0	3.93859e-05
2.68993	UL	268	9	0	6	7	1	0	5	817	0	1	1	-10.4243	255	1	0.485989
2.68993	UL	268	9	0	6	7	1	0	5	817	0	1	1	-10.4243	255	1	0.485989
2.68993	UL	268	9	0	12	1	3	0	2	4030	28	1	0	25.9212	255	0	0
2.68993	UL	268	9	0	12	1	3	0	2	4030	28	1	0	25.9212	255	0	0
2.69029	UL	269	0	0	1	3	1	0	1	348	0	1	0	-9.31999	255	1	1
2.69029	UL	269	0	0	1	3	1	0	1	348	0	1	0	-9.31999	255	1	1
2.69093	UL	269	0	0	4	9	1	0	5	1052	0	1	1	-10.027	255	0	0.0617059
2.69093	UL	269	0	0	4	9	1	0	5	1052	0	1	1	-10.027	255	0	0.0617059
2.69114	DL	269	1	0	1	1	1	0	4	158	2	1	0	-8.15782	0	1	1
2.69114	DL	269	1	0	1	1	3	0	1	641	8	1	0	3.19824	5	0	0
2.69164	UL	269	1	0	4	5	1	0	1	583	0	1	0	-9.31242	255	1	1
2.69164	UL	269	1	0	4	5	1	0	1	583	0	1	0	-9.31242	255	1	1
2.69186	UL	269	1	0	9	3	1	0	5	348	0	1	0	-10.0408	255	1	1
2.69186	UL	269	1	0	9	3	1	0	5	348	0	1	0	-10.0408	255	1	1
2.6925	UL	269	2	0	1	6	1	0	5	700	0	1	1	-10.0608	255	0	0.00543561
2.6925	UL	269	2	0	1	6	1	0	5	700	0	1	1	-10.0608	255	0	0.00543561
2.69293	UL	269	2	0	7	6	1	0	1	700	0	1	1	-9.34925	255	0	0
2.69293	UL	269	2	0	7	6	1	0	1	700	0	1	1	-9.34925	255	0	0
2.69293	UL	269	2	0	12	1	3	0	3	1081	12	1	0	4.68339	255	0	0.11251
2.69293	UL	269	2	0	12	1	3	0	3	1081	12	1	0	4.68339	255	0	0.11251
2.69357	UL	269	3	0	1	7	1	0	5	817	0	1	1	-10.0472	255	0	0.062914
2.69357	UL	269	3	0	1	7	1	0	5	817	0	1	1	-10.0472	255	0	0.062914
2.69393	UL	269	3	0	8	5	1	0	1	583	0	1	1	-9.33858	255	0	0
2.69457	UL	269	4	0	1	7	1	0	5	817	0	1	2	-10.0486	255	0	0
2.69457	UL	269	4	0	1	7	1	0	5	817	0	1	2	-10.0486	255	0	0
2.69493	UL	269	4	0	8	5	1	0	1	583	0	1	1	-9.32403	255	0	0
2.69493	UL	269	4	0	8	5	1	0	1	583	0	1	1	-9.32403	255	0	0
2.69514	DL	269	5	0	1	1	3	0	2	4030	28	1	0	28.006	15	0	0
2.6955	UL	269	5	0	6	1	1	0	2	348	5	1	0	-1.87933	255	0	0.0721562
2.6955	UL	269	5	0	6	1	1	0	2	348	5	1	0	-1.87933	255	0	0.0721562
2.69557	UL	269	5	0	7	1	1	0	3	539	7	1	0	0.946097	255	0	4.78077e-06
2.69557	UL	269	5	0	7	1	1	0	3	539	7	1	0	0.946097	255	0	4.78077e-06
2.69564	UL	269	5	0	8	1	1	0	4	114	0	1	0	-6.68657	255	0	0.209136
2.69564	UL	269	5	0	8	1	1	0	4	114	0	1	0	-6.68657	255	0	0.209136
2.69571	UL	269	5	0	9	1	1	0	5	114	0	1	0	-10.0635	255	1	1
2.69571	UL	269	5	0	9	1	1	0	5	114	0	1	0	-10.0635	255	1	1
2.69593	UL	269	5	0	10	3	1	0	1	348	0	1	1	-9.33122	255	0	1.35225e-13
2.69593	UL	269	5	0	10	3	1	0	1	348	0	1	1	-9.33122	255	0	1.35225e-13
2.69593	UL	269	5	0	12	1	3	0	2	4030	28	1	0	25.9915	255	0	0
2.69593	UL	269	5	0	12	1	3	0	2	4030	28	1	0	25.9915	255	0	0
2.69614	DL	269	6	0	1	1	1	0	4	158	2	1	1	-4.676	2	0	0
2.69657	UL	269	6	0	5	3	1	0	5	348	0	1	1	-10.0814	255	0	0.0375574
2.69657	UL	269	6	0	5	3	1	0	5	348	0	1	1	-10.0814	255	0	0.0375574
2.69693	UL	269	6	0	8	5	1	0	1	583	0	1	1	-9.31109	255	0	0
2.69693	UL	269	6	0	8	5	1	0	1	583	0	1	1	-9.31109	255	0	0
2.69764	UL	269	7	0	8	1	1	0	1	114	0	1	0	-9.30407	255	1	1
2.69764	UL	269	7	0	8	1	1	0	1	114	0	1	0	-9.30407	255	1	1
2.69793	UL	269	7	0	9	4	1	0	5	466	0	1	0	-10.2423	255	1	1
2.69793	UL	269	7	0	9	4	1	0	5	466	0	1	0	-10.2423	255	1	1
2.69793	UL	269	7	0	12	1	3	0	1	641	8	1	0	1.88647	255	0	6.86341e-09
2.69793	UL	269	7	0	12	1	3	0	1	641	8	1	0	1.88647	255	0	6.86341e-09
